{
    "Mechanical Property 1 (Hardness)": {
        "Fiber": {
            "Mean": 4.505510503542777,
            "Standard Deviation": 0.7096490367597882
        },
        "Matrix": {
            "Mean": 1.4914177447024706,
            "Standard Deviation": 0.5064750312507476
        }
    },
    "Mechanical Property 2 (Elastic Modulus)": {
        "Fiber": {
            "Mean": 20.965277337939064,
            "Standard Deviation": 6.994048065594053
        },
        "Matrix": {
            "Mean": 14.924449084985554,
            "Standard Deviation": 5.0163905222504095
        }
    },
    "Ratio of E_Fiber to E_Matrix": 1.4,
    "Ratio of H_Fiber to H_Matrix": 3
}