{
    "Mechanical Property 1 (Hardness)": {
        "Fiber": {
            "Mean": 4.4952217236833505,
            "Standard Deviation": 0.7074326240076538
        },
        "Matrix": {
            "Mean": 1.4949891106722677,
            "Standard Deviation": 0.5001228983672374
        }
    },
    "Mechanical Property 2 (Elastic Modulus)": {
        "Fiber": {
            "Mean": 41.87911623846623,
            "Standard Deviation": 7.172017721200724
        },
        "Matrix": {
            "Mean": 14.94132809729776,
            "Standard Deviation": 5.00900158018246
        }
    },
    "Ratio of E_Fiber to E_Matrix": 2.8,
    "Ratio of H_Fiber to H_Matrix": 3
}