{
    "Mechanical Property 1 (Hardness)": {
        "Fiber": {
            "Mean": 4.496778725469551,
            "Standard Deviation": 0.6996685430313916
        },
        "Matrix": {
            "Mean": 1.4914404268357524,
            "Standard Deviation": 0.5006411648360235
        }
    },
    "Mechanical Property 2 (Elastic Modulus)": {
        "Fiber": {
            "Mean": 23.972390149734697,
            "Standard Deviation": 6.993177325146182
        },
        "Matrix": {
            "Mean": 14.894614806079492,
            "Standard Deviation": 5.007977015266887
        }
    },
    "Ratio of E_Fiber to E_Matrix": 1.6,
    "Ratio of H_Fiber to H_Matrix": 3
}