{
    "Mechanical Property 1 (Hardness)": {
        "Fiber": {
            "Mean": 4.502715747949722,
            "Standard Deviation": 0.7075874862100271
        },
        "Matrix": {
            "Mean": 1.495485580074232,
            "Standard Deviation": 0.5003402980769948
        }
    },
    "Mechanical Property 2 (Elastic Modulus)": {
        "Fiber": {
            "Mean": 25.421831913876286,
            "Standard Deviation": 7.178258689737004
        },
        "Matrix": {
            "Mean": 14.905670273622187,
            "Standard Deviation": 5.009815794331436
        }
    },
    "Ratio of E_Fiber to E_Matrix": 1.7,
    "Ratio of H_Fiber to H_Matrix": 3
}