{
    "Mechanical Property 1 (Hardness)": {
        "Fiber": {
            "Mean": 4.508913269602046,
            "Standard Deviation": 0.702781737892607
        },
        "Matrix": {
            "Mean": 1.4931470463244423,
            "Standard Deviation": 0.4984225242193247
        }
    },
    "Mechanical Property 2 (Elastic Modulus)": {
        "Fiber": {
            "Mean": 36.004955405120604,
            "Standard Deviation": 7.073079974617027
        },
        "Matrix": {
            "Mean": 14.942379174605426,
            "Standard Deviation": 4.988917411346612
        }
    },
    "Ratio of E_Fiber to E_Matrix": 2.4,
    "Ratio of H_Fiber to H_Matrix": 3
}