{
    "Mechanical Property 1 (Hardness)": {
        "Fiber": {
            "Mean": 4.50083394788585,
            "Standard Deviation": 0.7094345782110829
        },
        "Matrix": {
            "Mean": 1.4907738125694412,
            "Standard Deviation": 0.5010678291381824
        }
    },
    "Mechanical Property 2 (Elastic Modulus)": {
        "Fiber": {
            "Mean": 39.03030525126326,
            "Standard Deviation": 7.217525787183213
        },
        "Matrix": {
            "Mean": 14.95693942039246,
            "Standard Deviation": 4.982248908733091
        }
    },
    "Ratio of E_Fiber to E_Matrix": 2.6,
    "Ratio of H_Fiber to H_Matrix": 3
}