{
    "Mechanical Property 1 (Hardness)": {
        "Fiber": {
            "Mean": 4.4974354694814895,
            "Standard Deviation": 0.7107344609760015
        },
        "Matrix": {
            "Mean": 1.490563490814687,
            "Standard Deviation": 0.4973238717327931
        }
    },
    "Mechanical Property 2 (Elastic Modulus)": {
        "Fiber": {
            "Mean": 31.451854413358596,
            "Standard Deviation": 7.0868667125899165
        },
        "Matrix": {
            "Mean": 14.914256072314998,
            "Standard Deviation": 5.02416086042959
        }
    },
    "Ratio of E_Fiber to E_Matrix": 2.1,
    "Ratio of H_Fiber to H_Matrix": 3
}