{
    "Mechanical Property 1 (Hardness)": {
        "Fiber": {
            "Mean": 4.5097571452894325,
            "Standard Deviation": 0.7009059041378208
        },
        "Matrix": {
            "Mean": 1.4918293656061208,
            "Standard Deviation": 0.49731454586311297
        }
    },
    "Mechanical Property 2 (Elastic Modulus)": {
        "Fiber": {
            "Mean": 19.45016490611093,
            "Standard Deviation": 7.0277293705130806
        },
        "Matrix": {
            "Mean": 14.913040390389378,
            "Standard Deviation": 5.012750491970844
        }
    },
    "Ratio of E_Fiber to E_Matrix": 1.3,
    "Ratio of H_Fiber to H_Matrix": 3
}