{
    "Mechanical Property 1 (Hardness)": {
        "Fiber": {
            "Mean": 4.497464120492121,
            "Standard Deviation": 0.704977152161731
        },
        "Matrix": {
            "Mean": 1.4919544503781403,
            "Standard Deviation": 0.5005487587406154
        }
    },
    "Mechanical Property 2 (Elastic Modulus)": {
        "Fiber": {
            "Mean": 30.068798793705174,
            "Standard Deviation": 7.044751889567141
        },
        "Matrix": {
            "Mean": 14.947636475888423,
            "Standard Deviation": 4.996560754014247
        }
    },
    "Ratio of E_Fiber to E_Matrix": 2,
    "Ratio of H_Fiber to H_Matrix": 3
}