X Position_µm,Y Position_µm,MODULUS_GPa,HARDNESS_GPa
0.0,0.0,14.14402207934651,5.768414080996088
1.01010101010101,0.0,24.82847807368733,5.382403419393311
2.02020202020202,0.0,34.31259708716598,5.332642186864522
3.03030303030303,0.0,26.73489797792137,4.112005920669308
4.040404040404041,0.0,20.57080561125659,3.997332283992567
5.050505050505051,0.0,25.40355181504305,4.660176753397252
6.060606060606061,0.0,13.93662997652162,4.653516850811287
7.070707070707071,0.0,23.26972189302546,3.602846497310086
8.080808080808081,0.0,15.8970643191675,4.659828623198253
9.090909090909092,0.0,25.22417050716939,4.989277314677823
10.1010101010101,0.0,23.37431515630715,3.338141722951017
11.11111111111111,0.0,29.54951021437167,4.428056366767575
12.12121212121212,0.0,22.16942388454718,4.431458333612667
13.13131313131313,0.0,35.47142488923654,4.346951938609894
14.14141414141414,0.0,19.63516626695808,4.978281641010864
15.15151515151515,0.0,24.01475964539242,3.855861992366571
16.16161616161616,0.0,25.29389171089075,4.127914282216736
17.17171717171717,0.0,20.56497016933658,4.426957882739922
18.18181818181818,0.0,22.35769223228917,5.510909422839448
19.19191919191919,0.0,21.93585985043817,3.612727076275601
20.2020202020202,0.0,23.11791350281996,4.201394324508498
21.21212121212121,0.0,20.27535452629052,4.86859144389063
22.22222222222222,0.0,25.81366066951657,4.60666931509973
23.23232323232324,0.0,17.13293353216096,3.455705383882688
24.24242424242424,0.0,20.47162583188842,5.057431934012667
25.25252525252525,0.0,37.67667284798161,4.755652685369621
26.26262626262626,0.0,11.08660819396916,5.593808327342977
27.27272727272727,0.0,40.42026747099663,3.792088121238822
28.28282828282828,0.0,20.2919228087755,3.855340740227443
29.29292929292929,0.0,21.28644026107402,4.174319469211909
30.3030303030303,0.0,11.92913048839666,4.47577038479859
31.31313131313131,0.0,21.86037671744386,4.652605156527915
32.32323232323233,0.0,19.8155776718541,4.991872724318594
33.33333333333334,0.0,17.72958161911973,3.502323949879252
34.34343434343435,0.0,14.43504559721528,4.393593325555156
35.35353535353536,0.0,25.68063044152399,4.352025864498272
36.36363636363637,0.0,27.59854469456081,3.380128993515076
37.37373737373738,0.0,23.90870751326454,4.615199776919778
38.38383838383839,0.0,21.14992467623053,5.722017226787686
39.3939393939394,0.0,43.68031327665319,4.795358104317978
40.40404040404041,0.0,24.2199326119319,6.037050447073781
41.41414141414142,0.0,29.87556414874292,4.583068004350413
42.42424242424243,0.0,22.02519629506951,4.557412324691874
43.43434343434344,0.0,23.72131449458115,4.379455972044457
44.44444444444445,0.0,10.61365625427425,3.780081393468618
45.45454545454546,0.0,24.76733525405167,5.131417262915141
46.46464646464647,0.0,28.21368217500158,5.5635283371553
47.47474747474748,0.0,24.3685388137291,4.10220131876617
48.48484848484848,0.0,26.47728309879068,3.548772543331176
49.49494949494949,0.0,27.434392603361,4.614642906007127
50.50505050505051,0.0,28.12972970414913,4.853959494802551
51.51515151515152,0.0,15.11924156355758,3.05473917866279
52.52525252525253,0.0,22.73312414491451,4.055699898034076
53.53535353535354,0.0,15.52667493098853,5.199315718420903
54.54545454545455,0.0,25.8298215090277,4.477712602280296
55.55555555555556,0.0,17.39844937491851,4.140506097823662
56.56565656565657,0.0,29.47077723452635,3.864994837203961
57.57575757575758,0.0,24.70842748398681,3.670803613698943
58.58585858585859,0.0,24.00464237227221,4.653966049287997
59.5959595959596,0.0,26.50381375117877,4.814549787891509
60.60606060606061,0.0,1.705456087569046,4.553841535991615
61.61616161616162,0.0,30.28250924660442,4.517095189865129
62.62626262626263,0.0,32.81984291701154,4.007021245332089
63.63636363636364,0.0,13.33763586056404,5.08824601391547
64.64646464646465,0.0,16.23907284218791,4.601171924084229
65.65656565656566,0.0,9.196624070179398,4.139220961421083
66.66666666666667,0.0,17.40831516440081,4.653348022770676
67.67676767676768,0.0,27.46349118858209,4.475936913362865
68.68686868686869,0.0,18.84464601199741,4.946242024770068
69.6969696969697,0.0,23.46128778684878,2.752208409428015
70.70707070707071,0.0,11.29367199875724,4.481892014809692
71.71717171717172,0.0,21.54513799666252,4.917465988815593
72.72727272727273,0.0,9.428477260979433,3.435728843439104
73.73737373737374,0.0,26.57524804265093,4.58243423956358
74.74747474747475,0.0,28.05650181916308,5.371526030063474
75.75757575757576,0.0,19.91631361255367,5.477565900673216
76.76767676767678,0.0,17.33449507037568,5.212653456494944
77.77777777777779,0.0,17.82062205148478,4.885435727488256
78.7878787878788,0.0,18.34430583093205,5.19239169907707
79.7979797979798,0.0,15.81118318831067,3.712832849965109
80.80808080808082,0.0,17.03119542683724,5.132840902849599
81.81818181818183,0.0,27.70310671186861,4.171841494812707
82.82828282828284,0.0,20.23858036757599,3.678750481989377
83.83838383838385,0.0,26.69800501551992,3.32442974430445
84.84848484848486,0.0,31.85968621318938,4.986353185955276
85.85858585858587,0.0,24.16806634886868,4.679601781621162
86.86868686868688,0.0,25.28241247925542,4.601547436575482
87.87878787878789,0.0,27.76521832423985,5.596431870571502
88.8888888888889,0.0,33.76666507586863,5.037845622587986
89.89898989898991,0.0,12.78993615611413,4.087515627060421
90.90909090909092,0.0,25.52054626676093,3.724985916400497
91.91919191919193,0.0,12.58676126003432,4.168070048524513
92.92929292929294,0.0,31.09621339321072,3.842573151287845
93.93939393939395,0.0,27.49551024181567,6.022907012432225
94.94949494949496,0.0,14.6002483721894,5.366303988120849
95.95959595959597,0.0,25.40849993960299,4.412256986051786
96.96969696969697,0.0,24.24434548743907,3.752834538814865
97.97979797979798,0.0,19.21438918494688,4.855279682708778
98.98989898989899,0.0,18.06010713014902,3.663774016388859
100.0,0.0,17.65943809616625,5.681304761173195
0.0,1.01010101010101,22.50806078934491,5.117051291378607
1.01010101010101,1.01010101010101,20.5509345505407,5.127517733070296
2.02020202020202,1.01010101010101,32.69217853144576,4.635538584881489
3.03030303030303,1.01010101010101,19.78989617201547,3.928393483943364
4.040404040404041,1.01010101010101,37.30872349534267,5.725882592872205
5.050505050505051,1.01010101010101,28.56781415864571,6.682338154460991
6.060606060606061,1.01010101010101,14.08982925049778,3.643932200517471
7.070707070707071,1.01010101010101,15.08565375712827,4.730269933217857
8.080808080808081,1.01010101010101,12.01919666126647,5.908182991535862
9.090909090909092,1.01010101010101,19.58656196545556,4.238073676636549
10.1010101010101,1.01010101010101,29.12046043307561,5.419917042195642
11.11111111111111,1.01010101010101,23.03546188182075,5.299583360662287
12.12121212121212,1.01010101010101,24.11902781401822,4.607050144234616
13.13131313131313,1.01010101010101,20.34257691076856,4.363685874782844
14.14141414141414,1.01010101010101,30.8325064914638,3.59845491472345
15.15151515151515,1.01010101010101,27.418301808833,4.568271044919926
16.16161616161616,1.01010101010101,10.35725659566251,3.352554164660042
17.17171717171717,1.01010101010101,23.82850235613439,5.863019814431143
18.18181818181818,1.01010101010101,20.14787892744191,4.919316993776568
19.19191919191919,1.01010101010101,14.02256100053316,4.427349182417372
20.2020202020202,1.01010101010101,33.68737328014725,4.280790309616746
21.21212121212121,1.01010101010101,22.10989458390382,4.012040978070361
22.22222222222222,1.01010101010101,18.2599874433773,3.540910055988798
23.23232323232324,1.01010101010101,29.68617006205569,3.728519054520626
24.24242424242424,1.01010101010101,20.12274381599018,5.014177931578341
25.25252525252525,1.01010101010101,30.84952775807045,4.021112417278879
26.26262626262626,1.01010101010101,22.1832538855356,4.047397843489446
27.27272727272727,1.01010101010101,29.51937907332207,4.205334993806987
28.28282828282828,1.01010101010101,37.17544759580424,4.684747347016224
29.29292929292929,1.01010101010101,22.34988868410054,4.211579556624996
30.3030303030303,1.01010101010101,20.55448744883285,4.537841875954761
31.31313131313131,1.01010101010101,20.89814744641529,3.743405510086698
32.32323232323233,1.01010101010101,20.03988242597707,6.475244317976568
33.33333333333334,1.01010101010101,29.32163987333947,4.229322300934703
34.34343434343435,1.01010101010101,23.74225455725941,3.976418313210765
35.35353535353536,1.01010101010101,23.80086603519226,3.538171212489324
36.36363636363637,1.01010101010101,25.53671685317547,2.761149836362683
37.37373737373738,1.01010101010101,18.93874295993091,5.285157026854612
38.38383838383839,1.01010101010101,30.52181381329413,3.537481004699749
39.3939393939394,1.01010101010101,21.79213025876005,5.41229386088166
40.40404040404041,1.01010101010101,8.564056358207,3.795194419285699
41.41414141414142,1.01010101010101,24.91442947855032,4.589491693231037
42.42424242424243,1.01010101010101,18.86918383744602,5.080075330110229
43.43434343434344,1.01010101010101,29.63045440825066,4.310112465253868
44.44444444444445,1.01010101010101,32.48138310646357,4.319389803654267
45.45454545454546,1.01010101010101,22.7089490034678,5.731783056093092
46.46464646464647,1.01010101010101,22.32347129674942,4.241794379582887
47.47474747474748,1.01010101010101,28.51135778630081,5.015704107742432
48.48484848484848,1.01010101010101,30.44419034390501,5.069794754611809
49.49494949494949,1.01010101010101,30.48834512904069,3.289722874956805
50.50505050505051,1.01010101010101,14.79317818530114,4.60787687986458
51.51515151515152,1.01010101010101,16.88533078090008,4.545109006583617
52.52525252525253,1.01010101010101,18.48211844545408,4.56971283220141
53.53535353535354,1.01010101010101,35.6118903392173,4.277373963197388
54.54545454545455,1.01010101010101,12.18603968078056,4.858632453432024
55.55555555555556,1.01010101010101,25.96085294197323,4.338840098596954
56.56565656565657,1.01010101010101,28.49954818136685,4.724977991926571
57.57575757575758,1.01010101010101,11.61655928387524,5.170058438504292
58.58585858585859,1.01010101010101,12.57470928524508,3.852526821545087
59.5959595959596,1.01010101010101,28.9613876031407,5.768785536631219
60.60606060606061,1.01010101010101,33.61003954818656,5.058616465406553
61.61616161616162,1.01010101010101,20.80008603682773,3.111445757282172
62.62626262626263,1.01010101010101,21.53372571156878,4.209441118549201
63.63636363636364,1.01010101010101,19.29577674995704,4.770928460338138
64.64646464646465,1.01010101010101,30.69963436400676,5.098317431915374
65.65656565656566,1.01010101010101,34.36487784445654,4.651768306798203
66.66666666666667,1.01010101010101,15.55029048351454,5.399422876507108
67.67676767676768,1.01010101010101,36.22046381388148,4.868555021760064
68.68686868686869,1.01010101010101,20.59904171153275,4.878233584343294
69.6969696969697,1.01010101010101,13.92070002782025,4.890289771628118
70.70707070707071,1.01010101010101,13.40787251519994,4.264136041990007
71.71717171717172,1.01010101010101,24.62971144426423,4.678440269217775
72.72727272727273,1.01010101010101,22.24557104557888,3.912604292282863
73.73737373737374,1.01010101010101,22.20286498507339,4.227540034550748
74.74747474747475,1.01010101010101,16.47112575903939,4.058362105246584
75.75757575757576,1.01010101010101,26.64456077795132,5.331234653622251
76.76767676767678,1.01010101010101,30.26267578437641,4.030175002358777
77.77777777777779,1.01010101010101,29.36501523524608,4.056764573017584
78.7878787878788,1.01010101010101,15.84362355698804,4.688216687700814
79.7979797979798,1.01010101010101,19.13070476238043,5.123742965012291
80.80808080808082,1.01010101010101,21.76973193974135,3.409249300852528
81.81818181818183,1.01010101010101,27.72988559814259,3.933597444910492
82.82828282828284,1.01010101010101,20.07166082534825,4.051060540748681
83.83838383838385,1.01010101010101,26.65048608542849,4.113974343674215
84.84848484848486,1.01010101010101,32.33354459768884,4.190010300846394
85.85858585858587,1.01010101010101,2.873000008272847,5.976354654260547
86.86868686868688,1.01010101010101,29.12779510639891,3.798987563557189
87.87878787878789,1.01010101010101,26.69008663200426,6.378400769490923
88.8888888888889,1.01010101010101,10.56891795112119,4.984311698795243
89.89898989898991,1.01010101010101,33.85873977501729,4.789766827825051
90.90909090909092,1.01010101010101,0.0,3.062211706925077
91.91919191919193,1.01010101010101,21.13083580723718,4.986035982239965
92.92929292929294,1.01010101010101,21.66297719566688,5.087324834852853
93.93939393939395,1.01010101010101,29.95147001083361,5.877241951343111
94.94949494949496,1.01010101010101,8.928914483138215,3.837238222711633
95.95959595959597,1.01010101010101,15.69740613464249,4.609743998801753
96.96969696969697,1.01010101010101,26.73736475611188,2.811517058966952
97.97979797979798,1.01010101010101,22.31488536366046,4.746501722104846
98.98989898989899,1.01010101010101,25.61320440860131,4.064479920423919
100.0,1.01010101010101,25.85705468909852,5.151717228635095
0.0,2.02020202020202,29.56669160709701,4.593177961421558
1.01010101010101,2.02020202020202,17.42520088563842,5.284743932551148
2.02020202020202,2.02020202020202,9.040061319724606,4.09128693340884
3.03030303030303,2.02020202020202,21.64094834162407,3.595304132446454
4.040404040404041,2.02020202020202,25.29109140666382,4.234328016789112
5.050505050505051,2.02020202020202,16.46368674849986,4.285310327901332
6.060606060606061,2.02020202020202,17.24987783569846,5.713311856494145
7.070707070707071,2.02020202020202,14.09973539718013,4.929962447073062
8.080808080808081,2.02020202020202,30.66662680119411,3.72188107796253
9.090909090909092,2.02020202020202,27.56643953863975,6.154437023899523
10.1010101010101,2.02020202020202,19.1009916862397,3.470930759181719
11.11111111111111,2.02020202020202,34.84535981703429,5.162180601146091
12.12121212121212,2.02020202020202,20.68054452234878,4.084810113497361
13.13131313131313,2.02020202020202,23.26316694918891,4.44162273571295
14.14141414141414,2.02020202020202,31.68303650302025,4.502634092749191
15.15151515151515,2.02020202020202,22.99601260936048,4.858543200709954
16.16161616161616,2.02020202020202,19.2519653513872,5.549859850425173
17.17171717171717,2.02020202020202,25.71388022860869,3.924122147321811
18.18181818181818,2.02020202020202,24.41562705723945,4.163574605404095
19.19191919191919,2.02020202020202,22.1691088367847,4.729194733093672
20.2020202020202,2.02020202020202,21.66562713884739,3.984167273061685
21.21212121212121,2.02020202020202,19.76357134138441,4.471118788873136
22.22222222222222,2.02020202020202,15.1254603901233,3.918878097354733
23.23232323232324,2.02020202020202,23.57235733600585,4.03201072862392
24.24242424242424,2.02020202020202,8.487907833998138,4.668982017019636
25.25252525252525,2.02020202020202,26.79861718027746,4.065738059340632
26.26262626262626,2.02020202020202,34.98106897192925,3.609315206582292
27.27272727272727,2.02020202020202,23.96967475699345,4.194979544665545
28.28282828282828,2.02020202020202,17.9518778270057,6.195594902573744
29.29292929292929,2.02020202020202,30.43798949385744,4.786488061106839
30.3030303030303,2.02020202020202,30.40132532389398,3.75111838830455
31.31313131313131,2.02020202020202,38.60540182579909,4.718745705380933
32.32323232323233,2.02020202020202,27.16336110133653,4.46957674621533
33.33333333333334,2.02020202020202,12.08927002122651,5.038671582359532
34.34343434343435,2.02020202020202,18.86913721878171,2.600746115700686
35.35353535353536,2.02020202020202,13.64027550929101,4.816703651268704
36.36363636363637,2.02020202020202,17.89875478638827,4.224834419139998
37.37373737373738,2.02020202020202,19.90719720992527,3.444234026171395
38.38383838383839,2.02020202020202,23.12709461627955,3.547117277648258
39.3939393939394,2.02020202020202,24.21606384513822,4.127652692238097
40.40404040404041,2.02020202020202,20.7460895792413,3.703566289155024
41.41414141414142,2.02020202020202,27.95178639042982,5.868439704651252
42.42424242424243,2.02020202020202,34.89868862569288,4.690727437415924
43.43434343434344,2.02020202020202,19.14615894873854,4.064345165116932
44.44444444444445,2.02020202020202,19.4294993166089,5.165345288998299
45.45454545454546,2.02020202020202,25.7660096462014,5.100168705696992
46.46464646464647,2.02020202020202,9.355411341490512,3.971174502712998
47.47474747474748,2.02020202020202,14.82980358534491,2.93561916397417
48.48484848484848,2.02020202020202,15.74901940903197,4.852350635743459
49.49494949494949,2.02020202020202,17.12794678336843,3.588360930831679
50.50505050505051,2.02020202020202,7.240297711958528,5.834644592898936
51.51515151515152,2.02020202020202,20.03032754422815,5.473053959614047
52.52525252525253,2.02020202020202,23.33574916057888,5.982143092881516
53.53535353535354,2.02020202020202,23.5311197977612,3.963476741871999
54.54545454545455,2.02020202020202,14.98654113471929,3.525590280585525
55.55555555555556,2.02020202020202,29.57688870113456,3.586639232354369
56.56565656565657,2.02020202020202,23.12678173579994,4.857045779585683
57.57575757575758,2.02020202020202,32.32756326731523,2.854957364114525
58.58585858585859,2.02020202020202,21.08080255336017,4.652264592143569
59.5959595959596,2.02020202020202,28.10536006303721,5.49625921632078
60.60606060606061,2.02020202020202,29.28521931745685,4.731579862074786
61.61616161616162,2.02020202020202,12.8785466906573,4.805544246658544
62.62626262626263,2.02020202020202,20.42588994981798,5.337506016857738
63.63636363636364,2.02020202020202,24.19443893030724,4.087590058680437
64.64646464646465,2.02020202020202,28.15912025516126,3.865503514992213
65.65656565656566,2.02020202020202,23.21927145087728,4.300082594123508
66.66666666666667,2.02020202020202,24.00940313407912,3.401070497590525
67.67676767676768,2.02020202020202,31.6633094405766,4.034238057873016
68.68686868686869,2.02020202020202,18.82382607811208,5.291626790200474
69.6969696969697,2.02020202020202,16.8958305897464,4.613384899210431
70.70707070707071,2.02020202020202,12.2171789179303,4.584234207537524
71.71717171717172,2.02020202020202,14.31961200090577,3.26798228703392
72.72727272727273,2.02020202020202,24.15127188174369,5.038787214761175
73.73737373737374,2.02020202020202,22.00613333532406,4.303094266344606
74.74747474747475,2.02020202020202,5.901733133548221,4.755269188926654
75.75757575757576,2.02020202020202,26.18283718843486,4.366188813945206
76.76767676767678,2.02020202020202,17.91854064370361,4.515790074088007
77.77777777777779,2.02020202020202,29.1677573467764,4.510850583767193
78.7878787878788,2.02020202020202,33.33961008731838,4.231095548972267
79.7979797979798,2.02020202020202,10.14763864041465,3.842693827936236
80.80808080808082,2.02020202020202,15.69880016056478,3.209187166607195
81.81818181818183,2.02020202020202,28.44097176581043,5.028658502315856
82.82828282828284,2.02020202020202,43.50474589347204,4.415046554916476
83.83838383838385,2.02020202020202,10.13776560033215,6.065401901855393
84.84848484848486,2.02020202020202,25.36404708306035,3.784349470389763
85.85858585858587,2.02020202020202,12.79806078011557,3.53915408619361
86.86868686868688,2.02020202020202,14.83673696094508,4.429422563779695
87.87878787878789,2.02020202020202,22.24448645013834,4.976891476916325
88.8888888888889,2.02020202020202,24.08721462852991,4.600060672830317
89.89898989898991,2.02020202020202,12.47933413328211,4.367012507314216
90.90909090909092,2.02020202020202,29.00882530267253,4.93336831149623
91.91919191919193,2.02020202020202,22.46004570886237,4.980275069326206
92.92929292929294,2.02020202020202,24.53198363273654,5.932121239232997
93.93939393939395,2.02020202020202,30.61081248352759,4.135501481151202
94.94949494949496,2.02020202020202,31.45056542888416,3.569754175330543
95.95959595959597,2.02020202020202,8.778476365236639,4.74541875732498
96.96969696969697,2.02020202020202,27.52326925269993,5.7437777473751
97.97979797979798,2.02020202020202,18.78313448190003,6.063858319106905
98.98989898989899,2.02020202020202,29.41573847600188,3.840906367775206
100.0,2.02020202020202,16.32291257031395,6.06101477391953
0.0,3.03030303030303,29.73937034202247,3.320836423003019
1.01010101010101,3.03030303030303,22.34933602402997,4.441884938053382
2.02020202020202,3.03030303030303,25.01687038355038,4.14394712096649
3.03030303030303,3.03030303030303,29.73998611029833,4.278908639168947
4.040404040404041,3.03030303030303,23.4669166322802,4.898571052598824
5.050505050505051,3.03030303030303,33.76653624948651,4.415978187637986
6.060606060606061,3.03030303030303,19.72094908962939,5.207847143492129
7.070707070707071,3.03030303030303,26.0580122816198,3.890884759135669
8.080808080808081,3.03030303030303,16.04928572433601,5.521838383564887
9.090909090909092,3.03030303030303,6.946682858448831,5.56565215731468
10.1010101010101,3.03030303030303,28.75207261194584,4.435727559397645
11.11111111111111,3.03030303030303,16.62016791847948,5.232232118018999
12.12121212121212,3.03030303030303,21.78628118408366,4.057540011075353
13.13131313131313,3.03030303030303,12.93894396853939,4.240681713556177
14.14141414141414,3.03030303030303,25.0831529101269,3.103012797065785
15.15151515151515,3.03030303030303,20.92445665554616,3.528934408119691
16.16161616161616,3.03030303030303,1.844950075679114,4.277423316657796
17.17171717171717,3.03030303030303,28.05773306261699,5.01911144621019
18.18181818181818,3.03030303030303,25.3689608107062,4.672930590318372
19.19191919191919,3.03030303030303,32.78032231866827,4.075177724371841
20.2020202020202,3.03030303030303,7.517503769543762,4.415145170651277
21.21212121212121,3.03030303030303,35.60707382291096,4.11245084423212
22.22222222222222,3.03030303030303,19.13803968846719,5.083107941818309
23.23232323232324,3.03030303030303,16.82861965738458,4.987955462298825
24.24242424242424,3.03030303030303,17.59553118422057,3.838302337129359
25.25252525252525,3.03030303030303,21.48665847796499,4.802410820194567
26.26262626262626,3.03030303030303,25.3251778218759,4.985092021886476
27.27272727272727,3.03030303030303,30.11507471256461,4.045433646138959
28.28282828282828,3.03030303030303,30.16995388460133,4.369352714261163
29.29292929292929,3.03030303030303,19.30168342249713,3.258686690772435
30.3030303030303,3.03030303030303,21.28381486369019,4.894737978825431
31.31313131313131,3.03030303030303,15.98294341465248,4.120563936307887
32.32323232323233,3.03030303030303,12.47607733989893,4.107722131795809
33.33333333333334,3.03030303030303,19.55406737115054,3.418679061795869
34.34343434343435,3.03030303030303,28.7923967648633,3.39990886294882
35.35353535353536,3.03030303030303,25.02919344774234,4.63826560746622
36.36363636363637,3.03030303030303,26.21210477491236,4.241562938795409
37.37373737373738,3.03030303030303,29.81056168192088,4.791588823658188
38.38383838383839,3.03030303030303,26.47343548600907,5.44491263576743
39.3939393939394,3.03030303030303,21.23309856665473,3.425694409556171
40.40404040404041,3.03030303030303,14.84487569773123,5.466547080509375
41.41414141414142,3.03030303030303,20.05350027370674,5.447224754246528
42.42424242424243,3.03030303030303,25.25507626502425,4.051090940421886
43.43434343434344,3.03030303030303,34.4504633769686,5.080567537671249
44.44444444444445,3.03030303030303,21.50945376611481,4.704372678192594
45.45454545454546,3.03030303030303,29.52086339382803,4.838483160186553
46.46464646464647,3.03030303030303,34.50074475267763,3.356905655203155
47.47474747474748,3.03030303030303,30.99454199467871,4.193319351832258
48.48484848484848,3.03030303030303,25.59507081975926,5.250727855229631
49.49494949494949,3.03030303030303,33.38725229104386,5.275782623054875
50.50505050505051,3.03030303030303,30.97165788133229,4.745317180680706
51.51515151515152,3.03030303030303,14.35461914289487,5.279914968172255
52.52525252525253,3.03030303030303,11.86416232024523,4.218898718265285
53.53535353535354,3.03030303030303,29.6659580636973,4.471855943071888
54.54545454545455,3.03030303030303,20.08071473304646,5.164345393796454
55.55555555555556,3.03030303030303,19.42058176660888,4.395718938864064
56.56565656565657,3.03030303030303,22.07801846390239,4.163992922820312
57.57575757575758,3.03030303030303,15.28008150507769,6.039593418044401
58.58585858585859,3.03030303030303,18.58969327448311,4.271741500691483
59.5959595959596,3.03030303030303,31.51685615943993,4.911510010902667
60.60606060606061,3.03030303030303,20.35618503923068,5.547240156360368
61.61616161616162,3.03030303030303,25.44607166087859,3.909120821860651
62.62626262626263,3.03030303030303,19.88003632748029,3.263608402097544
63.63636363636364,3.03030303030303,19.53515581091005,5.471400587460115
64.64646464646465,3.03030303030303,24.03134509555959,4.282923851959169
65.65656565656566,3.03030303030303,25.5162142736191,3.951475852184484
66.66666666666667,3.03030303030303,21.93243964499517,4.957547586949675
67.67676767676768,3.03030303030303,16.27572632757014,4.917914065928095
68.68686868686869,3.03030303030303,8.445604489253574,4.584694190848642
69.6969696969697,3.03030303030303,28.57580199127117,3.636353128122845
70.70707070707071,3.03030303030303,19.18743694539221,4.934525071608505
71.71717171717172,3.03030303030303,30.27019103094565,5.944434157999604
72.72727272727273,3.03030303030303,29.52639033975651,4.204596496451232
73.73737373737374,3.03030303030303,32.77758078982662,6.255883423760292
74.74747474747475,3.03030303030303,26.76903052913044,4.489112169585674
75.75757575757576,3.03030303030303,16.34960906384392,5.48700684087698
76.76767676767678,3.03030303030303,25.70476222633962,5.214927915563202
77.77777777777779,3.03030303030303,15.34601294474473,4.266764522830867
78.7878787878788,3.03030303030303,30.93942119230247,5.439159320116059
79.7979797979798,3.03030303030303,14.83233374801819,6.159794512369114
80.80808080808082,3.03030303030303,5.94556748329193,3.737664250824845
81.81818181818183,3.03030303030303,29.10380665265707,5.361254687923305
82.82828282828284,3.03030303030303,22.03112915348663,3.396027844140533
83.83838383838385,3.03030303030303,28.68895215388655,3.923633439911216
84.84848484848486,3.03030303030303,21.19054431513499,4.112951922524198
85.85858585858587,3.03030303030303,17.28661593288,5.401938332004141
86.86868686868688,3.03030303030303,19.090767950615,4.64448828280036
87.87878787878789,3.03030303030303,19.05191325598427,4.491728235981256
88.8888888888889,3.03030303030303,13.55800560626349,3.936720995522336
89.89898989898991,3.03030303030303,30.00202967387707,3.629529746958535
90.90909090909092,3.03030303030303,23.31621147338345,5.808259750734483
91.91919191919193,3.03030303030303,12.75875163059342,4.75389997036517
92.92929292929294,3.03030303030303,16.90977003266418,3.040300396265034
93.93939393939395,3.03030303030303,24.073258719787,5.034527300274302
94.94949494949496,3.03030303030303,22.54221937036267,4.549797538268685
95.95959595959597,3.03030303030303,19.8921228297955,5.644622377641328
96.96969696969697,3.03030303030303,18.90659455795733,4.642435848598445
97.97979797979798,3.03030303030303,27.90238354391078,5.703190384986316
98.98989898989899,3.03030303030303,21.40083279331117,5.272970223528413
100.0,3.03030303030303,20.02401044222418,3.618188289075033
0.0,4.040404040404041,27.29248527028127,4.304734208082583
1.01010101010101,4.040404040404041,21.85419331518457,4.26613106445914
2.02020202020202,4.040404040404041,15.19702437634908,5.43478771215942
3.03030303030303,4.040404040404041,24.51064119298037,3.915061204636051
4.040404040404041,4.040404040404041,26.19161318177202,3.490441853739308
5.050505050505051,4.040404040404041,19.76452735161667,4.501901359801359
6.060606060606061,4.040404040404041,23.99499715179921,5.197211098025326
7.070707070707071,4.040404040404041,26.5555612163539,4.14643099342432
8.080808080808081,4.040404040404041,17.12678988691091,4.469204204198481
9.090909090909092,4.040404040404041,18.04912949781845,4.029008947258344
10.1010101010101,4.040404040404041,33.39404336824803,4.389959858865658
11.11111111111111,4.040404040404041,7.98130428475684,5.104081528026015
12.12121212121212,4.040404040404041,24.65459942404261,3.933441868083607
13.13131313131313,4.040404040404041,29.4253143584762,5.326761828053463
14.14141414141414,4.040404040404041,27.87354644770862,5.692875816581633
15.15151515151515,4.040404040404041,26.72643612658644,4.245455786105373
16.16161616161616,4.040404040404041,22.38896912712109,4.384478098387583
17.17171717171717,4.040404040404041,21.13649262815309,4.44316487715876
18.18181818181818,4.040404040404041,17.97300230710225,4.685819265197695
19.19191919191919,4.040404040404041,26.12280416904724,4.943125532273529
20.2020202020202,4.040404040404041,22.35631698998669,3.737159824773329
21.21212121212121,4.040404040404041,35.80643089039765,3.586041770943172
22.22222222222222,4.040404040404041,23.00326519866324,5.490871318300498
23.23232323232324,4.040404040404041,19.64707787510974,5.083294025200424
24.24242424242424,4.040404040404041,33.83402340047305,3.195967063983384
25.25252525252525,4.040404040404041,17.72060938815704,3.947611857133697
26.26262626262626,4.040404040404041,21.40381601827213,4.805180899771636
27.27272727272727,4.040404040404041,18.53329946353304,4.422602180176518
28.28282828282828,4.040404040404041,10.0840183360741,4.653836573182527
29.29292929292929,4.040404040404041,15.97401733660958,4.146359699298987
30.3030303030303,4.040404040404041,25.22021379348322,4.546527415044491
31.31313131313131,4.040404040404041,10.65171963113592,4.861271540044673
32.32323232323233,4.040404040404041,21.54301084138299,4.153897193159998
33.33333333333334,4.040404040404041,27.7112669013972,5.795813612364965
34.34343434343435,4.040404040404041,23.99043914129481,5.877563551502125
35.35353535353536,4.040404040404041,3.671679243897086,4.232553546196582
36.36363636363637,4.040404040404041,22.92540658944821,5.764062663508393
37.37373737373738,4.040404040404041,19.32618525561222,4.719292468131737
38.38383838383839,4.040404040404041,28.132741361448,3.765995874730252
39.3939393939394,4.040404040404041,23.1008714780557,4.559139075568446
40.40404040404041,4.040404040404041,22.53678761516257,4.917069544524344
41.41414141414142,4.040404040404041,31.11115866707261,4.446788062760703
42.42424242424243,4.040404040404041,29.50111626158348,4.846474105541784
43.43434343434344,4.040404040404041,11.98216526340964,3.569662255353172
44.44444444444445,4.040404040404041,7.341630028063582,4.054511369433283
45.45454545454546,4.040404040404041,36.453290372002,3.687967838384101
46.46464646464647,4.040404040404041,17.79283056758306,3.870681727637878
47.47474747474748,4.040404040404041,30.60505478474194,3.948785714987824
48.48484848484848,4.040404040404041,21.60593108864251,4.338578934579012
49.49494949494949,4.040404040404041,8.554500618420223,4.139765291653912
50.50505050505051,4.040404040404041,24.8242473286858,4.843255101103831
51.51515151515152,4.040404040404041,21.38929685412205,4.669017472861645
52.52525252525253,4.040404040404041,29.43400380623778,3.940584976634071
53.53535353535354,4.040404040404041,15.55674935229842,3.650457075781159
54.54545454545455,4.040404040404041,29.15167820817469,3.113307738096401
55.55555555555556,4.040404040404041,18.59395122525442,4.685590016804604
56.56565656565657,4.040404040404041,16.34662550560535,3.951232483932269
57.57575757575758,4.040404040404041,11.8440558440859,5.240454380482682
58.58585858585859,4.040404040404041,11.90749450189758,4.370252009679073
59.5959595959596,4.040404040404041,12.40975996210867,4.524239562725841
60.60606060606061,4.040404040404041,24.74949859051528,4.676404350292607
61.61616161616162,4.040404040404041,14.99687953258216,3.308858383772125
62.62626262626263,4.040404040404041,14.17898937271347,3.809329623720485
63.63636363636364,4.040404040404041,32.71576538870531,4.568628259510413
64.64646464646465,4.040404040404041,8.431053999959255,4.361151402920415
65.65656565656566,4.040404040404041,13.28489619226907,4.676589170443818
66.66666666666667,4.040404040404041,18.61472356200811,4.019333243552431
67.67676767676768,4.040404040404041,21.14657490391338,4.012583732967355
68.68686868686869,4.040404040404041,17.17693501793449,4.047303831131115
69.6969696969697,4.040404040404041,17.31114361721023,4.737913647785836
70.70707070707071,4.040404040404041,26.79287906492903,4.794766923806405
71.71717171717172,4.040404040404041,12.38259789550354,4.308372907107382
72.72727272727273,4.040404040404041,38.6182777321983,6.38495005967737
73.73737373737374,4.040404040404041,26.11723791035193,5.264423279656009
74.74747474747475,4.040404040404041,15.34346604448827,4.727264176766354
75.75757575757576,4.040404040404041,23.07642225023733,5.0500166474707
76.76767676767678,4.040404040404041,16.96835612069099,3.878511677580481
77.77777777777779,4.040404040404041,24.5990106268925,5.535542991799076
78.7878787878788,4.040404040404041,22.09652424556165,4.961853151696427
79.7979797979798,4.040404040404041,18.14053019324932,3.978120568785101
80.80808080808082,4.040404040404041,21.84748027760328,4.239166169323686
81.81818181818183,4.040404040404041,26.79262525045267,4.20244009481456
82.82828282828284,4.040404040404041,22.71691966566546,4.926675226614538
83.83838383838385,4.040404040404041,23.96513878337351,2.513276729871674
84.84848484848486,4.040404040404041,21.62475097738179,5.396184215852519
85.85858585858587,4.040404040404041,23.17528629765473,4.70358141647672
86.86868686868688,4.040404040404041,21.36223682096656,5.006204579642243
87.87878787878789,4.040404040404041,39.2241438781729,4.887235378500316
88.8888888888889,4.040404040404041,41.43577894955989,4.23214814954135
89.89898989898991,4.040404040404041,25.54158408781026,3.324678443762984
90.90909090909092,4.040404040404041,27.70646007864908,4.366252877579329
91.91919191919193,4.040404040404041,27.56617370827595,4.533732184723306
92.92929292929294,4.040404040404041,19.60318949663889,4.690394170756985
93.93939393939395,4.040404040404041,11.87740042958355,4.331849620963854
94.94949494949496,4.040404040404041,14.63245391079441,3.778738811814066
95.95959595959597,4.040404040404041,16.40760573515421,4.240666213714238
96.96969696969697,4.040404040404041,19.77161544795365,4.638185181261704
97.97979797979798,4.040404040404041,18.70785344339936,3.484582055201241
98.98989898989899,4.040404040404041,24.83236044587958,4.728773082379318
100.0,4.040404040404041,29.9884200568555,4.616778844165855
0.0,5.050505050505051,24.93852755585618,1.996018417114181
1.01010101010101,5.050505050505051,8.583886667259232,1.497699385494881
2.02020202020202,5.050505050505051,24.49654956672837,4.123984774312786
3.03030303030303,5.050505050505051,19.37595139334812,4.818808127268976
4.040404040404041,5.050505050505051,21.91406768829322,5.164231393964123
5.050505050505051,5.050505050505051,19.21679247930722,4.320329426592359
6.060606060606061,5.050505050505051,12.15186995122389,4.636428066506888
7.070707070707071,5.050505050505051,24.30633036289695,3.619010990734968
8.080808080808081,5.050505050505051,27.34246242484069,4.678954518585467
9.090909090909092,5.050505050505051,16.90735156411181,3.689500305507524
10.1010101010101,5.050505050505051,22.46725509922662,4.454870625113438
11.11111111111111,5.050505050505051,34.71889925748772,5.180899489329163
12.12121212121212,5.050505050505051,29.37662977798312,4.133062719502613
13.13131313131313,5.050505050505051,16.14070716248288,3.408844271503721
14.14141414141414,5.050505050505051,16.9181336211355,3.291177683030833
15.15151515151515,5.050505050505051,14.11298905735032,5.026922661324448
16.16161616161616,5.050505050505051,23.29403889571478,4.14533908015767
17.17171717171717,5.050505050505051,20.27777991597107,3.716005287608873
18.18181818181818,5.050505050505051,28.99405798664671,4.035911607729408
19.19191919191919,5.050505050505051,21.94353327724094,4.172196182239818
20.2020202020202,5.050505050505051,14.06416831790829,5.046797077878066
21.21212121212121,5.050505050505051,20.87079107981369,5.59758869640965
22.22222222222222,5.050505050505051,28.06878627483139,4.528885529471378
23.23232323232324,5.050505050505051,25.30979186314552,5.920757548588911
24.24242424242424,5.050505050505051,21.92006200503048,4.339827609488937
25.25252525252525,5.050505050505051,18.02207767683932,3.486577883165467
26.26262626262626,5.050505050505051,23.21738820418145,4.882988632963414
27.27272727272727,5.050505050505051,33.25212789924849,4.676066785527254
28.28282828282828,5.050505050505051,21.24286205186029,3.938998338968318
29.29292929292929,5.050505050505051,37.49320370815866,5.545762913922421
30.3030303030303,5.050505050505051,16.71580174958991,1.831287253952892
31.31313131313131,5.050505050505051,13.00042910180014,1.142398595071308
32.32323232323233,5.050505050505051,18.53644472358803,1.440645060236436
33.33333333333334,5.050505050505051,26.63735489647125,5.523648013711921
34.34343434343435,5.050505050505051,25.56112644552628,4.424990693225612
35.35353535353536,5.050505050505051,31.91869442752031,5.818856071196082
36.36363636363637,5.050505050505051,22.53544311089917,2.71179953088855
37.37373737373738,5.050505050505051,31.58533897024522,4.220157280333155
38.38383838383839,5.050505050505051,31.75730696172378,3.722408761861145
39.3939393939394,5.050505050505051,30.31350951650744,4.318158013748037
40.40404040404041,5.050505050505051,22.86772379337643,5.809612797616102
41.41414141414142,5.050505050505051,15.47117320340005,3.57824703767692
42.42424242424243,5.050505050505051,23.92918363139448,3.751950621084588
43.43434343434344,5.050505050505051,14.38886817232018,3.798323322352643
44.44444444444445,5.050505050505051,33.73899295983431,4.975362433271591
45.45454545454546,5.050505050505051,19.45812783225711,4.625157519087764
46.46464646464647,5.050505050505051,19.5139103007109,3.085437432742625
47.47474747474748,5.050505050505051,34.08827076190997,5.29233236302758
48.48484848484848,5.050505050505051,3.87364480774117,2.713005930629185
49.49494949494949,5.050505050505051,21.36315947094053,4.670186700353508
50.50505050505051,5.050505050505051,20.87202764706857,4.824291411798983
51.51515151515152,5.050505050505051,20.01638768639772,4.326625224262217
52.52525252525253,5.050505050505051,21.44495528394253,3.548742186943026
53.53535353535354,5.050505050505051,25.51696689120571,3.253796446693622
54.54545454545455,5.050505050505051,18.8130976722534,5.908096604189335
55.55555555555556,5.050505050505051,24.71027801333687,4.417041899249796
56.56565656565657,5.050505050505051,27.72991265837721,5.703543595950154
57.57575757575758,5.050505050505051,35.767745366064,4.030003324708783
58.58585858585859,5.050505050505051,23.77208799322528,5.108468095009089
59.5959595959596,5.050505050505051,25.58990991932507,4.431545885863994
60.60606060606061,5.050505050505051,29.41486538261341,4.903035108326598
61.61616161616162,5.050505050505051,8.503369842233019,2.108611223565549
62.62626262626263,5.050505050505051,20.86675373245635,1.824796682006267
63.63636363636364,5.050505050505051,8.38530626738474,1.784829491510659
64.64646464646465,5.050505050505051,16.04142845766341,1.332414488753652
65.65656565656566,5.050505050505051,22.78972642233526,3.991624765230174
66.66666666666667,5.050505050505051,24.26853941877528,4.567742587059812
67.67676767676768,5.050505050505051,18.03205482056603,4.556566252378384
68.68686868686869,5.050505050505051,10.50567496432499,4.767835567506517
69.6969696969697,5.050505050505051,8.756302109941688,4.188486784521073
70.70707070707071,5.050505050505051,16.98483613053065,4.285046998077185
71.71717171717172,5.050505050505051,27.80614587992874,4.984966735653256
72.72727272727273,5.050505050505051,27.79791174870217,4.195334509515675
73.73737373737374,5.050505050505051,25.14931809058462,4.633969640679432
74.74747474747475,5.050505050505051,16.72477724157858,5.227025782060307
75.75757575757576,5.050505050505051,23.82099998997965,6.143422892206051
76.76767676767678,5.050505050505051,24.09795548239003,4.547322070084491
77.77777777777779,5.050505050505051,20.94875557027966,4.443312051341087
78.7878787878788,5.050505050505051,19.55928151805159,3.669103562883866
79.7979797979798,5.050505050505051,20.55470099843062,4.255399876074721
80.80808080808082,5.050505050505051,28.56066301321754,3.505187355054209
81.81818181818183,5.050505050505051,10.84789627356101,3.381113320152601
82.82828282828284,5.050505050505051,24.17768231402065,5.502780437361796
83.83838383838385,5.050505050505051,30.58420715021186,3.364120182929784
84.84848484848486,5.050505050505051,30.44147415305014,5.247950455472397
85.85858585858587,5.050505050505051,19.10341769143634,4.566359228224426
86.86868686868688,5.050505050505051,34.04752660542492,4.295521082657647
87.87878787878789,5.050505050505051,23.09849445523966,5.811335749734504
88.8888888888889,5.050505050505051,22.88378946196146,5.31557410863509
89.89898989898991,5.050505050505051,13.55186596376441,4.809010100625969
90.90909090909092,5.050505050505051,17.19741095954485,4.510808109299279
91.91919191919193,5.050505050505051,19.11851304652215,4.596538617154657
92.92929292929294,5.050505050505051,18.30577351417715,1.52963651258064
93.93939393939395,5.050505050505051,22.25609093084541,1.690718097766923
94.94949494949496,5.050505050505051,17.78108125954375,1.869581378803858
95.95959595959597,5.050505050505051,10.49848992262379,1.401411726913104
96.96969696969697,5.050505050505051,21.38364888072864,4.111766927735083
97.97979797979798,5.050505050505051,27.27611308712489,5.094471119417886
98.98989898989899,5.050505050505051,8.832746081385388,3.872448178850284
100.0,5.050505050505051,23.37313583428449,3.812722787609028
0.0,6.060606060606061,7.51934185951619,2.64532402321887
1.01010101010101,6.060606060606061,13.44265037815875,1.466651021362102
2.02020202020202,6.060606060606061,7.345528941074648,1.737246556341032
3.03030303030303,6.060606060606061,9.42911667021426,0.3960039575762443
4.040404040404041,6.060606060606061,21.16049610350656,4.890239975489797
5.050505050505051,6.060606060606061,13.84582508985443,4.717246148074293
6.060606060606061,6.060606060606061,21.30244462351123,3.847875784615515
7.070707070707071,6.060606060606061,24.68737170442649,3.357259516438726
8.080808080808081,6.060606060606061,22.82242885716853,4.659304735521213
9.090909090909092,6.060606060606061,26.66538802895542,4.793123379071846
10.1010101010101,6.060606060606061,21.46499763809181,5.048284140626891
11.11111111111111,6.060606060606061,27.23264188747928,4.637304348262735
12.12121212121212,6.060606060606061,28.60818067950263,4.224391392133152
13.13131313131313,6.060606060606061,18.03958688112851,4.254619626586229
14.14141414141414,6.060606060606061,36.35145195933845,4.432955033071417
15.15151515151515,6.060606060606061,33.84549928206003,4.061728654343008
16.16161616161616,6.060606060606061,21.65974766375695,5.357899155425623
17.17171717171717,6.060606060606061,26.89324355111339,4.0728677145756
18.18181818181818,6.060606060606061,15.81515594490945,4.754428362193105
19.19191919191919,6.060606060606061,18.62207310235015,4.922141940071944
20.2020202020202,6.060606060606061,24.23102799020662,4.80066038746414
21.21212121212121,6.060606060606061,26.27533282692382,3.776266985684985
22.22222222222222,6.060606060606061,15.55349282026159,4.796569422670741
23.23232323232324,6.060606060606061,12.99916658890065,4.141523782298743
24.24242424242424,6.060606060606061,22.9066819350496,5.401313670393832
25.25252525252525,6.060606060606061,16.65423429504986,5.253780247330066
26.26262626262626,6.060606060606061,26.45916507057506,4.229212746427027
27.27272727272727,6.060606060606061,25.31877283147796,3.579336811876614
28.28282828282828,6.060606060606061,19.29571081859826,1.887896924010772
29.29292929292929,6.060606060606061,17.34630011182893,2.16766170408957
30.3030303030303,6.060606060606061,6.402534175008149,1.256411235110786
31.31313131313131,6.060606060606061,16.82702862634698,0.9334696412057215
32.32323232323233,6.060606060606061,7.049190299103653,1.021509930965451
33.33333333333334,6.060606060606061,19.13238128375963,1.379217065131762
34.34343434343435,6.060606060606061,19.4656547676356,2.672265841404669
35.35353535353536,6.060606060606061,21.91916084395018,4.95754142752476
36.36363636363637,6.060606060606061,19.93181079209152,5.62563270851191
37.37373737373738,6.060606060606061,24.33942350574729,4.107497650650347
38.38383838383839,6.060606060606061,16.25417162434466,5.043933643611465
39.3939393939394,6.060606060606061,22.92811764059052,4.726981466571778
40.40404040404041,6.060606060606061,11.59814783440368,4.291122180951053
41.41414141414142,6.060606060606061,20.40227934488611,3.133082512182672
42.42424242424243,6.060606060606061,27.36217397045482,5.630573959784922
43.43434343434344,6.060606060606061,30.86562648312985,3.58659981831055
44.44444444444445,6.060606060606061,24.27801031271308,4.649563896141623
45.45454545454546,6.060606060606061,11.82130158516302,4.9816629828356
46.46464646464647,6.060606060606061,16.87136506733104,5.047320067318187
47.47474747474748,6.060606060606061,25.36283567713064,5.9650261271015
48.48484848484848,6.060606060606061,23.1544945249394,3.820440084417591
49.49494949494949,6.060606060606061,17.54269563312455,5.440968236083171
50.50505050505051,6.060606060606061,13.91911759011114,5.541770211132255
51.51515151515152,6.060606060606061,19.29116677074806,4.510020307352329
52.52525252525253,6.060606060606061,27.37355260734233,3.045261524369224
53.53535353535354,6.060606060606061,19.23144896320564,4.993622858044479
54.54545454545455,6.060606060606061,21.67575656131159,5.568147276990235
55.55555555555556,6.060606060606061,25.71489449693124,5.280679486765214
56.56565656565657,6.060606060606061,22.72446412032232,4.236170291853695
57.57575757575758,6.060606060606061,22.23736171431089,3.270702856172011
58.58585858585859,6.060606060606061,24.91041795844335,5.643507837688864
59.5959595959596,6.060606060606061,6.626107859839918,1.220315332587999
60.60606060606061,6.060606060606061,18.05075033777893,1.178526241397424
61.61616161616162,6.060606060606061,21.96402796623529,0.9157101052899461
62.62626262626263,6.060606060606061,6.282092858102125,1.772855421842008
63.63636363636364,6.060606060606061,11.6224026713609,2.331455796231696
64.64646464646465,6.060606060606061,17.55401599932037,0.5769887104879854
65.65656565656566,6.060606060606061,6.310062470018332,1.544211059511213
66.66666666666667,6.060606060606061,26.22220415993693,4.761980130947725
67.67676767676768,6.060606060606061,7.627386885753097,3.990187928573415
68.68686868686869,6.060606060606061,22.4847665275337,4.635491811367727
69.6969696969697,6.060606060606061,16.38815948608565,3.653688126215503
70.70707070707071,6.060606060606061,10.6540234539671,3.304885450525055
71.71717171717172,6.060606060606061,15.29406157714431,3.993570529533705
72.72727272727273,6.060606060606061,21.72217110724914,3.977693026140397
73.73737373737374,6.060606060606061,23.48008451644428,3.944399237647756
74.74747474747475,6.060606060606061,28.57850575079525,3.910877857831054
75.75757575757576,6.060606060606061,16.17218702771551,5.334682527331737
76.76767676767678,6.060606060606061,7.455814054869668,3.317882326296797
77.77777777777779,6.060606060606061,27.14512549947696,4.026558865266744
78.7878787878788,6.060606060606061,18.9838072333271,4.984725637513947
79.7979797979798,6.060606060606061,32.06549763838835,4.471035926227949
80.80808080808082,6.060606060606061,22.59250458831514,3.72939950026557
81.81818181818183,6.060606060606061,12.5992690823614,4.607118993541131
82.82828282828284,6.060606060606061,41.96163603438332,5.317945677293768
83.83838383838385,6.060606060606061,19.28568318082117,4.229766998275
84.84848484848486,6.060606060606061,20.79857945473652,5.786336905451327
85.85858585858587,6.060606060606061,11.11749074009941,4.64744189117654
86.86868686868688,6.060606060606061,19.25136251049547,4.422511342476262
87.87878787878789,6.060606060606061,27.46242538239263,4.924489808475602
88.8888888888889,6.060606060606061,21.33317878477855,4.930310049343418
89.89898989898991,6.060606060606061,29.52198510989603,4.870272732658766
90.90909090909092,6.060606060606061,9.095170458504251,1.273743321363348
91.91919191919193,6.060606060606061,6.36062904422948,2.06398240873708
92.92929292929294,6.060606060606061,13.66018672492778,0.9150167648549399
93.93939393939395,6.060606060606061,17.4439094460976,1.067908579146995
94.94949494949496,6.060606060606061,14.35861321137767,2.623850747982012
95.95959595959597,6.060606060606061,22.32731347578217,1.641618168577612
96.96969696969697,6.060606060606061,16.93532501575165,0.0
97.97979797979798,6.060606060606061,30.46749116723893,4.998101591011631
98.98989898989899,6.060606060606061,22.97728730292659,5.403632285358502
100.0,6.060606060606061,4.801762129633756,4.99512317474344
0.0,7.070707070707071,17.8756305287061,1.33555201690188
1.01010101010101,7.070707070707071,15.41449316434158,2.187669280373537
2.02020202020202,7.070707070707071,17.54863582042542,1.315031124346479
3.03030303030303,7.070707070707071,15.14859010233843,1.822141673802336
4.040404040404041,7.070707070707071,10.22843596682799,1.307062381864759
5.050505050505051,7.070707070707071,43.42982466907517,2.733021548418669
6.060606060606061,7.070707070707071,32.10045285502532,4.133360601318137
7.070707070707071,7.070707070707071,32.55364619071196,3.784750940274286
8.080808080808081,7.070707070707071,18.72244237748582,4.131529622313953
9.090909090909092,7.070707070707071,25.2593253428639,4.601479640820727
10.1010101010101,7.070707070707071,22.980165541187,4.188693659152682
11.11111111111111,7.070707070707071,16.96008313053085,4.031444880200187
12.12121212121212,7.070707070707071,15.36786229438324,4.146929955092133
13.13131313131313,7.070707070707071,26.89836075237151,3.43049508377097
14.14141414141414,7.070707070707071,16.25639548259346,6.196464170243135
15.15151515151515,7.070707070707071,29.35326966829979,4.366973967329275
16.16161616161616,7.070707070707071,23.22851541727724,4.079514152691228
17.17171717171717,7.070707070707071,33.03140024182042,4.840354730546515
18.18181818181818,7.070707070707071,29.17326181654654,5.301935970124048
19.19191919191919,7.070707070707071,19.72255061532771,3.592261611799141
20.2020202020202,7.070707070707071,15.92735128961827,4.603959123581525
21.21212121212121,7.070707070707071,22.57384189308084,4.666980225136671
22.22222222222222,7.070707070707071,30.4151672249232,4.310920111027738
23.23232323232324,7.070707070707071,18.2329765885059,4.212290489016669
24.24242424242424,7.070707070707071,21.46978718855202,4.819594103771702
25.25252525252525,7.070707070707071,31.81497298503382,3.408523175622324
26.26262626262626,7.070707070707071,22.16736552996577,3.687055230000369
27.27272727272727,7.070707070707071,12.35575828731078,1.971605140939056
28.28282828282828,7.070707070707071,16.80479049675561,1.184214636285294
29.29292929292929,7.070707070707071,20.78505175819265,0.7778812835907603
30.3030303030303,7.070707070707071,18.25331906440793,1.587032788422814
31.31313131313131,7.070707070707071,7.106658919957333,2.81976833724212
32.32323232323233,7.070707070707071,5.16221756701568,1.711921134304486
33.33333333333334,7.070707070707071,12.88984416011806,1.818871669668428
34.34343434343435,7.070707070707071,14.33554343071836,1.988973971053488
35.35353535353536,7.070707070707071,9.310196327218142,0.9426897843480464
36.36363636363637,7.070707070707071,28.02144325437738,4.524447682370558
37.37373737373738,7.070707070707071,18.71758994265775,4.468164737182823
38.38383838383839,7.070707070707071,28.15103467156737,4.514841711361977
39.3939393939394,7.070707070707071,22.41732106460185,4.991728903742468
40.40404040404041,7.070707070707071,29.27178966419533,4.059322205655485
41.41414141414142,7.070707070707071,33.273278209938,3.939418628137822
42.42424242424243,7.070707070707071,22.81013592611522,3.722913056392524
43.43434343434344,7.070707070707071,21.30596834259963,3.626434408239665
44.44444444444445,7.070707070707071,28.84105035378018,4.132426799565808
45.45454545454546,7.070707070707071,22.30287470594144,4.685118332491601
46.46464646464647,7.070707070707071,33.42353303894474,6.094787054272861
47.47474747474748,7.070707070707071,14.36373028856982,5.757900091242367
48.48484848484848,7.070707070707071,22.76549901467964,5.518163211905524
49.49494949494949,7.070707070707071,21.56166158644539,2.91948206607967
50.50505050505051,7.070707070707071,14.22147176336099,4.507141697022602
51.51515151515152,7.070707070707071,21.27703666408162,5.36186901627009
52.52525252525253,7.070707070707071,14.27491113118562,4.108017523563074
53.53535353535354,7.070707070707071,23.8119813275495,3.656190095872829
54.54545454545455,7.070707070707071,29.73821236409916,4.398624684808845
55.55555555555556,7.070707070707071,33.9079720488394,3.480166529844734
56.56565656565657,7.070707070707071,11.23359003248014,4.13646513868983
57.57575757575758,7.070707070707071,0.0,4.982450322961832
58.58585858585859,7.070707070707071,14.17499330107877,1.955597719233546
59.5959595959596,7.070707070707071,6.673591275124522,0.7706585323429208
60.60606060606061,7.070707070707071,20.90347329693428,2.092223240713493
61.61616161616162,7.070707070707071,15.10633223343201,1.6468587884498
62.62626262626263,7.070707070707071,9.852726897417199,1.425647116421841
63.63636363636364,7.070707070707071,23.17308937640708,2.367497103403378
64.64646464646465,7.070707070707071,14.41786280795696,1.575756766808036
65.65656565656566,7.070707070707071,14.90576103017077,1.3407061156353
66.66666666666667,7.070707070707071,23.91229224029462,1.748479216821731
67.67676767676768,7.070707070707071,17.90438563882825,1.357411406343108
68.68686868686869,7.070707070707071,16.9321169365066,4.44733205873972
69.6969696969697,7.070707070707071,32.11791250586118,4.769471889381208
70.70707070707071,7.070707070707071,24.87257382918419,4.80313640802851
71.71717171717172,7.070707070707071,33.3466872382227,4.795969271108381
72.72727272727273,7.070707070707071,17.39238891386109,4.60052074485714
73.73737373737374,7.070707070707071,28.45301427907934,4.45170387339916
74.74747474747475,7.070707070707071,17.26785291128512,3.976652365382872
75.75757575757576,7.070707070707071,23.02274450065884,4.459343739367895
76.76767676767678,7.070707070707071,22.9150164906839,3.850300062910512
77.77777777777779,7.070707070707071,27.06113646843955,5.154257363016383
78.7878787878788,7.070707070707071,21.65780592567586,2.959819214592491
79.7979797979798,7.070707070707071,30.98605026753498,5.890888424989256
80.80808080808082,7.070707070707071,29.27745006894385,4.523739056688609
81.81818181818183,7.070707070707071,14.54898345619002,5.689037260874348
82.82828282828284,7.070707070707071,27.40337997292755,4.126056345669968
83.83838383838385,7.070707070707071,20.08663630066379,5.006842695885646
84.84848484848486,7.070707070707071,34.01787748874277,5.493678512183667
85.85858585858587,7.070707070707071,33.52637655506757,4.745154159761327
86.86868686868688,7.070707070707071,24.49562445955056,4.402417163672783
87.87878787878789,7.070707070707071,17.33287196431431,4.543409470121025
88.8888888888889,7.070707070707071,30.5050950460518,4.012253543797124
89.89898989898991,7.070707070707071,6.02327206074621,1.968387871923465
90.90909090909092,7.070707070707071,14.16284082452642,1.847479013288278
91.91919191919193,7.070707070707071,20.79641388419747,1.512710814605717
92.92929292929294,7.070707070707071,16.26796897600301,1.644122517626604
93.93939393939395,7.070707070707071,17.04957964156812,1.487887132928942
94.94949494949496,7.070707070707071,10.01645088232773,2.126086968173661
95.95959595959597,7.070707070707071,17.56574124613029,1.092883906626715
96.96969696969697,7.070707070707071,11.49075180962932,1.902549991966929
97.97979797979798,7.070707070707071,15.6604209807728,1.371379934829863
98.98989898989899,7.070707070707071,7.623324115803589,0.6380794104190118
100.0,7.070707070707071,16.46537039320783,5.715766705235277
0.0,8.080808080808081,6.187468176277859,0.09860530851467078
1.01010101010101,8.080808080808081,20.63199560552941,2.078253172666281
2.02020202020202,8.080808080808081,7.40236435594246,1.106452182455875
3.03030303030303,8.080808080808081,10.07895552442373,1.26552638159332
4.040404040404041,8.080808080808081,11.88457995850545,1.152143926724413
5.050505050505051,8.080808080808081,16.9589076552006,1.56605445800917
6.060606060606061,8.080808080808081,19.32612575998919,5.854045366987485
7.070707070707071,8.080808080808081,13.86847277642507,4.250559708062648
8.080808080808081,8.080808080808081,27.06956565509915,4.012476861387807
9.090909090909092,8.080808080808081,29.78631766427618,4.090287252436785
10.1010101010101,8.080808080808081,31.21521683026289,3.377423514316185
11.11111111111111,8.080808080808081,14.38810037936864,5.656360580316356
12.12121212121212,8.080808080808081,19.22998427451822,4.039672836099685
13.13131313131313,8.080808080808081,9.962266082906222,4.23390688260066
14.14141414141414,8.080808080808081,14.9911010009096,5.147329659720289
15.15151515151515,8.080808080808081,19.11501053952578,3.839811117466248
16.16161616161616,8.080808080808081,28.15611982295609,4.181237954847662
17.17171717171717,8.080808080808081,26.05689327643403,4.570245449854801
18.18181818181818,8.080808080808081,28.67748848854911,3.597800643393249
19.19191919191919,8.080808080808081,23.93711669067205,4.053739740998267
20.2020202020202,8.080808080808081,16.48262570950966,3.988404212864799
21.21212121212121,8.080808080808081,22.56339988885372,3.840817837714221
22.22222222222222,8.080808080808081,30.88026116476266,4.299290749110246
23.23232323232324,8.080808080808081,30.933754349021,5.465460080904935
24.24242424242424,8.080808080808081,22.0960518317929,3.976676360757808
25.25252525252525,8.080808080808081,25.74763657627903,4.233805953059097
26.26262626262626,8.080808080808081,13.67827923294591,1.662625256124599
27.27272727272727,8.080808080808081,4.401561642445521,2.366301614944139
28.28282828282828,8.080808080808081,8.974248994533706,1.316931377954441
29.29292929292929,8.080808080808081,5.482563530631435,1.878429612373096
30.3030303030303,8.080808080808081,21.20511704648267,1.852735181275435
31.31313131313131,8.080808080808081,20.81393396413584,1.505301163664313
32.32323232323233,8.080808080808081,20.30578744956266,0.9338177677001696
33.33333333333334,8.080808080808081,22.92788537887904,1.765976434200734
34.34343434343435,8.080808080808081,15.30055934902845,1.358171296611115
35.35353535353536,8.080808080808081,10.63931254979812,0.8092035467685372
36.36363636363637,8.080808080808081,9.389212541148794,0.6647992237393081
37.37373737373738,8.080808080808081,17.50562018239848,2.259301583421428
38.38383838383839,8.080808080808081,23.2138313101837,4.777739064786177
39.3939393939394,8.080808080808081,23.68089799587603,5.408077753789629
40.40404040404041,8.080808080808081,23.6868253897188,5.01914194392173
41.41414141414142,8.080808080808081,25.43800907224487,3.757111637058746
42.42424242424243,8.080808080808081,17.37278453933521,4.763888378765091
43.43434343434344,8.080808080808081,19.41017420854969,3.946150813287372
44.44444444444445,8.080808080808081,15.65112028997674,4.235635198895608
45.45454545454546,8.080808080808081,23.33106999946672,4.401731764418817
46.46464646464647,8.080808080808081,24.41581430537229,4.335053036451762
47.47474747474748,8.080808080808081,24.04196801225496,3.205214719483057
48.48484848484848,8.080808080808081,30.43784047668369,3.788058804864728
49.49494949494949,8.080808080808081,18.39701355106358,3.838597849479201
50.50505050505051,8.080808080808081,22.04124275171199,5.229601541781075
51.51515151515152,8.080808080808081,31.770083644073,4.480906648847502
52.52525252525253,8.080808080808081,15.44439312244067,4.668634251690353
53.53535353535354,8.080808080808081,26.02325035093951,4.585527802021679
54.54545454545455,8.080808080808081,22.88248386254997,5.074382172288184
55.55555555555556,8.080808080808081,21.85882469658331,5.105986641908737
56.56565656565657,8.080808080808081,33.7577530171607,5.640656951656931
57.57575757575758,8.080808080808081,14.05689242688875,1.169679194702614
58.58585858585859,8.080808080808081,14.09091441767152,1.098214947475702
59.5959595959596,8.080808080808081,15.88065056393667,1.362229956087896
60.60606060606061,8.080808080808081,8.655318825995895,1.110953793187411
61.61616161616162,8.080808080808081,19.64099176729778,0.718804368178801
62.62626262626263,8.080808080808081,17.86787486407599,1.151636546630268
63.63636363636364,8.080808080808081,12.7708252503617,0.6127191411743211
64.64646464646465,8.080808080808081,19.30700960958406,1.909208696482544
65.65656565656566,8.080808080808081,12.90034542251993,1.672752589747663
66.66666666666667,8.080808080808081,18.00365122612087,2.110827318018215
67.67676767676768,8.080808080808081,9.871481478019088,1.112494580151609
68.68686868686869,8.080808080808081,15.80036023535864,1.168868988061699
69.6969696969697,8.080808080808081,14.43903654951476,5.52580894241266
70.70707070707071,8.080808080808081,17.67618775670072,4.744503684378166
71.71717171717172,8.080808080808081,31.32741703124415,4.250122397172953
72.72727272727273,8.080808080808081,14.09855971619324,5.103172822154485
73.73737373737374,8.080808080808081,19.8150700602139,4.006499513193527
74.74747474747475,8.080808080808081,14.18065776045084,5.546040002130514
75.75757575757576,8.080808080808081,23.85291334281094,4.679552137348822
76.76767676767678,8.080808080808081,16.82082215745627,6.428258462384327
77.77777777777779,8.080808080808081,15.30025193418222,5.636679660995131
78.7878787878788,8.080808080808081,27.34968129827267,4.496248483581856
79.7979797979798,8.080808080808081,18.14068781338763,4.870100719308351
80.80808080808082,8.080808080808081,23.36041750596612,4.775556813171005
81.81818181818183,8.080808080808081,12.945069962981,5.342157327259029
82.82828282828284,8.080808080808081,20.04687512322707,5.869018573249659
83.83838383838385,8.080808080808081,24.52005622846018,4.321285444920894
84.84848484848486,8.080808080808081,18.95470477313765,4.494694773431814
85.85858585858587,8.080808080808081,31.63388845270667,5.116736473054339
86.86868686868688,8.080808080808081,35.96225287841875,4.81748051319572
87.87878787878789,8.080808080808081,18.06686320462703,4.383330780280359
88.8888888888889,8.080808080808081,13.71950526315015,2.37052551638314
89.89898989898991,8.080808080808081,17.10011961441467,1.944872616951806
90.90909090909092,8.080808080808081,15.62913183451212,1.532881690096141
91.91919191919193,8.080808080808081,14.52860737430596,1.508735556481094
92.92929292929294,8.080808080808081,12.72139065815951,1.326059594851972
93.93939393939395,8.080808080808081,7.413454544596414,2.215825012533571
94.94949494949496,8.080808080808081,17.91910640501905,1.491260841740375
95.95959595959597,8.080808080808081,17.74172647833698,2.119988232066621
96.96969696969697,8.080808080808081,22.57195254778658,2.143161783118543
97.97979797979798,8.080808080808081,18.57231738183387,1.841214779168528
98.98989898989899,8.080808080808081,19.35732260327344,1.779328898648989
100.0,8.080808080808081,14.77897211741682,0.6761242445100639
0.0,9.090909090909092,20.72442846649522,1.93511321077257
1.01010101010101,9.090909090909092,12.36864586969036,1.642514622042396
2.02020202020202,9.090909090909092,14.61904867762545,1.677366218426445
3.03030303030303,9.090909090909092,15.26939320765334,1.734015289267109
4.040404040404041,9.090909090909092,14.51169647651935,1.77436408251031
5.050505050505051,9.090909090909092,0.0119054587274503,1.700084170950287
6.060606060606061,9.090909090909092,14.59943662688248,1.980370118846796
7.070707070707071,9.090909090909092,13.07926304824509,1.148448711825354
8.080808080808081,9.090909090909092,23.14876882179474,2.841265521897419
9.090909090909092,9.090909090909092,22.04172524906022,3.352868827649117
10.1010101010101,9.090909090909092,25.30219013307161,5.05766896208524
11.11111111111111,9.090909090909092,10.82869170017149,3.86678421727451
12.12121212121212,9.090909090909092,25.22833285277004,4.060923816278519
13.13131313131313,9.090909090909092,22.05033046039791,3.720476841961342
14.14141414141414,9.090909090909092,14.79271021810819,4.515188912529259
15.15151515151515,9.090909090909092,36.81340720360591,4.235584440383156
16.16161616161616,9.090909090909092,27.58262487712341,4.399198057987796
17.17171717171717,9.090909090909092,14.53385538744958,4.609162207781976
18.18181818181818,9.090909090909092,22.02560846694751,4.847640760757672
19.19191919191919,9.090909090909092,18.65692209178792,3.495253605203605
20.2020202020202,9.090909090909092,31.2587263400459,4.370303576206154
21.21212121212121,9.090909090909092,29.88701057599773,4.347210942176871
22.22222222222222,9.090909090909092,14.6799629538758,3.98971585757817
23.23232323232324,9.090909090909092,36.2308483404621,4.62363062775731
24.24242424242424,9.090909090909092,24.85846142720198,3.443274186990207
25.25252525252525,9.090909090909092,12.61845955692911,0.9903855374778467
26.26262626262626,9.090909090909092,23.93836795141329,1.704718997447992
27.27272727272727,9.090909090909092,13.22751933626572,1.465033114844427
28.28282828282828,9.090909090909092,18.46160830127106,1.750174817575517
29.29292929292929,9.090909090909092,13.36942668660648,0.7405964177525443
30.3030303030303,9.090909090909092,12.85788127850468,1.909386545052031
31.31313131313131,9.090909090909092,16.65343909894275,1.50765479274096
32.32323232323233,9.090909090909092,11.51909025675969,1.104185082868136
33.33333333333334,9.090909090909092,22.60960115773187,1.443444267645828
34.34343434343435,9.090909090909092,20.23607967269867,1.395135392888615
35.35353535353536,9.090909090909092,9.790461037513031,2.11834336462741
36.36363636363637,9.090909090909092,11.66159763898161,1.795247196876444
37.37373737373738,9.090909090909092,14.95343426624517,1.100896312007654
38.38383838383839,9.090909090909092,15.69070692621278,1.626391164459998
39.3939393939394,9.090909090909092,17.9615581122072,4.117270277397656
40.40404040404041,9.090909090909092,25.21517298991782,4.505563562105932
41.41414141414142,9.090909090909092,39.89729903799687,4.879682471283628
42.42424242424243,9.090909090909092,12.40622184481089,3.832327480844918
43.43434343434344,9.090909090909092,18.04918574962768,3.320781157415956
44.44444444444445,9.090909090909092,15.7388489678273,4.847202354875787
45.45454545454546,9.090909090909092,35.10984328361929,4.267662080426531
46.46464646464647,9.090909090909092,30.94409358267674,4.457591734988904
47.47474747474748,9.090909090909092,23.28445850297102,4.965028772241615
48.48484848484848,9.090909090909092,20.85972923953051,4.671787638990071
49.49494949494949,9.090909090909092,26.49609292633134,5.220598692120868
50.50505050505051,9.090909090909092,26.75979829351336,4.58785807327548
51.51515151515152,9.090909090909092,18.10564174809869,5.223842635095758
52.52525252525253,9.090909090909092,27.24331061514804,4.332330974477281
53.53535353535354,9.090909090909092,19.77987042786696,3.698029375882426
54.54545454545455,9.090909090909092,22.65684160011775,5.302143748813817
55.55555555555556,9.090909090909092,23.75712806335892,4.389418368669924
56.56565656565657,9.090909090909092,12.33128292786305,1.30599311221095
57.57575757575758,9.090909090909092,24.28489356497657,1.420914292735226
58.58585858585859,9.090909090909092,16.01083440729248,2.249489038399306
59.5959595959596,9.090909090909092,17.4786547274491,1.33625375973562
60.60606060606061,9.090909090909092,9.338390464861329,1.345640700042959
61.61616161616162,9.090909090909092,15.14729543420052,0.1501199388293782
62.62626262626263,9.090909090909092,11.9521672733331,0.9225737133303663
63.63636363636364,9.090909090909092,18.25827447800992,1.646624558668278
64.64646464646465,9.090909090909092,17.28945646019712,0.7662646493168519
65.65656565656566,9.090909090909092,4.338162579036055,0.7172093963530886
66.66666666666667,9.090909090909092,8.54478636670255,1.657363728813965
67.67676767676768,9.090909090909092,11.03587433769414,0.9929342095421474
68.68686868686869,9.090909090909092,13.18176070851065,1.416773467144277
69.6969696969697,9.090909090909092,2.134045567363669,1.546684662636675
70.70707070707071,9.090909090909092,25.4573090791981,3.75473093718743
71.71717171717172,9.090909090909092,27.96201550569511,5.132804907294495
72.72727272727273,9.090909090909092,23.74260027842178,4.872906865171124
73.73737373737374,9.090909090909092,23.49912658719012,5.232930780446666
74.74747474747475,9.090909090909092,17.18406350728856,5.254812244622912
75.75757575757576,9.090909090909092,25.15969981619933,4.506884876676176
76.76767676767678,9.090909090909092,16.95918117001752,4.969623509609363
77.77777777777779,9.090909090909092,5.650539762458241,5.091429835974875
78.7878787878788,9.090909090909092,28.33598092609162,3.055993767203916
79.7979797979798,9.090909090909092,24.67614512548057,4.531218038339038
80.80808080808082,9.090909090909092,15.11570430496256,5.372312089171869
81.81818181818183,9.090909090909092,36.9663775889745,5.63407184349605
82.82828282828284,9.090909090909092,20.33948204384693,4.694917094828539
83.83838383838385,9.090909090909092,17.12350726675415,3.748096458114726
84.84848484848486,9.090909090909092,23.15938274172463,4.635211522443504
85.85858585858587,9.090909090909092,20.87558726459243,5.204745741634704
86.86868686868688,9.090909090909092,23.3781561146486,5.916342974114142
87.87878787878789,9.090909090909092,19.89463353764246,0.4316983251293238
88.8888888888889,9.090909090909092,21.25646692751188,2.017034037757432
89.89898989898991,9.090909090909092,14.08228893632134,1.316294317799779
90.90909090909092,9.090909090909092,8.981053223504086,1.434873926437904
91.91919191919193,9.090909090909092,16.8520778589318,2.497710147827986
92.92929292929294,9.090909090909092,0.1625850427282588,2.499246702561658
93.93939393939395,9.090909090909092,14.39843306613195,1.746498006949592
94.94949494949496,9.090909090909092,14.85354682320697,1.896551045992587
95.95959595959597,9.090909090909092,15.50424689213057,2.002018719639297
96.96969696969697,9.090909090909092,10.05895420908795,1.494803814001221
97.97979797979798,9.090909090909092,15.29386669961485,2.578290154957027
98.98989898989899,9.090909090909092,14.04764749694424,0.8724753488246669
100.0,9.090909090909092,6.472261282031148,1.936485098981217
0.0,10.1010101010101,10.00668637511493,1.036121336282095
1.01010101010101,10.1010101010101,10.54979826522315,0.5717182823026591
2.02020202020202,10.1010101010101,16.45791729240837,1.41796927798272
3.03030303030303,10.1010101010101,20.64025481553065,2.032903564475705
4.040404040404041,10.1010101010101,13.26740168290807,2.028235418732304
5.050505050505051,10.1010101010101,14.98593176399885,1.517348693372161
6.060606060606061,10.1010101010101,18.20063533817669,0.8138716575616376
7.070707070707071,10.1010101010101,18.76214312767755,2.092723009267174
8.080808080808081,10.1010101010101,29.04408417904222,6.105788912587831
9.090909090909092,10.1010101010101,21.01550986402576,4.358166097180936
10.1010101010101,10.1010101010101,14.72217193985678,4.37182403577402
11.11111111111111,10.1010101010101,22.57516948178093,4.013473245669282
12.12121212121212,10.1010101010101,20.0860953559554,3.977458344346119
13.13131313131313,10.1010101010101,24.21440978005862,4.084966554952101
14.14141414141414,10.1010101010101,15.10331291416159,3.510301180517109
15.15151515151515,10.1010101010101,16.87982326925656,4.83442699867857
16.16161616161616,10.1010101010101,20.1896668090815,3.696682762221561
17.17171717171717,10.1010101010101,15.62112674993293,3.279151106043735
18.18181818181818,10.1010101010101,15.01737761008429,4.980968967084526
19.19191919191919,10.1010101010101,29.0074904614427,3.853545257752199
20.2020202020202,10.1010101010101,19.94624132512799,4.837673800364641
21.21212121212121,10.1010101010101,19.14478115087677,4.981964598049962
22.22222222222222,10.1010101010101,17.00718961192617,4.961965220747236
23.23232323232324,10.1010101010101,17.04897687169614,3.951281408875206
24.24242424242424,10.1010101010101,24.29423310439156,1.222557193284225
25.25252525252525,10.1010101010101,20.60428757098579,1.524423296185366
26.26262626262626,10.1010101010101,21.31125177493084,1.260998757448416
27.27272727272727,10.1010101010101,9.23568318351762,1.017529613583166
28.28282828282828,10.1010101010101,12.89567448708975,1.034052543781765
29.29292929292929,10.1010101010101,12.99405525283255,1.633280269877518
30.3030303030303,10.1010101010101,20.40751489769674,1.230389410504851
31.31313131313131,10.1010101010101,16.11861062000584,0.7821961068444693
32.32323232323233,10.1010101010101,16.87377167543479,1.421263676842778
33.33333333333334,10.1010101010101,15.17216666188988,1.217702201538623
34.34343434343435,10.1010101010101,22.03388666644502,1.472473314480631
35.35353535353536,10.1010101010101,11.80486349479881,1.590023716431921
36.36363636363637,10.1010101010101,25.7755678330146,1.826004659576219
37.37373737373738,10.1010101010101,10.07669008042078,1.759998182164103
38.38383838383839,10.1010101010101,24.21643742973352,1.264091360735903
39.3939393939394,10.1010101010101,12.27456310386684,2.162035674477386
40.40404040404041,10.1010101010101,28.22890344667745,3.041519619296434
41.41414141414142,10.1010101010101,34.53338272081196,5.025044729649686
42.42424242424243,10.1010101010101,24.95196998762777,4.157823957893681
43.43434343434344,10.1010101010101,35.74099977731741,5.273737915592267
44.44444444444445,10.1010101010101,23.12311083976071,4.336946904335646
45.45454545454546,10.1010101010101,13.49541044489103,4.714946636753639
46.46464646464647,10.1010101010101,22.14188231464319,4.736308611592629
47.47474747474748,10.1010101010101,35.18065156174941,5.327935458285457
48.48484848484848,10.1010101010101,17.9267822812813,4.254236246139762
49.49494949494949,10.1010101010101,26.67971091617748,3.614813856575587
50.50505050505051,10.1010101010101,19.76665138985879,4.329267465319655
51.51515151515152,10.1010101010101,26.03854947674661,3.659359694342635
52.52525252525253,10.1010101010101,10.62220750238876,4.610331015126436
53.53535353535354,10.1010101010101,19.66003861544391,5.072547591270102
54.54545454545455,10.1010101010101,23.80821997633027,4.573789718659544
55.55555555555556,10.1010101010101,14.03464257354018,2.268479670916285
56.56565656565657,10.1010101010101,21.30162553472815,0.8827992043328168
57.57575757575758,10.1010101010101,14.96954752187495,2.286313022512547
58.58585858585859,10.1010101010101,11.08856789100626,0.7673581585875392
59.5959595959596,10.1010101010101,17.27212809268706,1.6788749585447
60.60606060606061,10.1010101010101,18.32403604120748,0.6332149974286785
61.61616161616162,10.1010101010101,19.55914490284384,1.047500844225375
62.62626262626263,10.1010101010101,16.26790387505582,1.879439118661766
63.63636363636364,10.1010101010101,4.914275212674573,0.9083776816080471
64.64646464646465,10.1010101010101,19.0986438112099,1.157913195833342
65.65656565656566,10.1010101010101,19.51770342564098,1.439973893076772
66.66666666666667,10.1010101010101,17.47585284953535,2.763659665318027
67.67676767676768,10.1010101010101,7.981983154546164,1.732174091350584
68.68686868686869,10.1010101010101,12.69593371535894,2.003157584208096
69.6969696969697,10.1010101010101,23.14649662993783,1.437871080438107
70.70707070707071,10.1010101010101,20.13644603769681,2.222708529776349
71.71717171717172,10.1010101010101,32.88189589446515,4.546275537863586
72.72727272727273,10.1010101010101,29.2486739256775,3.27609402146069
73.73737373737374,10.1010101010101,10.72517963262003,4.760223621077184
74.74747474747475,10.1010101010101,30.08592719608302,4.135180027401035
75.75757575757576,10.1010101010101,38.17978258108389,4.792303568865425
76.76767676767678,10.1010101010101,22.26444545026504,4.189210675950449
77.77777777777779,10.1010101010101,22.46357950865167,4.151177450614984
78.7878787878788,10.1010101010101,18.91131965543359,4.270098097061642
79.7979797979798,10.1010101010101,22.6136073273952,4.724753026947703
80.80808080808082,10.1010101010101,20.26370332903035,3.712004610399311
81.81818181818183,10.1010101010101,11.25208847119329,4.76531752872416
82.82828282828284,10.1010101010101,27.30058138036247,5.052343875059387
83.83838383838385,10.1010101010101,26.08033399443517,4.257947224508291
84.84848484848486,10.1010101010101,35.17298069906705,5.413599533224843
85.85858585858587,10.1010101010101,15.28948946776721,3.897936265342847
86.86868686868688,10.1010101010101,11.81968954597845,1.109604205659033
87.87878787878789,10.1010101010101,15.8575331824458,0.7952668521055517
88.8888888888889,10.1010101010101,16.07844439836929,1.421108047398861
89.89898989898991,10.1010101010101,11.00138489146574,1.744226282093612
90.90909090909092,10.1010101010101,11.03730704660457,1.442622142366755
91.91919191919193,10.1010101010101,12.00934858867428,1.329221981615972
92.92929292929294,10.1010101010101,13.73581506599036,1.427907988613568
93.93939393939395,10.1010101010101,9.916066977350127,1.231499831151295
94.94949494949496,10.1010101010101,6.468315232962353,1.357034510733036
95.95959595959597,10.1010101010101,16.55136991929207,1.543255953368492
96.96969696969697,10.1010101010101,14.24491606478421,2.162885823315182
97.97979797979798,10.1010101010101,14.69164039802699,1.649261223151522
98.98989898989899,10.1010101010101,14.03401838629345,1.625793725875776
100.0,10.1010101010101,9.547788971052656,1.378183850406162
0.0,11.11111111111111,14.49699406844313,1.944577347760472
1.01010101010101,11.11111111111111,6.362073296651412,1.760024758599967
2.02020202020202,11.11111111111111,13.15681684144885,2.180876164864082
3.03030303030303,11.11111111111111,11.55009536322021,1.558998166174346
4.040404040404041,11.11111111111111,14.37421420387748,1.668433984863402
5.050505050505051,11.11111111111111,12.33611634285008,2.342704337838279
6.060606060606061,11.11111111111111,4.423240358569397,1.331518142767347
7.070707070707071,11.11111111111111,18.84461931437939,0.803332389523507
8.080808080808081,11.11111111111111,17.45804515021453,1.332971418386181
9.090909090909092,11.11111111111111,22.61862723322963,4.337803941563355
10.1010101010101,11.11111111111111,29.63258564061015,4.508023290172706
11.11111111111111,11.11111111111111,17.72622819298841,3.622624981844563
12.12121212121212,11.11111111111111,21.06050895503749,4.469535575992498
13.13131313131313,11.11111111111111,36.74616030693709,4.08357153556108
14.14141414141414,11.11111111111111,23.05693743854971,4.18488116200416
15.15151515151515,11.11111111111111,15.30025436820771,4.00666704271474
16.16161616161616,11.11111111111111,23.20662371292629,4.066092181405251
17.17171717171717,11.11111111111111,18.09068529735281,4.748512778299158
18.18181818181818,11.11111111111111,10.0432700887929,4.576649537259105
19.19191919191919,11.11111111111111,19.64163740883546,4.463199906776211
20.2020202020202,11.11111111111111,26.97891464747956,3.387206832700581
21.21212121212121,11.11111111111111,25.02513779903548,4.131338951282374
22.22222222222222,11.11111111111111,25.20197271472144,4.158874305923318
23.23232323232324,11.11111111111111,18.41518295035845,1.105103437039985
24.24242424242424,11.11111111111111,19.01045606289571,0.8378674080640618
25.25252525252525,11.11111111111111,13.70427678989339,1.332183879477025
26.26262626262626,11.11111111111111,21.18224024975245,1.694168604507445
27.27272727272727,11.11111111111111,15.4607555564448,0.859917061013188
28.28282828282828,11.11111111111111,13.53622725205589,0.9853507763313363
29.29292929292929,11.11111111111111,15.30505416533463,1.485673049530558
30.3030303030303,11.11111111111111,8.036733085220572,1.88603205187005
31.31313131313131,11.11111111111111,9.451183616073834,2.134230134194136
32.32323232323233,11.11111111111111,5.184132272058647,1.136797259298839
33.33333333333334,11.11111111111111,22.86652583437299,1.863807920361761
34.34343434343435,11.11111111111111,15.73719129193139,2.013347092700764
35.35353535353536,11.11111111111111,9.044243657128785,1.703159174798565
36.36363636363637,11.11111111111111,16.40025282307213,1.551150370609622
37.37373737373738,11.11111111111111,8.902122002174714,0.5815010349850438
38.38383838383839,11.11111111111111,15.88916661480648,2.167176520897543
39.3939393939394,11.11111111111111,22.5694913119894,1.079287512361382
40.40404040404041,11.11111111111111,26.80843407482672,4.494289650329327
41.41414141414142,11.11111111111111,22.66213787512559,5.188549367409584
42.42424242424243,11.11111111111111,17.97194495789892,4.536594002633371
43.43434343434344,11.11111111111111,24.52752487134691,4.383291342196013
44.44444444444445,11.11111111111111,31.0229460892708,5.64932444578823
45.45454545454546,11.11111111111111,29.45102030129596,3.415018772717511
46.46464646464647,11.11111111111111,24.73029845904593,4.51025829280086
47.47474747474748,11.11111111111111,15.74349713398662,5.705277585245926
48.48484848484848,11.11111111111111,17.151081345346,4.515361136059307
49.49494949494949,11.11111111111111,15.25061570655103,4.711633114842534
50.50505050505051,11.11111111111111,13.10579098911402,5.270416018819556
51.51515151515152,11.11111111111111,20.30859177325124,3.596879216577916
52.52525252525253,11.11111111111111,32.57537553554017,4.137588019780814
53.53535353535354,11.11111111111111,18.6853504563498,4.399180076090141
54.54545454545455,11.11111111111111,11.71847415440737,2.167884096294359
55.55555555555556,11.11111111111111,20.45713408108108,1.047123998707973
56.56565656565657,11.11111111111111,21.64735228309948,1.234456849212133
57.57575757575758,11.11111111111111,13.77292636201725,1.56159282708265
58.58585858585859,11.11111111111111,20.34761624880931,1.19318904991781
59.5959595959596,11.11111111111111,9.269165212168307,0.7943398142063658
60.60606060606061,11.11111111111111,10.98584809694809,0.7691765001757402
61.61616161616162,11.11111111111111,14.20903681181512,1.094990362826743
62.62626262626263,11.11111111111111,11.74061980583367,1.702499414083879
63.63636363636364,11.11111111111111,18.31264052481153,1.79356743338278
64.64646464646465,11.11111111111111,11.71309260414686,1.809326391663496
65.65656565656566,11.11111111111111,16.12632321113828,1.226252581818614
66.66666666666667,11.11111111111111,14.16656307300321,1.303406396389587
67.67676767676768,11.11111111111111,15.81606568732838,1.234544674943844
68.68686868686869,11.11111111111111,13.97198710168669,1.90175838905205
69.6969696969697,11.11111111111111,9.843363639536467,1.021919329200248
70.70707070707071,11.11111111111111,17.00168209193757,2.136520528354263
71.71717171717172,11.11111111111111,11.61489983316744,1.625083711957084
72.72727272727273,11.11111111111111,37.22656848710906,4.010890503479913
73.73737373737374,11.11111111111111,29.3289702585949,3.910099117269788
74.74747474747475,11.11111111111111,24.47644127629717,4.270645138247652
75.75757575757576,11.11111111111111,19.83801297376637,4.24980036113804
76.76767676767678,11.11111111111111,16.16332506227219,4.676486881747732
77.77777777777779,11.11111111111111,0.0,4.097921700609665
78.7878787878788,11.11111111111111,18.99020235542291,4.127000068407183
79.7979797979798,11.11111111111111,35.50619248354671,5.64117121819497
80.80808080808082,11.11111111111111,7.908619002277215,3.492327770607571
81.81818181818183,11.11111111111111,22.58055691334832,4.722968861748599
82.82828282828284,11.11111111111111,28.40962087007055,5.268636488096931
83.83838383838385,11.11111111111111,24.78745801932031,4.017099816711695
84.84848484848486,11.11111111111111,17.89722729284081,4.192233731464527
85.85858585858587,11.11111111111111,21.29925373110207,1.331817373772575
86.86868686868688,11.11111111111111,18.46296515772056,0.3804342413274201
87.87878787878789,11.11111111111111,15.97613116136403,2.312202522921661
88.8888888888889,11.11111111111111,19.23734457454204,1.300713260660223
89.89898989898991,11.11111111111111,14.6173335353039,0.866054669218062
90.90909090909092,11.11111111111111,17.66733666211307,1.635809310439249
91.91919191919193,11.11111111111111,18.04847606151245,1.409399661601116
92.92929292929294,11.11111111111111,14.24976539160714,0.7238996818680554
93.93939393939395,11.11111111111111,12.8366939187885,1.175668880977205
94.94949494949496,11.11111111111111,18.80207798434675,0.5808580955000722
95.95959595959597,11.11111111111111,10.73651146727059,0.9341835130640881
96.96969696969697,11.11111111111111,9.818203621997357,1.152001795142993
97.97979797979798,11.11111111111111,16.27560856262542,1.78689785363081
98.98989898989899,11.11111111111111,24.22361669702,0.909441929190279
100.0,11.11111111111111,16.75346834039268,2.49592863291972
0.0,12.12121212121212,13.88660868709171,1.073106166044457
1.01010101010101,12.12121212121212,19.47110384365494,0.8133337444971076
2.02020202020202,12.12121212121212,18.65508872983643,1.349567394487094
3.03030303030303,12.12121212121212,20.06253846290079,1.721335108589257
4.040404040404041,12.12121212121212,15.31029051907934,1.514552947552026
5.050505050505051,12.12121212121212,14.53075049103823,1.227895068725137
6.060606060606061,12.12121212121212,11.32313884079884,0.847537571181374
7.070707070707071,12.12121212121212,15.30763038820094,0.8120942889871566
8.080808080808081,12.12121212121212,12.39925311144129,1.26145879846296
9.090909090909092,12.12121212121212,8.652956435797254,1.360360652095266
10.1010101010101,12.12121212121212,20.17094761743036,4.189733832313271
11.11111111111111,12.12121212121212,21.90400089512483,3.957704381757261
12.12121212121212,12.12121212121212,12.01021005476379,4.073384316461373
13.13131313131313,12.12121212121212,23.98901748245677,4.020944361015601
14.14141414141414,12.12121212121212,32.52626127442541,4.87376426863162
15.15151515151515,12.12121212121212,23.15794526854262,4.622923406207513
16.16161616161616,12.12121212121212,18.6205892510123,5.46453793643683
17.17171717171717,12.12121212121212,22.52358096152267,5.292005841333928
18.18181818181818,12.12121212121212,19.88546352651128,4.269723727885537
19.19191919191919,12.12121212121212,23.97812134916539,5.568900693202015
20.2020202020202,12.12121212121212,1.061511456337882,5.935184614100539
21.21212121212121,12.12121212121212,19.41328174479315,4.527028969958289
22.22222222222222,12.12121212121212,15.48804125537063,1.792965893560252
23.23232323232324,12.12121212121212,20.3938545651995,1.163377797298376
24.24242424242424,12.12121212121212,10.37571075845818,1.369482902356765
25.25252525252525,12.12121212121212,16.79818491362001,1.895901371939987
26.26262626262626,12.12121212121212,5.97013031773108,2.119569283131387
27.27272727272727,12.12121212121212,16.1291002575453,2.248208558661877
28.28282828282828,12.12121212121212,16.30564313335722,1.481479353222758
29.29292929292929,12.12121212121212,17.1090701665896,1.363870552073071
30.3030303030303,12.12121212121212,11.38753827181061,1.649131844091913
31.31313131313131,12.12121212121212,12.11121112077385,1.825818831708445
32.32323232323233,12.12121212121212,13.31252934686074,1.803167408050478
33.33333333333334,12.12121212121212,10.81607017084135,2.083139798533725
34.34343434343435,12.12121212121212,12.88037329366981,1.304318339798373
35.35353535353536,12.12121212121212,12.44669305336069,1.281768259613736
36.36363636363637,12.12121212121212,20.15769163429329,1.211587457842805
37.37373737373738,12.12121212121212,10.54617906321386,1.526341505195269
38.38383838383839,12.12121212121212,22.40582933258484,1.83565143320306
39.3939393939394,12.12121212121212,14.7856089063643,1.758688522825074
40.40404040404041,12.12121212121212,17.31754039370264,0.5887726781036269
41.41414141414142,12.12121212121212,26.55979687501409,3.763560079755569
42.42424242424243,12.12121212121212,29.52092676332986,4.186455723881344
43.43434343434344,12.12121212121212,17.60980326401141,4.056023892254133
44.44444444444445,12.12121212121212,16.54234465147534,4.87291267257915
45.45454545454546,12.12121212121212,25.10024982748318,4.74182583425886
46.46464646464647,12.12121212121212,26.32151775618476,4.11739555996957
47.47474747474748,12.12121212121212,14.95329907603423,4.935054895218114
48.48484848484848,12.12121212121212,11.56926483064746,5.078874931539439
49.49494949494949,12.12121212121212,21.63926682523155,3.588378137258983
50.50505050505051,12.12121212121212,11.06437275128038,5.445517332378332
51.51515151515152,12.12121212121212,24.60901041809894,4.985682366229789
52.52525252525253,12.12121212121212,18.95290290728664,4.555811438375676
53.53535353535354,12.12121212121212,21.09975231877087,0.5515042189010129
54.54545454545455,12.12121212121212,19.40828626787182,0.8674880811186589
55.55555555555556,12.12121212121212,11.20300354380915,1.9107215723121
56.56565656565657,12.12121212121212,16.1777640125721,1.332056244437767
57.57575757575758,12.12121212121212,14.42965348852875,2.183202868357498
58.58585858585859,12.12121212121212,21.11063115267915,1.788640914408048
59.5959595959596,12.12121212121212,20.20146767290365,1.072643719227992
60.60606060606061,12.12121212121212,11.84799759427247,1.517284358794518
61.61616161616162,12.12121212121212,21.19977106036064,1.769619954209688
62.62626262626263,12.12121212121212,11.88269727012275,1.739799885508563
63.63636363636364,12.12121212121212,15.29522083225261,2.611798971343198
64.64646464646465,12.12121212121212,17.00968894997375,2.164655656534932
65.65656565656566,12.12121212121212,14.83382817090884,1.482642324903064
66.66666666666667,12.12121212121212,22.70054992849203,1.431339858675558
67.67676767676768,12.12121212121212,18.97247486063211,1.08568569917358
68.68686868686869,12.12121212121212,5.50905893033998,1.604354006244409
69.6969696969697,12.12121212121212,14.49772878747853,1.207361939987422
70.70707070707071,12.12121212121212,13.78877026951939,0.9207363347366619
71.71717171717172,12.12121212121212,26.5710474674415,1.648417446132374
72.72727272727273,12.12121212121212,21.38806246312585,5.001522956305396
73.73737373737374,12.12121212121212,26.09308059347072,4.736273057051092
74.74747474747475,12.12121212121212,13.01890017404358,5.000641731012238
75.75757575757576,12.12121212121212,33.58826259759004,5.046517732814616
76.76767676767678,12.12121212121212,20.71542716155021,4.96864556363099
77.77777777777779,12.12121212121212,27.71336488715654,3.861045177029377
78.7878787878788,12.12121212121212,11.13312301667885,4.833904554429747
79.7979797979798,12.12121212121212,21.65567657236856,4.63735094603248
80.80808080808082,12.12121212121212,20.53782005879211,4.784644776122872
81.81818181818183,12.12121212121212,23.58448531705454,5.10009480777178
82.82828282828284,12.12121212121212,22.74485955845843,5.101663015972489
83.83838383838385,12.12121212121212,24.85736676979838,3.094245803982614
84.84848484848486,12.12121212121212,12.41140651630954,2.127435863908003
85.85858585858587,12.12121212121212,5.452193071961508,1.274009924345083
86.86868686868688,12.12121212121212,14.75041806809863,0.7242661854533486
87.87878787878789,12.12121212121212,12.14757403522748,1.903540805405147
88.8888888888889,12.12121212121212,8.683376267690214,2.051192077591215
89.89898989898991,12.12121212121212,13.13498632421089,0.9304901218500807
90.90909090909092,12.12121212121212,19.24057276560194,1.551759594161614
91.91919191919193,12.12121212121212,21.88260842316429,1.026335162189735
92.92929292929294,12.12121212121212,11.66283383377005,2.087495067032429
93.93939393939395,12.12121212121212,10.43928759564566,1.532640191025106
94.94949494949496,12.12121212121212,10.45088877003685,1.653606047858406
95.95959595959597,12.12121212121212,1.026918346923874,1.396741813893004
96.96969696969697,12.12121212121212,19.13911586325108,0.6553379956170048
97.97979797979798,12.12121212121212,7.814928849269416,2.736723555651406
98.98989898989899,12.12121212121212,10.76893848818348,2.236721921977899
100.0,12.12121212121212,18.27961283956664,1.238645235758349
0.0,13.13131313131313,15.57364090413426,1.462880019813484
1.01010101010101,13.13131313131313,13.69202076896741,1.699527262615257
2.02020202020202,13.13131313131313,17.57712493414405,1.962378641868057
3.03030303030303,13.13131313131313,12.89026067661391,2.025414135950852
4.040404040404041,13.13131313131313,26.48196758667986,1.465313557647615
5.050505050505051,13.13131313131313,12.38037952470014,1.762537475142929
6.060606060606061,13.13131313131313,19.01961169657492,1.300067116046982
7.070707070707071,13.13131313131313,9.568819794613983,2.03519231749496
8.080808080808081,13.13131313131313,10.78438139554384,1.453879875488132
9.090909090909092,13.13131313131313,24.8482889780397,1.167136892342694
10.1010101010101,13.13131313131313,18.52576794734698,1.187382415773621
11.11111111111111,13.13131313131313,24.11109436694041,5.038127297605816
12.12121212121212,13.13131313131313,18.23525312225375,5.589424503516771
13.13131313131313,13.13131313131313,30.47722475876309,3.62262873616837
14.14141414141414,13.13131313131313,28.43504526137273,5.279792043121096
15.15151515151515,13.13131313131313,13.67000707364068,3.836991016305588
16.16161616161616,13.13131313131313,25.99336037085649,3.391949803452144
17.17171717171717,13.13131313131313,24.07382148459503,3.7168719535223
18.18181818181818,13.13131313131313,16.52454812868696,4.189995595414556
19.19191919191919,13.13131313131313,23.15807358155918,3.705224423138186
20.2020202020202,13.13131313131313,20.27791051880627,4.102710500975729
21.21212121212121,13.13131313131313,23.77819705873319,1.537597190133634
22.22222222222222,13.13131313131313,24.99956428046072,1.807068007549866
23.23232323232324,13.13131313131313,12.35870272534327,1.83598350923444
24.24242424242424,13.13131313131313,16.94544824188635,1.288441134122322
25.25252525252525,13.13131313131313,11.45961048693217,0.8420078908240195
26.26262626262626,13.13131313131313,5.413456181217691,2.049632707027953
27.27272727272727,13.13131313131313,6.582878087897905,1.505411474440457
28.28282828282828,13.13131313131313,12.06647093452903,1.723186672077787
29.29292929292929,13.13131313131313,20.59772984919465,1.488870777483771
30.3030303030303,13.13131313131313,16.95253777899437,1.023478820753881
31.31313131313131,13.13131313131313,15.98499021165511,1.921557898029933
32.32323232323233,13.13131313131313,9.164148098153358,0.9164707498197806
33.33333333333334,13.13131313131313,14.86878587092412,0.7087130662160009
34.34343434343435,13.13131313131313,13.52129128186434,1.648971096041565
35.35353535353536,13.13131313131313,8.381555092456331,1.926344744757428
36.36363636363637,13.13131313131313,21.56863391255969,1.237206478294065
37.37373737373738,13.13131313131313,23.41277870755195,1.127430137378817
38.38383838383839,13.13131313131313,12.89387182768282,1.420506148270409
39.3939393939394,13.13131313131313,20.54976256721898,2.008867287098227
40.40404040404041,13.13131313131313,17.84882236030582,1.872916759883888
41.41414141414142,13.13131313131313,13.35753937549498,1.625613073346907
42.42424242424243,13.13131313131313,22.22583302771996,4.205724148430832
43.43434343434344,13.13131313131313,22.1669987194231,4.757082304364388
44.44444444444445,13.13131313131313,24.94133375129134,4.557274553310605
45.45454545454546,13.13131313131313,36.40174300582409,4.440173884401929
46.46464646464647,13.13131313131313,9.71471981358934,3.770652131793535
47.47474747474748,13.13131313131313,17.56729031187874,5.714233677944087
48.48484848484848,13.13131313131313,19.81432030761768,6.020923959623562
49.49494949494949,13.13131313131313,32.25116691637106,3.362989210154207
50.50505050505051,13.13131313131313,32.57423784865119,4.039570442499309
51.51515151515152,13.13131313131313,27.31279182331592,3.543164967206898
52.52525252525253,13.13131313131313,7.443058653450123,3.633644751910559
53.53535353535354,13.13131313131313,15.32533669493979,1.867283226486561
54.54545454545455,13.13131313131313,20.90515518549575,1.349785198339868
55.55555555555556,13.13131313131313,16.28314338611116,1.69105237182549
56.56565656565657,13.13131313131313,12.84006033142271,2.244464442667637
57.57575757575758,13.13131313131313,23.04889048249122,1.624623124131175
58.58585858585859,13.13131313131313,12.25257267081276,0.9041423519729362
59.5959595959596,13.13131313131313,14.5375063394761,2.062350583033107
60.60606060606061,13.13131313131313,16.20907465473334,1.568725351592323
61.61616161616162,13.13131313131313,19.75606976395059,0.7768415323693957
62.62626262626263,13.13131313131313,16.36034713550912,1.598706019138279
63.63636363636364,13.13131313131313,21.97643130653226,0.8571516992285724
64.64646464646465,13.13131313131313,18.06609262487663,1.039968998028192
65.65656565656566,13.13131313131313,21.22539833658315,1.532160479208989
66.66666666666667,13.13131313131313,11.94743870188756,1.307637305279388
67.67676767676768,13.13131313131313,13.19874307173675,1.868833357781778
68.68686868686869,13.13131313131313,8.57021818503487,1.575165597339759
69.6969696969697,13.13131313131313,10.05678087981497,1.239823355234888
70.70707070707071,13.13131313131313,12.90624131830807,1.61318816118445
71.71717171717172,13.13131313131313,21.55905799749328,2.971726720615737
72.72727272727273,13.13131313131313,25.73465685349156,1.624090163589917
73.73737373737374,13.13131313131313,22.58776930898571,2.877696648402803
74.74747474747475,13.13131313131313,18.50719370951319,4.066425577453585
75.75757575757576,13.13131313131313,22.0787343048992,4.094075264344945
76.76767676767678,13.13131313131313,21.61988702420868,4.225921658921557
77.77777777777779,13.13131313131313,21.61057856301236,4.718066885158533
78.7878787878788,13.13131313131313,9.44781061312346,3.916273128265562
79.7979797979798,13.13131313131313,16.55954930823465,4.708986945957993
80.80808080808082,13.13131313131313,8.907608164994388,4.73085801223449
81.81818181818183,13.13131313131313,26.94349183940126,4.272244904523441
82.82828282828284,13.13131313131313,33.16136477343446,4.135061312382608
83.83838383838385,13.13131313131313,27.5548011869266,4.014214712825433
84.84848484848486,13.13131313131313,17.02480952980583,1.727473445273354
85.85858585858587,13.13131313131313,13.53559812618084,1.498736693582594
86.86868686868688,13.13131313131313,8.682356220092984,2.55029654620273
87.87878787878789,13.13131313131313,22.93812043062072,1.420430269803723
88.8888888888889,13.13131313131313,23.07339282756116,0.1038590986512809
89.89898989898991,13.13131313131313,15.68510898481671,2.336987988341453
90.90909090909092,13.13131313131313,12.17753543737811,1.919479505560131
91.91919191919193,13.13131313131313,17.25808115950165,2.545254972902244
92.92929292929294,13.13131313131313,16.51813526748045,1.797865932472143
93.93939393939395,13.13131313131313,12.89112517918718,1.711996940277526
94.94949494949496,13.13131313131313,16.4259793830312,1.337635753001955
95.95959595959597,13.13131313131313,17.83967764194056,1.614976848292452
96.96969696969697,13.13131313131313,17.77653749382333,1.797754519105251
97.97979797979798,13.13131313131313,17.14445207968135,0.9853908015164001
98.98989898989899,13.13131313131313,13.75446831234724,1.564503250800743
100.0,13.13131313131313,11.48691124926165,1.627956510158401
0.0,14.14141414141414,12.80079659256582,0.8290613808433335
1.01010101010101,14.14141414141414,15.18708160689949,1.858937644367281
2.02020202020202,14.14141414141414,9.116435353817776,2.075461872739348
3.03030303030303,14.14141414141414,10.63784713003688,0.8441269474690479
4.040404040404041,14.14141414141414,17.68744834600791,1.853224137827507
5.050505050505051,14.14141414141414,19.26283294967049,1.821756004642874
6.060606060606061,14.14141414141414,18.55577612237945,1.982968855287048
7.070707070707071,14.14141414141414,21.38053248951383,1.541449854085664
8.080808080808081,14.14141414141414,16.24224071906292,0.5955655912948676
9.090909090909092,14.14141414141414,8.9273199932784,1.667983699877933
10.1010101010101,14.14141414141414,14.05548276728627,1.497547178091821
11.11111111111111,14.14141414141414,19.28731908756204,4.392289922151218
12.12121212121212,14.14141414141414,20.24513809718842,4.829127082220896
13.13131313131313,14.14141414141414,22.79095365251857,4.01160237646608
14.14141414141414,14.14141414141414,17.94622645044305,3.920103807974906
15.15151515151515,14.14141414141414,10.48113609981295,4.541814860606482
16.16161616161616,14.14141414141414,26.98509660820363,3.119547160312865
17.17171717171717,14.14141414141414,34.22881150404918,4.253061910742756
18.18181818181818,14.14141414141414,30.11808798751222,3.880590845179604
19.19191919191919,14.14141414141414,30.19348027942487,3.778642858765762
20.2020202020202,14.14141414141414,25.6147684321711,6.159210279263046
21.21212121212121,14.14141414141414,12.08902745294703,1.482573802611943
22.22222222222222,14.14141414141414,19.83386706488679,1.74141577870068
23.23232323232324,14.14141414141414,18.57156579082353,1.411290394208983
24.24242424242424,14.14141414141414,10.22704357403082,1.237545262333285
25.25252525252525,14.14141414141414,23.6042206115909,2.483332423243436
26.26262626262626,14.14141414141414,11.4480395165223,1.146442698841743
27.27272727272727,14.14141414141414,14.21042036287139,1.762598552772521
28.28282828282828,14.14141414141414,15.44771667371601,1.523251147819112
29.29292929292929,14.14141414141414,10.86873529495674,2.435946740857228
30.3030303030303,14.14141414141414,15.01954869868442,1.436452883967102
31.31313131313131,14.14141414141414,15.48237376470855,1.767795782225841
32.32323232323233,14.14141414141414,18.12380989555332,1.085600451827746
33.33333333333334,14.14141414141414,13.54407650758744,0.9054182538346689
34.34343434343435,14.14141414141414,11.3676907953011,2.016502672363005
35.35353535353536,14.14141414141414,10.6097285968288,1.091056812318731
36.36363636363637,14.14141414141414,14.83827504897942,2.278678612324104
37.37373737373738,14.14141414141414,26.02869767414474,1.906651401222746
38.38383838383839,14.14141414141414,13.62159519985831,1.45232257756428
39.3939393939394,14.14141414141414,13.93231869145103,1.144224278778914
40.40404040404041,14.14141414141414,21.94671929884724,1.199928752499687
41.41414141414142,14.14141414141414,12.12976117766638,0.9816301315652334
42.42424242424243,14.14141414141414,14.38309288237541,3.445234321472274
43.43434343434344,14.14141414141414,19.42539050298912,3.805312180265699
44.44444444444445,14.14141414141414,24.54013463539537,4.879226863646455
45.45454545454546,14.14141414141414,19.19984504657214,3.86838200225026
46.46464646464647,14.14141414141414,25.13707010032844,5.451682483527376
47.47474747474748,14.14141414141414,28.54736659038722,4.269623683483669
48.48484848484848,14.14141414141414,25.72898493857619,4.097862329339984
49.49494949494949,14.14141414141414,30.03855280742118,5.839320846000079
50.50505050505051,14.14141414141414,34.05551695465863,4.643241892907374
51.51515151515152,14.14141414141414,6.980180667173267,4.870564525091635
52.52525252525253,14.14141414141414,17.21602186201685,0.8991506098690457
53.53535353535354,14.14141414141414,20.76815594081308,2.285733023294644
54.54545454545455,14.14141414141414,11.15857695960259,1.808127864006806
55.55555555555556,14.14141414141414,12.94053428906164,1.944912842425041
56.56565656565657,14.14141414141414,15.8661874287957,1.696231070841979
57.57575757575758,14.14141414141414,16.06550186471501,1.063195322561384
58.58585858585859,14.14141414141414,16.15231262953709,2.103290258676713
59.5959595959596,14.14141414141414,19.05848663630539,1.311998641343774
60.60606060606061,14.14141414141414,23.64134107506638,0.896304769257019
61.61616161616162,14.14141414141414,18.79753222036456,0.7179781890370578
62.62626262626263,14.14141414141414,21.79686888206405,1.160727453375503
63.63636363636364,14.14141414141414,8.107954858824332,1.190836364714407
64.64646464646465,14.14141414141414,16.28357552090019,1.255398831226008
65.65656565656566,14.14141414141414,13.30880616121931,0.9244304100033344
66.66666666666667,14.14141414141414,20.24720969754279,1.104888224187988
67.67676767676768,14.14141414141414,21.64561539666948,1.721753375383343
68.68686868686869,14.14141414141414,13.22247754509579,0.6217158204550086
69.6969696969697,14.14141414141414,18.17092916973597,1.648576117663196
70.70707070707071,14.14141414141414,18.31041950177705,2.083448612997647
71.71717171717172,14.14141414141414,10.93112798032413,1.170024342101306
72.72727272727273,14.14141414141414,16.48643634675771,0.6307321724652296
73.73737373737374,14.14141414141414,28.87207937810674,4.674595805631543
74.74747474747475,14.14141414141414,43.35615659385826,4.944133375752581
75.75757575757576,14.14141414141414,22.16906536782702,4.583065884639763
76.76767676767678,14.14141414141414,22.31060841471099,4.364611812299652
77.77777777777779,14.14141414141414,17.2108565140208,4.135709064739138
78.7878787878788,14.14141414141414,23.4065847241603,4.211707126772814
79.7979797979798,14.14141414141414,26.27255571671053,4.388136546078201
80.80808080808082,14.14141414141414,19.35597413596112,3.704954193214483
81.81818181818183,14.14141414141414,29.43114411868088,5.061305987244065
82.82828282828284,14.14141414141414,30.93886061298434,4.551333115417131
83.83838383838385,14.14141414141414,18.0314192399991,2.218408530519428
84.84848484848486,14.14141414141414,8.778743488072324,1.526492273844587
85.85858585858587,14.14141414141414,20.20296444693762,0.7927031809348587
86.86868686868688,14.14141414141414,19.51415778352392,1.661627223076827
87.87878787878789,14.14141414141414,8.909229102510668,1.893655470764784
88.8888888888889,14.14141414141414,9.067593162269747,1.183738002482944
89.89898989898991,14.14141414141414,19.42832361070119,0.6808366418842748
90.90909090909092,14.14141414141414,17.6561643207303,0.7080219300293867
91.91919191919193,14.14141414141414,14.08412266552999,2.3579464959781
92.92929292929294,14.14141414141414,8.726359670834203,1.533900163616279
93.93939393939395,14.14141414141414,13.8415213591311,1.887648493863554
94.94949494949496,14.14141414141414,11.90998742850931,1.215344726850023
95.95959595959597,14.14141414141414,20.17018035824558,1.465249202859573
96.96969696969697,14.14141414141414,14.25473879992025,1.875271576949035
97.97979797979798,14.14141414141414,10.0840459115985,1.528091904643329
98.98989898989899,14.14141414141414,14.78102299420481,1.072757369459091
100.0,14.14141414141414,23.31382452115511,1.619505071670408
0.0,15.15151515151515,8.55901972320093,1.843239655355848
1.01010101010101,15.15151515151515,11.41663364048317,1.378978577475162
2.02020202020202,15.15151515151515,9.328357532797632,1.640403062016454
3.03030303030303,15.15151515151515,7.506080185312336,2.014695678474132
4.040404040404041,15.15151515151515,19.63548109975341,1.654793127311352
5.050505050505051,15.15151515151515,20.36810277738469,1.715486538057537
6.060606060606061,15.15151515151515,13.14519347084624,1.127341241843606
7.070707070707071,15.15151515151515,15.48247044692447,1.76696608417145
8.080808080808081,15.15151515151515,17.73132279443443,2.033568378340854
9.090909090909092,15.15151515151515,13.39871784353707,1.518239885353718
10.1010101010101,15.15151515151515,17.03203918291105,0.9015321228725831
11.11111111111111,15.15151515151515,29.54167386204809,4.956505852999505
12.12121212121212,15.15151515151515,14.98994519882747,2.789349291712051
13.13131313131313,15.15151515151515,3.086356242018979,4.242604326334355
14.14141414141414,15.15151515151515,19.00904339009915,4.464057813552097
15.15151515151515,15.15151515151515,17.74398910295127,3.767401418476941
16.16161616161616,15.15151515151515,24.00135583463854,4.779450606376573
17.17171717171717,15.15151515151515,23.43260167358974,4.343365935682431
18.18181818181818,15.15151515151515,8.51334346818072,4.747846903371079
19.19191919191919,15.15151515151515,12.79653520871748,4.960616306461958
20.2020202020202,15.15151515151515,19.78607090743411,4.935431657767011
21.21212121212121,15.15151515151515,17.54724455712577,1.531490185052595
22.22222222222222,15.15151515151515,20.74573630361314,1.447094009657866
23.23232323232324,15.15151515151515,15.66581756791886,1.682060651415237
24.24242424242424,15.15151515151515,2.74596102767832,2.253102375104149
25.25252525252525,15.15151515151515,15.01589729997801,1.400131712697547
26.26262626262626,15.15151515151515,14.07326804859633,1.335714957226927
27.27272727272727,15.15151515151515,14.9454274209676,1.305223668818571
28.28282828282828,15.15151515151515,9.686413888382674,1.500646128446875
29.29292929292929,15.15151515151515,13.53317805630006,1.205651304021174
30.3030303030303,15.15151515151515,21.51383723393186,1.902501046698704
31.31313131313131,15.15151515151515,16.73411513941634,1.402459147787974
32.32323232323233,15.15151515151515,10.41568090992207,0.7679316503544857
33.33333333333334,15.15151515151515,9.65570256685359,1.509720380519153
34.34343434343435,15.15151515151515,15.49403282121929,1.480897725988719
35.35353535353536,15.15151515151515,21.53218959930187,1.724909759319017
36.36363636363637,15.15151515151515,18.83329936862059,1.725210538394076
37.37373737373738,15.15151515151515,8.176523349013307,0.4621033987205965
38.38383838383839,15.15151515151515,14.61925836056874,1.817618465156155
39.3939393939394,15.15151515151515,20.37863135185377,1.805394255219759
40.40404040404041,15.15151515151515,17.98219516806319,1.464808512346778
41.41414141414142,15.15151515151515,13.64101284774896,0.885917210682464
42.42424242424243,15.15151515151515,17.79105313365168,1.015709823673487
43.43434343434344,15.15151515151515,22.68502009236585,3.224249635999937
44.44444444444445,15.15151515151515,7.573574585165408,4.822964796310181
45.45454545454546,15.15151515151515,30.73056430420213,4.078947209348557
46.46464646464647,15.15151515151515,19.58196558174059,4.760653396052543
47.47474747474748,15.15151515151515,31.80036921663412,5.371462226300552
48.48484848484848,15.15151515151515,25.17725352521974,5.214459260494999
49.49494949494949,15.15151515151515,32.41835695995408,5.102460460821194
50.50505050505051,15.15151515151515,11.42569855556535,3.921588981537798
51.51515151515152,15.15151515151515,26.9466230101802,4.807281826640312
52.52525252525253,15.15151515151515,12.59698583670638,1.725123903517152
53.53535353535354,15.15151515151515,14.87267810149372,1.964386187231275
54.54545454545455,15.15151515151515,13.59476353755255,1.9023467616838
55.55555555555556,15.15151515151515,15.79889666052889,2.006064079164925
56.56565656565657,15.15151515151515,14.90193305575025,1.838039750509123
57.57575757575758,15.15151515151515,15.42515858250063,0.8525784159453541
58.58585858585859,15.15151515151515,20.21952335165158,1.11696707127685
59.5959595959596,15.15151515151515,5.36940954074753,1.181929719651074
60.60606060606061,15.15151515151515,17.05905505381672,2.101576281244621
61.61616161616162,15.15151515151515,13.16508592939777,2.110406815808683
62.62626262626263,15.15151515151515,21.68352470350373,2.191893270769618
63.63636363636364,15.15151515151515,22.45608777782108,2.403252449157858
64.64646464646465,15.15151515151515,9.693345575455915,1.276465519632873
65.65656565656566,15.15151515151515,19.03738685762362,0.4046025798668365
66.66666666666667,15.15151515151515,11.59816994761441,1.794077613069231
67.67676767676768,15.15151515151515,7.102831232030587,1.755168821210392
68.68686868686869,15.15151515151515,9.05908187978306,1.560937839588937
69.6969696969697,15.15151515151515,8.18702661950637,0.9366261757025796
70.70707070707071,15.15151515151515,17.29284704116067,1.092682234147636
71.71717171717172,15.15151515151515,14.12780289579628,1.828154522177411
72.72727272727273,15.15151515151515,15.22189498967503,0.9654886753619799
73.73737373737374,15.15151515151515,18.70893129702261,1.678740400984799
74.74747474747475,15.15151515151515,22.87165563197779,4.519744285994085
75.75757575757576,15.15151515151515,25.34533670220418,3.899378902863912
76.76767676767678,15.15151515151515,20.79582947329254,3.824347064022101
77.77777777777779,15.15151515151515,27.45592041603716,3.888942926366239
78.7878787878788,15.15151515151515,27.7194652858447,3.456968240525573
79.7979797979798,15.15151515151515,24.98921870870952,4.911447002952734
80.80808080808082,15.15151515151515,23.07413091655011,4.262086450342117
81.81818181818183,15.15151515151515,20.62592717991782,5.698511882565979
82.82828282828284,15.15151515151515,27.05314744383183,4.251027406439864
83.83838383838385,15.15151515151515,11.10828467717436,2.333125595698407
84.84848484848486,15.15151515151515,13.70980671794471,1.651161252503072
85.85858585858587,15.15151515151515,12.78990245068957,0.9131590676975726
86.86868686868688,15.15151515151515,15.19182673174066,2.041765013033504
87.87878787878789,15.15151515151515,19.3569143695228,1.29699665556924
88.8888888888889,15.15151515151515,10.38219632061192,1.491262663385562
89.89898989898991,15.15151515151515,17.06439948138505,0.9708413530820783
90.90909090909092,15.15151515151515,15.95959781227573,2.296126780590761
91.91919191919193,15.15151515151515,11.77111363224467,1.768488821679152
92.92929292929294,15.15151515151515,9.488814062091016,0.933506171911622
93.93939393939395,15.15151515151515,15.65605176873415,1.873619851774644
94.94949494949496,15.15151515151515,12.4999338918259,1.882117021481553
95.95959595959597,15.15151515151515,26.3834451738691,1.630767685953304
96.96969696969697,15.15151515151515,18.51045401757365,0.8804411965769147
97.97979797979798,15.15151515151515,13.10041641653548,1.240336099981336
98.98989898989899,15.15151515151515,20.67128091686646,2.295215057061091
100.0,15.15151515151515,22.89639771090998,1.616249816178921
0.0,16.16161616161616,9.767183903896472,1.111565080199595
1.01010101010101,16.16161616161616,14.91199318832195,1.598000112979696
2.02020202020202,16.16161616161616,15.48974428600011,2.251329842623127
3.03030303030303,16.16161616161616,10.10476384556506,0.4930169521134534
4.040404040404041,16.16161616161616,9.19101222104331,0.5947844084872979
5.050505050505051,16.16161616161616,19.89305598179818,1.053653566052134
6.060606060606061,16.16161616161616,15.92695464064489,1.354137277305898
7.070707070707071,16.16161616161616,15.60219820216359,2.795208268706151
8.080808080808081,16.16161616161616,20.66447824281877,1.231893196239061
9.090909090909092,16.16161616161616,12.23461078169315,1.63099192292456
10.1010101010101,16.16161616161616,13.9125898627769,2.168828503131385
11.11111111111111,16.16161616161616,28.95552273343916,3.744711163521725
12.12121212121212,16.16161616161616,25.93811870479641,2.920362757668286
13.13131313131313,16.16161616161616,22.06623961385722,6.094264807303309
14.14141414141414,16.16161616161616,21.69801092639449,5.148355469555344
15.15151515151515,16.16161616161616,29.59447174357951,4.658313180781668
16.16161616161616,16.16161616161616,15.46653907767812,3.096840406102791
17.17171717171717,16.16161616161616,6.465284697371936,4.413773566308371
18.18181818181818,16.16161616161616,15.22745506340296,5.54545751135231
19.19191919191919,16.16161616161616,17.75327807357856,5.00041410827395
20.2020202020202,16.16161616161616,22.09234025817672,3.099031343261752
21.21212121212121,16.16161616161616,10.99352907452653,0.648887924194968
22.22222222222222,16.16161616161616,10.8498585743744,1.361197832302884
23.23232323232324,16.16161616161616,19.43520861531181,0.7187386814126923
24.24242424242424,16.16161616161616,17.19387351226249,1.053009130765181
25.25252525252525,16.16161616161616,19.16498385116069,1.414989181128501
26.26262626262626,16.16161616161616,11.80525865447302,2.076954801444969
27.27272727272727,16.16161616161616,17.72773540981812,1.344286833643735
28.28282828282828,16.16161616161616,18.51041780057261,0.9640541818401237
29.29292929292929,16.16161616161616,12.6692883078005,1.598682691158458
30.3030303030303,16.16161616161616,13.08534530638673,1.021963630831013
31.31313131313131,16.16161616161616,15.86679061736466,1.392325671048113
32.32323232323233,16.16161616161616,8.222075635191983,0.2443299906186256
33.33333333333334,16.16161616161616,20.05159057165887,0.6550547513991051
34.34343434343435,16.16161616161616,9.612510231733184,1.800808420043129
35.35353535353536,16.16161616161616,17.33491045608267,1.625144511398752
36.36363636363637,16.16161616161616,15.00517739079262,1.769331916760779
37.37373737373738,16.16161616161616,14.053604448942,1.383927926393804
38.38383838383839,16.16161616161616,15.84775656790262,2.039373602183843
39.3939393939394,16.16161616161616,7.299993744860801,1.238132920237385
40.40404040404041,16.16161616161616,23.06461814593183,1.605333156899511
41.41414141414142,16.16161616161616,12.4307638148998,1.419240116510867
42.42424242424243,16.16161616161616,18.10715737036264,1.105117115487262
43.43434343434344,16.16161616161616,19.27172563374303,4.123371518345687
44.44444444444445,16.16161616161616,10.41216676906987,3.342948315819159
45.45454545454546,16.16161616161616,19.07880798644485,4.060703791104538
46.46464646464647,16.16161616161616,24.75502749469884,4.821336545867433
47.47474747474748,16.16161616161616,22.20188887058299,4.083688716223341
48.48484848484848,16.16161616161616,21.1566500081464,4.321887481057288
49.49494949494949,16.16161616161616,24.61984344893257,4.738319940578075
50.50505050505051,16.16161616161616,22.96093707933738,4.878402464248926
51.51515151515152,16.16161616161616,27.87709525171885,4.143009476719382
52.52525252525253,16.16161616161616,19.1709504957096,1.392579996688132
53.53535353535354,16.16161616161616,13.37536427098823,1.250300556786098
54.54545454545455,16.16161616161616,13.1162940233582,1.44741926892954
55.55555555555556,16.16161616161616,16.41796641783748,1.305403378929903
56.56565656565657,16.16161616161616,18.39267309500871,0.9214208355548925
57.57575757575758,16.16161616161616,12.13577890948454,2.572131914995015
58.58585858585859,16.16161616161616,5.293652847199949,2.7270030661849
59.5959595959596,16.16161616161616,20.3608373572691,0.7067714048236912
60.60606060606061,16.16161616161616,14.31000903929519,1.524347041399581
61.61616161616162,16.16161616161616,24.98262792959532,1.802204954772356
62.62626262626263,16.16161616161616,16.3600912456475,0.7872759046895281
63.63636363636364,16.16161616161616,17.87100183878727,1.210625299614816
64.64646464646465,16.16161616161616,6.169630367912024,2.472673553433553
65.65656565656566,16.16161616161616,18.04040419498029,1.253373189191249
66.66666666666667,16.16161616161616,21.35670549881377,0.8453831990461254
67.67676767676768,16.16161616161616,12.39495329781489,1.995165581802707
68.68686868686869,16.16161616161616,10.94384976648525,1.422730363303198
69.6969696969697,16.16161616161616,8.271981047974528,1.667901379944482
70.70707070707071,16.16161616161616,21.44768026301005,1.492313099263778
71.71717171717172,16.16161616161616,15.04773081255905,0.9607562878392167
72.72727272727273,16.16161616161616,8.59305692678375,1.849517438445508
73.73737373737374,16.16161616161616,20.08893052774312,1.552404596356643
74.74747474747475,16.16161616161616,30.91580163811286,3.435037778848752
75.75757575757576,16.16161616161616,9.037120847755624,4.286099431950245
76.76767676767678,16.16161616161616,31.99598087810571,4.583853091879583
77.77777777777779,16.16161616161616,32.24246148801676,5.74777338086544
78.7878787878788,16.16161616161616,13.74349669828754,5.036673331353509
79.7979797979798,16.16161616161616,25.25491250091234,5.04639481194447
80.80808080808082,16.16161616161616,26.23859344227886,4.218352645066943
81.81818181818183,16.16161616161616,31.6571338719959,3.516940314830766
82.82828282828284,16.16161616161616,19.68959430220229,5.06195391821341
83.83838383838385,16.16161616161616,12.51033778394862,1.141202597393778
84.84848484848486,16.16161616161616,17.10990442425256,0.6097412381960926
85.85858585858587,16.16161616161616,22.92585709604602,1.685233897975717
86.86868686868688,16.16161616161616,11.50549742169544,1.659527676277801
87.87878787878789,16.16161616161616,15.77285368076319,1.723017021452381
88.8888888888889,16.16161616161616,17.97556884205362,1.402557767027
89.89898989898991,16.16161616161616,20.43067476980136,1.599045049229252
90.90909090909092,16.16161616161616,11.87750096672125,1.767460322965329
91.91919191919193,16.16161616161616,11.67973113356117,1.000715797372205
92.92929292929294,16.16161616161616,13.70015578995629,0.3576470556883404
93.93939393939395,16.16161616161616,15.69336825648508,1.874160934588166
94.94949494949496,16.16161616161616,17.59787797290102,1.473864632205077
95.95959595959597,16.16161616161616,11.98011390128537,0.1599736150707787
96.96969696969697,16.16161616161616,12.92093245831691,1.577671264624283
97.97979797979798,16.16161616161616,7.534687844489069,2.108972937805883
98.98989898989899,16.16161616161616,15.08636775326737,1.343944109967073
100.0,16.16161616161616,17.61642795228342,1.276536339155711
0.0,17.17171717171717,12.11828437014367,1.12000208457907
1.01010101010101,17.17171717171717,21.89097797611516,1.419034327650742
2.02020202020202,17.17171717171717,14.29455201608492,1.486811932233611
3.03030303030303,17.17171717171717,16.80025239971787,1.860209681937995
4.040404040404041,17.17171717171717,9.729694526112917,1.222116351757231
5.050505050505051,17.17171717171717,19.59610697489764,1.080350780390173
6.060606060606061,17.17171717171717,13.18986926513741,0.9331938195550598
7.070707070707071,17.17171717171717,9.797634050196049,1.236591444835165
8.080808080808081,17.17171717171717,16.84796643198919,1.609206068424497
9.090909090909092,17.17171717171717,8.03833567496597,2.04335307187675
10.1010101010101,17.17171717171717,6.314594482028682,1.214670233335938
11.11111111111111,17.17171717171717,12.41726554914237,4.736907199880201
12.12121212121212,17.17171717171717,20.50184101296649,5.800896671644053
13.13131313131313,17.17171717171717,19.52931460778665,4.574457144243168
14.14141414141414,17.17171717171717,24.73673815370011,4.407741351745649
15.15151515151515,17.17171717171717,23.65299173632573,4.927712741200088
16.16161616161616,17.17171717171717,24.55032967130823,4.651401144799047
17.17171717171717,17.17171717171717,17.56009380026853,3.349159941669013
18.18181818181818,17.17171717171717,24.1747406477623,4.697011208571168
19.19191919191919,17.17171717171717,27.54029446605724,5.28279112446238
20.2020202020202,17.17171717171717,19.07556588286693,4.305015006552226
21.21212121212121,17.17171717171717,14.31958317665726,1.056262516369196
22.22222222222222,17.17171717171717,7.978765185106631,0.9170611982631167
23.23232323232324,17.17171717171717,8.32298971822769,1.527703192788471
24.24242424242424,17.17171717171717,10.3336753421462,2.053311500873495
25.25252525252525,17.17171717171717,19.65961687424922,1.395494144328387
26.26262626262626,17.17171717171717,17.31368641163919,1.456155142490628
27.27272727272727,17.17171717171717,18.89264648367313,0.8331910775537896
28.28282828282828,17.17171717171717,8.878990240432309,1.278184304667975
29.29292929292929,17.17171717171717,18.72079212840017,1.446810841595672
30.3030303030303,17.17171717171717,18.25350667278595,2.153558395556276
31.31313131313131,17.17171717171717,22.65947226859807,1.838137684300593
32.32323232323233,17.17171717171717,12.62429388239518,0.9930793730090594
33.33333333333334,17.17171717171717,9.525807058273923,0.6670322638976595
34.34343434343435,17.17171717171717,18.7179532482722,0.7885057837318458
35.35353535353536,17.17171717171717,9.023653574920305,1.086815887701448
36.36363636363637,17.17171717171717,21.1654562323429,2.162374894399493
37.37373737373738,17.17171717171717,26.31544818124462,1.632869594470794
38.38383838383839,17.17171717171717,18.69846930276145,0.7537670716829845
39.3939393939394,17.17171717171717,8.655460196454985,1.692277748173638
40.40404040404041,17.17171717171717,11.38357238802095,2.254284493526158
41.41414141414142,17.17171717171717,16.8311155530568,1.263713856963909
42.42424242424243,17.17171717171717,25.54696014354546,3.858607341093639
43.43434343434344,17.17171717171717,29.28607328700453,4.517061657547162
44.44444444444445,17.17171717171717,26.29944120325411,5.695869583277525
45.45454545454546,17.17171717171717,27.87159750184963,4.916245105127458
46.46464646464647,17.17171717171717,22.23939333466132,4.530433710111289
47.47474747474748,17.17171717171717,16.94306740206282,4.793021831474769
48.48484848484848,17.17171717171717,12.7262724476926,5.333758166035494
49.49494949494949,17.17171717171717,3.348993915523581,3.047328394387154
50.50505050505051,17.17171717171717,38.20067805571275,3.924576701843817
51.51515151515152,17.17171717171717,16.83193202843629,5.058414104802481
52.52525252525253,17.17171717171717,20.84008858172237,1.447214463079269
53.53535353535354,17.17171717171717,12.32949265591307,1.077562337694559
54.54545454545455,17.17171717171717,18.40657996025981,1.244702604069284
55.55555555555556,17.17171717171717,14.12502559976569,0.8328444054726699
56.56565656565657,17.17171717171717,8.132089838296771,1.706857569485659
57.57575757575758,17.17171717171717,17.5043267278921,1.000364123350233
58.58585858585859,17.17171717171717,10.40702386835681,2.41924808422931
59.5959595959596,17.17171717171717,9.183172259893709,1.178591622821806
60.60606060606061,17.17171717171717,13.76043738962019,1.158724329958943
61.61616161616162,17.17171717171717,7.745707378704104,2.387188362827538
62.62626262626263,17.17171717171717,7.449241927647401,0.3232095503528957
63.63636363636364,17.17171717171717,19.42660323931922,0.9358294607820229
64.64646464646465,17.17171717171717,9.357902654043745,1.420245436091941
65.65656565656566,17.17171717171717,20.1147745380289,1.907770495729098
66.66666666666667,17.17171717171717,27.40494113352844,2.027560828549993
67.67676767676768,17.17171717171717,30.3020169955207,0.7599972667639682
68.68686868686869,17.17171717171717,15.97711796474874,1.646006273839723
69.6969696969697,17.17171717171717,11.76378684670088,1.103394918657816
70.70707070707071,17.17171717171717,14.82166247203001,0.9522474471983972
71.71717171717172,17.17171717171717,14.01670197387807,1.567741276051865
72.72727272727273,17.17171717171717,10.11509028813391,1.211300913934547
73.73737373737374,17.17171717171717,20.86488400973077,5.469007107459595
74.74747474747475,17.17171717171717,10.78183382659974,4.824321886478244
75.75757575757576,17.17171717171717,21.43134881622444,4.713632918357517
76.76767676767678,17.17171717171717,9.791540771358344,5.308765038921891
77.77777777777779,17.17171717171717,21.00794728305556,4.659864961982616
78.7878787878788,17.17171717171717,19.70106228527792,3.811334846810531
79.7979797979798,17.17171717171717,37.88862761610846,4.83099124198726
80.80808080808082,17.17171717171717,28.72999685269001,5.12533879880273
81.81818181818183,17.17171717171717,21.66868227809518,3.399721941283325
82.82828282828284,17.17171717171717,18.29461697531618,5.796729493227515
83.83838383838385,17.17171717171717,14.16877491567247,1.73716132188325
84.84848484848486,17.17171717171717,20.17085584094659,1.961616999761044
85.85858585858587,17.17171717171717,9.837771807881493,1.692572360352955
86.86868686868688,17.17171717171717,17.16176055332581,1.354445400919544
87.87878787878789,17.17171717171717,20.20744607010967,1.965095498487488
88.8888888888889,17.17171717171717,11.69923352350207,1.85438942552236
89.89898989898991,17.17171717171717,13.69027080882359,0.3550572956408704
90.90909090909092,17.17171717171717,10.21871229761119,0.9602427630661327
91.91919191919193,17.17171717171717,18.622900733019,0.9287122368784634
92.92929292929294,17.17171717171717,21.39310173031172,1.213586338115246
93.93939393939395,17.17171717171717,10.01993676011816,0.8707268752332741
94.94949494949496,17.17171717171717,17.12066266902418,1.754057894045495
95.95959595959597,17.17171717171717,19.65775182838689,0.9286971337308744
96.96969696969697,17.17171717171717,16.16065646102907,1.330692393415029
97.97979797979798,17.17171717171717,18.99093600357803,1.101081545777034
98.98989898989899,17.17171717171717,14.84213729425898,1.783277145894806
100.0,17.17171717171717,14.08309710407401,2.215130121597825
0.0,18.18181818181818,18.27620881443462,0.6980234777327284
1.01010101010101,18.18181818181818,5.720333123450656,2.051046787372381
2.02020202020202,18.18181818181818,17.71314208469436,2.274950595849866
3.03030303030303,18.18181818181818,14.89059965324239,1.935251522834104
4.040404040404041,18.18181818181818,16.07481635678149,1.884065946575568
5.050505050505051,18.18181818181818,17.04793125849078,0.9206599845389691
6.060606060606061,18.18181818181818,13.81287352767811,1.903508718000091
7.070707070707071,18.18181818181818,21.07607716010536,1.952968580221343
8.080808080808081,18.18181818181818,13.02582920056362,1.015239972020478
9.090909090909092,18.18181818181818,21.61815173177001,0.4344394362487425
10.1010101010101,18.18181818181818,23.42658761983876,0.9044230969460892
11.11111111111111,18.18181818181818,19.93489238937181,4.994864030577457
12.12121212121212,18.18181818181818,18.29298463387012,4.385961301583807
13.13131313131313,18.18181818181818,25.75412492529534,5.499212845629574
14.14141414141414,18.18181818181818,25.17194250844538,4.931801969934658
15.15151515151515,18.18181818181818,24.68409717626035,4.479305515588187
16.16161616161616,18.18181818181818,2.42458539999044,4.12542198597753
17.17171717171717,18.18181818181818,25.82398996962588,3.571322021804781
18.18181818181818,18.18181818181818,23.20860413754841,3.743342988767511
19.19191919191919,18.18181818181818,22.91984289383717,4.428924288379738
20.2020202020202,18.18181818181818,17.11312718562743,4.473285736701588
21.21212121212121,18.18181818181818,17.95337688886298,1.07883101310162
22.22222222222222,18.18181818181818,3.892486885692836,1.465321638647385
23.23232323232324,18.18181818181818,21.32356090835365,1.418063072240761
24.24242424242424,18.18181818181818,0.0,1.949855047116989
25.25252525252525,18.18181818181818,20.03991093129439,1.622130264749525
26.26262626262626,18.18181818181818,9.830059778115427,2.048892972607431
27.27272727272727,18.18181818181818,14.90610191421934,1.766416027926476
28.28282828282828,18.18181818181818,15.01958436859026,1.842428472311265
29.29292929292929,18.18181818181818,20.87524738009541,1.464550232820212
30.3030303030303,18.18181818181818,14.22844760896851,1.769391285911269
31.31313131313131,18.18181818181818,13.83955102361358,1.321395107463525
32.32323232323233,18.18181818181818,17.44042853989062,1.473226919427885
33.33333333333334,18.18181818181818,14.52537085579751,1.043182386559896
34.34343434343435,18.18181818181818,3.448234534930006,2.159059166874835
35.35353535353536,18.18181818181818,20.0980476517062,1.962792964477512
36.36363636363637,18.18181818181818,23.08283762576501,2.118914200430532
37.37373737373738,18.18181818181818,21.79899094810889,0.8762703833137921
38.38383838383839,18.18181818181818,19.0769677225849,1.074386089224372
39.3939393939394,18.18181818181818,14.66845492568551,0.8453263785638837
40.40404040404041,18.18181818181818,11.61249065736147,1.197624336774533
41.41414141414142,18.18181818181818,18.11258552361839,1.866101157170583
42.42424242424243,18.18181818181818,13.78324363859157,4.005751206594596
43.43434343434344,18.18181818181818,33.59636774166606,3.775773367905738
44.44444444444445,18.18181818181818,33.30803176637463,4.799570046877196
45.45454545454546,18.18181818181818,29.19542348189891,5.055976319694316
46.46464646464647,18.18181818181818,9.353742683426985,4.63781943443169
47.47474747474748,18.18181818181818,15.30557847625703,5.032938337286604
48.48484848484848,18.18181818181818,21.6573993356678,4.291938955775671
49.49494949494949,18.18181818181818,21.93785956211024,4.777941583603606
50.50505050505051,18.18181818181818,24.21769159982804,4.768317929137267
51.51515151515152,18.18181818181818,23.64022425465918,4.765927316048547
52.52525252525253,18.18181818181818,2.058128070290862,1.475168195297551
53.53535353535354,18.18181818181818,13.69228529340234,1.016209064409748
54.54545454545455,18.18181818181818,22.95641806503932,1.016395312311373
55.55555555555556,18.18181818181818,17.32802989213508,1.54582768511039
56.56565656565657,18.18181818181818,21.60734230772536,1.271920589925194
57.57575757575758,18.18181818181818,16.71434909410942,2.174217011573961
58.58585858585859,18.18181818181818,12.65440010221083,1.787747914671475
59.5959595959596,18.18181818181818,14.48031769999575,1.654200276810914
60.60606060606061,18.18181818181818,15.85201277928702,2.743631566650898
61.61616161616162,18.18181818181818,13.8368828344001,1.969826056105317
62.62626262626263,18.18181818181818,13.67669511698616,1.283408143547113
63.63636363636364,18.18181818181818,15.22533277098865,1.551699576656232
64.64646464646465,18.18181818181818,17.78433734171078,1.795419868760554
65.65656565656566,18.18181818181818,6.546230984207988,2.320904270424997
66.66666666666667,18.18181818181818,8.417548831857989,1.742418583160939
67.67676767676768,18.18181818181818,20.74921491026027,0.6679732781206786
68.68686868686869,18.18181818181818,9.638376195266536,1.599700661582031
69.6969696969697,18.18181818181818,14.60965291460196,1.813205147941984
70.70707070707071,18.18181818181818,11.1524663602629,1.703569065101671
71.71717171717172,18.18181818181818,12.96366612814155,1.892161398047307
72.72727272727273,18.18181818181818,19.12733584204362,1.629755952654974
73.73737373737374,18.18181818181818,6.581642277379602,3.57683167944595
74.74747474747475,18.18181818181818,20.77962489099566,6.081364730817926
75.75757575757576,18.18181818181818,25.21831173587719,4.827698829861252
76.76767676767678,18.18181818181818,17.52917807979059,5.028466687195586
77.77777777777779,18.18181818181818,22.30782061270041,4.476958994876071
78.7878787878788,18.18181818181818,1.733629690118519,5.184062192838614
79.7979797979798,18.18181818181818,27.76206389408645,4.371502433905939
80.80808080808082,18.18181818181818,32.81131811467384,5.568322672097362
81.81818181818183,18.18181818181818,11.634332410699,5.688459384483584
82.82828282828284,18.18181818181818,20.66159903926442,5.258034222464278
83.83838383838385,18.18181818181818,25.59311290965304,3.632050767797564
84.84848484848486,18.18181818181818,7.512955015231475,1.833003640130975
85.85858585858587,18.18181818181818,14.7579493575123,1.905734572158416
86.86868686868688,18.18181818181818,12.64449535689043,0.8296348327642586
87.87878787878789,18.18181818181818,3.531444453485429,0.4176659381571654
88.8888888888889,18.18181818181818,14.29588618146498,0.9345862504022444
89.89898989898991,18.18181818181818,3.398394534505899,1.482379823171388
90.90909090909092,18.18181818181818,7.664263975015846,0.6316055487946179
91.91919191919193,18.18181818181818,11.87846737402543,1.554603987077275
92.92929292929294,18.18181818181818,13.52357147161011,2.334889716462643
93.93939393939395,18.18181818181818,18.81744037894517,1.117983594496071
94.94949494949496,18.18181818181818,23.22896256175137,1.115023973149484
95.95959595959597,18.18181818181818,16.29785126626533,1.005450742121993
96.96969696969697,18.18181818181818,19.30562242133838,0.832015059723351
97.97979797979798,18.18181818181818,25.06729174097788,1.535371157401495
98.98989898989899,18.18181818181818,8.066163239142494,0.707947960342282
100.0,18.18181818181818,28.30018473441858,2.096798245912139
0.0,19.19191919191919,22.63342566864671,1.081002457794151
1.01010101010101,19.19191919191919,14.59285557229598,1.873470810558096
2.02020202020202,19.19191919191919,13.37519192447368,1.121343608465007
3.03030303030303,19.19191919191919,22.87729766713224,2.203195619753664
4.040404040404041,19.19191919191919,22.28755681930759,1.701021257227969
5.050505050505051,19.19191919191919,24.50130970221558,0.6876372738201986
6.060606060606061,19.19191919191919,16.28555078275985,1.411512566401316
7.070707070707071,19.19191919191919,15.63850722659626,0.9587476839048618
8.080808080808081,19.19191919191919,15.23863941291387,1.530752387259964
9.090909090909092,19.19191919191919,16.42544950148669,1.772312170156462
10.1010101010101,19.19191919191919,13.8223985100803,3.894388409856232
11.11111111111111,19.19191919191919,20.52459424719984,3.667189834661846
12.12121212121212,19.19191919191919,22.1809600225847,3.648948116695165
13.13131313131313,19.19191919191919,9.66800173865366,4.864474701380303
14.14141414141414,19.19191919191919,34.75128609108969,3.880389668749831
15.15151515151515,19.19191919191919,26.3789753536051,3.500172259018516
16.16161616161616,19.19191919191919,34.66351861421788,4.930524175802574
17.17171717171717,19.19191919191919,27.15569963667888,6.203563040735598
18.18181818181818,19.19191919191919,34.06610894457073,4.575970566700332
19.19191919191919,19.19191919191919,25.17128689626366,4.617920536798941
20.2020202020202,19.19191919191919,20.3832386805995,4.532907408446368
21.21212121212121,19.19191919191919,29.60837296621779,4.017220626702998
22.22222222222222,19.19191919191919,9.689006070705686,1.42747115708207
23.23232323232324,19.19191919191919,5.867992930458837,1.303026497051165
24.24242424242424,19.19191919191919,11.55137113999212,0.9566569681059993
25.25252525252525,19.19191919191919,5.900942289138048,1.550214001319808
26.26262626262626,19.19191919191919,16.68121886297389,2.129513595888857
27.27272727272727,19.19191919191919,12.38549875350855,1.529679060310857
28.28282828282828,19.19191919191919,14.32161230906331,0.3878363892308684
29.29292929292929,19.19191919191919,13.83549986664073,1.701737519066295
30.3030303030303,19.19191919191919,13.60119368074548,2.034376886978703
31.31313131313131,19.19191919191919,7.974346105497099,1.801175824672854
32.32323232323233,19.19191919191919,20.00289184577179,1.552288502918496
33.33333333333334,19.19191919191919,3.407460897171469,2.354298819701714
34.34343434343435,19.19191919191919,9.108601080952269,1.093527732675037
35.35353535353536,19.19191919191919,16.01645633048738,1.326534566450655
36.36363636363637,19.19191919191919,15.87452107546608,1.092294205483308
37.37373737373738,19.19191919191919,5.978752083859114,0.8203879251200985
38.38383838383839,19.19191919191919,16.49839120853905,1.749415980118956
39.3939393939394,19.19191919191919,12.67859361226283,1.223484050824768
40.40404040404041,19.19191919191919,27.57747410587869,1.588617994899879
41.41414141414142,19.19191919191919,23.44647888668152,4.412034899985471
42.42424242424243,19.19191919191919,22.06994737032033,4.78790563293119
43.43434343434344,19.19191919191919,10.45961945750563,3.039076785279307
44.44444444444445,19.19191919191919,27.11924989029288,5.425757676140091
45.45454545454546,19.19191919191919,15.16808641821814,4.336239137076408
46.46464646464647,19.19191919191919,21.76877575785316,4.643589681255056
47.47474747474748,19.19191919191919,32.96008111525916,3.792509951646883
48.48484848484848,19.19191919191919,17.3050871441299,4.089927233622229
49.49494949494949,19.19191919191919,25.31914805130572,3.581175860827583
50.50505050505051,19.19191919191919,18.36699038138527,4.264712463801143
51.51515151515152,19.19191919191919,30.33202562329558,4.784713534676783
52.52525252525253,19.19191919191919,28.84429755623015,4.752712719360993
53.53535353535354,19.19191919191919,18.6013666578679,0.8942737123237475
54.54545454545455,19.19191919191919,18.92473797853758,1.579692184375648
55.55555555555556,19.19191919191919,10.12232394472113,2.02673230707845
56.56565656565657,19.19191919191919,12.98208865762295,1.229330831104381
57.57575757575758,19.19191919191919,14.49042872156556,2.011954505731458
58.58585858585859,19.19191919191919,14.75489742552826,2.273923039047427
59.5959595959596,19.19191919191919,8.316655401776043,1.03359501756223
60.60606060606061,19.19191919191919,7.983828224079598,1.919663909917359
61.61616161616162,19.19191919191919,10.56305094297947,1.604593216888036
62.62626262626263,19.19191919191919,11.56785840478045,1.148909166524559
63.63636363636364,19.19191919191919,19.22960456476012,1.694369364268366
64.64646464646465,19.19191919191919,10.58014423593163,1.883026928222174
65.65656565656566,19.19191919191919,21.96958661271717,1.324480968945907
66.66666666666667,19.19191919191919,4.680806879186239,1.159658635819702
67.67676767676768,19.19191919191919,20.55533106371579,0.8926734594109651
68.68686868686869,19.19191919191919,17.69413503211677,1.279344065066729
69.6969696969697,19.19191919191919,21.4955470139362,1.155747252283181
70.70707070707071,19.19191919191919,16.2106707112647,1.921226715712576
71.71717171717172,19.19191919191919,9.71964613473052,1.509067977188876
72.72727272727273,19.19191919191919,6.287915440103592,4.987260484147336
73.73737373737374,19.19191919191919,32.40991836731161,4.366309984791486
74.74747474747475,19.19191919191919,20.09317079806149,4.967595957273579
75.75757575757576,19.19191919191919,16.23811646819579,4.9610086950636
76.76767676767678,19.19191919191919,33.6638550247113,5.190405372238928
77.77777777777779,19.19191919191919,27.15635993620988,2.752895626166652
78.7878787878788,19.19191919191919,26.61236760672001,4.54469562852803
79.7979797979798,19.19191919191919,23.80569906829091,4.943733198273037
80.80808080808082,19.19191919191919,30.44579711790997,4.006787579065783
81.81818181818183,19.19191919191919,28.99342412944707,5.774808591693174
82.82828282828284,19.19191919191919,16.72426916268073,5.762974122872039
83.83838383838385,19.19191919191919,12.41817934040033,4.029535404194188
84.84848484848486,19.19191919191919,14.77060450252783,2.068918051131636
85.85858585858587,19.19191919191919,14.76251608402377,1.042309799127572
86.86868686868688,19.19191919191919,16.1950201051955,1.77383249484022
87.87878787878789,19.19191919191919,21.30799591522259,0.780119051227151
88.8888888888889,19.19191919191919,13.37783885080961,1.342347002601169
89.89898989898991,19.19191919191919,11.730270128623,1.049410637748557
90.90909090909092,19.19191919191919,12.25714693217591,1.660448552041164
91.91919191919193,19.19191919191919,13.96122968919705,0.782071804140894
92.92929292929294,19.19191919191919,18.4263571040588,1.095804069396275
93.93939393939395,19.19191919191919,7.783115815021164,2.132420176843283
94.94949494949496,19.19191919191919,17.9079501117833,1.492487631886375
95.95959595959597,19.19191919191919,12.06281448155772,1.105103171496945
96.96969696969697,19.19191919191919,20.92067190022262,1.656897013091093
97.97979797979798,19.19191919191919,18.29553512192328,1.466036183504567
98.98989898989899,19.19191919191919,23.12013532446609,1.683999974155108
100.0,19.19191919191919,13.69581348112594,1.184620908785725
0.0,20.2020202020202,18.88969218222589,0.6392310339609029
1.01010101010101,20.2020202020202,16.934995918587,0.9633843243943697
2.02020202020202,20.2020202020202,20.86306316788466,1.044096260214312
3.03030303030303,20.2020202020202,12.80228007689216,1.331265845705383
4.040404040404041,20.2020202020202,15.67321500723481,1.630868825873521
5.050505050505051,20.2020202020202,11.59036723673472,1.975964973940191
6.060606060606061,20.2020202020202,16.89098795167318,1.980934990050062
7.070707070707071,20.2020202020202,7.016820773736239,1.260375355998825
8.080808080808081,20.2020202020202,18.58859463304476,1.077821381974671
9.090909090909092,20.2020202020202,16.42285720350154,3.170941404608255
10.1010101010101,20.2020202020202,35.61126957791237,3.499045477352033
11.11111111111111,20.2020202020202,26.8675204919963,5.318738736110594
12.12121212121212,20.2020202020202,21.84019451155908,5.942015853299043
13.13131313131313,20.2020202020202,8.34984727539741,4.330979513685747
14.14141414141414,20.2020202020202,16.78469152445144,4.345360350660665
15.15151515151515,20.2020202020202,23.40407173177218,5.007965621750471
16.16161616161616,20.2020202020202,29.60953845915966,3.630022759022999
17.17171717171717,20.2020202020202,32.56870400440454,5.10336944397399
18.18181818181818,20.2020202020202,13.30077808003377,4.89433372642235
19.19191919191919,20.2020202020202,16.41045022318659,4.299600866552562
20.2020202020202,20.2020202020202,23.05417903671821,4.650514314333028
21.21212121212121,20.2020202020202,20.15246702158198,3.915266657078683
22.22222222222222,20.2020202020202,25.42785966087503,4.774891200436908
23.23232323232324,20.2020202020202,17.13176756088513,1.356644025957844
24.24242424242424,20.2020202020202,9.234232314391912,1.22659992249838
25.25252525252525,20.2020202020202,7.452386075416733,1.762375423434884
26.26262626262626,20.2020202020202,12.64232209230554,1.0493617019684
27.27272727272727,20.2020202020202,12.96937275539538,1.498026308377381
28.28282828282828,20.2020202020202,6.276582898257738,1.255895054462635
29.29292929292929,20.2020202020202,16.91600986446886,0.9065823863094522
30.3030303030303,20.2020202020202,18.88649068894738,0.6049219070936561
31.31313131313131,20.2020202020202,17.59051150581445,1.560195615852131
32.32323232323233,20.2020202020202,18.40025765332607,1.061925349570091
33.33333333333334,20.2020202020202,15.90967736281867,1.780264839844284
34.34343434343435,20.2020202020202,10.13338938275993,0.9109548165046667
35.35353535353536,20.2020202020202,9.435244395528162,1.939589930626614
36.36363636363637,20.2020202020202,17.99191439107059,0.8628781749024309
37.37373737373738,20.2020202020202,22.31427257815014,1.17430124406409
38.38383838383839,20.2020202020202,11.97033964224157,1.402890777143117
39.3939393939394,20.2020202020202,9.315164040406794,1.716372725519254
40.40404040404041,20.2020202020202,13.56982130554861,4.471975264999967
41.41414141414142,20.2020202020202,14.69895630234357,4.640298210596438
42.42424242424243,20.2020202020202,26.63737433763838,5.366811798723611
43.43434343434344,20.2020202020202,30.34767307539664,5.919816653481774
44.44444444444445,20.2020202020202,22.99378645051971,4.833188221214149
45.45454545454546,20.2020202020202,26.32671020690797,5.046132149759778
46.46464646464647,20.2020202020202,17.88299591351722,3.095992840509965
47.47474747474748,20.2020202020202,35.89180042793871,4.658108831419059
48.48484848484848,20.2020202020202,27.04082161978247,3.74622452723802
49.49494949494949,20.2020202020202,4.04860293076803,4.395689616081382
50.50505050505051,20.2020202020202,32.08153430089002,3.195216304211153
51.51515151515152,20.2020202020202,17.82608737516794,5.923366605591987
52.52525252525253,20.2020202020202,5.280435241326118,4.983604666593444
53.53535353535354,20.2020202020202,18.34661234035768,4.879634452172228
54.54545454545455,20.2020202020202,9.271897141419425,0.9614572723062759
55.55555555555556,20.2020202020202,24.18702553170503,1.402313321780744
56.56565656565657,20.2020202020202,16.8386105503681,2.085887861702925
57.57575757575758,20.2020202020202,22.01747798871041,1.489191138885213
58.58585858585859,20.2020202020202,12.30360544319976,1.461282574569519
59.5959595959596,20.2020202020202,21.22895303194206,1.820187937328779
60.60606060606061,20.2020202020202,18.48185907843359,1.182757433347786
61.61616161616162,20.2020202020202,17.96700479277113,2.007078238197721
62.62626262626263,20.2020202020202,13.44346853704233,1.55284859859716
63.63636363636364,20.2020202020202,7.47531300785309,1.787304813091131
64.64646464646465,20.2020202020202,14.26875268188649,1.093924292360217
65.65656565656566,20.2020202020202,16.2747879676524,1.168997535376177
66.66666666666667,20.2020202020202,22.79619120402454,1.881596489453576
67.67676767676768,20.2020202020202,11.66267738377259,1.988082504031898
68.68686868686869,20.2020202020202,21.95973216513962,1.637768263505284
69.6969696969697,20.2020202020202,14.0624528619366,1.121638401222027
70.70707070707071,20.2020202020202,13.85373276134928,1.905115697975641
71.71717171717172,20.2020202020202,16.25613949726481,1.428480838507607
72.72727272727273,20.2020202020202,8.065480631620138,5.181351034253587
73.73737373737374,20.2020202020202,18.59655433885557,3.941725060362292
74.74747474747475,20.2020202020202,10.34705604921249,3.795661652259774
75.75757575757576,20.2020202020202,28.27549863414695,5.076989707835511
76.76767676767678,20.2020202020202,30.18949882702383,4.027174493565099
77.77777777777779,20.2020202020202,5.096657983441083,3.888419895629981
78.7878787878788,20.2020202020202,27.55530001378147,4.310088484265141
79.7979797979798,20.2020202020202,19.47045106147878,3.8839705849669
80.80808080808082,20.2020202020202,21.12892105068149,4.296478430016006
81.81818181818183,20.2020202020202,17.15123039688059,4.375692223990296
82.82828282828284,20.2020202020202,20.05742296368287,3.984978125862803
83.83838383838385,20.2020202020202,13.02413152671645,4.787884281556436
84.84848484848486,20.2020202020202,14.24100228974838,4.577299048916822
85.85858585858587,20.2020202020202,11.6694515618794,1.077435611836003
86.86868686868688,20.2020202020202,16.50351872725123,1.33905417343176
87.87878787878789,20.2020202020202,13.00473847168523,0.809611154574813
88.8888888888889,20.2020202020202,14.78679179622341,0.8308414122606957
89.89898989898991,20.2020202020202,15.34091361942399,1.336065183515263
90.90909090909092,20.2020202020202,15.11902599191614,1.111507066550546
91.91919191919193,20.2020202020202,11.1763812687544,1.894432417441697
92.92929292929294,20.2020202020202,6.484653049952564,1.580103749649105
93.93939393939395,20.2020202020202,13.6921497874734,1.358439417612663
94.94949494949496,20.2020202020202,12.90194057514278,0.7235340136309543
95.95959595959597,20.2020202020202,5.123399885509714,1.403338922913426
96.96969696969697,20.2020202020202,21.91232142855954,2.080467591717227
97.97979797979798,20.2020202020202,2.915709339687955,2.353762627185605
98.98989898989899,20.2020202020202,11.04611083701004,1.812845144266616
100.0,20.2020202020202,15.00056981126063,1.799235550321568
0.0,21.21212121212121,16.97349251677539,1.373785009084572
1.01010101010101,21.21212121212121,23.22510520195753,1.337097349318009
2.02020202020202,21.21212121212121,18.60579031017735,1.649100948297327
3.03030303030303,21.21212121212121,1.852359745533369,1.604335096551196
4.040404040404041,21.21212121212121,5.405433289255505,1.98249466591704
5.050505050505051,21.21212121212121,20.8276356175043,1.444376761565255
6.060606060606061,21.21212121212121,19.91838786580224,0.5289466374897829
7.070707070707071,21.21212121212121,21.49089685233495,0.3097284202203106
8.080808080808081,21.21212121212121,12.56937787155052,0.9905751989240126
9.090909090909092,21.21212121212121,8.527419329060006,4.925609710122439
10.1010101010101,21.21212121212121,33.71581555899021,3.213550701564973
11.11111111111111,21.21212121212121,18.53396307333391,4.067187630446798
12.12121212121212,21.21212121212121,15.0380505260181,4.651546618867263
13.13131313131313,21.21212121212121,24.87684827656437,3.131588069945018
14.14141414141414,21.21212121212121,21.66660002776631,4.440925540530099
15.15151515151515,21.21212121212121,17.24364870572344,4.907425876313946
16.16161616161616,21.21212121212121,24.83186785730454,4.195976296518903
17.17171717171717,21.21212121212121,16.76997829670783,5.549405338586148
18.18181818181818,21.21212121212121,30.99622724159313,3.431509654697368
19.19191919191919,21.21212121212121,19.55045464004548,3.394665453998281
20.2020202020202,21.21212121212121,15.14869050449669,5.48876874095279
21.21212121212121,21.21212121212121,18.93376919822148,5.132430182819707
22.22222222222222,21.21212121212121,24.25165483672924,4.853921457667734
23.23232323232324,21.21212121212121,19.56924113772637,5.114968769584478
24.24242424242424,21.21212121212121,18.82033843530104,1.547962153153648
25.25252525252525,21.21212121212121,14.48661149492926,1.99904794773951
26.26262626262626,21.21212121212121,14.69327629572285,1.893557444551541
27.27272727272727,21.21212121212121,20.38070777469176,0.8820673793201214
28.28282828282828,21.21212121212121,13.02621924923262,2.093285660691769
29.29292929292929,21.21212121212121,10.01833048682497,2.412728766567746
30.3030303030303,21.21212121212121,3.755505167205351,1.858639931664166
31.31313131313131,21.21212121212121,16.38549202782865,1.071209869010645
32.32323232323233,21.21212121212121,18.15716302928086,1.702017719737141
33.33333333333334,21.21212121212121,10.21054670421084,0.7315191524529904
34.34343434343435,21.21212121212121,8.56798867436609,1.478963970332546
35.35353535353536,21.21212121212121,24.06882517678103,1.334724685505057
36.36363636363637,21.21212121212121,18.85368898117471,2.3293052605084
37.37373737373738,21.21212121212121,17.86250433331346,1.817688692324703
38.38383838383839,21.21212121212121,19.04368948782107,2.002322023430398
39.3939393939394,21.21212121212121,15.54224592284345,1.802231502347268
40.40404040404041,21.21212121212121,19.2872202432222,5.215974577802781
41.41414141414142,21.21212121212121,22.82042947862446,4.106641934515348
42.42424242424243,21.21212121212121,16.53400086071964,6.330682515430769
43.43434343434344,21.21212121212121,40.00136605629461,5.457954629077475
44.44444444444445,21.21212121212121,30.21651323821967,3.645584408980455
45.45454545454546,21.21212121212121,8.433212165328523,4.066090391241339
46.46464646464647,21.21212121212121,31.62214569832808,3.815241142822108
47.47474747474748,21.21212121212121,7.000002663979572,4.696883276471199
48.48484848484848,21.21212121212121,25.03289434227696,4.628900260718313
49.49494949494949,21.21212121212121,1.273236636308326,4.672600496369449
50.50505050505051,21.21212121212121,20.18467431278136,4.525707443964751
51.51515151515152,21.21212121212121,23.77091368569593,5.246539351043319
52.52525252525253,21.21212121212121,14.39276139721645,4.911040110330619
53.53535353535354,21.21212121212121,29.81061154471422,4.682073316360667
54.54545454545455,21.21212121212121,19.47467299830318,5.112910878825924
55.55555555555556,21.21212121212121,7.032305673348517,0.5415952276527565
56.56565656565657,21.21212121212121,13.99778931345562,1.755107309547114
57.57575757575758,21.21212121212121,17.80371461088789,0.7004335328122205
58.58585858585859,21.21212121212121,24.89687445193738,1.894728198223553
59.5959595959596,21.21212121212121,13.79789641074118,2.402862675808316
60.60606060606061,21.21212121212121,16.49358603547921,1.788179053682751
61.61616161616162,21.21212121212121,14.28276067328719,1.30099047225459
62.62626262626263,21.21212121212121,3.77380612516123,2.45250871603857
63.63636363636364,21.21212121212121,12.37991866787405,0.9611338139724547
64.64646464646465,21.21212121212121,20.42724912861538,1.956895332901662
65.65656565656566,21.21212121212121,12.87131477048653,2.099782858560874
66.66666666666667,21.21212121212121,16.79465470004988,2.188907692129675
67.67676767676768,21.21212121212121,9.473914041643846,1.534043393661784
68.68686868686869,21.21212121212121,11.69780788037738,1.331352518504192
69.6969696969697,21.21212121212121,14.40838998685225,1.086817565987868
70.70707070707071,21.21212121212121,20.75254897738347,0.3648778379336082
71.71717171717172,21.21212121212121,10.10906201311539,4.789473469967304
72.72727272727273,21.21212121212121,19.01036012534994,6.281381701696994
73.73737373737374,21.21212121212121,22.60444143281189,3.746750721448569
74.74747474747475,21.21212121212121,21.55386160713964,4.443603104729734
75.75757575757576,21.21212121212121,27.8062882848858,5.41662186272959
76.76767676767678,21.21212121212121,18.7679954862655,4.582426755602741
77.77777777777779,21.21212121212121,18.92538831920301,4.044584884145142
78.7878787878788,21.21212121212121,22.28852648897979,5.037607960499797
79.7979797979798,21.21212121212121,11.86907522560757,3.952398450549552
80.80808080808082,21.21212121212121,21.60605540132847,4.094673498286904
81.81818181818183,21.21212121212121,17.49139399898669,3.743023636535246
82.82828282828284,21.21212121212121,24.99951618843757,3.661534144701503
83.83838383838385,21.21212121212121,23.44122263791365,5.000564481002561
84.84848484848486,21.21212121212121,26.28928713120942,3.982837347813214
85.85858585858587,21.21212121212121,27.140962916013,4.471819404059121
86.86868686868688,21.21212121212121,14.89452536019069,1.636660230323507
87.87878787878789,21.21212121212121,8.885037700281849,2.520231331783956
88.8888888888889,21.21212121212121,12.49012040486759,1.90430247495342
89.89898989898991,21.21212121212121,22.18501945639684,1.256297359789087
90.90909090909092,21.21212121212121,13.53383802502561,2.012132930026585
91.91919191919193,21.21212121212121,18.60515012194355,1.949451580612343
92.92929292929294,21.21212121212121,23.58864118292209,2.037514067357094
93.93939393939395,21.21212121212121,15.72620040890901,0.720761185215828
94.94949494949496,21.21212121212121,25.20721180150102,1.016629434742614
95.95959595959597,21.21212121212121,6.188326955982206,2.174021341796302
96.96969696969697,21.21212121212121,9.772979559465016,1.916221570022805
97.97979797979798,21.21212121212121,10.68831040736826,1.952821391772838
98.98989898989899,21.21212121212121,9.462003939995238,2.340855826934983
100.0,21.21212121212121,14.4014424940104,1.788241387175106
0.0,22.22222222222222,9.317785235352972,0.878882351250755
1.01010101010101,22.22222222222222,19.92867795341598,1.155580869947807
2.02020202020202,22.22222222222222,20.83121463682016,2.100706722806416
3.03030303030303,22.22222222222222,16.90180751502714,1.517449092919026
4.040404040404041,22.22222222222222,15.74720810333281,1.697621061430983
5.050505050505051,22.22222222222222,11.91576080906789,0.7394282643101806
6.060606060606061,22.22222222222222,5.758732531276029,2.126125150045276
7.070707070707071,22.22222222222222,10.4590654484107,0.9828995960828957
8.080808080808081,22.22222222222222,20.41952315969706,4.742986057884401
9.090909090909092,22.22222222222222,32.56099211835502,4.302554950790885
10.1010101010101,22.22222222222222,20.0358590034386,6.559685799976357
11.11111111111111,22.22222222222222,17.91285491441254,4.830388290000736
12.12121212121212,22.22222222222222,23.40529865401331,5.150239022760178
13.13131313131313,22.22222222222222,33.15305850264722,4.143426436069461
14.14141414141414,22.22222222222222,20.53644002514746,3.547695338136633
15.15151515151515,22.22222222222222,8.321498910789725,5.494218614786603
16.16161616161616,22.22222222222222,24.17837477491665,4.396581070118737
17.17171717171717,22.22222222222222,25.69502403122457,4.378137571509972
18.18181818181818,22.22222222222222,17.53029608274479,4.480662577081548
19.19191919191919,22.22222222222222,25.40926671448227,6.010878048938078
20.2020202020202,22.22222222222222,23.23308072877173,3.351766763370812
21.21212121212121,22.22222222222222,27.30583922442166,3.364144696160925
22.22222222222222,22.22222222222222,22.77892047102696,5.02733172553607
23.23232323232324,22.22222222222222,18.07889691388798,4.57736016078485
24.24242424242424,22.22222222222222,12.51842312681314,1.901936969367307
25.25252525252525,22.22222222222222,13.28660042307435,1.766517203676474
26.26262626262626,22.22222222222222,15.34735029671299,1.483326017077211
27.27272727272727,22.22222222222222,14.71138061094392,1.174791476970311
28.28282828282828,22.22222222222222,16.874756265915,1.76629111116292
29.29292929292929,22.22222222222222,20.14363350780767,1.899623110804506
30.3030303030303,22.22222222222222,9.28855570305619,1.59800749138512
31.31313131313131,22.22222222222222,3.628649344241293,1.265209945921688
32.32323232323233,22.22222222222222,17.89432838854536,1.753457976904198
33.33333333333334,22.22222222222222,15.67205947659721,1.071487871442117
34.34343434343435,22.22222222222222,13.79370770538393,1.719584208959
35.35353535353536,22.22222222222222,13.6290684224163,1.60133766437077
36.36363636363637,22.22222222222222,16.1677852453526,0.8699815257851456
37.37373737373738,22.22222222222222,13.27179343793755,1.106454292783958
38.38383838383839,22.22222222222222,10.25840771756553,1.868630274965112
39.3939393939394,22.22222222222222,15.14402528639089,4.078168087537179
40.40404040404041,22.22222222222222,25.41053007805459,4.619435612306991
41.41414141414142,22.22222222222222,34.19095849559625,3.666095661841566
42.42424242424243,22.22222222222222,19.0713095084353,3.292236391619437
43.43434343434344,22.22222222222222,30.92545128025809,5.646559117671484
44.44444444444445,22.22222222222222,24.04246640288898,4.030866385321967
45.45454545454546,22.22222222222222,24.14784826192152,4.122089807770385
46.46464646464647,22.22222222222222,9.033872741844677,4.502351410945207
47.47474747474748,22.22222222222222,16.7449292564096,4.220673042347928
48.48484848484848,22.22222222222222,26.51097557983043,5.355884995517087
49.49494949494949,22.22222222222222,27.45126554647138,4.833190016488445
50.50505050505051,22.22222222222222,24.68673615831112,4.018576018526365
51.51515151515152,22.22222222222222,22.66063872071674,4.140020741878311
52.52525252525253,22.22222222222222,12.24049882067479,5.378011473412784
53.53535353535354,22.22222222222222,23.82629895725443,4.897442481766067
54.54545454545455,22.22222222222222,19.63156794731936,4.295899882952081
55.55555555555556,22.22222222222222,22.18266554883612,4.720291649805053
56.56565656565657,22.22222222222222,22.05127022448015,1.490463946390708
57.57575757575758,22.22222222222222,15.49577230468344,1.311650926476745
58.58585858585859,22.22222222222222,10.31484134682059,1.458323199513683
59.5959595959596,22.22222222222222,14.03954774833604,2.034419009919607
60.60606060606061,22.22222222222222,18.36331740056747,2.353863627625365
61.61616161616162,22.22222222222222,17.09341671687682,1.97091830630569
62.62626262626263,22.22222222222222,9.539509920413545,1.760564909887003
63.63636363636364,22.22222222222222,25.38644236455016,1.175676259598246
64.64646464646465,22.22222222222222,10.34514891236889,2.006007950530392
65.65656565656566,22.22222222222222,16.69277868412725,0.57813234827171
66.66666666666667,22.22222222222222,13.10354570296607,1.772503580424241
67.67676767676768,22.22222222222222,12.60344270591496,1.685788081758433
68.68686868686869,22.22222222222222,25.37845020971219,2.144722800194489
69.6969696969697,22.22222222222222,12.42460064386467,1.652470425847701
70.70707070707071,22.22222222222222,15.4796292834765,3.964198205534311
71.71717171717172,22.22222222222222,36.35400185631471,4.914705482206909
72.72727272727273,22.22222222222222,28.32961272865846,4.241530484165636
73.73737373737374,22.22222222222222,26.63599986683902,3.543416717154722
74.74747474747475,22.22222222222222,25.83213801560973,4.022791842568647
75.75757575757576,22.22222222222222,30.8682753957027,6.756656596288328
76.76767676767678,22.22222222222222,9.426733577248154,3.451678143068491
77.77777777777779,22.22222222222222,33.80067721955101,4.543604462381443
78.7878787878788,22.22222222222222,21.11297337844494,5.14892453652881
79.7979797979798,22.22222222222222,18.08985280056591,3.998223153459467
80.80808080808082,22.22222222222222,17.46065984254729,4.105783767973742
81.81818181818183,22.22222222222222,27.97517774293541,3.688394725610277
82.82828282828284,22.22222222222222,20.5018366509558,5.272646352091254
83.83838383838385,22.22222222222222,27.70656265125168,4.175307015998176
84.84848484848486,22.22222222222222,11.25378272337415,5.211397539022464
85.85858585858587,22.22222222222222,30.14018282600797,3.993552825159345
86.86868686868688,22.22222222222222,21.19735662216319,4.974169391374369
87.87878787878789,22.22222222222222,20.12896398863198,1.981567798646244
88.8888888888889,22.22222222222222,4.883383010569987,2.515785140263782
89.89898989898991,22.22222222222222,16.05784853850536,1.190279640086555
90.90909090909092,22.22222222222222,14.13521290604313,1.423329419511617
91.91919191919193,22.22222222222222,14.55953977985875,1.77628800597404
92.92929292929294,22.22222222222222,24.45536269122082,1.976253382457505
93.93939393939395,22.22222222222222,14.70127846975578,1.677540318208243
94.94949494949496,22.22222222222222,19.34140487762653,1.416932366579655
95.95959595959597,22.22222222222222,24.17343258570789,2.501456299052817
96.96969696969697,22.22222222222222,17.10862530486249,1.747474975346196
97.97979797979798,22.22222222222222,12.82996556612884,1.149922716725162
98.98989898989899,22.22222222222222,21.66121587325725,1.471729774211555
100.0,22.22222222222222,14.90249010049936,1.129805245143689
0.0,23.23232323232324,15.53593189383324,1.786216817613819
1.01010101010101,23.23232323232324,17.49125309122514,1.476184043101453
2.02020202020202,23.23232323232324,11.30479483005954,1.653218302761476
3.03030303030303,23.23232323232324,14.91348624599889,1.606827381831154
4.040404040404041,23.23232323232324,9.77336058861068,1.033787888268819
5.050505050505051,23.23232323232324,4.959155899157186,1.253307698058657
6.060606060606061,23.23232323232324,11.2652289825897,1.161052516941525
7.070707070707071,23.23232323232324,29.58725702920204,6.822508677241712
8.080808080808081,23.23232323232324,17.11002544645184,3.451728019323019
9.090909090909092,23.23232323232324,15.06179621219375,3.485212147466643
10.1010101010101,23.23232323232324,18.8993706482549,3.806436417464932
11.11111111111111,23.23232323232324,13.84849917961274,2.907635675711856
12.12121212121212,23.23232323232324,26.93876878365408,4.838036183304609
13.13131313131313,23.23232323232324,30.01594974853928,4.647996660219373
14.14141414141414,23.23232323232324,23.24266278664847,3.690086656265393
15.15151515151515,23.23232323232324,28.75497661130047,4.786973795741639
16.16161616161616,23.23232323232324,26.88898278105336,4.079882681537014
17.17171717171717,23.23232323232324,18.15628069100391,3.704244314409594
18.18181818181818,23.23232323232324,33.54032451140232,4.004813691775523
19.19191919191919,23.23232323232324,12.7561136952845,5.407611345904015
20.2020202020202,23.23232323232324,27.3529057632165,4.014674789271282
21.21212121212121,23.23232323232324,21.8130054950352,5.766275182177793
22.22222222222222,23.23232323232324,26.56934196947703,4.3286701970894
23.23232323232324,23.23232323232324,21.41556901735769,4.99134894691709
24.24242424242424,23.23232323232324,26.03084855146952,5.22653454567922
25.25252525252525,23.23232323232324,36.0125636458629,4.312021648180713
26.26262626262626,23.23232323232324,22.86301888099021,1.640314017814319
27.27272727272727,23.23232323232324,17.94125851452117,0.9433276736575152
28.28282828282828,23.23232323232324,14.94729708262641,2.126638940034518
29.29292929292929,23.23232323232324,1.013171480510728,1.427845885434185
30.3030303030303,23.23232323232324,15.00763757308647,1.487829750826088
31.31313131313131,23.23232323232324,20.48372878639503,1.844484364575046
32.32323232323233,23.23232323232324,13.42756162177021,2.486526171343594
33.33333333333334,23.23232323232324,21.53671382505303,1.359776325794209
34.34343434343435,23.23232323232324,8.067446808328993,1.297602316308061
35.35353535353536,23.23232323232324,20.31629755434795,1.857369023032989
36.36363636363637,23.23232323232324,16.79602499043816,1.259372422680186
37.37373737373738,23.23232323232324,21.1781742021582,2.054878177340717
38.38383838383839,23.23232323232324,37.0122197189426,4.932078810211727
39.3939393939394,23.23232323232324,17.82966801902892,4.945335386355353
40.40404040404041,23.23232323232324,18.74079085040172,5.096985186690364
41.41414141414142,23.23232323232324,21.68703652134023,4.7969377690341
42.42424242424243,23.23232323232324,25.77634320545706,3.531818665854882
43.43434343434344,23.23232323232324,19.13378968394119,4.553381096976418
44.44444444444445,23.23232323232324,22.58974309138392,4.066905619870353
45.45454545454546,23.23232323232324,22.09652593010003,4.274873782280182
46.46464646464647,23.23232323232324,25.811800464835,3.886507660241262
47.47474747474748,23.23232323232324,37.26149761329899,4.854402074955222
48.48484848484848,23.23232323232324,3.272797315509259,4.33379110439669
49.49494949494949,23.23232323232324,23.38369132795457,3.59506071541207
50.50505050505051,23.23232323232324,22.82316532523804,3.974097569503303
51.51515151515152,23.23232323232324,25.70379730474373,4.370781020015179
52.52525252525253,23.23232323232324,21.73352538741795,4.880629620517684
53.53535353535354,23.23232323232324,12.54482142843473,6.10312928483124
54.54545454545455,23.23232323232324,30.93889813824875,4.593851805830509
55.55555555555556,23.23232323232324,14.91461701249757,4.930003943917734
56.56565656565657,23.23232323232324,37.25001569563536,4.857348984694829
57.57575757575758,23.23232323232324,17.16899022048348,0.9262619535042274
58.58585858585859,23.23232323232324,10.83894860507243,1.620861051614707
59.5959595959596,23.23232323232324,14.90560242617073,2.093164622235621
60.60606060606061,23.23232323232324,22.81354454404845,1.586238801607296
61.61616161616162,23.23232323232324,11.45101557777437,1.93561079191359
62.62626262626263,23.23232323232324,4.83370892222635,1.229709322927457
63.63636363636364,23.23232323232324,17.20484142350515,0.5683672082732082
64.64646464646465,23.23232323232324,18.5866348849224,1.653128576729507
65.65656565656566,23.23232323232324,12.71244617367679,1.26904760507165
66.66666666666667,23.23232323232324,12.71061197802806,2.208845844659219
67.67676767676768,23.23232323232324,17.00787650303007,2.140762831168925
68.68686868686869,23.23232323232324,8.939397281283366,1.73209401815442
69.6969696969697,23.23232323232324,27.1833155860067,5.297360714167048
70.70707070707071,23.23232323232324,14.66629696125245,4.594923499445402
71.71717171717172,23.23232323232324,27.08936670436086,5.343240027934286
72.72727272727273,23.23232323232324,20.50828861622914,4.924646432218727
73.73737373737374,23.23232323232324,24.00571245918073,4.666223237893627
74.74747474747475,23.23232323232324,18.90628501178924,3.724546100858376
75.75757575757576,23.23232323232324,20.91233401260622,4.025169593772868
76.76767676767678,23.23232323232324,22.13643342284438,3.412066193372194
77.77777777777779,23.23232323232324,15.58910216034062,3.499653665817878
78.7878787878788,23.23232323232324,25.63693377898089,4.947261279955044
79.7979797979798,23.23232323232324,29.52774770966068,4.490453858705767
80.80808080808082,23.23232323232324,33.72449308917603,4.693232710626899
81.81818181818183,23.23232323232324,12.52971696182528,3.947030318578702
82.82828282828284,23.23232323232324,25.40513032765294,4.595868361905023
83.83838383838385,23.23232323232324,19.03832609284665,3.759283227222995
84.84848484848486,23.23232323232324,33.75578087949947,5.186217912922236
85.85858585858587,23.23232323232324,26.53002150947737,3.865902552589946
86.86868686868688,23.23232323232324,18.76026472135497,5.584227415864457
87.87878787878789,23.23232323232324,26.23809345955829,4.122446384231974
88.8888888888889,23.23232323232324,9.295274868085864,1.401464993731767
89.89898989898991,23.23232323232324,6.090472617492084,2.454514788532959
90.90909090909092,23.23232323232324,14.63756247187838,0.9975136143251839
91.91919191919193,23.23232323232324,24.44332802824768,1.964056933188687
92.92929292929294,23.23232323232324,24.50560748428224,0.6222848097572358
93.93939393939395,23.23232323232324,15.71468427850941,1.201310072534542
94.94949494949496,23.23232323232324,12.7901057941247,2.545365509634884
95.95959595959597,23.23232323232324,11.40446196781546,1.356517180244741
96.96969696969697,23.23232323232324,15.0686229752992,1.152212777893383
97.97979797979798,23.23232323232324,14.69547091535301,1.979713934975527
98.98989898989899,23.23232323232324,16.05370638906152,1.356446129167871
100.0,23.23232323232324,11.42988658201176,1.781167643006379
0.0,24.24242424242424,17.92139949327984,2.176321636492802
1.01010101010101,24.24242424242424,16.16266701442195,1.601092356307837
2.02020202020202,24.24242424242424,14.51387213607239,1.383085416300157
3.03030303030303,24.24242424242424,9.730825689329505,1.194190206524855
4.040404040404041,24.24242424242424,20.46379005231493,1.112190496922574
5.050505050505051,24.24242424242424,16.13695839932631,5.379934759071678
6.060606060606061,24.24242424242424,20.70965044176027,5.392003276843036
7.070707070707071,24.24242424242424,10.11354762530269,4.039662960614546
8.080808080808081,24.24242424242424,28.1107789229299,2.892661667349613
9.090909090909092,24.24242424242424,43.9582744894773,4.704285241680102
10.1010101010101,24.24242424242424,22.75901431005418,4.788408508235271
11.11111111111111,24.24242424242424,12.01683043371113,3.466245527821611
12.12121212121212,24.24242424242424,25.24854724446136,4.488545898132629
13.13131313131313,24.24242424242424,23.88092318157469,3.98035788737694
14.14141414141414,24.24242424242424,19.83949382660945,4.905507048815874
15.15151515151515,24.24242424242424,16.32774996610934,4.796375262237177
16.16161616161616,24.24242424242424,20.89513201312906,4.48702586668691
17.17171717171717,24.24242424242424,21.68969415361724,5.360406023182714
18.18181818181818,24.24242424242424,19.73846844384069,4.151399196879402
19.19191919191919,24.24242424242424,26.07052871216278,4.048673987283446
20.2020202020202,24.24242424242424,31.28029664258057,3.753408772195835
21.21212121212121,24.24242424242424,26.30278785391384,5.449593881662173
22.22222222222222,24.24242424242424,16.28699812947724,4.212219763745227
23.23232323232324,24.24242424242424,15.75702515189354,5.179853143572202
24.24242424242424,24.24242424242424,12.4500483458762,4.586813216118071
25.25252525252525,24.24242424242424,16.86995534631427,5.454376801281852
26.26262626262626,24.24242424242424,39.27957732787384,4.860449830293534
27.27272727272727,24.24242424242424,18.20191627269529,1.408643772985488
28.28282828282828,24.24242424242424,20.78866860111415,1.147789390245865
29.29292929292929,24.24242424242424,8.613394834768378,1.960885634179021
30.3030303030303,24.24242424242424,10.42523252601272,1.209677243009355
31.31313131313131,24.24242424242424,15.06189626519634,1.875174433035179
32.32323232323233,24.24242424242424,23.29210723451257,1.651175405326141
33.33333333333334,24.24242424242424,18.01791316338998,1.190069764126769
34.34343434343435,24.24242424242424,21.77295872514341,2.386400307592652
35.35353535353536,24.24242424242424,17.96595261576601,1.462125173152107
36.36363636363637,24.24242424242424,17.82305675563408,1.920785339447987
37.37373737373738,24.24242424242424,14.67772238364141,4.428676049112368
38.38383838383839,24.24242424242424,34.23235377748466,5.245352675559512
39.3939393939394,24.24242424242424,36.80166459592697,3.496627112278689
40.40404040404041,24.24242424242424,16.33358167868449,5.516530255385888
41.41414141414142,24.24242424242424,10.09342307929549,6.070285336820995
42.42424242424243,24.24242424242424,22.99720233377245,3.480876701496813
43.43434343434344,24.24242424242424,30.08039459838603,5.070193499800767
44.44444444444445,24.24242424242424,18.96455241096276,4.411324990236348
45.45454545454546,24.24242424242424,28.6847123305456,5.407558498695096
46.46464646464647,24.24242424242424,20.64548045520461,4.417203992362263
47.47474747474748,24.24242424242424,23.3353262238775,5.365221416764331
48.48484848484848,24.24242424242424,37.49292573901241,3.267463204971944
49.49494949494949,24.24242424242424,26.14831461685498,4.396594169937117
50.50505050505051,24.24242424242424,20.02682827519301,4.983876469222487
51.51515151515152,24.24242424242424,16.92093816600989,6.070219830406577
52.52525252525253,24.24242424242424,30.39646233936047,5.447339063727107
53.53535353535354,24.24242424242424,21.48981195316278,5.265201013751807
54.54545454545455,24.24242424242424,22.51334063064501,3.864010674016712
55.55555555555556,24.24242424242424,15.08610506708862,3.497543876724708
56.56565656565657,24.24242424242424,25.48076392522677,5.26145114201041
57.57575757575758,24.24242424242424,37.08429484208065,5.536969504110338
58.58585858585859,24.24242424242424,18.77791708328343,1.301689016470304
59.5959595959596,24.24242424242424,18.1024391287953,1.415377750929633
60.60606060606061,24.24242424242424,9.720262286290302,1.01484249464513
61.61616161616162,24.24242424242424,14.44402687475215,1.910415847932361
62.62626262626263,24.24242424242424,16.04386451889639,1.316734485804093
63.63636363636364,24.24242424242424,14.96888652951144,1.377002121954146
64.64646464646465,24.24242424242424,5.127832098023664,1.704117873797949
65.65656565656566,24.24242424242424,20.87620957815299,1.378079549591744
66.66666666666667,24.24242424242424,7.14990795934741,1.504736768141799
67.67676767676768,24.24242424242424,14.98307597947194,0.4575152809055008
68.68686868686869,24.24242424242424,26.07810077213967,4.633872643783354
69.6969696969697,24.24242424242424,27.33101325797367,5.701022134444707
70.70707070707071,24.24242424242424,26.60804234689034,3.73685417539804
71.71717171717172,24.24242424242424,35.4695590399823,3.425100214962183
72.72727272727273,24.24242424242424,32.76436424350419,3.47126355423202
73.73737373737374,24.24242424242424,16.38048684091173,5.665519123326249
74.74747474747475,24.24242424242424,7.468223688841331,4.981064111437983
75.75757575757576,24.24242424242424,23.77944884643001,4.988244043251304
76.76767676767678,24.24242424242424,24.50845778020339,2.743195837877928
77.77777777777779,24.24242424242424,20.72273581046253,5.539877660673509
78.7878787878788,24.24242424242424,19.30084282357728,3.279639923646863
79.7979797979798,24.24242424242424,22.48343474898895,4.01230474440168
80.80808080808082,24.24242424242424,8.382428016927573,3.973221828731599
81.81818181818183,24.24242424242424,28.48481790311003,5.038762387792087
82.82828282828284,24.24242424242424,32.10046924924116,3.878489623192535
83.83838383838385,24.24242424242424,19.05540382324747,3.854914389505629
84.84848484848486,24.24242424242424,33.70003288062983,4.778979173307212
85.85858585858587,24.24242424242424,31.20046442886917,3.403628842865454
86.86868686868688,24.24242424242424,21.47503990718194,5.311120201624142
87.87878787878789,24.24242424242424,29.32536890972782,5.316035573092496
88.8888888888889,24.24242424242424,13.62439910685666,4.960001894268449
89.89898989898991,24.24242424242424,18.26750672861781,2.650074800918558
90.90909090909092,24.24242424242424,19.87044647042365,0.8334192660419178
91.91919191919193,24.24242424242424,17.8046029616326,1.2254476247338
92.92929292929294,24.24242424242424,19.05992572649281,0.8588898528325448
93.93939393939395,24.24242424242424,5.456746103933622,1.985707142586553
94.94949494949496,24.24242424242424,13.02168976295775,1.952080112450803
95.95959595959597,24.24242424242424,18.88473300132617,2.053712022370727
96.96969696969697,24.24242424242424,0.0,1.541769803855831
97.97979797979798,24.24242424242424,17.06265515441958,1.375960872258583
98.98989898989899,24.24242424242424,17.04377892800862,2.460494359516441
100.0,24.24242424242424,32.17540634754085,3.810884552114599
0.0,25.25252525252525,16.51148070341008,1.749434908401935
1.01010101010101,25.25252525252525,17.8632526534591,1.821969483914065
2.02020202020202,25.25252525252525,14.16823759006612,2.032300901875469
3.03030303030303,25.25252525252525,11.97789167067879,1.59903056978515
4.040404040404041,25.25252525252525,23.29625447493156,3.323683284806368
5.050505050505051,25.25252525252525,18.39176977401137,5.312914404953539
6.060606060606061,25.25252525252525,29.47293255751914,4.375610509753056
7.070707070707071,25.25252525252525,16.23036121538013,5.454023266451987
8.080808080808081,25.25252525252525,18.23421087028039,4.083982772996676
9.090909090909092,25.25252525252525,30.24361012454172,4.689924866697853
10.1010101010101,25.25252525252525,20.14101191042867,4.554257964580648
11.11111111111111,25.25252525252525,18.5679926828845,4.845155184503303
12.12121212121212,25.25252525252525,22.96530727503758,5.268441756246067
13.13131313131313,25.25252525252525,18.85712588175879,4.080221228101633
14.14141414141414,25.25252525252525,16.83706712061203,4.696870737935994
15.15151515151515,25.25252525252525,19.94331701998074,4.561697802568869
16.16161616161616,25.25252525252525,36.07860691156598,3.621188375836358
17.17171717171717,25.25252525252525,8.55702365172065,3.892216618943905
18.18181818181818,25.25252525252525,28.26999575091368,3.094264838180683
19.19191919191919,25.25252525252525,20.96151067153109,2.761362547435919
20.2020202020202,25.25252525252525,17.54833640769238,4.542860624712879
21.21212121212121,25.25252525252525,15.04199489103141,4.371501721189022
22.22222222222222,25.25252525252525,27.1162395878732,5.176520300194057
23.23232323232324,25.25252525252525,14.20356147058859,4.422603397845142
24.24242424242424,25.25252525252525,20.09977513698959,4.500256068960877
25.25252525252525,25.25252525252525,24.64944700760048,4.836885682773189
26.26262626262626,25.25252525252525,35.47324069303437,4.429687949125084
27.27272727272727,25.25252525252525,12.38910985885354,5.012014646666499
28.28282828282828,25.25252525252525,14.6371347426489,2.526892791320443
29.29292929292929,25.25252525252525,11.16182795255086,0.8900442796720356
30.3030303030303,25.25252525252525,16.86752883660393,2.696418300028866
31.31313131313131,25.25252525252525,10.48639162470503,1.254514882275034
32.32323232323233,25.25252525252525,9.87632005742449,1.494278908089477
33.33333333333334,25.25252525252525,17.2972171215059,1.551316889095629
34.34343434343435,25.25252525252525,13.10397215908069,1.049628303946119
35.35353535353536,25.25252525252525,23.7561059847792,4.319475733342249
36.36363636363637,25.25252525252525,15.12959400814657,4.967816417886032
37.37373737373738,25.25252525252525,13.26379441590877,4.759307642177061
38.38383838383839,25.25252525252525,6.457112178256759,4.448375639242035
39.3939393939394,25.25252525252525,23.62141041759536,5.502101678825927
40.40404040404041,25.25252525252525,14.99603859082129,4.982199199185271
41.41414141414142,25.25252525252525,18.43482923921085,5.148901503826434
42.42424242424243,25.25252525252525,18.76484005076232,4.236006317081939
43.43434343434344,25.25252525252525,22.27055474414459,4.991562849922178
44.44444444444445,25.25252525252525,23.6883586555803,3.483495968269909
45.45454545454546,25.25252525252525,17.53925163763682,4.773290808904961
46.46464646464647,25.25252525252525,36.85580857549225,4.40537467325952
47.47474747474748,25.25252525252525,22.81157368707634,3.648768469312919
48.48484848484848,25.25252525252525,20.84714362459801,4.561379541567325
49.49494949494949,25.25252525252525,18.2368506110354,4.690081696875885
50.50505050505051,25.25252525252525,15.72864778490822,4.927700974563928
51.51515151515152,25.25252525252525,11.91167089829726,3.314237184154964
52.52525252525253,25.25252525252525,32.70950398036256,4.455179446210524
53.53535353535354,25.25252525252525,21.9523319828598,3.924184137020189
54.54545454545455,25.25252525252525,32.07523525028181,4.929921156295307
55.55555555555556,25.25252525252525,11.58277701482715,4.730482560409087
56.56565656565657,25.25252525252525,14.42319224667139,4.645356316350245
57.57575757575758,25.25252525252525,20.65869378253084,3.919797456785857
58.58585858585859,25.25252525252525,23.52343934863931,3.76010053104699
59.5959595959596,25.25252525252525,14.45878651871124,1.969391871309685
60.60606060606061,25.25252525252525,14.48643017674699,1.206741765650845
61.61616161616162,25.25252525252525,14.40912908665078,1.745938096816207
62.62626262626263,25.25252525252525,17.04858740438403,2.085448434537986
63.63636363636364,25.25252525252525,6.09092523134282,1.17994402190926
64.64646464646465,25.25252525252525,19.15205344113942,1.030437095988682
65.65656565656566,25.25252525252525,19.12940316405516,2.239482205152873
66.66666666666667,25.25252525252525,23.12709116954998,2.915992682031747
67.67676767676768,25.25252525252525,35.23488176822406,3.943430365664313
68.68686868686869,25.25252525252525,20.13544326703989,4.515112308363138
69.6969696969697,25.25252525252525,33.26348307477461,4.937291612003578
70.70707070707071,25.25252525252525,22.79556809112175,4.702860501370265
71.71717171717172,25.25252525252525,22.75914687036389,6.284821681296995
72.72727272727273,25.25252525252525,18.46826526068655,4.859267997450857
73.73737373737374,25.25252525252525,18.22996475563295,4.645979890665935
74.74747474747475,25.25252525252525,29.00529529472224,4.254417522072031
75.75757575757576,25.25252525252525,18.47345583388632,3.537473359614005
76.76767676767678,25.25252525252525,28.57257977591416,4.464660726577058
77.77777777777779,25.25252525252525,13.10712271932234,4.580406139432384
78.7878787878788,25.25252525252525,17.80392257832882,4.965802405100601
79.7979797979798,25.25252525252525,11.76704554162464,4.951167099421166
80.80808080808082,25.25252525252525,34.51802071593291,4.5265651404442
81.81818181818183,25.25252525252525,22.19707760222052,4.549436073876639
82.82828282828284,25.25252525252525,13.9306587540995,3.974765087857681
83.83838383838385,25.25252525252525,26.698339909472,5.82507964383842
84.84848484848486,25.25252525252525,11.23034050552305,4.829952766081628
85.85858585858587,25.25252525252525,24.36855595135066,4.699646858426086
86.86868686868688,25.25252525252525,23.37692193589017,4.522997711429062
87.87878787878789,25.25252525252525,26.87722130036716,3.773028327480274
88.8888888888889,25.25252525252525,22.09740036928061,4.9588921859233
89.89898989898991,25.25252525252525,18.0393697587599,3.43723126269709
90.90909090909092,25.25252525252525,12.15685794199884,1.324873834092034
91.91919191919193,25.25252525252525,16.66057169554317,1.200613012843894
92.92929292929294,25.25252525252525,21.68585757810589,2.196776274229839
93.93939393939395,25.25252525252525,11.62312452359832,1.052617788424316
94.94949494949496,25.25252525252525,16.65177614556702,1.645172361470177
95.95959595959597,25.25252525252525,10.27503060392023,2.514024619960438
96.96969696969697,25.25252525252525,21.16696353311754,0.5917011590919619
97.97979797979798,25.25252525252525,11.65838592777262,0.9030489943502803
98.98989898989899,25.25252525252525,13.8919361554158,4.386872567520869
100.0,25.25252525252525,18.97623574117623,3.84407138188109
0.0,26.26262626262626,14.14654983973928,2.447539489874145
1.01010101010101,26.26262626262626,22.37593629003145,1.300742687281203
2.02020202020202,26.26262626262626,15.5761469630352,1.871322886646318
3.03030303030303,26.26262626262626,1.564389658734777,3.406721965351958
4.040404040404041,26.26262626262626,31.62634171633986,4.473599366569459
5.050505050505051,26.26262626262626,18.95569484441546,4.123778318493292
6.060606060606061,26.26262626262626,33.09857740992778,4.208100754113248
7.070707070707071,26.26262626262626,16.25623922747192,3.665014859085383
8.080808080808081,26.26262626262626,22.36976021267449,4.543369794956859
9.090909090909092,26.26262626262626,12.85683509004201,5.936484537804363
10.1010101010101,26.26262626262626,25.63524183542605,4.456174493261628
11.11111111111111,26.26262626262626,24.11140468769097,3.786572401895375
12.12121212121212,26.26262626262626,16.17868634542134,3.858344624854872
13.13131313131313,26.26262626262626,27.14216230113732,4.031690385855741
14.14141414141414,26.26262626262626,23.49577744657213,5.261547091170812
15.15151515151515,26.26262626262626,34.23621568165468,4.607327536777817
16.16161616161616,26.26262626262626,24.18122541183254,3.808769700051527
17.17171717171717,26.26262626262626,28.65106885046988,3.446611077113269
18.18181818181818,26.26262626262626,15.18574987059293,4.027494340735158
19.19191919191919,26.26262626262626,17.37900451917543,4.522667964016822
20.2020202020202,26.26262626262626,15.51604866082846,4.316816061507334
21.21212121212121,26.26262626262626,19.60112189508553,4.394498007588346
22.22222222222222,26.26262626262626,9.05634538739056,5.238939529494112
23.23232323232324,26.26262626262626,29.09005062541801,4.459957335273645
24.24242424242424,26.26262626262626,21.50198319413981,6.79502738677345
25.25252525252525,26.26262626262626,22.85459676458115,5.209634747909016
26.26262626262626,26.26262626262626,24.24903963894962,5.238370996570842
27.27272727272727,26.26262626262626,40.07837098250283,4.046052935659592
28.28282828282828,26.26262626262626,19.02641954308808,4.821989994126139
29.29292929292929,26.26262626262626,20.58588655785932,5.412120927906767
30.3030303030303,26.26262626262626,22.21092274942616,0.2748866301583627
31.31313131313131,26.26262626262626,14.00202192815197,1.540464958197264
32.32323232323233,26.26262626262626,25.10006775850926,1.455446299469853
33.33333333333334,26.26262626262626,10.53310543534667,2.275015108125586
34.34343434343435,26.26262626262626,17.91760069769878,4.724519292720982
35.35353535353536,26.26262626262626,21.00447733928057,3.970846462140372
36.36363636363637,26.26262626262626,21.85423201544787,4.555616997792411
37.37373737373738,26.26262626262626,29.09853437199834,3.630605144864979
38.38383838383839,26.26262626262626,18.62808033398172,4.595498176205532
39.3939393939394,26.26262626262626,28.8703143562829,4.067569091036521
40.40404040404041,26.26262626262626,21.76409246545142,4.522388105764385
41.41414141414142,26.26262626262626,20.74772901557397,5.278032080299145
42.42424242424243,26.26262626262626,15.65576326372407,5.272189495918846
43.43434343434344,26.26262626262626,9.841580495395423,5.210732312945611
44.44444444444445,26.26262626262626,10.59464099596683,4.111881000034343
45.45454545454546,26.26262626262626,29.04642530065486,4.483740880700262
46.46464646464647,26.26262626262626,28.70494949285609,4.475049396250704
47.47474747474748,26.26262626262626,20.52233169096949,4.422866554055518
48.48484848484848,26.26262626262626,19.61675397949455,5.999463730721455
49.49494949494949,26.26262626262626,19.00194183713699,6.337328000361087
50.50505050505051,26.26262626262626,24.62241821017985,4.372107655269563
51.51515151515152,26.26262626262626,16.28252840163629,2.064807364827118
52.52525252525253,26.26262626262626,37.89225386021215,2.986241031704704
53.53535353535354,26.26262626262626,25.33542820993926,4.302907749306448
54.54545454545455,26.26262626262626,20.750645552172,4.163869215737253
55.55555555555556,26.26262626262626,15.60608156316146,4.787451714636029
56.56565656565657,26.26262626262626,23.40912266233344,4.72154390492942
57.57575757575758,26.26262626262626,16.43766189482917,5.768185477586776
58.58585858585859,26.26262626262626,32.00152599177446,4.331370464494224
59.5959595959596,26.26262626262626,22.73993948086684,5.079855684100159
60.60606060606061,26.26262626262626,19.49943182139699,4.166788353516475
61.61616161616162,26.26262626262626,16.85265696197177,1.131856086458203
62.62626262626263,26.26262626262626,21.19543899466093,1.286136849772768
63.63636363636364,26.26262626262626,13.38136238863123,1.251620705374299
64.64646464646465,26.26262626262626,7.94789632429342,1.078749992692753
65.65656565656566,26.26262626262626,22.64799038400761,5.417280651187905
66.66666666666667,26.26262626262626,24.39971909239083,4.386073698578299
67.67676767676768,26.26262626262626,27.77165066791551,3.668218261882114
68.68686868686869,26.26262626262626,23.37183882990555,5.873595391985099
69.6969696969697,26.26262626262626,25.232042529363,3.949019109322526
70.70707070707071,26.26262626262626,27.6593961597731,5.699513706085282
71.71717171717172,26.26262626262626,23.50978213878225,2.65108050397032
72.72727272727273,26.26262626262626,30.29675634756847,4.208603500137397
73.73737373737374,26.26262626262626,17.13439177779603,4.155797381227887
74.74747474747475,26.26262626262626,30.91333715671632,4.010450280488759
75.75757575757576,26.26262626262626,16.74477989531542,4.668797561690635
76.76767676767678,26.26262626262626,22.09299303869596,4.009978155567198
77.77777777777779,26.26262626262626,31.76804582804737,4.486532779386771
78.7878787878788,26.26262626262626,22.25945472529385,5.618040795403048
79.7979797979798,26.26262626262626,20.35600551407832,3.501086432418792
80.80808080808082,26.26262626262626,27.45412562225654,5.310520717374409
81.81818181818183,26.26262626262626,21.70742174602091,5.283975172152628
82.82828282828284,26.26262626262626,10.96198387357155,4.371491294364795
83.83838383838385,26.26262626262626,24.77612891837736,4.366850960079636
84.84848484848486,26.26262626262626,16.58820605593486,4.615636041381006
85.85858585858587,26.26262626262626,12.60559697957372,4.108822905322552
86.86868686868688,26.26262626262626,32.68369248485249,2.872592964456949
87.87878787878789,26.26262626262626,13.17934638643479,2.551666789121534
88.8888888888889,26.26262626262626,31.56184422318176,3.851133632055557
89.89898989898991,26.26262626262626,22.93542614157179,3.959977039760327
90.90909090909092,26.26262626262626,25.43880137254414,4.592658769352022
91.91919191919193,26.26262626262626,22.01628288791965,4.413103997530196
92.92929292929294,26.26262626262626,13.52368481076308,0.5997198317405078
93.93939393939395,26.26262626262626,12.21006136018813,1.096106081892487
94.94949494949496,26.26262626262626,19.89254045192394,1.303887025802223
95.95959595959597,26.26262626262626,14.70407894100564,1.145276016516163
96.96969696969697,26.26262626262626,15.74925417504452,3.41231065839269
97.97979797979798,26.26262626262626,34.47870688926343,5.244714062253598
98.98989898989899,26.26262626262626,19.40433806204388,4.040343058826492
100.0,26.26262626262626,35.01043227141504,4.009554658495253
0.0,27.27272727272727,22.65855786110092,4.909633252708014
1.01010101010101,27.27272727272727,18.0398660507776,3.728018627865691
2.02020202020202,27.27272727272727,10.02465083175032,4.894426120881151
3.03030303030303,27.27272727272727,25.67489216856762,3.847505957619462
4.040404040404041,27.27272727272727,27.25139813421503,3.273768182979703
5.050505050505051,27.27272727272727,22.68884327331893,3.313074203137063
6.060606060606061,27.27272727272727,10.65731301249118,4.450837288816054
7.070707070707071,27.27272727272727,34.40165517161296,4.73034333604389
8.080808080808081,27.27272727272727,17.67788086809935,4.966034164661202
9.090909090909092,27.27272727272727,10.65598410536962,4.910319228976099
10.1010101010101,27.27272727272727,18.6221530010149,4.029655983427124
11.11111111111111,27.27272727272727,25.08751638112696,4.91650966720045
12.12121212121212,27.27272727272727,22.82208637044663,3.741413587376494
13.13131313131313,27.27272727272727,21.24661503503314,5.080884218504202
14.14141414141414,27.27272727272727,14.28085499992893,4.883546170524887
15.15151515151515,27.27272727272727,26.74626537683926,3.156288323965823
16.16161616161616,27.27272727272727,16.53856307281875,5.876655376260667
17.17171717171717,27.27272727272727,14.61392033951675,5.00920908942084
18.18181818181818,27.27272727272727,20.81881342183747,5.088907272951874
19.19191919191919,27.27272727272727,15.95878453730802,3.822003099168835
20.2020202020202,27.27272727272727,27.27970978013828,5.156262832122517
21.21212121212121,27.27272727272727,27.42425796837454,3.996144712011349
22.22222222222222,27.27272727272727,27.76039724154236,6.064575397956282
23.23232323232324,27.27272727272727,18.60439900887328,3.952951634094009
24.24242424242424,27.27272727272727,19.53941889151837,4.716370051119657
25.25252525252525,27.27272727272727,27.41998692963277,5.451943583353213
26.26262626262626,27.27272727272727,22.92634943544634,4.565959400141684
27.27272727272727,27.27272727272727,22.38260742899244,5.950483012074577
28.28282828282828,27.27272727272727,19.07307335978853,4.302166424791528
29.29292929292929,27.27272727272727,14.41654562950001,4.393453802646458
30.3030303030303,27.27272727272727,24.0753714203144,4.156816266936226
31.31313131313131,27.27272727272727,23.8357267488251,3.648700316263345
32.32323232323233,27.27272727272727,26.56471483529265,3.675942870068488
33.33333333333334,27.27272727272727,24.92214403618228,4.524803159103168
34.34343434343435,27.27272727272727,21.5992409656742,3.641709890903251
35.35353535353536,27.27272727272727,19.9399627181883,5.202337108144306
36.36363636363637,27.27272727272727,26.66618484077982,3.954624096971377
37.37373737373738,27.27272727272727,26.99950042539857,4.815944844859972
38.38383838383839,27.27272727272727,23.92653986050161,4.546866981572435
39.3939393939394,27.27272727272727,18.03624780801209,4.231689856506856
40.40404040404041,27.27272727272727,13.28864355733462,3.896845683120585
41.41414141414142,27.27272727272727,19.95694937524999,5.575883376836739
42.42424242424243,27.27272727272727,27.19994418620173,4.769390920181376
43.43434343434344,27.27272727272727,20.07501059369767,3.05743770680792
44.44444444444445,27.27272727272727,21.03257923673846,4.672226987152736
45.45454545454546,27.27272727272727,30.12799299150679,3.235750534879107
46.46464646464647,27.27272727272727,33.11253004688407,5.040804144152665
47.47474747474748,27.27272727272727,17.27275981901523,3.878922512024345
48.48484848484848,27.27272727272727,19.65550138636445,4.005774951708528
49.49494949494949,27.27272727272727,12.95273694135414,5.80082908726496
50.50505050505051,27.27272727272727,12.60371996859121,5.271849791245947
51.51515151515152,27.27272727272727,28.32697529130426,4.463322195532634
52.52525252525253,27.27272727272727,25.55947755647389,4.765410600971981
53.53535353535354,27.27272727272727,26.06853862328787,4.277984256239619
54.54545454545455,27.27272727272727,27.6310799447083,4.493952112328228
55.55555555555556,27.27272727272727,25.01432803347385,3.997908215107828
56.56565656565657,27.27272727272727,17.50285649313708,4.851541038343208
57.57575757575758,27.27272727272727,18.27934030811638,3.406368731858951
58.58585858585859,27.27272727272727,26.70263128855927,5.137218748644836
59.5959595959596,27.27272727272727,23.91353465007107,4.107193442376994
60.60606060606061,27.27272727272727,16.74301619927451,4.024190541088422
61.61616161616162,27.27272727272727,22.02062350394909,3.572732781425747
62.62626262626263,27.27272727272727,27.00539815206711,4.706396376564848
63.63636363636364,27.27272727272727,27.66073799120655,4.121995478088033
64.64646464646465,27.27272727272727,23.00052502726755,4.853527216113079
65.65656565656566,27.27272727272727,17.11985357961312,3.671931293121729
66.66666666666667,27.27272727272727,14.19640946032956,4.242670249021718
67.67676767676768,27.27272727272727,34.62690940764453,4.355057687447678
68.68686868686869,27.27272727272727,19.74280959238502,5.379712891651179
69.6969696969697,27.27272727272727,17.70199561731867,3.802940278344937
70.70707070707071,27.27272727272727,12.39597961696359,6.007753861717856
71.71717171717172,27.27272727272727,28.3331651530361,5.317143405190068
72.72727272727273,27.27272727272727,20.3938380938186,4.983377466509022
73.73737373737374,27.27272727272727,14.80541173654738,4.374327994774792
74.74747474747475,27.27272727272727,35.52585031313867,4.26774564782207
75.75757575757576,27.27272727272727,23.58211888664658,5.209301861127821
76.76767676767678,27.27272727272727,23.3072734430877,4.265673918903724
77.77777777777779,27.27272727272727,13.77323169477487,5.156128097611223
78.7878787878788,27.27272727272727,22.22480465376577,3.97687239051812
79.7979797979798,27.27272727272727,18.00697298042179,4.642192450806712
80.80808080808082,27.27272727272727,26.97565719215456,5.209472509717745
81.81818181818183,27.27272727272727,31.74900827544104,4.257436644580641
82.82828282828284,27.27272727272727,18.99848115353905,4.467493039199505
83.83838383838385,27.27272727272727,24.5100505271719,4.472230854692687
84.84848484848486,27.27272727272727,32.56773838607223,6.663688054808032
85.85858585858587,27.27272727272727,24.62242586856583,3.46029659498499
86.86868686868688,27.27272727272727,28.09772129239551,4.643195015947325
87.87878787878789,27.27272727272727,27.57693511933387,4.088944757871475
88.8888888888889,27.27272727272727,21.44305683273337,4.71197146489129
89.89898989898991,27.27272727272727,22.65049716825486,4.48723016784697
90.90909090909092,27.27272727272727,27.56125928920305,4.322946369458537
91.91919191919193,27.27272727272727,34.49078047750257,5.404350331537622
92.92929292929294,27.27272727272727,18.40625143640025,3.908041028335742
93.93939393939395,27.27272727272727,28.84368434526049,4.17329724113671
94.94949494949496,27.27272727272727,22.89762165060051,4.388165893798559
95.95959595959597,27.27272727272727,18.80796140375936,4.466849193420655
96.96969696969697,27.27272727272727,22.57114717135456,4.333684228487048
97.97979797979798,27.27272727272727,30.60921059735158,3.852109979972536
98.98989898989899,27.27272727272727,21.49076018307267,4.92599716356417
100.0,27.27272727272727,24.2339751094807,4.426177461867375
0.0,28.28282828282828,17.96377857849582,4.558562548569153
1.01010101010101,28.28282828282828,29.06803338033031,4.118973624259885
2.02020202020202,28.28282828282828,34.18084815546353,5.024560551804054
3.03030303030303,28.28282828282828,30.62202251052962,4.2205514991829
4.040404040404041,28.28282828282828,20.82279605548266,5.342493698698985
5.050505050505051,28.28282828282828,24.04468438626701,2.795056116198086
6.060606060606061,28.28282828282828,33.91995542836726,4.043646218589314
7.070707070707071,28.28282828282828,30.14207685588455,4.073703675298248
8.080808080808081,28.28282828282828,7.678091996285598,4.094113553577128
9.090909090909092,28.28282828282828,27.25921138574764,5.192864341056832
10.1010101010101,28.28282828282828,32.20535551539727,5.059687310134944
11.11111111111111,28.28282828282828,20.24582608671025,3.379755687095407
12.12121212121212,28.28282828282828,29.99629204232844,2.922454568273093
13.13131313131313,28.28282828282828,22.66293640443778,3.572491927445286
14.14141414141414,28.28282828282828,22.83739234551341,4.451966125992556
15.15151515151515,28.28282828282828,22.42693715969743,4.778282655256112
16.16161616161616,28.28282828282828,22.85882618440166,3.157717780179462
17.17171717171717,28.28282828282828,15.28939066229859,4.332248715168951
18.18181818181818,28.28282828282828,20.20950531515712,4.548647856020505
19.19191919191919,28.28282828282828,18.46815484052102,4.716294016346376
20.2020202020202,28.28282828282828,27.61606546569385,3.875422440825847
21.21212121212121,28.28282828282828,30.13007825641979,4.491940860405228
22.22222222222222,28.28282828282828,14.67080952085633,4.595734577125069
23.23232323232324,28.28282828282828,18.0585049774324,3.933048104107614
24.24242424242424,28.28282828282828,17.78720604334612,5.10904558518509
25.25252525252525,28.28282828282828,20.38444326699532,3.733358150307988
26.26262626262626,28.28282828282828,21.10742527296591,4.286228607162322
27.27272727272727,28.28282828282828,33.28719942031855,4.33122507258652
28.28282828282828,28.28282828282828,12.69803958188044,3.896105166129177
29.29292929292929,28.28282828282828,11.39908088756244,4.684806919824674
30.3030303030303,28.28282828282828,14.44900102624009,5.243827876273104
31.31313131313131,28.28282828282828,21.06199547027618,3.158584679432584
32.32323232323233,28.28282828282828,15.65080440633216,3.708698605581526
33.33333333333334,28.28282828282828,29.85707016234751,3.144848428653403
34.34343434343435,28.28282828282828,31.2209431537762,4.671889019768286
35.35353535353536,28.28282828282828,26.69859057145284,5.637014232699116
36.36363636363637,28.28282828282828,12.24013073854317,5.797400194300781
37.37373737373738,28.28282828282828,29.86690264767757,4.413587467612521
38.38383838383839,28.28282828282828,25.45119921095597,5.07512445364756
39.3939393939394,28.28282828282828,25.2010191721943,5.497609804954025
40.40404040404041,28.28282828282828,21.49459707857767,4.042265403701355
41.41414141414142,28.28282828282828,18.98833789907315,4.538182155674594
42.42424242424243,28.28282828282828,28.54752919673947,4.319520987228403
43.43434343434344,28.28282828282828,18.25095567272556,3.928538409219881
44.44444444444445,28.28282828282828,26.46378021126888,3.929202895755862
45.45454545454546,28.28282828282828,22.59828888728427,4.823289609703151
46.46464646464647,28.28282828282828,21.44328359690317,4.390290398643756
47.47474747474748,28.28282828282828,27.70863427175727,3.153827541869895
48.48484848484848,28.28282828282828,22.44520156824415,3.867901834359162
49.49494949494949,28.28282828282828,30.590916739027,4.496896942239524
50.50505050505051,28.28282828282828,19.80562644920771,4.458572498880378
51.51515151515152,28.28282828282828,29.94863976006969,4.560743481032003
52.52525252525253,28.28282828282828,30.37716219987509,4.508639076470555
53.53535353535354,28.28282828282828,31.7936361367525,4.949952052714417
54.54545454545455,28.28282828282828,25.21612085278324,4.58455541320512
55.55555555555556,28.28282828282828,23.182644030358,4.095817932904053
56.56565656565657,28.28282828282828,14.94820086179066,5.569665914407128
57.57575757575758,28.28282828282828,28.89505050149475,5.232524346996882
58.58585858585859,28.28282828282828,23.9228236209581,3.856612706026022
59.5959595959596,28.28282828282828,20.5350088396952,4.115470548641635
60.60606060606061,28.28282828282828,18.95381858160746,3.992653527720057
61.61616161616162,28.28282828282828,9.008911358221786,5.179072945601428
62.62626262626263,28.28282828282828,21.36308204362904,2.443568968181456
63.63636363636364,28.28282828282828,18.94805271477443,5.197963788359536
64.64646464646465,28.28282828282828,19.54802505590531,4.248020559319706
65.65656565656566,28.28282828282828,18.48651287286876,4.716087292899637
66.66666666666667,28.28282828282828,31.08152332422081,4.001546872822872
67.67676767676768,28.28282828282828,17.84319383760626,4.437530023255102
68.68686868686869,28.28282828282828,18.54650589839913,4.052365403602256
69.6969696969697,28.28282828282828,32.9894125829763,4.150137988232929
70.70707070707071,28.28282828282828,27.68055277171998,3.613538469948493
71.71717171717172,28.28282828282828,30.45258587614288,5.719765859897691
72.72727272727273,28.28282828282828,23.05750898720503,4.09616535050621
73.73737373737374,28.28282828282828,26.9576929250839,3.651618366962171
74.74747474747475,28.28282828282828,30.47520840341644,4.881509380727085
75.75757575757576,28.28282828282828,29.41367908937301,4.788951275336707
76.76767676767678,28.28282828282828,20.66979127839843,4.234048053135363
77.77777777777779,28.28282828282828,28.40761485874666,5.07830246914727
78.7878787878788,28.28282828282828,21.53312344067237,3.049290450271704
79.7979797979798,28.28282828282828,12.4005989601953,5.037293524366153
80.80808080808082,28.28282828282828,16.56579611667232,4.094404242021299
81.81818181818183,28.28282828282828,16.31155410661783,5.168262193950738
82.82828282828284,28.28282828282828,12.02591601089052,5.316173410009886
83.83838383838385,28.28282828282828,21.46177043221745,4.847054222624259
84.84848484848486,28.28282828282828,21.5212875362926,3.700414572329067
85.85858585858587,28.28282828282828,29.23648699547052,4.302111777292002
86.86868686868688,28.28282828282828,25.01602133010984,5.240781889224015
87.87878787878789,28.28282828282828,15.05411655613875,4.369572929466407
88.8888888888889,28.28282828282828,19.78039594842478,4.511885999592772
89.89898989898991,28.28282828282828,20.31578382168174,3.857417151334046
90.90909090909092,28.28282828282828,15.86373253899532,3.655111682836871
91.91919191919193,28.28282828282828,24.49847778883984,4.600541466448515
92.92929292929294,28.28282828282828,28.82568848317635,5.058425094292089
93.93939393939395,28.28282828282828,18.50329658811908,4.463804129480178
94.94949494949496,28.28282828282828,35.13659373673897,3.932059106348287
95.95959595959597,28.28282828282828,25.47941360195573,4.866427499763966
96.96969696969697,28.28282828282828,14.4347026532964,4.980263786108273
97.97979797979798,28.28282828282828,14.43517345528594,3.807537893737526
98.98989898989899,28.28282828282828,19.42980698236232,5.569242101251787
100.0,28.28282828282828,31.65517617859904,5.086278632088258
0.0,29.29292929292929,27.12899297630218,4.802055592073235
1.01010101010101,29.29292929292929,20.4443862466184,4.178460167364625
2.02020202020202,29.29292929292929,15.46320061962396,3.519650374940298
3.03030303030303,29.29292929292929,19.06070888937763,3.510570915113179
4.040404040404041,29.29292929292929,33.30578113120944,3.875738895634615
5.050505050505051,29.29292929292929,17.86090173715181,4.465652894127006
6.060606060606061,29.29292929292929,10.73077341888856,4.425775596198275
7.070707070707071,29.29292929292929,25.48726425774772,4.422397008395893
8.080808080808081,29.29292929292929,18.01727364343428,3.139103260675761
9.090909090909092,29.29292929292929,19.18295051956171,3.248190567279954
10.1010101010101,29.29292929292929,31.77512521708764,4.258269354434674
11.11111111111111,29.29292929292929,17.81593712705534,4.865936564339148
12.12121212121212,29.29292929292929,3.155125944453015,4.804190807645406
13.13131313131313,29.29292929292929,34.90621091574,4.791797507701581
14.14141414141414,29.29292929292929,16.58788987028825,4.15730864680848
15.15151515151515,29.29292929292929,16.84466396289843,4.047244111058241
16.16161616161616,29.29292929292929,17.69395731938419,3.901314305619683
17.17171717171717,29.29292929292929,18.28955308352136,4.57581401368804
18.18181818181818,29.29292929292929,12.36132923373182,4.767032108837051
19.19191919191919,29.29292929292929,20.05903952821077,4.494252728499367
20.2020202020202,29.29292929292929,33.2016323990392,4.653923301571425
21.21212121212121,29.29292929292929,27.32808441052948,4.625880593164407
22.22222222222222,29.29292929292929,16.85544069565107,5.549316871792684
23.23232323232324,29.29292929292929,26.67503591977877,4.246077402598336
24.24242424242424,29.29292929292929,9.300714123493076,6.511210585072472
25.25252525252525,29.29292929292929,27.53619004578897,3.659976184948239
26.26262626262626,29.29292929292929,19.67336551566914,5.671924264738619
27.27272727272727,29.29292929292929,22.89857335696301,3.941863131859641
28.28282828282828,29.29292929292929,20.56319334166507,5.136215670154026
29.29292929292929,29.29292929292929,37.6553271651966,3.99605550755054
30.3030303030303,29.29292929292929,17.98266897690707,4.877214407200609
31.31313131313131,29.29292929292929,7.944161012887793,4.590638782703254
32.32323232323233,29.29292929292929,28.70647913876143,4.849359837508223
33.33333333333334,29.29292929292929,35.46489998715387,3.686490950975167
34.34343434343435,29.29292929292929,40.22117623710768,3.948867267791232
35.35353535353536,29.29292929292929,26.06413432542781,3.548387556651757
36.36363636363637,29.29292929292929,19.4341813579896,3.686234111488971
37.37373737373738,29.29292929292929,19.35747926194534,3.541763817038056
38.38383838383839,29.29292929292929,16.94781031907433,4.166902212072012
39.3939393939394,29.29292929292929,20.79597752226017,3.897910553113005
40.40404040404041,29.29292929292929,25.42521667738125,4.182544763955015
41.41414141414142,29.29292929292929,14.94096807262017,5.803671755527581
42.42424242424243,29.29292929292929,12.7784931348697,4.486186326540298
43.43434343434344,29.29292929292929,29.17287490172448,3.8078494928972
44.44444444444445,29.29292929292929,17.06156800268922,5.197860981052491
45.45454545454546,29.29292929292929,24.82396477993246,3.317252927077274
46.46464646464647,29.29292929292929,1.927892110508818,5.185592196905264
47.47474747474748,29.29292929292929,20.6940622983997,4.761732654230824
48.48484848484848,29.29292929292929,21.32528521624116,5.135935959796794
49.49494949494949,29.29292929292929,11.09877842768009,4.344438298756817
50.50505050505051,29.29292929292929,23.50477711136215,4.130692075110073
51.51515151515152,29.29292929292929,17.70772532782626,4.819610443308373
52.52525252525253,29.29292929292929,20.91491159090245,4.771928727781517
53.53535353535354,29.29292929292929,25.44481528138675,3.056023991650913
54.54545454545455,29.29292929292929,22.21765780220399,5.276680457953432
55.55555555555556,29.29292929292929,15.51554172978657,3.088898631981983
56.56565656565657,29.29292929292929,27.04441761235294,5.117787608811903
57.57575757575758,29.29292929292929,12.59648621042693,5.244611827969476
58.58585858585859,29.29292929292929,26.94478842888989,4.274017224763967
59.5959595959596,29.29292929292929,30.90300113497723,3.330397643007704
60.60606060606061,29.29292929292929,16.69320550466204,5.205507592108408
61.61616161616162,29.29292929292929,11.88620478847164,6.151094684607068
62.62626262626263,29.29292929292929,15.30037262452326,4.738606869776355
63.63636363636364,29.29292929292929,21.07638916144936,4.399227773188842
64.64646464646465,29.29292929292929,37.43909750926687,5.446824945442196
65.65656565656566,29.29292929292929,14.57340036271824,4.035231712539063
66.66666666666667,29.29292929292929,19.49441232265204,3.595991289196261
67.67676767676768,29.29292929292929,27.55717098574691,4.513695937008737
68.68686868686869,29.29292929292929,28.66504818898075,3.752699940035591
69.6969696969697,29.29292929292929,28.60341559574138,4.144593935520418
70.70707070707071,29.29292929292929,12.37085861240228,5.229733234098951
71.71717171717172,29.29292929292929,14.96723264828575,3.699620818922233
72.72727272727273,29.29292929292929,22.93008216408408,3.910176691550677
73.73737373737374,29.29292929292929,33.08712439066934,4.515537271322316
74.74747474747475,29.29292929292929,26.04782354505072,5.761314154049965
75.75757575757576,29.29292929292929,19.31623244089648,4.573506420830853
76.76767676767678,29.29292929292929,23.05219268924158,5.472817516557547
77.77777777777779,29.29292929292929,14.03984827343189,5.050643340921893
78.7878787878788,29.29292929292929,17.59813092503698,5.194923622078431
79.7979797979798,29.29292929292929,23.27887059579827,4.086467546437745
80.80808080808082,29.29292929292929,30.60680273908069,5.013907095558073
81.81818181818183,29.29292929292929,13.69778191499613,4.434127213223559
82.82828282828284,29.29292929292929,24.5526493627773,3.912831289672192
83.83838383838385,29.29292929292929,19.73346769951334,4.464224348714616
84.84848484848486,29.29292929292929,20.73316183290646,5.011858246627177
85.85858585858587,29.29292929292929,20.36410669417661,3.994485849480671
86.86868686868688,29.29292929292929,33.26417432256267,5.106193080133689
87.87878787878789,29.29292929292929,20.77979086914764,5.162703211494837
88.8888888888889,29.29292929292929,17.94134260305858,5.833942627875779
89.89898989898991,29.29292929292929,14.13562135664725,5.046746889233754
90.90909090909092,29.29292929292929,22.72376396546916,5.220491512053163
91.91919191919193,29.29292929292929,11.38481110919306,4.393331039127474
92.92929292929294,29.29292929292929,26.71254359639056,5.489825812344603
93.93939393939395,29.29292929292929,30.20809074231365,5.979312040964681
94.94949494949496,29.29292929292929,16.6205907041211,4.420728717392742
95.95959595959597,29.29292929292929,26.80740866932544,5.24556487739304
96.96969696969697,29.29292929292929,26.98684703323391,4.417081261294145
97.97979797979798,29.29292929292929,27.74214032900217,4.328214617711795
98.98989898989899,29.29292929292929,23.08171138756127,4.994426318066155
100.0,29.29292929292929,14.25481965489611,7.764068352501768
0.0,30.3030303030303,25.06409429334108,3.952660927737326
1.01010101010101,30.3030303030303,17.71338616408182,4.932143084260398
2.02020202020202,30.3030303030303,13.97001989713766,3.24640748760662
3.03030303030303,30.3030303030303,26.29281452149512,5.297077584289016
4.040404040404041,30.3030303030303,21.02673338039323,4.742933199063815
5.050505050505051,30.3030303030303,21.47475706467992,3.185785093200335
6.060606060606061,30.3030303030303,26.10565477507981,4.325783082574143
7.070707070707071,30.3030303030303,22.89583479700889,3.356427738592258
8.080808080808081,30.3030303030303,28.81570530603864,4.861957904289512
9.090909090909092,30.3030303030303,17.95586676366835,4.375698111908627
10.1010101010101,30.3030303030303,26.80028732001351,4.346442304422349
11.11111111111111,30.3030303030303,13.37601730332408,4.418624628324503
12.12121212121212,30.3030303030303,14.02029205790864,4.889436751744233
13.13131313131313,30.3030303030303,26.45235087328579,4.004109669281419
14.14141414141414,30.3030303030303,30.12604472363483,3.324806512421643
15.15151515151515,30.3030303030303,22.06572977704601,4.740047486835257
16.16161616161616,30.3030303030303,24.35432166998365,3.988795555668914
17.17171717171717,30.3030303030303,30.31976918836826,4.576946904253648
18.18181818181818,30.3030303030303,31.19585242542087,5.16116607354283
19.19191919191919,30.3030303030303,21.03340414862941,4.113120867842677
20.2020202020202,30.3030303030303,22.84759654997137,4.05567721574242
21.21212121212121,30.3030303030303,24.61865802854292,4.334227967817006
22.22222222222222,30.3030303030303,24.95745907189791,4.343364096116756
23.23232323232324,30.3030303030303,28.10269273820589,3.252353805839866
24.24242424242424,30.3030303030303,8.269556380145351,4.374926753128126
25.25252525252525,30.3030303030303,26.48698503860489,5.336435565207197
26.26262626262626,30.3030303030303,19.77531478649839,5.089732736485758
27.27272727272727,30.3030303030303,14.83372161610204,3.949216579458457
28.28282828282828,30.3030303030303,32.50345513454603,4.489728387109377
29.29292929292929,30.3030303030303,38.04207051576206,4.007752455042494
30.3030303030303,30.3030303030303,23.79747888008208,4.712089916432908
31.31313131313131,30.3030303030303,6.196930172432548,4.627981893898389
32.32323232323233,30.3030303030303,19.59112726024384,3.628988716981072
33.33333333333334,30.3030303030303,25.31736115257255,3.797343714186023
34.34343434343435,30.3030303030303,16.60575360468305,3.085469593689909
35.35353535353536,30.3030303030303,21.71311737702469,4.692668343953475
36.36363636363637,30.3030303030303,22.22654952714588,4.952077743566327
37.37373737373738,30.3030303030303,33.91106604341464,4.747162668362429
38.38383838383839,30.3030303030303,23.60265273106225,4.889668654597718
39.3939393939394,30.3030303030303,44.34425158353865,5.332660874315216
40.40404040404041,30.3030303030303,18.87348877887452,3.519731590303682
41.41414141414142,30.3030303030303,15.76930759194522,4.116288450642412
42.42424242424243,30.3030303030303,24.68999062531099,3.36005350887312
43.43434343434344,30.3030303030303,29.93557778095305,4.485064593070458
44.44444444444445,30.3030303030303,12.73895977023511,4.579792368479434
45.45454545454546,30.3030303030303,23.06644676932083,4.25909931250566
46.46464646464647,30.3030303030303,26.90163987159129,4.468873940112981
47.47474747474748,30.3030303030303,33.54090695602805,3.141444531314622
48.48484848484848,30.3030303030303,12.07965812102897,4.827190637360504
49.49494949494949,30.3030303030303,24.8475081522996,4.54980689458922
50.50505050505051,30.3030303030303,21.80375609584021,3.451316555265017
51.51515151515152,30.3030303030303,27.93353757801329,5.261675172209642
52.52525252525253,30.3030303030303,28.29837786942385,4.033755380744581
53.53535353535354,30.3030303030303,9.528201425775784,4.905292504050875
54.54545454545455,30.3030303030303,22.91205703750892,4.555715077971731
55.55555555555556,30.3030303030303,22.25274425624146,3.917065692917593
56.56565656565657,30.3030303030303,42.87264476398397,3.560862160811535
57.57575757575758,30.3030303030303,19.46271097865997,6.857437373116821
58.58585858585859,30.3030303030303,28.04563859121684,4.01726499128911
59.5959595959596,30.3030303030303,29.32680006256693,4.63628341138388
60.60606060606061,30.3030303030303,20.05860434544647,4.195169307114332
61.61616161616162,30.3030303030303,9.112942011740484,5.193634962075746
62.62626262626263,30.3030303030303,32.81691890144864,4.02486530278144
63.63636363636364,30.3030303030303,7.781979955118659,4.524238962217391
64.64646464646465,30.3030303030303,33.68337942405677,4.116878723284033
65.65656565656566,30.3030303030303,18.50481748991271,3.636835066120143
66.66666666666667,30.3030303030303,30.21031491563647,4.297378870455544
67.67676767676768,30.3030303030303,19.4430229953531,4.594062814648714
68.68686868686869,30.3030303030303,20.55859117864046,5.530119959918829
69.6969696969697,30.3030303030303,1.367990759225171,3.831009984998967
70.70707070707071,30.3030303030303,12.4538285843076,5.266258663558386
71.71717171717172,30.3030303030303,21.43587860990262,5.082496319393661
72.72727272727273,30.3030303030303,26.1596161571473,5.091036727659262
73.73737373737374,30.3030303030303,34.01696155295704,4.360562793776244
74.74747474747475,30.3030303030303,32.69421526482582,5.166686387018196
75.75757575757576,30.3030303030303,23.26693669494559,5.450683832368557
76.76767676767678,30.3030303030303,24.4226750846319,3.726566626814103
77.77777777777779,30.3030303030303,14.22663060459842,3.47514223193745
78.7878787878788,30.3030303030303,19.62752874924658,5.001114474690584
79.7979797979798,30.3030303030303,14.98522463139167,3.767726737660164
80.80808080808082,30.3030303030303,29.50814463936078,4.399788322326495
81.81818181818183,30.3030303030303,24.70429921823193,4.24359990578481
82.82828282828284,30.3030303030303,28.34315752509546,4.528064700812633
83.83838383838385,30.3030303030303,24.87704747126518,4.620020239988242
84.84848484848486,30.3030303030303,15.00955098466888,4.845872010105771
85.85858585858587,30.3030303030303,16.6556718791039,2.582245663039814
86.86868686868688,30.3030303030303,21.16784164834046,4.406893701987479
87.87878787878789,30.3030303030303,19.25066534364995,5.016179870623433
88.8888888888889,30.3030303030303,22.12698366496952,3.279584296754548
89.89898989898991,30.3030303030303,23.30163180566208,2.756175426519765
90.90909090909092,30.3030303030303,19.44687468231826,4.625056528340865
91.91919191919193,30.3030303030303,30.09452821992813,3.490383644207429
92.92929292929294,30.3030303030303,21.68450944410773,4.87147486862051
93.93939393939395,30.3030303030303,27.64900031603611,4.423625649524558
94.94949494949496,30.3030303030303,19.95709959617245,4.813785016187604
95.95959595959597,30.3030303030303,19.14323130224018,5.342120957896314
96.96969696969697,30.3030303030303,9.617746792426896,4.98515802492389
97.97979797979798,30.3030303030303,21.15775015076954,4.872651747710812
98.98989898989899,30.3030303030303,25.78601370197082,4.87562932161344
100.0,30.3030303030303,6.115995167601791,4.709165472511597
0.0,31.31313131313131,31.29876539176056,4.491217544620858
1.01010101010101,31.31313131313131,22.27269135436167,3.327037619190579
2.02020202020202,31.31313131313131,8.276202206475363,3.336739700831994
3.03030303030303,31.31313131313131,18.52581342953085,5.071672713841477
4.040404040404041,31.31313131313131,20.02423727395465,4.752113408878552
5.050505050505051,31.31313131313131,24.03394145538014,3.508384927536646
6.060606060606061,31.31313131313131,21.11026740862252,6.157699562388827
7.070707070707071,31.31313131313131,34.045974859107,4.493222807760219
8.080808080808081,31.31313131313131,12.77486112747508,4.247037775999167
9.090909090909092,31.31313131313131,19.39154702720417,4.513655617498742
10.1010101010101,31.31313131313131,15.59450530185223,4.434221586961768
11.11111111111111,31.31313131313131,25.96818220205496,4.060419506095318
12.12121212121212,31.31313131313131,16.32634325645338,5.197730100550113
13.13131313131313,31.31313131313131,24.44383569197851,4.86071376349444
14.14141414141414,31.31313131313131,21.05819820409151,3.397033654363999
15.15151515151515,31.31313131313131,30.97852499951461,5.850079451851987
16.16161616161616,31.31313131313131,30.74111586380064,5.556720388909082
17.17171717171717,31.31313131313131,19.66038327335932,4.275819547461553
18.18181818181818,31.31313131313131,16.8488904782869,4.755900039959566
19.19191919191919,31.31313131313131,22.12232329633268,4.644238593346421
20.2020202020202,31.31313131313131,16.053227895007,5.235490810523933
21.21212121212121,31.31313131313131,22.66668386790419,4.049684209837292
22.22222222222222,31.31313131313131,13.38967598613223,4.72135220297748
23.23232323232324,31.31313131313131,24.01204920871176,4.357780916812917
24.24242424242424,31.31313131313131,12.10137282604234,4.177130745609539
25.25252525252525,31.31313131313131,12.05437798333225,5.109118039186612
26.26262626262626,31.31313131313131,19.05407500976544,3.592293174086767
27.27272727272727,31.31313131313131,23.4622376386273,3.937522757083864
28.28282828282828,31.31313131313131,38.76209867675399,5.491222490532935
29.29292929292929,31.31313131313131,25.2553671590623,4.165104877704341
30.3030303030303,31.31313131313131,27.54380492455648,5.055044711737263
31.31313131313131,31.31313131313131,12.08465859050009,4.534050244131135
32.32323232323233,31.31313131313131,13.07415461072974,4.456899568001076
33.33333333333334,31.31313131313131,0.0,4.54865072930293
34.34343434343435,31.31313131313131,24.46392993906511,5.903354363328836
35.35353535353536,31.31313131313131,8.864414472721231,5.211088994511378
36.36363636363637,31.31313131313131,6.568963683817922,3.87283454703482
37.37373737373738,31.31313131313131,32.28691192387824,4.927834411583095
38.38383838383839,31.31313131313131,23.89719530891794,3.00728764951189
39.3939393939394,31.31313131313131,16.35138622311916,5.726099734684022
40.40404040404041,31.31313131313131,21.27766562700753,3.905659197168008
41.41414141414142,31.31313131313131,17.62208470348286,4.924561123821456
42.42424242424243,31.31313131313131,22.82321330748201,4.443042385368203
43.43434343434344,31.31313131313131,10.70388751744879,3.025239900074256
44.44444444444445,31.31313131313131,19.26462667750482,4.140593231895099
45.45454545454546,31.31313131313131,26.69383213740411,4.59187613248431
46.46464646464647,31.31313131313131,32.05515348758332,4.960239044829826
47.47474747474748,31.31313131313131,14.21201749250996,3.474321205187711
48.48484848484848,31.31313131313131,17.4707031069325,4.25614590357425
49.49494949494949,31.31313131313131,21.78013342366201,4.674498226666062
50.50505050505051,31.31313131313131,24.10423845166532,4.229849307826096
51.51515151515152,31.31313131313131,10.96622562381803,4.053657201291162
52.52525252525253,31.31313131313131,19.33700133548203,5.769576999268506
53.53535353535354,31.31313131313131,24.62606200914393,5.477620841045133
54.54545454545455,31.31313131313131,26.95249294134337,3.980609618636777
55.55555555555556,31.31313131313131,19.72048798767371,4.063601301377925
56.56565656565657,31.31313131313131,19.37377186228164,3.521944129871379
57.57575757575758,31.31313131313131,22.32465407613244,4.488563545526496
58.58585858585859,31.31313131313131,23.35700292831364,4.688187969898898
59.5959595959596,31.31313131313131,20.51515487139216,4.963727690457807
60.60606060606061,31.31313131313131,20.88290243828671,4.541835974307638
61.61616161616162,31.31313131313131,20.83089602409743,2.925162857082052
62.62626262626263,31.31313131313131,15.75134442802464,3.545112955620943
63.63636363636364,31.31313131313131,22.3674724001218,5.04820830853267
64.64646464646465,31.31313131313131,23.46306528811002,5.344571868507634
65.65656565656566,31.31313131313131,26.06282990788624,4.697316660808858
66.66666666666667,31.31313131313131,21.66581922463009,4.63782835508399
67.67676767676768,31.31313131313131,16.62786937372055,4.857065100691655
68.68686868686869,31.31313131313131,18.84010691317074,4.846752895374532
69.6969696969697,31.31313131313131,29.22182638160752,4.690322058567054
70.70707070707071,31.31313131313131,37.24970040619198,4.462340679248685
71.71717171717172,31.31313131313131,17.95757421849445,5.829624207168137
72.72727272727273,31.31313131313131,22.70508648660867,3.610544540828534
73.73737373737374,31.31313131313131,14.74426051503969,3.638079965052931
74.74747474747475,31.31313131313131,24.66133370900692,4.530573236625519
75.75757575757576,31.31313131313131,22.51141915724391,5.514191770448999
76.76767676767678,31.31313131313131,32.46657358634477,3.976377374380201
77.77777777777779,31.31313131313131,20.89857622791657,4.79364884480727
78.7878787878788,31.31313131313131,28.26941663169913,4.175501734691666
79.7979797979798,31.31313131313131,21.18444426753497,4.415664724283884
80.80808080808082,31.31313131313131,15.57776737732809,4.113827607516679
81.81818181818183,31.31313131313131,22.12528961173042,4.057955759136187
82.82828282828284,31.31313131313131,14.28689208541735,4.424057559094799
83.83838383838385,31.31313131313131,34.81400155958613,4.494322241719892
84.84848484848486,31.31313131313131,38.63179808581999,4.319978565239898
85.85858585858587,31.31313131313131,6.381409978589032,3.908722723759325
86.86868686868688,31.31313131313131,27.5021466071128,4.707164322869937
87.87878787878789,31.31313131313131,33.73640155113932,5.041972092945749
88.8888888888889,31.31313131313131,21.57127017172014,4.628508100360301
89.89898989898991,31.31313131313131,31.74276765116162,4.593230526564998
90.90909090909092,31.31313131313131,28.27638134419494,5.845420620873591
91.91919191919193,31.31313131313131,17.81181341362402,2.911911978659773
92.92929292929294,31.31313131313131,33.67062301171093,4.96906620678066
93.93939393939395,31.31313131313131,29.06913121666186,6.211762513112783
94.94949494949496,31.31313131313131,17.15099060262543,4.508484240368692
95.95959595959597,31.31313131313131,19.34648139087865,3.528858443702553
96.96969696969697,31.31313131313131,19.76082848440688,4.42465733484562
97.97979797979798,31.31313131313131,20.17828007800709,3.693245640307939
98.98989898989899,31.31313131313131,29.81183126649676,4.419330189231296
100.0,31.31313131313131,13.67915035831713,4.159003655694201
0.0,32.32323232323233,22.18770755083521,2.774315759535674
1.01010101010101,32.32323232323233,20.78800049542391,4.572055577628821
2.02020202020202,32.32323232323233,22.25935888058331,5.501833198827797
3.03030303030303,32.32323232323233,30.8371522572455,5.078410529085487
4.040404040404041,32.32323232323233,16.77454464167674,4.426524438788852
5.050505050505051,32.32323232323233,29.72256147801538,3.652375308985524
6.060606060606061,32.32323232323233,23.66118330776681,4.61238981856365
7.070707070707071,32.32323232323233,21.06171315515247,5.114932825444387
8.080808080808081,32.32323232323233,21.80154909781431,3.961453855052525
9.090909090909092,32.32323232323233,23.62661483436425,5.113492790923062
10.1010101010101,32.32323232323233,31.20651587362663,5.530515487874936
11.11111111111111,32.32323232323233,29.16986601669688,3.085763013722202
12.12121212121212,32.32323232323233,19.19908403344293,3.516278480007488
13.13131313131313,32.32323232323233,20.01138502562713,4.664692056030591
14.14141414141414,32.32323232323233,33.52948173021088,4.521780692797137
15.15151515151515,32.32323232323233,23.86837336954828,5.800092203715639
16.16161616161616,32.32323232323233,13.04325003815257,3.199336590406731
17.17171717171717,32.32323232323233,16.77277265823026,3.692044271636587
18.18181818181818,32.32323232323233,29.31001960239431,3.718158372389244
19.19191919191919,32.32323232323233,46.38014726801809,5.654252881526405
20.2020202020202,32.32323232323233,17.86221669627367,4.807694333103692
21.21212121212121,32.32323232323233,26.28168489037544,4.995339921630363
22.22222222222222,32.32323232323233,12.48643136700365,4.176358476968656
23.23232323232324,32.32323232323233,36.13163959696006,4.673716759997896
24.24242424242424,32.32323232323233,18.69072947173382,4.28138480473556
25.25252525252525,32.32323232323233,37.64905140454318,4.033267867590253
26.26262626262626,32.32323232323233,2.441644815403741,4.113620337272513
27.27272727272727,32.32323232323233,23.62096305740604,4.278724464403474
28.28282828282828,32.32323232323233,30.76797837416508,4.532766981010543
29.29292929292929,32.32323232323233,27.94624184429989,4.140921365149872
30.3030303030303,32.32323232323233,18.73547882060113,3.975463688234536
31.31313131313131,32.32323232323233,24.22008675119148,4.390008089023326
32.32323232323233,32.32323232323233,18.45550039403271,4.925408254869222
33.33333333333334,32.32323232323233,23.47068750298062,4.66646061283082
34.34343434343435,32.32323232323233,30.12608276947138,3.242911868895735
35.35353535353536,32.32323232323233,13.63226716128511,4.855102632283389
36.36363636363637,32.32323232323233,29.05248506562859,5.043956309296009
37.37373737373738,32.32323232323233,23.60067795634721,4.090694218989752
38.38383838383839,32.32323232323233,18.51014886381886,4.810753418474588
39.3939393939394,32.32323232323233,26.94108296223986,3.341647514659168
40.40404040404041,32.32323232323233,23.77227493223981,4.68771742326371
41.41414141414142,32.32323232323233,23.11486340767005,3.896100303961886
42.42424242424243,32.32323232323233,21.92869133276588,3.409578795763625
43.43434343434344,32.32323232323233,20.03701498217474,3.409074771649635
44.44444444444445,32.32323232323233,38.60026319896812,4.693532734637631
45.45454545454546,32.32323232323233,17.22723059478605,5.354343132149441
46.46464646464647,32.32323232323233,16.93306640657872,4.71613931382439
47.47474747474748,32.32323232323233,25.7164697049236,4.773759072595075
48.48484848484848,32.32323232323233,21.83531441411289,3.668990256517605
49.49494949494949,32.32323232323233,12.03876915052877,4.488421529989051
50.50505050505051,32.32323232323233,43.05091892821679,4.164270834607997
51.51515151515152,32.32323232323233,19.64476886478265,4.814727023691478
52.52525252525253,32.32323232323233,25.8835967021898,3.386550939639947
53.53535353535354,32.32323232323233,37.80660537270984,3.614784785096561
54.54545454545455,32.32323232323233,28.34329702468333,3.193951705194517
55.55555555555556,32.32323232323233,27.04953298414212,5.25177921841898
56.56565656565657,32.32323232323233,24.29023263942538,2.937365295007728
57.57575757575758,32.32323232323233,19.74868812508084,5.328980046710809
58.58585858585859,32.32323232323233,24.97353133506551,3.716663030985587
59.5959595959596,32.32323232323233,28.93433563796322,5.044406045849112
60.60606060606061,32.32323232323233,20.56161267519633,3.877667481378869
61.61616161616162,32.32323232323233,21.76468709140257,4.762798263841964
62.62626262626263,32.32323232323233,30.73229205577013,4.70225715248839
63.63636363636364,32.32323232323233,25.79367610136903,4.98176471306825
64.64646464646465,32.32323232323233,23.37483074710491,3.605984518287113
65.65656565656566,32.32323232323233,12.77534210549595,4.148246153978763
66.66666666666667,32.32323232323233,24.14795755328754,4.00748858548441
67.67676767676768,32.32323232323233,19.31946322415387,4.905076084049099
68.68686868686869,32.32323232323233,17.96831636054128,4.953978813491796
69.6969696969697,32.32323232323233,20.82329710349829,4.753782531694968
70.70707070707071,32.32323232323233,20.891733174756,6.114571980835411
71.71717171717172,32.32323232323233,13.53952744853181,4.210758786044182
72.72727272727273,32.32323232323233,27.23617196753556,4.887241145628643
73.73737373737374,32.32323232323233,16.31933867151053,3.723730356959512
74.74747474747475,32.32323232323233,18.94441580069526,4.780859199268597
75.75757575757576,32.32323232323233,28.38764363974672,5.805694216683973
76.76767676767678,32.32323232323233,28.54234055454718,5.206634044795038
77.77777777777779,32.32323232323233,32.8412264226609,5.081612165957444
78.7878787878788,32.32323232323233,28.13152300709715,4.092902757330203
79.7979797979798,32.32323232323233,25.60430886324694,3.057735720845542
80.80808080808082,32.32323232323233,17.31088803256915,5.188330503318563
81.81818181818183,32.32323232323233,21.86846269867258,5.315799233493157
82.82828282828284,32.32323232323233,24.54911971706374,4.171143874602768
83.83838383838385,32.32323232323233,33.03421846611214,3.02773249917195
84.84848484848486,32.32323232323233,27.17683375619355,4.951667967975268
85.85858585858587,32.32323232323233,31.10690484830308,4.562412433990815
86.86868686868688,32.32323232323233,19.85473995139203,5.74513337382041
87.87878787878789,32.32323232323233,14.95935221342876,4.41015951958674
88.8888888888889,32.32323232323233,28.6360296775484,5.305613356250424
89.89898989898991,32.32323232323233,7.003545513788261,4.987236874896539
90.90909090909092,32.32323232323233,33.50891388733206,6.152423221361999
91.91919191919193,32.32323232323233,23.92508966100102,4.414575045079884
92.92929292929294,32.32323232323233,34.63569585134246,5.432075213265636
93.93939393939395,32.32323232323233,33.64393447921682,3.640662116011327
94.94949494949496,32.32323232323233,22.1528371499344,4.640538526259119
95.95959595959597,32.32323232323233,18.6529261296325,3.644877261448194
96.96969696969697,32.32323232323233,26.97303995335687,4.326192303867963
97.97979797979798,32.32323232323233,30.5744862698635,4.155161182024631
98.98989898989899,32.32323232323233,28.12696762387127,4.63747511882408
100.0,32.32323232323233,24.41550617941705,6.092619291543651
0.0,33.33333333333334,16.80719417440948,5.390111901871663
1.01010101010101,33.33333333333334,12.34778704970227,4.649174509702502
2.02020202020202,33.33333333333334,15.70882740046371,4.593974534711835
3.03030303030303,33.33333333333334,20.92297792382642,3.206028981737431
4.040404040404041,33.33333333333334,22.91442506992344,4.284376089846488
5.050505050505051,33.33333333333334,25.52182315815458,3.381876177096898
6.060606060606061,33.33333333333334,24.73203207519891,4.228829308736228
7.070707070707071,33.33333333333334,18.66522412906273,4.764672981107391
8.080808080808081,33.33333333333334,30.71042719213103,5.076744652762102
9.090909090909092,33.33333333333334,19.11139734009167,4.987252324454015
10.1010101010101,33.33333333333334,25.88103802011264,4.457422959976832
11.11111111111111,33.33333333333334,25.04337840710297,4.256882396604333
12.12121212121212,33.33333333333334,25.77659948590987,5.192994595809813
13.13131313131313,33.33333333333334,19.96896190350549,4.087352857562601
14.14141414141414,33.33333333333334,21.07488643659679,3.885756785602235
15.15151515151515,33.33333333333334,19.39441628454782,4.794080910565243
16.16161616161616,33.33333333333334,22.24496097478758,4.62491079458597
17.17171717171717,33.33333333333334,23.48632159686801,4.584720370379309
18.18181818181818,33.33333333333334,21.80889373593583,4.536900179424102
19.19191919191919,33.33333333333334,17.24291677444619,5.46572756438911
20.2020202020202,33.33333333333334,25.77968281383283,5.198213588725486
21.21212121212121,33.33333333333334,19.8048520680577,4.422921221037449
22.22222222222222,33.33333333333334,25.78500186757863,3.859035632920158
23.23232323232324,33.33333333333334,30.35386571349213,4.557909066388119
24.24242424242424,33.33333333333334,33.6690786078936,6.527164955184714
25.25252525252525,33.33333333333334,25.10161427593648,4.10177310523976
26.26262626262626,33.33333333333334,16.44839987007615,4.057910949396121
27.27272727272727,33.33333333333334,18.96087674746816,4.177540072045565
28.28282828282828,33.33333333333334,11.13073031881483,5.008601343830271
29.29292929292929,33.33333333333334,16.61420324328174,3.810363479132712
30.3030303030303,33.33333333333334,18.80758678728827,4.321444119917089
31.31313131313131,33.33333333333334,17.4370427696345,5.840755107774332
32.32323232323233,33.33333333333334,30.95846609254951,5.034411541738127
33.33333333333334,33.33333333333334,12.80952913513716,5.151463772353194
34.34343434343435,33.33333333333334,12.82397495643399,4.245049812199054
35.35353535353536,33.33333333333334,27.98457395439708,4.698293484187272
36.36363636363637,33.33333333333334,29.34684769046694,5.179923916934007
37.37373737373738,33.33333333333334,21.58809312144248,4.446202609268596
38.38383838383839,33.33333333333334,25.69564852757648,3.477787594945219
39.3939393939394,33.33333333333334,23.25315925018934,3.742724506492792
40.40404040404041,33.33333333333334,28.10085157497431,4.32301380572066
41.41414141414142,33.33333333333334,20.7869611989136,4.242041089598331
42.42424242424243,33.33333333333334,36.40216118523197,4.160349576446116
43.43434343434344,33.33333333333334,25.10040904452017,4.777354950002313
44.44444444444445,33.33333333333334,26.77109246170615,4.696884908339255
45.45454545454546,33.33333333333334,15.72597822540663,5.419910729044845
46.46464646464647,33.33333333333334,22.57521031764821,5.266288030567326
47.47474747474748,33.33333333333334,24.5616906210154,3.462425738523513
48.48484848484848,33.33333333333334,41.46280732760086,4.991772060865622
49.49494949494949,33.33333333333334,19.13719846253991,4.863677682781677
50.50505050505051,33.33333333333334,14.84385504982687,4.861644060547574
51.51515151515152,33.33333333333334,13.43264926365143,5.312512151490848
52.52525252525253,33.33333333333334,22.74928005691589,4.057759836477604
53.53535353535354,33.33333333333334,13.8046389028549,4.24413269636949
54.54545454545455,33.33333333333334,25.48360622865159,4.6074778023501
55.55555555555556,33.33333333333334,30.97472654011673,3.326178092841581
56.56565656565657,33.33333333333334,13.45851670381846,5.294105637824385
57.57575757575758,33.33333333333334,20.68911966629827,4.521505201341458
58.58585858585859,33.33333333333334,27.39472625899074,5.472267966968902
59.5959595959596,33.33333333333334,25.87182785749615,5.383654436221313
60.60606060606061,33.33333333333334,29.36228191092157,4.208740677399895
61.61616161616162,33.33333333333334,24.31642620078271,4.209048629943742
62.62626262626263,33.33333333333334,28.80061539613855,3.906370311791841
63.63636363636364,33.33333333333334,22.49136432457577,4.812381659126665
64.64646464646465,33.33333333333334,9.491118932920678,3.89358648416953
65.65656565656566,33.33333333333334,18.73651853509772,5.30245239413194
66.66666666666667,33.33333333333334,23.50169265600053,4.412400638665366
67.67676767676768,33.33333333333334,17.47899910796702,5.32586699263977
68.68686868686869,33.33333333333334,18.96623579475061,3.773065659899951
69.6969696969697,33.33333333333334,19.55743232117122,4.879771083651332
70.70707070707071,33.33333333333334,19.23654712435576,4.706751232698442
71.71717171717172,33.33333333333334,24.43442084225937,4.254565273472489
72.72727272727273,33.33333333333334,21.64840860265941,4.238832219073791
73.73737373737374,33.33333333333334,34.19175717393661,4.761876941771992
74.74747474747475,33.33333333333334,13.63382560834977,4.236229657341595
75.75757575757576,33.33333333333334,28.88491497759244,3.091972100381304
76.76767676767678,33.33333333333334,20.45255213466191,3.958646533008691
77.77777777777779,33.33333333333334,20.39631942018779,5.347146137740695
78.7878787878788,33.33333333333334,17.89758573126236,4.947870542871939
79.7979797979798,33.33333333333334,25.83948744385776,4.921650160701682
80.80808080808082,33.33333333333334,29.489983980508,4.546121886579234
81.81818181818183,33.33333333333334,31.84378750161839,3.760364234271953
82.82828282828284,33.33333333333334,19.13232772303081,5.069263008766407
83.83838383838385,33.33333333333334,4.48540213603796,4.804322362966112
84.84848484848486,33.33333333333334,26.20531039846821,4.122746019981537
85.85858585858587,33.33333333333334,28.13653708844917,4.008398167304119
86.86868686868688,33.33333333333334,26.69322809816151,4.635597137846172
87.87878787878789,33.33333333333334,23.63597190601387,4.677679165525
88.8888888888889,33.33333333333334,27.37185137044827,5.003531964145859
89.89898989898991,33.33333333333334,15.74554980424284,5.634183051229959
90.90909090909092,33.33333333333334,23.09291069091816,4.476338551402482
91.91919191919193,33.33333333333334,27.64054553661847,5.122594543647837
92.92929292929294,33.33333333333334,23.73976829236441,5.030901698176288
93.93939393939395,33.33333333333334,23.98586386707642,4.519280720211681
94.94949494949496,33.33333333333334,36.48396085333388,4.832403367968822
95.95959595959597,33.33333333333334,26.66998719426423,4.047447858883314
96.96969696969697,33.33333333333334,20.18863522399227,3.675575327989678
97.97979797979798,33.33333333333334,23.56891527664192,3.811086544164176
98.98989898989899,33.33333333333334,13.94082074813785,4.538525055579939
100.0,33.33333333333334,11.55842481556173,4.922220909987892
0.0,34.34343434343435,24.07797437233267,4.198640466896049
1.01010101010101,34.34343434343435,21.22851508547049,4.818293495684562
2.02020202020202,34.34343434343435,21.60284029029877,4.676724567996082
3.03030303030303,34.34343434343435,23.3829522103131,4.586269671497998
4.040404040404041,34.34343434343435,31.84935254545708,4.715490341678065
5.050505050505051,34.34343434343435,40.39577203826263,3.28668150972973
6.060606060606061,34.34343434343435,24.07709409279155,4.80397811212316
7.070707070707071,34.34343434343435,9.832489812271678,4.729166940233561
8.080808080808081,34.34343434343435,33.27481249241558,3.962123161610058
9.090909090909092,34.34343434343435,17.06252427231605,4.107133637746273
10.1010101010101,34.34343434343435,23.34781208104424,4.776302809009452
11.11111111111111,34.34343434343435,25.26041474949211,4.300271435992678
12.12121212121212,34.34343434343435,16.85483977337348,4.415200703543716
13.13131313131313,34.34343434343435,19.04968594663778,4.024934079474575
14.14141414141414,34.34343434343435,27.03840851537485,5.950596880840315
15.15151515151515,34.34343434343435,22.98312181876458,3.933198092575015
16.16161616161616,34.34343434343435,27.18410369312741,6.369799693165827
17.17171717171717,34.34343434343435,31.3690946531743,4.971674308477081
18.18181818181818,34.34343434343435,33.69390705601219,4.987434760645431
19.19191919191919,34.34343434343435,27.68811045871258,4.595217235071891
20.2020202020202,34.34343434343435,17.73543408936699,3.841600807788228
21.21212121212121,34.34343434343435,20.54892267041407,5.455872436905049
22.22222222222222,34.34343434343435,8.307986653239041,6.259663603743107
23.23232323232324,34.34343434343435,31.74010500987563,3.979216326409797
24.24242424242424,34.34343434343435,17.96228096714488,4.77111103564373
25.25252525252525,34.34343434343435,28.95235355344738,4.476883039097036
26.26262626262626,34.34343434343435,13.72837196718161,5.270510050416568
27.27272727272727,34.34343434343435,22.04252169036804,4.089975626973401
28.28282828282828,34.34343434343435,30.81454911790517,3.64608015078723
29.29292929292929,34.34343434343435,34.44674664946972,4.678683209089289
30.3030303030303,34.34343434343435,16.15228596161374,4.387610884389217
31.31313131313131,34.34343434343435,25.44763820983797,6.385723356087233
32.32323232323233,34.34343434343435,40.53406328024813,4.744573597926133
33.33333333333334,34.34343434343435,5.717391779003026,4.742780347545495
34.34343434343435,34.34343434343435,24.61348444373209,4.371052994872028
35.35353535353536,34.34343434343435,20.73796924194252,4.282779075137046
36.36363636363637,34.34343434343435,20.47353238616393,4.423826380103554
37.37373737373738,34.34343434343435,20.67521522896394,5.885584257362366
38.38383838383839,34.34343434343435,22.37209681433732,4.062244224289647
39.3939393939394,34.34343434343435,28.73105149156223,4.040042121407279
40.40404040404041,34.34343434343435,30.97723159693105,4.3998485749118
41.41414141414142,34.34343434343435,28.02870226908644,4.699001563774601
42.42424242424243,34.34343434343435,22.65529546220931,4.75465938036927
43.43434343434344,34.34343434343435,26.38787772695528,4.894747631956726
44.44444444444445,34.34343434343435,14.15065779991871,4.183608669258927
45.45454545454546,34.34343434343435,18.71886963819962,5.09089294127962
46.46464646464647,34.34343434343435,26.22135161540085,5.004114151602804
47.47474747474748,34.34343434343435,22.44068949722964,4.230052998373281
48.48484848484848,34.34343434343435,32.60441925574255,4.360868220225083
49.49494949494949,34.34343434343435,28.93028036043953,4.878875020960941
50.50505050505051,34.34343434343435,17.15964731921597,4.62034434130167
51.51515151515152,34.34343434343435,28.12683719056815,4.66229705930404
52.52525252525253,34.34343434343435,22.06844442233658,4.774558230787785
53.53535353535354,34.34343434343435,23.85739415269442,5.039020522012098
54.54545454545455,34.34343434343435,22.2710152454764,3.619661511036662
55.55555555555556,34.34343434343435,12.18331848304559,4.996312493787837
56.56565656565657,34.34343434343435,29.8666298975105,4.094505816344958
57.57575757575758,34.34343434343435,30.10922827975598,5.35571634426533
58.58585858585859,34.34343434343435,17.91734143496166,5.277884513810046
59.5959595959596,34.34343434343435,22.42486385685407,4.834165060861244
60.60606060606061,34.34343434343435,21.97568572724882,3.815570283506626
61.61616161616162,34.34343434343435,13.22878322085384,3.490053086871372
62.62626262626263,34.34343434343435,18.6565907923727,4.442346588264442
63.63636363636364,34.34343434343435,26.27393770931475,4.296051939474517
64.64646464646465,34.34343434343435,10.36436028860137,3.778879065471057
65.65656565656566,34.34343434343435,24.82231916487441,5.144864918069314
66.66666666666667,34.34343434343435,28.55562483141406,4.041387802928348
67.67676767676768,34.34343434343435,10.44807774550509,4.011790997210243
68.68686868686869,34.34343434343435,15.47536552115741,5.412773442738851
69.6969696969697,34.34343434343435,18.46736363006242,4.425314727445176
70.70707070707071,34.34343434343435,21.1097335304655,3.444580708315624
71.71717171717172,34.34343434343435,22.4280812940491,3.707152897033995
72.72727272727273,34.34343434343435,22.27733615207713,3.816355561464252
73.73737373737374,34.34343434343435,23.78422258351916,3.736459540261492
74.74747474747475,34.34343434343435,17.45565078447729,4.128566163171842
75.75757575757576,34.34343434343435,15.92980319295408,4.631208508634631
76.76767676767678,34.34343434343435,18.99241200064412,4.755166474933282
77.77777777777779,34.34343434343435,10.95954408775831,3.411740883411842
78.7878787878788,34.34343434343435,30.89779537227006,4.388499104924783
79.7979797979798,34.34343434343435,12.42860831599737,4.518144599878702
80.80808080808082,34.34343434343435,16.93037950258127,4.791737229485267
81.81818181818183,34.34343434343435,36.68904905117688,3.862566549518715
82.82828282828284,34.34343434343435,28.25127880274486,4.527782212997634
83.83838383838385,34.34343434343435,26.15968273357842,4.148384968304438
84.84848484848486,34.34343434343435,19.66846892362687,4.607867879048028
85.85858585858587,34.34343434343435,25.63438187780461,4.743803935631798
86.86868686868688,34.34343434343435,18.68213404718537,6.074311519517845
87.87878787878789,34.34343434343435,7.619235493223531,4.445857458035752
88.8888888888889,34.34343434343435,26.14174676071156,6.505636133668789
89.89898989898991,34.34343434343435,25.59455008508921,4.877032474217819
90.90909090909092,34.34343434343435,31.48014629310321,5.441605445828872
91.91919191919193,34.34343434343435,8.698017132156435,4.774168322700306
92.92929292929294,34.34343434343435,30.26896067962497,4.972600078233805
93.93939393939395,34.34343434343435,18.18369630093889,4.123668889549014
94.94949494949496,34.34343434343435,23.53579252962155,4.580819524325385
95.95959595959597,34.34343434343435,6.691918967416828,4.824915565101666
96.96969696969697,34.34343434343435,30.39448999413745,4.252196634898402
97.97979797979798,34.34343434343435,28.60862672280849,5.174168980339981
98.98989898989899,34.34343434343435,26.60652063366189,4.606540159296785
100.0,34.34343434343435,25.14958415705981,4.251394615709374
0.0,35.35353535353536,31.46411252639558,4.396874212973949
1.01010101010101,35.35353535353536,32.86305718006226,4.29450837281219
2.02020202020202,35.35353535353536,21.48190304813047,4.756282139624413
3.03030303030303,35.35353535353536,37.09349096149266,4.330951386472569
4.040404040404041,35.35353535353536,33.28486316360432,4.972962623020822
5.050505050505051,35.35353535353536,24.15268554315809,4.582603915330339
6.060606060606061,35.35353535353536,21.77584483771796,3.562675343418699
7.070707070707071,35.35353535353536,21.38591771991299,5.133959582856209
8.080808080808081,35.35353535353536,19.65031320406678,4.283062923166543
9.090909090909092,35.35353535353536,28.17070538783559,4.301877287798744
10.1010101010101,35.35353535353536,9.03325169057574,4.166875360135888
11.11111111111111,35.35353535353536,21.04206003989261,4.245558285266669
12.12121212121212,35.35353535353536,24.27103527245368,4.243421529784458
13.13131313131313,35.35353535353536,26.4232935850359,5.952398481562983
14.14141414141414,35.35353535353536,32.00305227026141,6.797061708030666
15.15151515151515,35.35353535353536,27.46360298142745,3.619256126822732
16.16161616161616,35.35353535353536,23.76254762144405,4.059020045127705
17.17171717171717,35.35353535353536,15.61035031354184,4.782390358127619
18.18181818181818,35.35353535353536,13.98043239040208,4.174668057971709
19.19191919191919,35.35353535353536,26.26493570543368,4.575483627839943
20.2020202020202,35.35353535353536,26.08005747788665,4.840429147195006
21.21212121212121,35.35353535353536,29.5939819411212,6.238483734855834
22.22222222222222,35.35353535353536,24.10329966802703,3.993495390476484
23.23232323232324,35.35353535353536,20.62770691352462,4.906262004515332
24.24242424242424,35.35353535353536,32.99349273656859,4.95333907838394
25.25252525252525,35.35353535353536,20.14818733671104,3.511529250683394
26.26262626262626,35.35353535353536,41.30466323584556,5.00034681119893
27.27272727272727,35.35353535353536,21.66876406727101,4.95135108664582
28.28282828282828,35.35353535353536,19.69255318217701,3.449631136012005
29.29292929292929,35.35353535353536,14.80847592735857,3.737335468812545
30.3030303030303,35.35353535353536,22.20034100373649,4.602597595858721
31.31313131313131,35.35353535353536,15.23816457297354,5.331681184545968
32.32323232323233,35.35353535353536,10.80329862354896,4.378694573967715
33.33333333333334,35.35353535353536,13.08986315758277,4.792092441276994
34.34343434343435,35.35353535353536,24.2539516175257,3.966966336272168
35.35353535353536,35.35353535353536,19.04324361022486,3.433112557188944
36.36363636363637,35.35353535353536,23.82268153298447,4.246741478696374
37.37373737373738,35.35353535353536,19.4445162669047,3.301439502513775
38.38383838383839,35.35353535353536,26.73809253877549,3.784454982145164
39.3939393939394,35.35353535353536,21.72451486160025,4.481332700730086
40.40404040404041,35.35353535353536,29.67920518301907,4.843293770018575
41.41414141414142,35.35353535353536,11.70516587929735,3.685769279052855
42.42424242424243,35.35353535353536,26.84699412307089,5.817987625692875
43.43434343434344,35.35353535353536,24.65286121634477,4.336569176557404
44.44444444444445,35.35353535353536,27.89625602490449,5.394162597799324
45.45454545454546,35.35353535353536,21.44544404610646,4.969844539700737
46.46464646464647,35.35353535353536,22.4114932373953,5.317868041061124
47.47474747474748,35.35353535353536,18.93817062708708,5.027118635633093
48.48484848484848,35.35353535353536,35.17725470895989,3.836810234179322
49.49494949494949,35.35353535353536,17.42482592962839,4.343774011048336
50.50505050505051,35.35353535353536,17.64506056099787,4.373586338392334
51.51515151515152,35.35353535353536,28.39755356256092,5.373381435035212
52.52525252525253,35.35353535353536,19.9063052388046,4.815502764431306
53.53535353535354,35.35353535353536,25.36298650902094,3.967098649140596
54.54545454545455,35.35353535353536,28.35216554583966,5.581935378407889
55.55555555555556,35.35353535353536,14.05349773024922,5.40260867529331
56.56565656565657,35.35353535353536,23.52468278241127,5.53243642665072
57.57575757575758,35.35353535353536,16.88606075765323,4.100983342447694
58.58585858585859,35.35353535353536,27.81293241622058,2.638434006753075
59.5959595959596,35.35353535353536,24.57085584834768,3.349644365925223
60.60606060606061,35.35353535353536,30.42090332171359,4.817342968090128
61.61616161616162,35.35353535353536,24.30613706033655,3.92296366607616
62.62626262626263,35.35353535353536,19.29285686179439,4.402097354915965
63.63636363636364,35.35353535353536,31.9161404068785,4.399214046906337
64.64646464646465,35.35353535353536,17.79187294401091,3.85547572406607
65.65656565656566,35.35353535353536,18.51494633485565,4.872866471071149
66.66666666666667,35.35353535353536,13.27515229413929,5.2753320297054
67.67676767676768,35.35353535353536,28.90494368855313,1.782995664554357
68.68686868686869,35.35353535353536,20.7117535899946,4.319355361385438
69.6969696969697,35.35353535353536,26.52695523073275,4.28990283493598
70.70707070707071,35.35353535353536,13.36703221618999,4.145381326046172
71.71717171717172,35.35353535353536,34.11389527250622,4.710975723903316
72.72727272727273,35.35353535353536,30.68339903746326,4.681370881839921
73.73737373737374,35.35353535353536,7.478518050056175,3.651972490921693
74.74747474747475,35.35353535353536,11.75359044757453,5.100065123779491
75.75757575757576,35.35353535353536,36.38474712737455,5.006104186223348
76.76767676767678,35.35353535353536,26.66540559887983,4.266805319101517
77.77777777777779,35.35353535353536,20.79008775134679,5.009984079151413
78.7878787878788,35.35353535353536,9.787990240620799,4.829410550769393
79.7979797979798,35.35353535353536,26.94720562839068,4.64534748874536
80.80808080808082,35.35353535353536,16.51936349986457,3.876435249272247
81.81818181818183,35.35353535353536,18.27937658399457,5.160796638140916
82.82828282828284,35.35353535353536,37.3457101882743,4.458140604814764
83.83838383838385,35.35353535353536,25.9421386855687,4.158688991272032
84.84848484848486,35.35353535353536,29.21151686268055,5.889989295208879
85.85858585858587,35.35353535353536,25.6733438223877,4.19390199687362
86.86868686868688,35.35353535353536,16.56434231364459,4.310252335889155
87.87878787878789,35.35353535353536,35.52100846107423,3.69462067475393
88.8888888888889,35.35353535353536,23.78086946008996,5.043911056748516
89.89898989898991,35.35353535353536,10.30923145482058,4.283108757766815
90.90909090909092,35.35353535353536,13.92170418058639,5.186693185016169
91.91919191919193,35.35353535353536,6.896302096709316,4.316780085670347
92.92929292929294,35.35353535353536,32.93008418428121,4.740520905877825
93.93939393939395,35.35353535353536,26.93903494828685,4.14448248200638
94.94949494949496,35.35353535353536,18.52623748058676,3.649898337825043
95.95959595959597,35.35353535353536,24.17939907393407,3.767544317193689
96.96969696969697,35.35353535353536,32.06096237835643,4.605114924717241
97.97979797979798,35.35353535353536,23.70780179233934,4.588699845581952
98.98989898989899,35.35353535353536,26.08481237862966,5.102580585340655
100.0,35.35353535353536,11.88428121900965,4.328607571577732
0.0,36.36363636363637,4.108758991934947,1.471100664801075
1.01010101010101,36.36363636363637,14.54916856087,0.5992597953640564
2.02020202020202,36.36363636363637,28.80814339345658,5.230357651427114
3.03030303030303,36.36363636363637,30.59645004201327,4.200034123990846
4.040404040404041,36.36363636363637,24.86465875688237,4.66818336730995
5.050505050505051,36.36363636363637,12.47390344456061,5.122964954294141
6.060606060606061,36.36363636363637,35.7933570169502,5.582805068740194
7.070707070707071,36.36363636363637,23.47527142217344,4.713069498732592
8.080808080808081,36.36363636363637,35.86156409693115,4.767130453656343
9.090909090909092,36.36363636363637,19.57078377626573,4.683803069944962
10.1010101010101,36.36363636363637,16.54687398348437,5.093884506862274
11.11111111111111,36.36363636363637,28.3784480898776,4.019574953023521
12.12121212121212,36.36363636363637,22.47946842063945,5.485230421561686
13.13131313131313,36.36363636363637,23.94549571311241,3.603573643414675
14.14141414141414,36.36363636363637,17.90349398999102,4.530747302993895
15.15151515151515,36.36363636363637,21.3514256020045,4.245910197877328
16.16161616161616,36.36363636363637,20.61869811547656,4.040174492402941
17.17171717171717,36.36363636363637,23.33690929198898,4.095995221150801
18.18181818181818,36.36363636363637,21.01839567520796,3.364845949112309
19.19191919191919,36.36363636363637,37.08768550225734,5.321108941616482
20.2020202020202,36.36363636363637,22.63307104733908,4.569250800938932
21.21212121212121,36.36363636363637,25.11748029720492,4.308668521153213
22.22222222222222,36.36363636363637,26.71833468165026,5.106282822285472
23.23232323232324,36.36363636363637,20.9170194213994,4.922984315899605
24.24242424242424,36.36363636363637,25.21843000848006,4.166121570705008
25.25252525252525,36.36363636363637,23.66190180221002,4.030596282154518
26.26262626262626,36.36363636363637,19.20848451807568,3.403914349609293
27.27272727272727,36.36363636363637,25.39287490996456,3.655854034928544
28.28282828282828,36.36363636363637,27.20680802375136,4.453777220383405
29.29292929292929,36.36363636363637,9.21234098284199,3.156868212214442
30.3030303030303,36.36363636363637,4.908795993170214,2.318009195501003
31.31313131313131,36.36363636363637,14.98053346049543,1.811439404880124
32.32323232323233,36.36363636363637,22.49495602469676,1.459241789677981
33.33333333333334,36.36363636363637,22.69816529083784,4.145511032225817
34.34343434343435,36.36363636363637,26.43519855940733,4.155684694004863
35.35353535353536,36.36363636363637,19.22969505732611,5.626401208974211
36.36363636363637,36.36363636363637,30.6648446261105,4.309069716434791
37.37373737373738,36.36363636363637,15.25484726715774,4.393044050454948
38.38383838383839,36.36363636363637,21.7473212806849,4.077183282106431
39.3939393939394,36.36363636363637,20.28096799062735,3.507871237918515
40.40404040404041,36.36363636363637,33.02855763409183,4.766312711090185
41.41414141414142,36.36363636363637,27.92120342534802,3.830687105199326
42.42424242424243,36.36363636363637,23.30400022386693,4.362367159395468
43.43434343434344,36.36363636363637,32.38061196216126,4.535637642925971
44.44444444444445,36.36363636363637,22.60415869434308,4.43004204177706
45.45454545454546,36.36363636363637,28.75297479569582,5.09192111720829
46.46464646464647,36.36363636363637,20.19771680146173,5.647125333619189
47.47474747474748,36.36363636363637,26.89926505318958,4.50097386212194
48.48484848484848,36.36363636363637,25.29627307377914,4.881195033960066
49.49494949494949,36.36363636363637,22.41298731204062,5.057374902696069
50.50505050505051,36.36363636363637,7.414137341632338,4.243541803973154
51.51515151515152,36.36363636363637,22.44348765981578,4.528161361416606
52.52525252525253,36.36363636363637,21.0113124781583,5.86279395696582
53.53535353535354,36.36363636363637,28.88617580454033,3.192546539712711
54.54545454545455,36.36363636363637,24.99324114704742,4.736410596927454
55.55555555555556,36.36363636363637,27.03124193894339,4.727213408093065
56.56565656565657,36.36363636363637,29.33204994110651,4.384926150607416
57.57575757575758,36.36363636363637,12.56272144607299,4.907738892850522
58.58585858585859,36.36363636363637,28.04270040442493,4.796550041388574
59.5959595959596,36.36363636363637,12.90581491204194,6.42767473197274
60.60606060606061,36.36363636363637,20.22323330606921,6.536003143663869
61.61616161616162,36.36363636363637,12.76563193723287,1.77033468545472
62.62626262626263,36.36363636363637,12.32989190778041,0.4962777666590832
63.63636363636364,36.36363636363637,16.01698335157177,1.514614939594298
64.64646464646465,36.36363636363637,26.03166774802534,4.560928928240556
65.65656565656566,36.36363636363637,22.42838770954917,5.415090295768935
66.66666666666667,36.36363636363637,36.98745754690086,4.388098098860212
67.67676767676768,36.36363636363637,30.61729107920318,4.099717345787312
68.68686868686869,36.36363636363637,19.5126541540473,3.597026588117369
69.6969696969697,36.36363636363637,26.96379801492787,3.217647414937992
70.70707070707071,36.36363636363637,13.99492412860077,5.356552310942789
71.71717171717172,36.36363636363637,26.22608559869047,5.407713894599765
72.72727272727273,36.36363636363637,14.42608230973243,5.001413797067903
73.73737373737374,36.36363636363637,16.81190421199626,5.442313192901283
74.74747474747475,36.36363636363637,21.8193308008315,5.070734646054282
75.75757575757576,36.36363636363637,28.53826297343945,4.411031988854957
76.76767676767678,36.36363636363637,18.40946406402889,3.296615271563976
77.77777777777779,36.36363636363637,31.14480307163821,5.348406544994831
78.7878787878788,36.36363636363637,18.29330260737375,3.179388426762654
79.7979797979798,36.36363636363637,18.87605300092666,3.476046174957608
80.80808080808082,36.36363636363637,21.11598546772256,4.757339155531003
81.81818181818183,36.36363636363637,24.85994113251446,4.891758772732943
82.82828282828284,36.36363636363637,23.46744235969926,4.457152820119906
83.83838383838385,36.36363636363637,24.10024833782502,5.03497027391908
84.84848484848486,36.36363636363637,22.43657108542218,4.424026338046064
85.85858585858587,36.36363636363637,26.49938434470017,4.545722736150679
86.86868686868688,36.36363636363637,34.7007500554566,5.429099883618037
87.87878787878789,36.36363636363637,18.69967368060243,4.626420722573674
88.8888888888889,36.36363636363637,20.71872697954343,2.953215860620427
89.89898989898991,36.36363636363637,24.76079509242045,4.603312424791737
90.90909090909092,36.36363636363637,19.4701110498739,5.036677853372077
91.91919191919193,36.36363636363637,22.93049293547368,4.531273940624921
92.92929292929294,36.36363636363637,15.98563960600843,1.806438290441996
93.93939393939395,36.36363636363637,16.88778215478008,0.7790757524008508
94.94949494949496,36.36363636363637,17.87232301023015,0.9550885006875232
95.95959595959597,36.36363636363637,10.47670085295746,5.380496808870355
96.96969696969697,36.36363636363637,21.13733973276584,4.171331528884904
97.97979797979798,36.36363636363637,19.28876268811568,4.635516132954787
98.98989898989899,36.36363636363637,25.85855395427716,4.512548709220099
100.0,36.36363636363637,18.50272789399132,4.946933559412125
0.0,37.37373737373738,11.37198166366745,1.093477224189987
1.01010101010101,37.37373737373738,14.56905934395649,1.397609656939257
2.02020202020202,37.37373737373738,20.25515617866985,2.45834823699391
3.03030303030303,37.37373737373738,2.031669433197031,1.625580477314863
4.040404040404041,37.37373737373738,5.766752554152937,3.589790678094813
5.050505050505051,37.37373737373738,26.87593065314428,4.16120446857933
6.060606060606061,37.37373737373738,19.94291826903997,2.894083113439619
7.070707070707071,37.37373737373738,10.23174598793666,4.180884500277251
8.080808080808081,37.37373737373738,23.38395167825486,3.799479213798617
9.090909090909092,37.37373737373738,20.8375805380094,4.894482878042694
10.1010101010101,37.37373737373738,22.46245710876566,4.256483417524514
11.11111111111111,37.37373737373738,20.76930307546001,4.54203156910301
12.12121212121212,37.37373737373738,27.79556942440195,4.40761887270897
13.13131313131313,37.37373737373738,14.63907660203178,3.180219993827273
14.14141414141414,37.37373737373738,46.96594700706449,4.642582855456894
15.15151515151515,37.37373737373738,23.94123125440174,3.842472196361568
16.16161616161616,37.37373737373738,20.65438077476497,5.110146930820767
17.17171717171717,37.37373737373738,18.00417375938685,4.699422562822664
18.18181818181818,37.37373737373738,17.73766590981092,5.67229701288574
19.19191919191919,37.37373737373738,37.81177073718613,5.251239959965291
20.2020202020202,37.37373737373738,16.88554966771399,4.77442775896314
21.21212121212121,37.37373737373738,11.41108286596525,4.756254124583856
22.22222222222222,37.37373737373738,12.08133059555989,4.437858065476162
23.23232323232324,37.37373737373738,14.70648556915889,5.650102987550666
24.24242424242424,37.37373737373738,29.62957604175056,4.874916803117663
25.25252525252525,37.37373737373738,27.60000058111825,3.999860607003273
26.26262626262626,37.37373737373738,20.90734168202223,4.6148402332083
27.27272727272727,37.37373737373738,29.9109265594662,4.250333978796965
28.28282828282828,37.37373737373738,8.135067972335216,1.353927516827382
29.29292929292929,37.37373737373738,23.153152128752,1.9597805980285
30.3030303030303,37.37373737373738,18.40791599871715,1.985073901404994
31.31313131313131,37.37373737373738,17.07140171997438,1.105857352428121
32.32323232323233,37.37373737373738,12.50527112116019,1.78026474904548
33.33333333333334,37.37373737373738,8.335234945011173,0.9190995759777125
34.34343434343435,37.37373737373738,14.98024817110852,1.385055658049584
35.35353535353536,37.37373737373738,8.605725113172655,5.756658061780865
36.36363636363637,37.37373737373738,18.23665579943991,5.009357202037193
37.37373737373738,37.37373737373738,11.63702951815539,4.588392270587023
38.38383838383839,37.37373737373738,23.65452452374337,4.806824464551224
39.3939393939394,37.37373737373738,0.27764927264609,4.063913349899551
40.40404040404041,37.37373737373738,25.76105920172912,3.122450518966965
41.41414141414142,37.37373737373738,22.50394463975172,5.329126144149667
42.42424242424243,37.37373737373738,24.69990676792612,3.394014644785408
43.43434343434344,37.37373737373738,27.41451521979361,4.289163792053968
44.44444444444445,37.37373737373738,26.66417544020565,4.262421930538175
45.45454545454546,37.37373737373738,16.03968943254508,3.250567947614297
46.46464646464647,37.37373737373738,12.6827225906486,3.408825968835612
47.47474747474748,37.37373737373738,25.92161016609542,4.282357699198459
48.48484848484848,37.37373737373738,7.032974209918804,5.914337061226093
49.49494949494949,37.37373737373738,25.14075978974257,3.906291349872072
50.50505050505051,37.37373737373738,26.60555903832542,5.011921966925396
51.51515151515152,37.37373737373738,24.95664020828256,4.117909686732476
52.52525252525253,37.37373737373738,23.54750971114452,4.110825087766393
53.53535353535354,37.37373737373738,19.79752801275862,4.215042542529829
54.54545454545455,37.37373737373738,29.86184733303355,4.378097169055304
55.55555555555556,37.37373737373738,11.3875079325256,4.551225307682445
56.56565656565657,37.37373737373738,18.3740174989283,4.219613016509268
57.57575757575758,37.37373737373738,29.60572409358159,5.550219876196728
58.58585858585859,37.37373737373738,28.59454664594972,4.701096157603422
59.5959595959596,37.37373737373738,26.23185244041924,1.609405661110849
60.60606060606061,37.37373737373738,14.91056406759145,1.094623139179858
61.61616161616162,37.37373737373738,11.7101888278159,2.233367736671416
62.62626262626263,37.37373737373738,12.43573292548868,1.245326673977531
63.63636363636364,37.37373737373738,13.05221384614936,1.308132149185624
64.64646464646465,37.37373737373738,16.17496430387381,1.806270293881046
65.65656565656566,37.37373737373738,8.229754877111908,1.283246467397361
66.66666666666667,37.37373737373738,33.42638265712142,4.045192765421071
67.67676767676768,37.37373737373738,29.07387630459814,4.237711271721488
68.68686868686869,37.37373737373738,18.71332326213367,4.859117934417119
69.6969696969697,37.37373737373738,33.93923637995852,4.683838171998168
70.70707070707071,37.37373737373738,22.25512474263655,4.773711800151356
71.71717171717172,37.37373737373738,15.87242936021387,5.052674786811603
72.72727272727273,37.37373737373738,27.17310552284739,4.972527595454211
73.73737373737374,37.37373737373738,26.81571452462623,4.522710629830694
74.74747474747475,37.37373737373738,21.68512506950097,4.335018896830169
75.75757575757576,37.37373737373738,28.74935876858978,4.133760757592069
76.76767676767678,37.37373737373738,22.80146707157272,4.202759736259155
77.77777777777779,37.37373737373738,22.97585826649737,5.529009458559678
78.7878787878788,37.37373737373738,21.39682549361848,4.365842220401139
79.7979797979798,37.37373737373738,21.43355470550084,4.391360879734997
80.80808080808082,37.37373737373738,31.67171634833647,5.161035771900754
81.81818181818183,37.37373737373738,36.86770038486101,4.432986460608541
82.82828282828284,37.37373737373738,25.31090620645502,3.030999152356698
83.83838383838385,37.37373737373738,26.94964199044426,3.884171259695815
84.84848484848486,37.37373737373738,15.63400188137925,3.772657077264325
85.85858585858587,37.37373737373738,9.797360793748384,4.863205191552
86.86868686868688,37.37373737373738,11.69138732492775,3.373963053122625
87.87878787878789,37.37373737373738,22.65330525819401,4.067164563021872
88.8888888888889,37.37373737373738,16.95053165530557,4.21532958190131
89.89898989898991,37.37373737373738,11.36420158375579,4.962293841365231
90.90909090909092,37.37373737373738,22.2139782278493,1.945616821153836
91.91919191919193,37.37373737373738,11.30052712887402,1.752369140661576
92.92929292929294,37.37373737373738,19.32670594984965,1.65714560820036
93.93939393939395,37.37373737373738,12.45066035257194,2.086436315555116
94.94949494949496,37.37373737373738,15.61488442521203,1.540898331998207
95.95959595959597,37.37373737373738,0.9851212089250994,1.770685747735933
96.96969696969697,37.37373737373738,14.99443211791148,1.457226995559528
97.97979797979798,37.37373737373738,29.67648168587006,5.117918832391712
98.98989898989899,37.37373737373738,23.89326730391531,5.185366635899795
100.0,37.37373737373738,18.26296066676564,3.615321669636604
0.0,38.38383838383839,14.84039762042007,1.18097910051485
1.01010101010101,38.38383838383839,14.17169486841693,2.035321321730349
2.02020202020202,38.38383838383839,18.50306972862031,1.103256721147606
3.03030303030303,38.38383838383839,15.22363271356103,1.537599348349603
4.040404040404041,38.38383838383839,18.38780253512718,1.821863454303488
5.050505050505051,38.38383838383839,19.34770830036831,4.078421343102145
6.060606060606061,38.38383838383839,13.1231153391099,4.807449849433446
7.070707070707071,38.38383838383839,27.4711696488882,4.993062751667732
8.080808080808081,38.38383838383839,23.4908441643376,5.683385400716062
9.090909090909092,38.38383838383839,25.32776635971401,5.255532043426012
10.1010101010101,38.38383838383839,22.2117813358245,5.008058415076752
11.11111111111111,38.38383838383839,23.84781287478465,4.920503833993918
12.12121212121212,38.38383838383839,18.43732521742746,4.474595059204813
13.13131313131313,38.38383838383839,9.3399928468601,5.661489498198914
14.14141414141414,38.38383838383839,26.32144214311806,4.307343093399467
15.15151515151515,38.38383838383839,26.84340965772893,5.478660100183825
16.16161616161616,38.38383838383839,24.84198953388812,6.255820838391608
17.17171717171717,38.38383838383839,25.52799755399587,4.495104565629309
18.18181818181818,38.38383838383839,28.27998562848067,4.116167767381154
19.19191919191919,38.38383838383839,24.97610869321793,4.362550883277675
20.2020202020202,38.38383838383839,9.634277285998923,4.428542563989407
21.21212121212121,38.38383838383839,25.36808798839021,4.867172717968286
22.22222222222222,38.38383838383839,32.99379500013593,4.697692592679646
23.23232323232324,38.38383838383839,24.2759166710989,4.244424385576476
24.24242424242424,38.38383838383839,19.99211102831939,3.768040676201353
25.25252525252525,38.38383838383839,24.90334760011007,5.415017355942358
26.26262626262626,38.38383838383839,27.37967215546143,5.386042638453547
27.27272727272727,38.38383838383839,9.84823198549601,1.797168042510103
28.28282828282828,38.38383838383839,10.29001749199464,1.409344668221725
29.29292929292929,38.38383838383839,20.41312892733427,0.7262614093491155
30.3030303030303,38.38383838383839,13.91548259247639,1.571396549810959
31.31313131313131,38.38383838383839,15.98798399058176,1.057472527961562
32.32323232323233,38.38383838383839,17.67877430784781,1.759377817168965
33.33333333333334,38.38383838383839,11.83325282676432,1.557550792961986
34.34343434343435,38.38383838383839,6.609476181609254,1.764988456703635
35.35353535353536,38.38383838383839,7.898671537331149,1.714301650062116
36.36363636363637,38.38383838383839,21.35414453200877,4.960968203468568
37.37373737373738,38.38383838383839,14.85326893663632,4.035062311051659
38.38383838383839,38.38383838383839,21.83390423713605,5.435762267093859
39.3939393939394,38.38383838383839,37.18144179832761,4.876426242569434
40.40404040404041,38.38383838383839,12.97645854405656,4.694274385754301
41.41414141414142,38.38383838383839,19.89535967860069,4.962080363318689
42.42424242424243,38.38383838383839,14.8165199042393,3.119278999531272
43.43434343434344,38.38383838383839,14.6931627030177,5.148545629954695
44.44444444444445,38.38383838383839,25.54949154368654,5.231876210146586
45.45454545454546,38.38383838383839,32.64014473500665,4.655445821582118
46.46464646464647,38.38383838383839,14.67224190232786,4.821768396004146
47.47474747474748,38.38383838383839,24.49134504177237,5.175178261056698
48.48484848484848,38.38383838383839,43.33503187726612,4.665577374369515
49.49494949494949,38.38383838383839,28.66402624434208,3.547507083564894
50.50505050505051,38.38383838383839,31.67886902356915,4.694464063664914
51.51515151515152,38.38383838383839,15.76696133163358,2.836493531579124
52.52525252525253,38.38383838383839,20.92804992764977,4.511372256239204
53.53535353535354,38.38383838383839,18.84617153439296,4.369630491760427
54.54545454545455,38.38383838383839,14.13432712815386,3.848243312277183
55.55555555555556,38.38383838383839,30.56684429394192,5.048547627861613
56.56565656565657,38.38383838383839,5.49590110763698,5.128445171600887
57.57575757575758,38.38383838383839,38.6948332022383,3.759125229122301
58.58585858585859,38.38383838383839,11.45734070342039,0.6200209566553858
59.5959595959596,38.38383838383839,14.98898360647343,1.68320939745699
60.60606060606061,38.38383838383839,11.57441434414008,0.9226880776591386
61.61616161616162,38.38383838383839,15.82546439138716,1.086882175484367
62.62626262626263,38.38383838383839,16.83509389323363,1.313908444391015
63.63636363636364,38.38383838383839,9.795115399658568,1.916422211858158
64.64646464646465,38.38383838383839,14.41560357097993,0.7467126114257625
65.65656565656566,38.38383838383839,12.76423996366371,1.185783125236256
66.66666666666667,38.38383838383839,11.81957434650664,1.43460960189324
67.67676767676768,38.38383838383839,8.94644318944721,4.349053172133436
68.68686868686869,38.38383838383839,14.77061798529439,4.280316064756947
69.6969696969697,38.38383838383839,20.76238852337028,4.980315671608725
70.70707070707071,38.38383838383839,25.10503872036006,4.31087527191854
71.71717171717172,38.38383838383839,19.20976880662176,3.575986200384015
72.72727272727273,38.38383838383839,24.36260309679752,4.803161575726261
73.73737373737374,38.38383838383839,23.61906422390236,3.817999422296803
74.74747474747475,38.38383838383839,12.44895685406465,4.404388268130448
75.75757575757576,38.38383838383839,15.10797257994618,5.389764757730778
76.76767676767678,38.38383838383839,17.48359489542985,3.219309842150769
77.77777777777779,38.38383838383839,25.71836897914741,3.870818180881091
78.7878787878788,38.38383838383839,23.95785686217022,4.014443235763408
79.7979797979798,38.38383838383839,27.44365706654542,5.080215891172357
80.80808080808082,38.38383838383839,35.98074375381345,4.763167632708107
81.81818181818183,38.38383838383839,31.01478603441264,4.626415880315421
82.82828282828284,38.38383838383839,33.62310155623724,6.016206226455843
83.83838383838385,38.38383838383839,29.22348525437995,3.995500032768286
84.84848484848486,38.38383838383839,15.2325436073035,3.656956047307252
85.85858585858587,38.38383838383839,23.53586371826907,3.431184701208899
86.86868686868688,38.38383838383839,25.46447975287712,2.855598384507249
87.87878787878789,38.38383838383839,7.255853726919258,4.82603013724132
88.8888888888889,38.38383838383839,22.61024077866852,4.584408744940979
89.89898989898991,38.38383838383839,16.28700084941719,0.799970743411477
90.90909090909092,38.38383838383839,11.73268190101046,1.469002976716454
91.91919191919193,38.38383838383839,20.97046739969466,1.515122719282258
92.92929292929294,38.38383838383839,14.87429434464763,1.662140666316672
93.93939393939395,38.38383838383839,20.41569205610262,0.5313795265368852
94.94949494949496,38.38383838383839,14.33622134404918,0.2912291693922677
95.95959595959597,38.38383838383839,19.81772169231773,1.288816425896009
96.96969696969697,38.38383838383839,18.02281561918187,2.150370924670673
97.97979797979798,38.38383838383839,15.37101779157064,1.783242267107239
98.98989898989899,38.38383838383839,21.72626826385034,1.394436246652329
100.0,38.38383838383839,2.489796334232126,6.220274580291902
0.0,39.3939393939394,23.89218065983007,1.744579506909049
1.01010101010101,39.3939393939394,16.66171915801609,2.238740656498204
2.02020202020202,39.3939393939394,10.59592537287132,2.448441255641201
3.03030303030303,39.3939393939394,16.26770211147516,2.450295863438432
4.040404040404041,39.3939393939394,8.031472807309067,1.730586294640053
5.050505050505051,39.3939393939394,21.23466152774731,0.3157583134237173
6.060606060606061,39.3939393939394,11.58334780987771,4.048442521232365
7.070707070707071,39.3939393939394,21.00981234524494,4.648531486635435
8.080808080808081,39.3939393939394,33.42506551640432,5.561469512714284
9.090909090909092,39.3939393939394,17.52658451062672,4.2839951130709
10.1010101010101,39.3939393939394,33.59219486509811,4.949388371047566
11.11111111111111,39.3939393939394,23.66047282822095,5.292795897660633
12.12121212121212,39.3939393939394,12.16542364100912,5.740716948649547
13.13131313131313,39.3939393939394,23.5398949266216,4.960605643769669
14.14141414141414,39.3939393939394,13.26940554112948,4.309574532842783
15.15151515151515,39.3939393939394,35.47595722934236,4.018200189685719
16.16161616161616,39.3939393939394,14.02303771561538,3.815468302179196
17.17171717171717,39.3939393939394,32.24547655705901,3.908921648295187
18.18181818181818,39.3939393939394,20.34016285360644,3.532299800570969
19.19191919191919,39.3939393939394,21.93000075161068,3.55105611656323
20.2020202020202,39.3939393939394,33.07111086330833,3.976920355852671
21.21212121212121,39.3939393939394,18.43304739613835,3.829177354967359
22.22222222222222,39.3939393939394,35.59908913922759,4.201075016792568
23.23232323232324,39.3939393939394,20.26851321936223,3.463927013880772
24.24242424242424,39.3939393939394,32.83825745237996,4.285951797967723
25.25252525252525,39.3939393939394,24.75219069312635,5.631837031942058
26.26262626262626,39.3939393939394,7.907212906279961,1.536967811122812
27.27272727272727,39.3939393939394,15.30775522044209,2.065226273964537
28.28282828282828,39.3939393939394,12.5571033622259,1.329599968595225
29.29292929292929,39.3939393939394,15.30277844024901,1.326258253136524
30.3030303030303,39.3939393939394,22.4229847198201,1.366524648859799
31.31313131313131,39.3939393939394,20.33288285575795,2.025901250199821
32.32323232323233,39.3939393939394,14.03998500160391,0.5772813941995105
33.33333333333334,39.3939393939394,8.096138887645552,0.8838722716046656
34.34343434343435,39.3939393939394,14.84280913494741,1.635909395397918
35.35353535353536,39.3939393939394,12.67276065326239,1.67463869769695
36.36363636363637,39.3939393939394,12.76753645381284,1.097980709044614
37.37373737373738,39.3939393939394,19.08502029369619,4.393979813685784
38.38383838383839,39.3939393939394,29.34620931381052,4.778465021981725
39.3939393939394,39.3939393939394,23.94049178851973,3.739953514828193
40.40404040404041,39.3939393939394,29.88220014848454,4.615825053389508
41.41414141414142,39.3939393939394,4.839462650643778,3.636788965248168
42.42424242424243,39.3939393939394,22.76696167841279,5.48520670463146
43.43434343434344,39.3939393939394,26.40679084455261,4.757319738174878
44.44444444444445,39.3939393939394,25.47651455491511,3.733181656422507
45.45454545454546,39.3939393939394,26.42587871936124,4.810271009579139
46.46464646464647,39.3939393939394,23.49518787850721,4.892559991557191
47.47474747474748,39.3939393939394,20.28068180476536,3.935625433036841
48.48484848484848,39.3939393939394,22.93457521464597,4.375081171667372
49.49494949494949,39.3939393939394,19.82107072922615,3.87657221673397
50.50505050505051,39.3939393939394,27.30475645949557,4.781676893712087
51.51515151515152,39.3939393939394,28.63224600387983,5.547408076868771
52.52525252525253,39.3939393939394,20.28568038961018,3.906189476629871
53.53535353535354,39.3939393939394,28.35037361278986,4.323959583649191
54.54545454545455,39.3939393939394,8.105970881036283,4.798885643404875
55.55555555555556,39.3939393939394,26.35486152173014,2.779662843689986
56.56565656565657,39.3939393939394,18.27783393563486,3.195726907743095
57.57575757575758,39.3939393939394,13.67668895953043,1.382122654736461
58.58585858585859,39.3939393939394,17.11255029236117,1.598671182613763
59.5959595959596,39.3939393939394,16.31798950351048,1.626585649004197
60.60606060606061,39.3939393939394,15.53074860140031,1.343948850754923
61.61616161616162,39.3939393939394,12.39433328946691,1.640653273318082
62.62626262626263,39.3939393939394,7.871070597423875,2.819635741875965
63.63636363636364,39.3939393939394,22.0317137371545,1.595181702785786
64.64646464646465,39.3939393939394,15.40296240957697,1.28913615837173
65.65656565656566,39.3939393939394,18.28565037474302,1.17290779545736
66.66666666666667,39.3939393939394,20.18166568305114,1.24397501453594
67.67676767676768,39.3939393939394,15.61893659180217,0.9888637112297995
68.68686868686869,39.3939393939394,22.63075994991481,1.734594127555412
69.6969696969697,39.3939393939394,17.64751078266596,4.124027898690603
70.70707070707071,39.3939393939394,7.017117469774139,4.304036923920991
71.71717171717172,39.3939393939394,33.39361571166675,4.305545423555539
72.72727272727273,39.3939393939394,8.021592784670654,4.954182106238016
73.73737373737374,39.3939393939394,18.79052566837226,3.808114489912129
74.74747474747475,39.3939393939394,17.79898065627221,4.509063800603579
75.75757575757576,39.3939393939394,31.70381376070355,4.636196228147671
76.76767676767678,39.3939393939394,21.93579211173076,3.222812973916806
77.77777777777779,39.3939393939394,20.01100774841063,6.158980963406844
78.7878787878788,39.3939393939394,22.0645773856287,4.546981917301299
79.7979797979798,39.3939393939394,22.75243885305116,4.667125620713828
80.80808080808082,39.3939393939394,11.39788095641194,5.064376113064835
81.81818181818183,39.3939393939394,25.31334607931193,4.710493095370558
82.82828282828284,39.3939393939394,25.93853901501955,6.409338279453782
83.83838383838385,39.3939393939394,14.95500334933051,3.479674415237005
84.84848484848486,39.3939393939394,27.51108652702041,5.632989206401985
85.85858585858587,39.3939393939394,25.54860141908323,4.442136931919721
86.86868686868688,39.3939393939394,19.26002890405836,4.35472445600199
87.87878787878789,39.3939393939394,18.06176189987163,3.854381978148008
88.8888888888889,39.3939393939394,13.4970424759424,2.336827596074103
89.89898989898991,39.3939393939394,16.74907105523897,1.185785291274348
90.90909090909092,39.3939393939394,16.89526134092051,1.582990226918451
91.91919191919193,39.3939393939394,15.64267623320285,1.623564342351576
92.92929292929294,39.3939393939394,18.08539533919896,1.328133126650357
93.93939393939395,39.3939393939394,26.36160301910618,1.334794978789196
94.94949494949496,39.3939393939394,9.659212553580137,0.996071792577697
95.95959595959597,39.3939393939394,7.587479850128131,1.212666522022612
96.96969696969697,39.3939393939394,10.86955207791451,0.5831941036367241
97.97979797979798,39.3939393939394,3.750163711450052,1.671007998385176
98.98989898989899,39.3939393939394,15.32258190106892,1.846402150504765
100.0,39.3939393939394,1.219816308922459,2.131999739317036
0.0,40.40404040404041,17.35992420790373,0.5797158597119481
1.01010101010101,40.40404040404041,17.26226261446307,1.161964484684538
2.02020202020202,40.40404040404041,19.80869252538643,1.770983378406766
3.03030303030303,40.40404040404041,10.96313684712243,2.185412096559028
4.040404040404041,40.40404040404041,18.99498558805505,1.695736395810431
5.050505050505051,40.40404040404041,14.06946833720343,1.319939686941857
6.060606060606061,40.40404040404041,15.67262192584036,1.204768687639874
7.070707070707071,40.40404040404041,25.01295217280985,4.665716074370964
8.080808080808081,40.40404040404041,14.39909717087136,4.200137515291043
9.090909090909092,40.40404040404041,23.35988982163487,5.862352339805207
10.1010101010101,40.40404040404041,8.991313954126277,5.153498434893106
11.11111111111111,40.40404040404041,24.37611442479476,3.298131818654983
12.12121212121212,40.40404040404041,22.46337319003647,5.667938460708482
13.13131313131313,40.40404040404041,24.85560028602011,4.993884231091311
14.14141414141414,40.40404040404041,25.39654011766414,4.186639813294585
15.15151515151515,40.40404040404041,29.44627284237804,4.011067603438632
16.16161616161616,40.40404040404041,30.01257346583281,3.869010941063665
17.17171717171717,40.40404040404041,10.84106834645383,4.37795596401579
18.18181818181818,40.40404040404041,20.09732097397046,3.563874623932111
19.19191919191919,40.40404040404041,18.90623616686745,5.350227902057578
20.2020202020202,40.40404040404041,32.01774442599739,4.453243127740786
21.21212121212121,40.40404040404041,17.72222509137691,3.634281275777749
22.22222222222222,40.40404040404041,19.10379427666259,4.496645770834869
23.23232323232324,40.40404040404041,17.78282232381594,3.060103861974275
24.24242424242424,40.40404040404041,15.00970129408173,5.417516604450529
25.25252525252525,40.40404040404041,27.97008945599464,1.253715652252379
26.26262626262626,40.40404040404041,15.84295252118756,1.239030887796679
27.27272727272727,40.40404040404041,12.72517487901879,1.432349868229393
28.28282828282828,40.40404040404041,13.62631288718587,0.9495323875777519
29.29292929292929,40.40404040404041,12.71556991473808,1.645005394796427
30.3030303030303,40.40404040404041,23.93862393065109,1.580586272675825
31.31313131313131,40.40404040404041,10.06286141964843,1.70918510158829
32.32323232323233,40.40404040404041,15.86328910153796,1.404271240062805
33.33333333333334,40.40404040404041,11.58172001804394,2.303862875935883
34.34343434343435,40.40404040404041,19.14822968766002,1.391559650982084
35.35353535353536,40.40404040404041,14.84927628112028,0.778224675377565
36.36363636363637,40.40404040404041,21.0372998448203,0.8013943112550703
37.37373737373738,40.40404040404041,14.95660007984753,2.426981751665033
38.38383838383839,40.40404040404041,18.63524855186693,1.022037802683954
39.3939393939394,40.40404040404041,31.75330531728976,3.111390935863011
40.40404040404041,40.40404040404041,31.97428131333456,3.399006787843669
41.41414141414142,40.40404040404041,11.62589731567959,5.398327994030547
42.42424242424243,40.40404040404041,22.04878691254555,3.565094148857817
43.43434343434344,40.40404040404041,26.77454650137532,4.977950984251296
44.44444444444445,40.40404040404041,21.56257027142346,5.281246119710529
45.45454545454546,40.40404040404041,25.84012559356217,4.29687474767742
46.46464646464647,40.40404040404041,18.53010304579271,4.106628854102467
47.47474747474748,40.40404040404041,39.16256865680138,5.486968933456811
48.48484848484848,40.40404040404041,29.574511853016,5.299628501722925
49.49494949494949,40.40404040404041,9.458434990930032,4.529221537343964
50.50505050505051,40.40404040404041,25.40544649223833,4.193672653192648
51.51515151515152,40.40404040404041,35.57251065008559,3.901424913612472
52.52525252525253,40.40404040404041,20.47368090456214,4.043654067553784
53.53535353535354,40.40404040404041,22.86652778748206,5.896770897219652
54.54545454545455,40.40404040404041,35.58758953773999,4.677172431526945
55.55555555555556,40.40404040404041,23.28836455965392,4.261353251764605
56.56565656565657,40.40404040404041,9.090529500760482,1.273484576280319
57.57575757575758,40.40404040404041,11.10103566782213,1.117204709277477
58.58585858585859,40.40404040404041,16.80048503457942,0.8668173988579198
59.5959595959596,40.40404040404041,8.17006599409684,1.740863220275985
60.60606060606061,40.40404040404041,9.057183749850578,1.937376977858765
61.61616161616162,40.40404040404041,16.74454931467156,1.787565997514363
62.62626262626263,40.40404040404041,8.846272811906875,2.401179572290916
63.63636363636364,40.40404040404041,10.67818684270801,1.225996122021924
64.64646464646465,40.40404040404041,15.73705665322303,0.5986501045241166
65.65656565656566,40.40404040404041,10.86360781580506,1.568117960681132
66.66666666666667,40.40404040404041,3.640746415105625,2.148419488076478
67.67676767676768,40.40404040404041,14.83659276677933,1.422030141717508
68.68686868686869,40.40404040404041,14.80691928552531,1.770162292478794
69.6969696969697,40.40404040404041,15.2049805544696,1.05497958780647
70.70707070707071,40.40404040404041,23.38142009797236,4.007177851906219
71.71717171717172,40.40404040404041,17.09133236636441,4.748361460500607
72.72727272727273,40.40404040404041,17.54959682200609,4.042361353340137
73.73737373737374,40.40404040404041,27.69068460876593,4.150502988673376
74.74747474747475,40.40404040404041,23.73108591224683,4.373588790235053
75.75757575757576,40.40404040404041,9.143994921817168,3.624741438537669
76.76767676767678,40.40404040404041,20.3577823399717,3.96372413697425
77.77777777777779,40.40404040404041,21.84263917210815,4.812366678536545
78.7878787878788,40.40404040404041,25.17056958541664,4.905021102388269
79.7979797979798,40.40404040404041,19.81233183281879,5.31972718058713
80.80808080808082,40.40404040404041,12.1958239466596,4.264736612474461
81.81818181818183,40.40404040404041,16.33544871992101,4.965523217067875
82.82828282828284,40.40404040404041,27.76393772878505,4.228465612605063
83.83838383838385,40.40404040404041,10.34074116986326,3.85210952789237
84.84848484848486,40.40404040404041,20.30614267895489,4.968097880516635
85.85858585858587,40.40404040404041,31.00739209900637,3.842647773598805
86.86868686868688,40.40404040404041,24.84497945376182,5.492095538510063
87.87878787878789,40.40404040404041,12.47638256546362,1.695119169363278
88.8888888888889,40.40404040404041,15.28276129649649,1.044935654424495
89.89898989898991,40.40404040404041,20.20973721764932,1.004152512004136
90.90909090909092,40.40404040404041,3.686635018345927,1.317421763692563
91.91919191919193,40.40404040404041,13.1710430064873,2.288735416946324
92.92929292929294,40.40404040404041,10.09831812403753,1.446469226968905
93.93939393939395,40.40404040404041,1.868812714291291,1.653861901151741
94.94949494949496,40.40404040404041,14.99067931771638,1.766626562831801
95.95959595959597,40.40404040404041,23.25527373859598,0.7205107454053137
96.96969696969697,40.40404040404041,20.12818481997965,1.255140209630328
97.97979797979798,40.40404040404041,18.77567417491743,1.662883486355295
98.98989898989899,40.40404040404041,8.594261277263076,1.015721113830254
100.0,40.40404040404041,7.911003889811522,1.51264295258282
0.0,41.41414141414142,20.7124863343352,1.283705623928758
1.01010101010101,41.41414141414142,20.57471499775921,1.97416076046662
2.02020202020202,41.41414141414142,23.29451219219496,1.046699598749558
3.03030303030303,41.41414141414142,22.43367748097531,1.274781768806576
4.040404040404041,41.41414141414142,11.63041713613959,1.848339839152085
5.050505050505051,41.41414141414142,8.79868023205134,0.9602357818615183
6.060606060606061,41.41414141414142,16.95387525173035,1.152322632081667
7.070707070707071,41.41414141414142,16.91618595157892,0.7559483124302395
8.080808080808081,41.41414141414142,17.62199738839473,5.148221296020938
9.090909090909092,41.41414141414142,26.71687771106065,4.031462082957198
10.1010101010101,41.41414141414142,30.6701073279985,4.015277122940935
11.11111111111111,41.41414141414142,39.46284455793473,4.863759322858193
12.12121212121212,41.41414141414142,26.4413841240447,4.198035545689314
13.13131313131313,41.41414141414142,31.3544768948562,4.742001324568709
14.14141414141414,41.41414141414142,16.52935350606132,4.141003901667836
15.15151515151515,41.41414141414142,18.79089806898041,3.791323855637377
16.16161616161616,41.41414141414142,22.25575750611608,4.399357317602107
17.17171717171717,41.41414141414142,18.23020514315369,5.584835109388278
18.18181818181818,41.41414141414142,33.04538100253052,4.402649349385563
19.19191919191919,41.41414141414142,20.86253943353463,4.009900197209212
20.2020202020202,41.41414141414142,22.36066007736928,4.299841259305941
21.21212121212121,41.41414141414142,27.12986375795403,4.862406276509199
22.22222222222222,41.41414141414142,9.724068949588773,4.11499927200219
23.23232323232324,41.41414141414142,28.48838915696766,4.376984705268398
24.24242424242424,41.41414141414142,13.50183651179005,1.151951821674084
25.25252525252525,41.41414141414142,23.00313814387863,0.6484644655686598
26.26262626262626,41.41414141414142,16.7563982576617,1.963343544588212
27.27272727272727,41.41414141414142,11.91042900117948,2.203047331268252
28.28282828282828,41.41414141414142,20.67898905218706,2.386456077449163
29.29292929292929,41.41414141414142,19.43106916360944,2.331788613495464
30.3030303030303,41.41414141414142,18.46283424245831,1.647953602028062
31.31313131313131,41.41414141414142,17.55325871708228,1.972303771201014
32.32323232323233,41.41414141414142,17.24294125792487,0.9895403806108571
33.33333333333334,41.41414141414142,15.80491691356719,1.333842652288735
34.34343434343435,41.41414141414142,11.89782217015394,2.227865935561222
35.35353535353536,41.41414141414142,18.05790282303442,1.112289522344663
36.36363636363637,41.41414141414142,16.51278354172272,1.880010279855365
37.37373737373738,41.41414141414142,16.08138828330028,2.202508121280972
38.38383838383839,41.41414141414142,4.789732242690635,1.156382838943596
39.3939393939394,41.41414141414142,14.94131349656878,4.749746089987619
40.40404040404041,41.41414141414142,30.13825705298842,4.81717922421294
41.41414141414142,41.41414141414142,26.36255643788427,4.181918727220815
42.42424242424243,41.41414141414142,23.23581593036281,3.784852040240474
43.43434343434344,41.41414141414142,14.01254219047767,3.90234608248712
44.44444444444445,41.41414141414142,35.30769750203496,4.11938759868377
45.45454545454546,41.41414141414142,18.3383814289563,3.303441240957375
46.46464646464647,41.41414141414142,18.95832115517266,4.179137432030692
47.47474747474748,41.41414141414142,31.74397041205473,5.01030707744716
48.48484848484848,41.41414141414142,21.89115732504634,4.056453699113081
49.49494949494949,41.41414141414142,8.683711733078079,4.088109081771929
50.50505050505051,41.41414141414142,24.57986519658852,4.596700292828814
51.51515151515152,41.41414141414142,32.61777467718085,4.676621994516726
52.52525252525253,41.41414141414142,19.47702583271936,3.672889451437868
53.53535353535354,41.41414141414142,28.08582554371588,3.755738766368319
54.54545454545455,41.41414141414142,28.68222139852,6.129598846038584
55.55555555555556,41.41414141414142,25.68322785492369,0.9667302035839134
56.56565656565657,41.41414141414142,11.387556111258,0.8719497042339734
57.57575757575758,41.41414141414142,12.83534276934083,1.890402337295539
58.58585858585859,41.41414141414142,16.14676716525466,0.9325948224389911
59.5959595959596,41.41414141414142,18.63326642975699,0.8898287896771262
60.60606060606061,41.41414141414142,16.755723138039,1.449119404941594
61.61616161616162,41.41414141414142,9.056453286387603,2.014519852433788
62.62626262626263,41.41414141414142,8.319360683621554,2.38646700445693
63.63636363636364,41.41414141414142,8.696630789481848,1.523774584460947
64.64646464646465,41.41414141414142,15.45570454769463,1.668478334768249
65.65656565656566,41.41414141414142,12.17541869893955,2.364502595338453
66.66666666666667,41.41414141414142,16.21400362321051,1.415355317490891
67.67676767676768,41.41414141414142,11.48553352239589,1.982380785495391
68.68686868686869,41.41414141414142,11.81534255887081,1.258226050707738
69.6969696969697,41.41414141414142,16.38107113535195,2.06466802759107
70.70707070707071,41.41414141414142,16.19430727693994,2.175233256320753
71.71717171717172,41.41414141414142,15.56987669593132,4.935497540863441
72.72727272727273,41.41414141414142,20.08353584841214,5.652899371121156
73.73737373737374,41.41414141414142,16.64208308219558,4.262684998120934
74.74747474747475,41.41414141414142,26.56307217581426,3.991661215033189
75.75757575757576,41.41414141414142,28.61870504041162,4.781969184663018
76.76767676767678,41.41414141414142,31.33528017612232,6.135296377638326
77.77777777777779,41.41414141414142,30.60170856312141,3.844288641294653
78.7878787878788,41.41414141414142,28.4706878902089,4.683792290593665
79.7979797979798,41.41414141414142,28.31687552395181,4.31609547439228
80.80808080808082,41.41414141414142,21.66505129792691,6.075121055479332
81.81818181818183,41.41414141414142,23.29874897981825,3.793335875810399
82.82828282828284,41.41414141414142,4.750562614153184,5.104908396449882
83.83838383838385,41.41414141414142,27.96145674424259,3.685526816257834
84.84848484848486,41.41414141414142,34.529437974332,4.812214311936537
85.85858585858587,41.41414141414142,18.80749999945739,4.191824894148073
86.86868686868688,41.41414141414142,18.12435064665543,1.060153177459534
87.87878787878789,41.41414141414142,11.3715591161483,1.457403851727554
88.8888888888889,41.41414141414142,18.96588881410723,1.043388259994417
89.89898989898991,41.41414141414142,17.17475074546449,1.501050834432189
90.90909090909092,41.41414141414142,15.43538630575716,1.191557223598869
91.91919191919193,41.41414141414142,17.04676027660255,0.1602596084273052
92.92929292929294,41.41414141414142,12.57558253966769,2.15473036262076
93.93939393939395,41.41414141414142,19.44733643337256,0.7185637276835832
94.94949494949496,41.41414141414142,16.27608434546356,1.399968245481444
95.95959595959597,41.41414141414142,19.66606524280095,1.172003102514429
96.96969696969697,41.41414141414142,14.66727329982111,1.913534185019983
97.97979797979798,41.41414141414142,14.63859308599728,0.647964879064406
98.98989898989899,41.41414141414142,25.1977478667689,1.266974341723084
100.0,41.41414141414142,18.1817958175494,1.901320179880262
0.0,42.42424242424243,8.829539483608155,1.064836794527997
1.01010101010101,42.42424242424243,14.22927014424208,1.582930462843374
2.02020202020202,42.42424242424243,20.59583304091453,1.574051054867415
3.03030303030303,42.42424242424243,16.79957795077815,0.2795769430300679
4.040404040404041,42.42424242424243,13.58612157126371,1.672777770852226
5.050505050505051,42.42424242424243,8.137476594834137,0.7160994061032392
6.060606060606061,42.42424242424243,13.54856894256753,1.098965033472115
7.070707070707071,42.42424242424243,20.86279643288908,1.720152605434156
8.080808080808081,42.42424242424243,18.96360756154984,1.844279679167369
9.090909090909092,42.42424242424243,14.25327057667107,3.808110899451501
10.1010101010101,42.42424242424243,13.26877508014674,6.108526763131236
11.11111111111111,42.42424242424243,24.98706242904652,3.121123875058172
12.12121212121212,42.42424242424243,13.76570948158706,4.166502237627359
13.13131313131313,42.42424242424243,19.4200911815723,4.995387497465016
14.14141414141414,42.42424242424243,17.80736651364016,5.154492535178028
15.15151515151515,42.42424242424243,25.76526938822779,4.722417368069499
16.16161616161616,42.42424242424243,24.45226845286839,5.097245033597107
17.17171717171717,42.42424242424243,23.54344354431532,3.754991246952107
18.18181818181818,42.42424242424243,19.15459894113716,4.028614825840656
19.19191919191919,42.42424242424243,36.66789623329542,4.571721420629104
20.2020202020202,42.42424242424243,11.91773540640361,4.985363113178401
21.21212121212121,42.42424242424243,30.87872753821542,4.150755438358827
22.22222222222222,42.42424242424243,24.11461020526275,5.717745559697197
23.23232323232324,42.42424242424243,18.85606138495616,1.033946266787357
24.24242424242424,42.42424242424243,24.38665472127104,1.70877938174121
25.25252525252525,42.42424242424243,18.07855474852886,1.739916447625137
26.26262626262626,42.42424242424243,16.10057171481439,0.9351702684105405
27.27272727272727,42.42424242424243,11.31613651385747,2.031487551101927
28.28282828282828,42.42424242424243,17.64936234632358,1.969988087093445
29.29292929292929,42.42424242424243,4.794254538622235,2.236100277101276
30.3030303030303,42.42424242424243,25.37939572218882,1.096002995202547
31.31313131313131,42.42424242424243,11.99641079160578,0.5618488541098434
32.32323232323233,42.42424242424243,16.77806623470808,2.298740632531665
33.33333333333334,42.42424242424243,18.78740088657942,0.8768251693215824
34.34343434343435,42.42424242424243,17.62127545087624,1.748351269506857
35.35353535353536,42.42424242424243,20.59128525816998,1.8879966857369
36.36363636363637,42.42424242424243,20.91085580744311,1.765115908776556
37.37373737373738,42.42424242424243,17.51973939735937,1.248137903823145
38.38383838383839,42.42424242424243,9.466508809030053,1.417539296019592
39.3939393939394,42.42424242424243,17.38418654197211,0.5168260474228566
40.40404040404041,42.42424242424243,12.55797128363427,4.389032524922546
41.41414141414142,42.42424242424243,25.36069167946797,5.523774336829562
42.42424242424243,42.42424242424243,16.60295920867648,4.44219319482145
43.43434343434344,42.42424242424243,16.80847225253684,4.247428832206626
44.44444444444445,42.42424242424243,14.56265728800164,5.068083017505463
45.45454545454546,42.42424242424243,24.67069834247852,5.270829068355098
46.46464646464647,42.42424242424243,6.552576584067919,4.864584049438416
47.47474747474748,42.42424242424243,12.63316186191072,4.980911547656926
48.48484848484848,42.42424242424243,24.33405281494451,4.863397675759365
49.49494949494949,42.42424242424243,33.47436292288003,4.147019747465992
50.50505050505051,42.42424242424243,14.2655140946178,4.811557352251508
51.51515151515152,42.42424242424243,24.73874046342262,4.666385719652387
52.52525252525253,42.42424242424243,17.66663270111528,4.513221733785288
53.53535353535354,42.42424242424243,19.98529048431891,4.739434119728803
54.54545454545455,42.42424242424243,16.82716477020026,1.608124638408943
55.55555555555556,42.42424242424243,13.17129290966047,1.681036567476075
56.56565656565657,42.42424242424243,17.62615000401672,1.690550440795631
57.57575757575758,42.42424242424243,18.12129750286054,1.088242118373365
58.58585858585859,42.42424242424243,23.33457230747801,1.824332626683809
59.5959595959596,42.42424242424243,11.97345395860747,1.264660523471596
60.60606060606061,42.42424242424243,17.20075142712459,1.337948534879123
61.61616161616162,42.42424242424243,8.20901826125149,0.06114175893946323
62.62626262626263,42.42424242424243,13.93453910003085,1.281042586594188
63.63636363636364,42.42424242424243,21.85059894472527,1.078453360313909
64.64646464646465,42.42424242424243,14.75142011678174,1.933218351588421
65.65656565656566,42.42424242424243,20.39589870767017,2.033480658525709
66.66666666666667,42.42424242424243,18.34015889727936,1.571946995704271
67.67676767676768,42.42424242424243,12.00772625568807,1.184364426477572
68.68686868686869,42.42424242424243,12.22111689875914,1.089055297870372
69.6969696969697,42.42424242424243,13.03562660126861,1.393341270748197
70.70707070707071,42.42424242424243,18.79778643592686,1.607530975112315
71.71717171717172,42.42424242424243,18.48013348160964,4.169864176348491
72.72727272727273,42.42424242424243,20.43419297259026,5.429749509668523
73.73737373737374,42.42424242424243,9.526727735568821,4.786027988551051
74.74747474747475,42.42424242424243,18.81007378547165,3.708656943126472
75.75757575757576,42.42424242424243,27.5990646624043,5.374696967967372
76.76767676767678,42.42424242424243,21.70097125534382,4.274821563309938
77.77777777777779,42.42424242424243,18.05714943171465,4.342552117362407
78.7878787878788,42.42424242424243,30.53756421753938,4.786290663729727
79.7979797979798,42.42424242424243,16.69780157520087,4.382346346636194
80.80808080808082,42.42424242424243,16.54970578574288,4.329259626800106
81.81818181818183,42.42424242424243,29.79799554848902,5.479869675018247
82.82828282828284,42.42424242424243,17.67895045979404,3.646864743009923
83.83838383838385,42.42424242424243,26.78002783148587,4.606701881211651
84.84848484848486,42.42424242424243,19.45858554123385,4.067819827095269
85.85858585858587,42.42424242424243,14.62653932134092,1.138397241377189
86.86868686868688,42.42424242424243,8.89658937846501,1.161092738128972
87.87878787878789,42.42424242424243,25.33269586620419,1.556078768801793
88.8888888888889,42.42424242424243,17.89255242855929,2.0243847958084
89.89898989898991,42.42424242424243,14.73282892971009,1.477730215495812
90.90909090909092,42.42424242424243,19.04363436544848,0.61649013421542
91.91919191919193,42.42424242424243,11.44535564418306,1.232123671669795
92.92929292929294,42.42424242424243,11.1630129483946,0.8065594842146171
93.93939393939395,42.42424242424243,9.260755749542323,0.6921058017966129
94.94949494949496,42.42424242424243,15.74842625049258,1.363641101000765
95.95959595959597,42.42424242424243,10.74300194319626,1.463320583920183
96.96969696969697,42.42424242424243,20.85485872724357,1.421803644700522
97.97979797979798,42.42424242424243,14.40418420935767,2.038833082994918
98.98989898989899,42.42424242424243,20.64259881380392,1.410030231642126
100.0,42.42424242424243,21.76534427039592,1.322611404684978
0.0,43.43434343434344,6.202776970181286,2.571257001935504
1.01010101010101,43.43434343434344,18.59037815493995,0.7844682891204744
2.02020202020202,43.43434343434344,8.789813746516648,1.291476766075843
3.03030303030303,43.43434343434344,18.22367431176723,1.202929143738583
4.040404040404041,43.43434343434344,13.43176638465998,1.603347756920878
5.050505050505051,43.43434343434344,25.90794172204089,1.114697114279359
6.060606060606061,43.43434343434344,13.06510852218103,1.012811271197196
7.070707070707071,43.43434343434344,18.64637823006516,1.091030289221971
8.080808080808081,43.43434343434344,10.77452679348861,0.450676421491762
9.090909090909092,43.43434343434344,24.44688415794461,2.015253087523722
10.1010101010101,43.43434343434344,17.88813920529208,5.17677803517567
11.11111111111111,43.43434343434344,16.54025244934522,3.98747172190632
12.12121212121212,43.43434343434344,28.64783134944008,3.825692901659188
13.13131313131313,43.43434343434344,21.70291665630973,5.209772656317832
14.14141414141414,43.43434343434344,39.2639012696857,3.089149885854569
15.15151515151515,43.43434343434344,18.85967997794629,4.879411118071833
16.16161616161616,43.43434343434344,17.65240494629615,4.274056522439627
17.17171717171717,43.43434343434344,29.62859638013365,5.688443001973124
18.18181818181818,43.43434343434344,15.85902500090531,3.155642304447887
19.19191919191919,43.43434343434344,20.50664379981082,4.040608728010534
20.2020202020202,43.43434343434344,14.91693453565751,4.789845730730812
21.21212121212121,43.43434343434344,22.53434688664974,4.522776100049058
22.22222222222222,43.43434343434344,18.32542677124557,1.294133631764497
23.23232323232324,43.43434343434344,11.46486145180918,2.420554047695094
24.24242424242424,43.43434343434344,16.74937003719145,2.194385548525035
25.25252525252525,43.43434343434344,18.08709526738681,0.7725172405337406
26.26262626262626,43.43434343434344,12.64403052066676,1.308006648309526
27.27272727272727,43.43434343434344,13.91149231653356,1.387616735834356
28.28282828282828,43.43434343434344,11.04045093787875,1.631455745351276
29.29292929292929,43.43434343434344,25.63625270468723,0.7444101828449025
30.3030303030303,43.43434343434344,16.11435981985159,1.285255933153224
31.31313131313131,43.43434343434344,9.36344049443213,1.855358163147869
32.32323232323233,43.43434343434344,25.94999345500562,1.316027705751341
33.33333333333334,43.43434343434344,12.97467494315102,1.531705128671242
34.34343434343435,43.43434343434344,22.88949077637928,1.391849279954517
35.35353535353536,43.43434343434344,16.26950467467876,1.56693205552393
36.36363636363637,43.43434343434344,17.94467623414905,1.318601216628663
37.37373737373738,43.43434343434344,19.76196237470626,1.269117973945592
38.38383838383839,43.43434343434344,23.87876506079613,0.006195159465490291
39.3939393939394,43.43434343434344,13.72490725523149,1.389853700082237
40.40404040404041,43.43434343434344,21.19981614855416,1.94714994818415
41.41414141414142,43.43434343434344,22.22454626272788,3.822482550320072
42.42424242424243,43.43434343434344,14.18849263044643,5.317119879438183
43.43434343434344,43.43434343434344,22.85782718646371,3.434977825782325
44.44444444444445,43.43434343434344,22.76465503569714,4.865667001120793
45.45454545454546,43.43434343434344,22.44865019926509,5.429578000266999
46.46464646464647,43.43434343434344,22.06398830600342,4.401245162407616
47.47474747474748,43.43434343434344,15.98985180732075,5.266797324811936
48.48484848484848,43.43434343434344,22.97712283134528,4.823042245984391
49.49494949494949,43.43434343434344,29.62264947762887,4.775122583808646
50.50505050505051,43.43434343434344,12.69154947248545,3.770852121591601
51.51515151515152,43.43434343434344,11.81823502518547,5.574250132043809
52.52525252525253,43.43434343434344,9.277497846739939,3.675899069777317
53.53535353535354,43.43434343434344,18.67518202731489,1.643849612568588
54.54545454545455,43.43434343434344,13.24485165041862,1.192955867349972
55.55555555555556,43.43434343434344,5.929613057187385,1.959426398526796
56.56565656565657,43.43434343434344,22.03882558873401,1.409631192847393
57.57575757575758,43.43434343434344,15.25887408688401,1.438077951812297
58.58585858585859,43.43434343434344,8.803405247062036,1.555924320422742
59.5959595959596,43.43434343434344,10.42861546236392,1.113878746156771
60.60606060606061,43.43434343434344,15.13043407120236,1.563010877757768
61.61616161616162,43.43434343434344,19.43203587938583,0.8377887218874511
62.62626262626263,43.43434343434344,17.81643420874859,1.217924217194264
63.63636363636364,43.43434343434344,7.270320478999352,1.642050000004486
64.64646464646465,43.43434343434344,14.34939229644569,1.12260308439048
65.65656565656566,43.43434343434344,16.02699067422201,2.118351482789161
66.66666666666667,43.43434343434344,16.6853345814489,2.109892406538581
67.67676767676768,43.43434343434344,10.55751308151974,1.922569566695552
68.68686868686869,43.43434343434344,15.74315884079031,0.8331599374754184
69.6969696969697,43.43434343434344,5.259945822271886,1.148220551201864
70.70707070707071,43.43434343434344,15.17077918702548,0.7478359175463071
71.71717171717172,43.43434343434344,18.45765835557946,2.049902003361529
72.72727272727273,43.43434343434344,21.87043750473704,3.686369669186806
73.73737373737374,43.43434343434344,18.33951943242907,5.491161100405328
74.74747474747475,43.43434343434344,25.58903612963835,5.405929437483663
75.75757575757576,43.43434343434344,13.19888290638959,4.303757019978048
76.76767676767678,43.43434343434344,25.10205254383688,3.129303114261651
77.77777777777779,43.43434343434344,15.98174889424015,3.583478737173091
78.7878787878788,43.43434343434344,25.43653612089135,4.367168112490123
79.7979797979798,43.43434343434344,23.14167999214004,4.203373270867201
80.80808080808082,43.43434343434344,37.75110150531444,4.735444060230313
81.81818181818183,43.43434343434344,23.1453990002204,6.206456489530023
82.82828282828284,43.43434343434344,20.95405740092696,4.225631340543672
83.83838383838385,43.43434343434344,18.96023379943661,5.211709160829789
84.84848484848486,43.43434343434344,4.187711822188103,1.417472643821576
85.85858585858587,43.43434343434344,7.049373276650462,1.082242160236366
86.86868686868688,43.43434343434344,13.98824971708939,1.276038454054116
87.87878787878789,43.43434343434344,11.10556489475391,2.032213768814134
88.8888888888889,43.43434343434344,12.42403948008313,1.47322396535325
89.89898989898991,43.43434343434344,15.12438311084894,1.755067370463888
90.90909090909092,43.43434343434344,10.28846048134253,1.658662609004137
91.91919191919193,43.43434343434344,17.78028661047101,2.324512949500192
92.92929292929294,43.43434343434344,16.60729974532565,1.871014348390531
93.93939393939395,43.43434343434344,11.88680660864763,1.29478260917356
94.94949494949496,43.43434343434344,22.27749903790608,1.615658944134873
95.95959595959597,43.43434343434344,18.65324373082632,1.66434937709449
96.96969696969697,43.43434343434344,14.6646605705001,1.636664738547933
97.97979797979798,43.43434343434344,17.27847753909466,2.303134311054845
98.98989898989899,43.43434343434344,10.04446486820826,1.335618971724561
100.0,43.43434343434344,11.48481632305149,1.213740781804229
0.0,44.44444444444445,10.76248521878753,2.412675262128424
1.01010101010101,44.44444444444445,15.14286036530042,1.239217007254161
2.02020202020202,44.44444444444445,11.38327261447437,1.169380356845677
3.03030303030303,44.44444444444445,22.18148603624437,1.950314191258738
4.040404040404041,44.44444444444445,22.61243562462507,1.898457638037638
5.050505050505051,44.44444444444445,5.978263138155264,1.386106380904661
6.060606060606061,44.44444444444445,19.67372652162585,1.618655149544916
7.070707070707071,44.44444444444445,22.58931381360488,1.560743408478543
8.080808080808081,44.44444444444445,17.38222898045442,1.203834459925406
9.090909090909092,44.44444444444445,16.69153269456462,2.505636946271903
10.1010101010101,44.44444444444445,16.35694888067419,2.324989819347646
11.11111111111111,44.44444444444445,22.74223471109561,4.954699924592221
12.12121212121212,44.44444444444445,28.34977549877822,4.144913803242444
13.13131313131313,44.44444444444445,22.15405235150597,4.60797659659772
14.14141414141414,44.44444444444445,26.3559171609843,4.865487933156192
15.15151515151515,44.44444444444445,21.40647965862827,5.406635082058971
16.16161616161616,44.44444444444445,23.76395080123625,4.705883929809169
17.17171717171717,44.44444444444445,16.36678705330234,3.993070910369837
18.18181818181818,44.44444444444445,25.18769828097885,3.237598589945786
19.19191919191919,44.44444444444445,19.40566817058231,3.995887358113136
20.2020202020202,44.44444444444445,21.87656890312628,5.815193978594973
21.21212121212121,44.44444444444445,24.7395693757516,1.685569992982858
22.22222222222222,44.44444444444445,17.03363544113711,1.882207141141694
23.23232323232324,44.44444444444445,12.38743997471151,1.261024492273678
24.24242424242424,44.44444444444445,11.63942754354857,1.402312742313023
25.25252525252525,44.44444444444445,6.942222156704246,0.9819814163607956
26.26262626262626,44.44444444444445,12.30999897573689,1.55890396138912
27.27272727272727,44.44444444444445,15.91549087505866,1.490191272691021
28.28282828282828,44.44444444444445,21.93725065036766,1.636166365248023
29.29292929292929,44.44444444444445,9.031615313209345,1.707988806065465
30.3030303030303,44.44444444444445,15.87913957919401,2.13232009085651
31.31313131313131,44.44444444444445,15.77583191731611,2.10283261225805
32.32323232323233,44.44444444444445,21.19036468096272,1.691847160321573
33.33333333333334,44.44444444444445,0.0,2.420355921547858
34.34343434343435,44.44444444444445,15.94412435406424,2.738389213747169
35.35353535353536,44.44444444444445,18.67210671200123,1.299888727556929
36.36363636363637,44.44444444444445,14.34927387568564,1.768882301381302
37.37373737373738,44.44444444444445,13.74800501645413,2.516099070371543
38.38383838383839,44.44444444444445,15.94277754486473,0.4972756429339285
39.3939393939394,44.44444444444445,5.764777585019685,2.044620420288577
40.40404040404041,44.44444444444445,20.97145117165423,1.349499886521483
41.41414141414142,44.44444444444445,14.01263983195106,1.768813362212581
42.42424242424243,44.44444444444445,32.12802439930056,4.627169173614695
43.43434343434344,44.44444444444445,31.35664701703485,2.617642157593773
44.44444444444445,44.44444444444445,8.66438880436842,5.571740796604625
45.45454545454546,44.44444444444445,28.0900704917326,3.962456434193721
46.46464646464647,44.44444444444445,13.6939737446539,3.704842913359921
47.47474747474748,44.44444444444445,17.07325108014366,3.738081692978935
48.48484848484848,44.44444444444445,28.4943718205422,4.835534095253927
49.49494949494949,44.44444444444445,25.01824076938173,4.674866915642772
50.50505050505051,44.44444444444445,29.45476018088971,4.366749621443864
51.51515151515152,44.44444444444445,24.7966688214245,3.420250613868196
52.52525252525253,44.44444444444445,22.13068036080872,2.940595241076784
53.53535353535354,44.44444444444445,17.14463477939418,1.745857515057545
54.54545454545455,44.44444444444445,16.79953023582124,1.336913552982007
55.55555555555556,44.44444444444445,18.17064940834513,0.7891352282546266
56.56565656565657,44.44444444444445,20.62273218844175,1.345639041524048
57.57575757575758,44.44444444444445,24.50110648706079,1.492502826628368
58.58585858585859,44.44444444444445,15.43160907924392,1.511904529153784
59.5959595959596,44.44444444444445,16.15492299766112,1.273784130539636
60.60606060606061,44.44444444444445,15.9308103416635,1.601864625956264
61.61616161616162,44.44444444444445,14.89758676298704,1.41533088972317
62.62626262626263,44.44444444444445,13.20842039928031,1.504963844880931
63.63636363636364,44.44444444444445,11.65497069468883,1.73800316390819
64.64646464646465,44.44444444444445,10.98740731590972,0.7358177730199704
65.65656565656566,44.44444444444445,19.08250081022117,0.7706690980389839
66.66666666666667,44.44444444444445,21.32011705311236,1.561078688138799
67.67676767676768,44.44444444444445,7.197653805644988,1.733345956641355
68.68686868686869,44.44444444444445,12.25621390394452,1.749636415855209
69.6969696969697,44.44444444444445,21.97760562658396,0.3389468365701551
70.70707070707071,44.44444444444445,17.77780921271694,1.293901814025386
71.71717171717172,44.44444444444445,11.14607638101508,2.279936188846514
72.72727272727273,44.44444444444445,16.79255578662646,1.336792969130054
73.73737373737374,44.44444444444445,27.55396168440884,5.489771968554797
74.74747474747475,44.44444444444445,17.85522869373955,3.774105231326181
75.75757575757576,44.44444444444445,27.87715450660497,5.567992520908302
76.76767676767678,44.44444444444445,23.55108241145803,5.072860034545021
77.77777777777779,44.44444444444445,10.10863009431998,3.767178072096995
78.7878787878788,44.44444444444445,13.0839637638657,3.837595818117451
79.7979797979798,44.44444444444445,19.40074590685346,4.693138514869701
80.80808080808082,44.44444444444445,23.0563381575384,5.002275389235749
81.81818181818183,44.44444444444445,9.069911784299425,5.005167386326208
82.82828282828284,44.44444444444445,23.70636689874283,5.502899595589282
83.83838383838385,44.44444444444445,22.98115925967444,4.250423859647602
84.84848484848486,44.44444444444445,15.61760436094363,1.757300220963685
85.85858585858587,44.44444444444445,16.98319838500522,1.48755077904157
86.86868686868688,44.44444444444445,5.257930090115873,1.668376930757433
87.87878787878789,44.44444444444445,17.97159728305463,2.672327461340665
88.8888888888889,44.44444444444445,18.62160791977912,1.34832822423456
89.89898989898991,44.44444444444445,10.53605795648097,2.800928072390414
90.90909090909092,44.44444444444445,14.4534448323806,0.8596088754771444
91.91919191919193,44.44444444444445,17.7912266853116,1.31260780396912
92.92929292929294,44.44444444444445,12.85618449236781,1.498020737497007
93.93939393939395,44.44444444444445,13.52300228094564,1.310094915767211
94.94949494949496,44.44444444444445,9.639581699253505,1.971225295466696
95.95959595959597,44.44444444444445,14.52912380127418,2.073991197577176
96.96969696969697,44.44444444444445,7.410123895177926,1.749068426075704
97.97979797979798,44.44444444444445,11.21692996808108,1.917154309882146
98.98989898989899,44.44444444444445,14.45641614633761,0.9843538716340527
100.0,44.44444444444445,20.99863417719151,0.3587193975763359
0.0,45.45454545454546,14.5939889280447,1.611584724975513
1.01010101010101,45.45454545454546,21.99192435536904,1.255896653934954
2.02020202020202,45.45454545454546,10.23527923534839,1.112390018420084
3.03030303030303,45.45454545454546,8.049915818010078,1.703363818765898
4.040404040404041,45.45454545454546,21.70794641172962,1.949432716216939
5.050505050505051,45.45454545454546,10.12883482152252,1.224462715230698
6.060606060606061,45.45454545454546,18.64854604492649,1.591507680103814
7.070707070707071,45.45454545454546,12.11983977156127,2.230500194599548
8.080808080808081,45.45454545454546,15.53326642457913,1.151087667806144
9.090909090909092,45.45454545454546,12.71496490579541,1.16154695985037
10.1010101010101,45.45454545454546,19.58794027769444,1.799969888221851
11.11111111111111,45.45454545454546,29.13878440318815,4.343541785563536
12.12121212121212,45.45454545454546,21.15889801462881,5.001183222927764
13.13131313131313,45.45454545454546,19.77758023582945,4.6209398213005
14.14141414141414,45.45454545454546,25.27380504791125,5.087482157014325
15.15151515151515,45.45454545454546,18.87985871228892,5.124675333017789
16.16161616161616,45.45454545454546,22.19253158885594,4.466878811108525
17.17171717171717,45.45454545454546,20.85831440858752,5.117804020261342
18.18181818181818,45.45454545454546,22.28212915063912,3.793950282643731
19.19191919191919,45.45454545454546,5.710278183666166,4.234619802570021
20.2020202020202,45.45454545454546,7.754830238358966,4.308371485209013
21.21212121212121,45.45454545454546,13.10752746829357,2.402005155239221
22.22222222222222,45.45454545454546,13.00654042313034,1.255186730489987
23.23232323232324,45.45454545454546,25.76088656042061,1.305596967226231
24.24242424242424,45.45454545454546,12.8459240208536,1.774826130028925
25.25252525252525,45.45454545454546,18.80238472848758,1.511145367943358
26.26262626262626,45.45454545454546,10.56915510805112,1.531662228613434
27.27272727272727,45.45454545454546,15.64512430905025,1.257238754378745
28.28282828282828,45.45454545454546,7.553019543774077,1.994950037739212
29.29292929292929,45.45454545454546,22.36289149475006,1.77251350658232
30.3030303030303,45.45454545454546,15.05459244120423,1.592232487425018
31.31313131313131,45.45454545454546,6.192000221172931,1.952906739544457
32.32323232323233,45.45454545454546,16.75912640078156,1.071036720807043
33.33333333333334,45.45454545454546,12.34201346403511,1.213783788112401
34.34343434343435,45.45454545454546,20.56327010939934,1.556397222520387
35.35353535353536,45.45454545454546,12.06862310451394,1.630261558914742
36.36363636363637,45.45454545454546,10.83137671275346,0.6382332619147991
37.37373737373738,45.45454545454546,17.88815716880847,0.7400330095879549
38.38383838383839,45.45454545454546,7.743293056578029,1.500274849440189
39.3939393939394,45.45454545454546,10.15290871597134,1.234785060524134
40.40404040404041,45.45454545454546,15.3461496741235,1.3432518960857
41.41414141414142,45.45454545454546,16.34802150009233,0.9789053546868585
42.42424242424243,45.45454545454546,25.19793881471946,6.246818640079046
43.43434343434344,45.45454545454546,23.036737520354,4.814250667418017
44.44444444444445,45.45454545454546,29.64789470040606,5.698386622836541
45.45454545454546,45.45454545454546,43.01674344617393,3.732908911708051
46.46464646464647,45.45454545454546,27.34081307972404,4.096188447435148
47.47474747474748,45.45454545454546,29.89397603706092,4.09682255863255
48.48484848484848,45.45454545454546,10.05698974164832,5.355636695952366
49.49494949494949,45.45454545454546,29.1775902458692,4.258712111870934
50.50505050505051,45.45454545454546,27.21119852976284,3.741394765040356
51.51515151515152,45.45454545454546,17.65469423770534,4.649524029975116
52.52525252525253,45.45454545454546,12.14316471411965,2.01390377888662
53.53535353535354,45.45454545454546,9.395979356589866,1.327375805702639
54.54545454545455,45.45454545454546,15.63199845948984,0.7709610407879901
55.55555555555556,45.45454545454546,19.23882599856425,2.043820785199618
56.56565656565657,45.45454545454546,18.47812120153492,0.845760682381582
57.57575757575758,45.45454545454546,16.39039768250463,0.7890094445899061
58.58585858585859,45.45454545454546,18.12759467220239,1.732757216890536
59.5959595959596,45.45454545454546,18.66025909328614,1.509823893832725
60.60606060606061,45.45454545454546,20.16674101260947,1.127224010670801
61.61616161616162,45.45454545454546,13.55812888144523,1.947419062417596
62.62626262626263,45.45454545454546,18.41801224981839,1.280308374160908
63.63636363636364,45.45454545454546,15.24147991754255,2.030855567748696
64.64646464646465,45.45454545454546,14.89910110969989,1.222081255710577
65.65656565656566,45.45454545454546,14.29470729710439,1.551210227380979
66.66666666666667,45.45454545454546,20.09501677472075,1.30537064843514
67.67676767676768,45.45454545454546,12.24951419118521,2.17623663831775
68.68686868686869,45.45454545454546,5.637609574720739,1.205270116006713
69.6969696969697,45.45454545454546,20.32993992198431,1.335004524450859
70.70707070707071,45.45454545454546,10.83391784950486,0.7760014308857747
71.71717171717172,45.45454545454546,18.04970125120467,2.132499771311182
72.72727272727273,45.45454545454546,17.84757559556807,2.250982116225726
73.73737373737374,45.45454545454546,27.70770281474819,4.559877240357278
74.74747474747475,45.45454545454546,5.302811530117761,4.756359161391079
75.75757575757576,45.45454545454546,26.24115675852923,4.528138687954617
76.76767676767678,45.45454545454546,17.32460689635011,4.173585707451668
77.77777777777779,45.45454545454546,10.07114029550415,4.913763337574303
78.7878787878788,45.45454545454546,23.05986567879634,5.086473572323668
79.7979797979798,45.45454545454546,35.79526326598795,4.989444575304517
80.80808080808082,45.45454545454546,22.71602610966076,6.115223673120452
81.81818181818183,45.45454545454546,19.9756912824717,4.107178231477368
82.82828282828284,45.45454545454546,18.17570378766127,4.290112545826053
83.83838383838385,45.45454545454546,22.15460225950219,1.896072812972631
84.84848484848486,45.45454545454546,27.06065808676891,1.403698735963774
85.85858585858587,45.45454545454546,23.34329631602909,2.181388290069421
86.86868686868688,45.45454545454546,8.826554552136528,1.13577443598597
87.87878787878789,45.45454545454546,16.65606846339446,1.088605999946533
88.8888888888889,45.45454545454546,9.475414858220665,2.417489599759663
89.89898989898991,45.45454545454546,21.07074578761077,1.302611982995776
90.90909090909092,45.45454545454546,23.49459974294869,1.567218387348951
91.91919191919193,45.45454545454546,13.65146048185049,1.791448171327361
92.92929292929294,45.45454545454546,21.37654482092175,2.467676160769557
93.93939393939395,45.45454545454546,24.86503682192803,1.297961521643437
94.94949494949496,45.45454545454546,8.068049698117335,1.534231508024315
95.95959595959597,45.45454545454546,11.87421831239264,1.935357276130041
96.96969696969697,45.45454545454546,13.21678321742845,1.655840148532972
97.97979797979798,45.45454545454546,11.86063347582936,1.147583780505143
98.98989898989899,45.45454545454546,16.12913292421109,2.335358374913783
100.0,45.45454545454546,13.03349072435004,2.118377700394456
0.0,46.46464646464647,20.87247073884274,1.277043514100268
1.01010101010101,46.46464646464647,23.12045148087059,0.8732653201971954
2.02020202020202,46.46464646464647,11.54852407970169,1.134354591965586
3.03030303030303,46.46464646464647,7.098548933468281,2.081062801426676
4.040404040404041,46.46464646464647,10.93001944109855,0.4201350228443371
5.050505050505051,46.46464646464647,15.39299588744532,1.768856458215617
6.060606060606061,46.46464646464647,17.17566314916813,0.9631414768202958
7.070707070707071,46.46464646464647,18.33354608768587,1.691944274283355
8.080808080808081,46.46464646464647,11.01005877435897,2.250519678466443
9.090909090909092,46.46464646464647,12.91590620985488,0.7076051379072918
10.1010101010101,46.46464646464647,4.992895633211937,0.9165513308324877
11.11111111111111,46.46464646464647,6.836893102105952,4.273954320624116
12.12121212121212,46.46464646464647,13.98824773451598,3.112091612479177
13.13131313131313,46.46464646464647,33.26545334831852,4.022617714797637
14.14141414141414,46.46464646464647,19.69696419091063,3.421137784914798
15.15151515151515,46.46464646464647,28.49925238646533,4.420291742823859
16.16161616161616,46.46464646464647,24.4065098730004,4.087188496814316
17.17171717171717,46.46464646464647,22.50054354243629,5.278886924436925
18.18181818181818,46.46464646464647,14.73416578339835,4.305991549042116
19.19191919191919,46.46464646464647,28.10544921142773,4.408129735376065
20.2020202020202,46.46464646464647,34.76104247501006,3.37090034989646
21.21212121212121,46.46464646464647,17.97946100280911,1.258867710858845
22.22222222222222,46.46464646464647,2.266212112488742,0.6521745566802367
23.23232323232324,46.46464646464647,9.661217453715972,1.701554784163574
24.24242424242424,46.46464646464647,16.70582358699305,1.52218763937918
25.25252525252525,46.46464646464647,16.63548074383101,1.556886691137838
26.26262626262626,46.46464646464647,14.32057479762278,0.4982591588410242
27.27272727272727,46.46464646464647,19.68209090477101,2.021997615688723
28.28282828282828,46.46464646464647,17.84455918333233,2.07740348523806
29.29292929292929,46.46464646464647,12.90364648808113,1.50976465331346
30.3030303030303,46.46464646464647,12.00829033514245,1.546427467419094
31.31313131313131,46.46464646464647,17.61348812238963,1.612813890290264
32.32323232323233,46.46464646464647,14.95919816633352,1.192719334162011
33.33333333333334,46.46464646464647,13.32922723873829,1.355196113334143
34.34343434343435,46.46464646464647,12.35530332611757,0.9230957775730441
35.35353535353536,46.46464646464647,7.84753137015442,2.133840372418896
36.36363636363637,46.46464646464647,10.83676401110207,1.610049161764795
37.37373737373738,46.46464646464647,11.30036307239951,1.171597007598868
38.38383838383839,46.46464646464647,13.32834464552038,1.829916929805316
39.3939393939394,46.46464646464647,11.99461795162058,0.7084954842787209
40.40404040404041,46.46464646464647,23.41868537574227,0.8706946141089537
41.41414141414142,46.46464646464647,21.78754324015312,2.049533924803586
42.42424242424243,46.46464646464647,17.14474284517151,1.631443972747585
43.43434343434344,46.46464646464647,21.07386015642629,5.410060111367491
44.44444444444445,46.46464646464647,12.85744996469348,4.899410003075822
45.45454545454546,46.46464646464647,28.91790130845191,4.995381904330942
46.46464646464647,46.46464646464647,13.22015466689677,4.241063005635085
47.47474747474748,46.46464646464647,24.22981682584579,4.122679330224039
48.48484848484848,46.46464646464647,22.01705499194657,4.148499157720859
49.49494949494949,46.46464646464647,9.430307228929152,3.475581184299791
50.50505050505051,46.46464646464647,44.50938502966088,4.414533927363967
51.51515151515152,46.46464646464647,23.91409768680778,2.852535177591393
52.52525252525253,46.46464646464647,18.06508306259802,1.459561501493541
53.53535353535354,46.46464646464647,21.90244006640717,2.419680788091528
54.54545454545455,46.46464646464647,21.41892443125773,1.854504976312839
55.55555555555556,46.46464646464647,14.7559083740156,1.35209920615735
56.56565656565657,46.46464646464647,22.28494891784275,1.250644774142546
57.57575757575758,46.46464646464647,10.66794396513148,2.196720648872908
58.58585858585859,46.46464646464647,15.18985961978401,1.440348369246589
59.5959595959596,46.46464646464647,18.44961619991436,0.6716062281572442
60.60606060606061,46.46464646464647,9.734919163281221,1.825191205538305
61.61616161616162,46.46464646464647,22.69673180443821,0.9462738088794658
62.62626262626263,46.46464646464647,14.04596396350862,2.056803089460993
63.63636363636364,46.46464646464647,7.798283314908199,2.071842542580974
64.64646464646465,46.46464646464647,27.04648933192867,2.296070371188158
65.65656565656566,46.46464646464647,17.36180511470401,0.1670862369579324
66.66666666666667,46.46464646464647,21.07270725057964,1.277847755421345
67.67676767676768,46.46464646464647,26.33221270928994,2.146263698669673
68.68686868686869,46.46464646464647,22.04285739833647,1.016345529948994
69.6969696969697,46.46464646464647,19.95010947651051,1.589589444445197
70.70707070707071,46.46464646464647,16.9940254573204,2.114790728746748
71.71717171717172,46.46464646464647,13.79062281237609,2.403417025096056
72.72727272727273,46.46464646464647,18.70859689421667,1.659732965603727
73.73737373737374,46.46464646464647,14.81813380539302,1.61261012967118
74.74747474747475,46.46464646464647,36.37927542195521,3.552719474276937
75.75757575757576,46.46464646464647,18.08690180735755,3.719422204219595
76.76767676767678,46.46464646464647,31.16900142274044,5.000487856515279
77.77777777777779,46.46464646464647,13.21372062096678,4.712382400671921
78.7878787878788,46.46464646464647,18.00998148482922,4.421100675836223
79.7979797979798,46.46464646464647,32.52071559964115,4.273382001729439
80.80808080808082,46.46464646464647,14.60602580185375,4.267633980781198
81.81818181818183,46.46464646464647,24.27229704943084,5.00412035333341
82.82828282828284,46.46464646464647,18.72705521837482,4.253070058372525
83.83838383838385,46.46464646464647,19.24983246263111,1.062570592785027
84.84848484848486,46.46464646464647,19.50796785015154,0.7560427227808784
85.85858585858587,46.46464646464647,6.898768207264201,2.032420799917645
86.86868686868688,46.46464646464647,12.29468834722258,1.229620348384096
87.87878787878789,46.46464646464647,6.347940346297911,0.9098659756216669
88.8888888888889,46.46464646464647,8.102483657960992,0.9769497317833393
89.89898989898991,46.46464646464647,20.17427083906238,1.241173714042119
90.90909090909092,46.46464646464647,15.00279834893391,2.083914235712117
91.91919191919193,46.46464646464647,17.82368305316335,1.421756237583735
92.92929292929294,46.46464646464647,12.52071977011674,1.71389139528969
93.93939393939395,46.46464646464647,14.4555305272587,1.265795135896082
94.94949494949496,46.46464646464647,20.69578706144119,1.484438320003754
95.95959595959597,46.46464646464647,25.12898319093558,0.8164447179524975
96.96969696969697,46.46464646464647,8.789655822082883,0.462022683659907
97.97979797979798,46.46464646464647,11.19118834664976,1.950078533667293
98.98989898989899,46.46464646464647,14.76557362947175,1.683543476206316
100.0,46.46464646464647,15.77173444884993,2.028819056905716
0.0,47.47474747474748,15.88519701970841,0.8370101626296849
1.01010101010101,47.47474747474748,16.28244823799659,1.993759946131308
2.02020202020202,47.47474747474748,17.24109149768189,0.748021438902346
3.03030303030303,47.47474747474748,15.02065749675868,1.513232916956687
4.040404040404041,47.47474747474748,12.03702583332526,1.889632981732365
5.050505050505051,47.47474747474748,12.09298253637442,1.176129293078802
6.060606060606061,47.47474747474748,11.09494747713043,1.930617302055756
7.070707070707071,47.47474747474748,16.08962629918336,0.9501232075481852
8.080808080808081,47.47474747474748,2.169604424902982,1.855279984419121
9.090909090909092,47.47474747474748,8.366688728988127,1.191431744217568
10.1010101010101,47.47474747474748,24.22561977679677,1.059997504594607
11.11111111111111,47.47474747474748,14.57375501949099,4.015315103562407
12.12121212121212,47.47474747474748,28.53562232390988,3.839207569360915
13.13131313131313,47.47474747474748,20.81445202719473,4.590719311497761
14.14141414141414,47.47474747474748,18.72381304697294,3.803970631636928
15.15151515151515,47.47474747474748,29.84112203378039,4.498357593850719
16.16161616161616,47.47474747474748,21.09385294667825,4.975032396106116
17.17171717171717,47.47474747474748,27.67420357338471,4.602895534364599
18.18181818181818,47.47474747474748,22.75432526865029,5.337590563013885
19.19191919191919,47.47474747474748,27.82631343234872,3.802349718585004
20.2020202020202,47.47474747474748,25.53292181772076,3.978588314214807
21.21212121212121,47.47474747474748,25.04296136291684,1.357187180303367
22.22222222222222,47.47474747474748,9.645730817946731,0.7438612626516619
23.23232323232324,47.47474747474748,13.6059877148941,1.693551808254496
24.24242424242424,47.47474747474748,15.57071401931772,1.179029548685297
25.25252525252525,47.47474747474748,16.02371730211309,1.091355028350563
26.26262626262626,47.47474747474748,11.47120733845719,1.963278854118642
27.27272727272727,47.47474747474748,21.72757750856968,1.310187946433671
28.28282828282828,47.47474747474748,8.969795548250488,1.412697884340266
29.29292929292929,47.47474747474748,23.39276407960554,1.098457189546539
30.3030303030303,47.47474747474748,11.31719855146017,1.36409045858724
31.31313131313131,47.47474747474748,14.62504373475428,0.9164233533045314
32.32323232323233,47.47474747474748,16.2653178683576,0.8796997524679832
33.33333333333334,47.47474747474748,14.59161671623743,0.5319259055236012
34.34343434343435,47.47474747474748,9.178963093132328,0.9439441295552009
35.35353535353536,47.47474747474748,9.119807704720849,1.730861587796273
36.36363636363637,47.47474747474748,18.82941922004196,1.414156496742561
37.37373737373738,47.47474747474748,17.01548912275047,1.771977988536581
38.38383838383839,47.47474747474748,7.61693571266581,1.622121201012725
39.3939393939394,47.47474747474748,15.51395281479248,1.349104987470479
40.40404040404041,47.47474747474748,9.291515453877516,1.358322663159955
41.41414141414142,47.47474747474748,18.58926073498722,1.507019445862836
42.42424242424243,47.47474747474748,16.95531488740983,2.286242015952196
43.43434343434344,47.47474747474748,21.77591710446215,4.483102823054564
44.44444444444445,47.47474747474748,37.10657948464852,3.584018486827315
45.45454545454546,47.47474747474748,17.79801417988481,4.15676787752991
46.46464646464647,47.47474747474748,36.15125679317043,3.326468939435514
47.47474747474748,47.47474747474748,34.23809040396835,4.305893980738465
48.48484848484848,47.47474747474748,24.64465617042773,4.449182109329112
49.49494949494949,47.47474747474748,22.20681822708768,5.744175823384572
50.50505050505051,47.47474747474748,20.96148115444176,5.344381825463361
51.51515151515152,47.47474747474748,32.27427987761745,3.966084213014644
52.52525252525253,47.47474747474748,15.28222417200478,1.362657723373136
53.53535353535354,47.47474747474748,14.18905914491511,1.010553146718355
54.54545454545455,47.47474747474748,14.24996087868661,1.589539841663535
55.55555555555556,47.47474747474748,3.644691931838953,1.343520038196719
56.56565656565657,47.47474747474748,16.15818383529518,0.3384520135430471
57.57575757575758,47.47474747474748,20.21762677782372,1.511761654446012
58.58585858585859,47.47474747474748,21.42792428337279,1.615991574401575
59.5959595959596,47.47474747474748,9.763154864000192,1.333212785641944
60.60606060606061,47.47474747474748,14.47645973442375,1.739885425831583
61.61616161616162,47.47474747474748,19.61992507448948,0.7493922001512494
62.62626262626263,47.47474747474748,19.02056141103384,0.8315547633887513
63.63636363636364,47.47474747474748,13.21150548642186,2.583262442343555
64.64646464646465,47.47474747474748,12.70699319218986,0.6184001929908347
65.65656565656566,47.47474747474748,12.09015849420037,1.5961731876348
66.66666666666667,47.47474747474748,12.37711334300487,0.7006552224459068
67.67676767676768,47.47474747474748,15.44787210407939,0.8020203528658808
68.68686868686869,47.47474747474748,21.80399353767156,1.122230741205749
69.6969696969697,47.47474747474748,19.86183883797038,1.750814006667387
70.70707070707071,47.47474747474748,16.47202838750997,0.6371952091321236
71.71717171717172,47.47474747474748,10.81376927494787,1.832076249676596
72.72727272727273,47.47474747474748,14.45149428271633,1.576134962618249
73.73737373737374,47.47474747474748,7.603281292917066,1.270973555882415
74.74747474747475,47.47474747474748,18.25757294575753,3.76749018131033
75.75757575757576,47.47474747474748,21.63525766041207,5.304721934966399
76.76767676767678,47.47474747474748,27.45650742303837,4.357864602808374
77.77777777777779,47.47474747474748,16.82061155698608,3.618203397883591
78.7878787878788,47.47474747474748,18.52813645804702,4.804418655501474
79.7979797979798,47.47474747474748,25.25102222965431,2.744064946733016
80.80808080808082,47.47474747474748,29.16406943278994,4.388318407467799
81.81818181818183,47.47474747474748,27.34471762209716,3.368902002230088
82.82828282828284,47.47474747474748,28.55887246941758,4.711576819996769
83.83838383838385,47.47474747474748,12.67232147374097,1.05290833925379
84.84848484848486,47.47474747474748,12.39732464187616,1.654079536093271
85.85858585858587,47.47474747474748,11.9078302922046,1.362953854895767
86.86868686868688,47.47474747474748,18.9670352692421,1.844834539235644
87.87878787878789,47.47474747474748,20.4100937944159,1.791726041523756
88.8888888888889,47.47474747474748,13.25718766693426,1.189416243517329
89.89898989898991,47.47474747474748,21.16249449385531,1.555609255030215
90.90909090909092,47.47474747474748,11.03414744515633,1.436882082388634
91.91919191919193,47.47474747474748,15.9399995216153,1.355595887118326
92.92929292929294,47.47474747474748,11.25479768399803,0.2657291305916377
93.93939393939395,47.47474747474748,12.24086140287569,2.089784121041453
94.94949494949496,47.47474747474748,10.97761436347608,1.978337354687603
95.95959595959597,47.47474747474748,12.34594368763355,1.938649441354763
96.96969696969697,47.47474747474748,11.9914432237363,1.545064167366131
97.97979797979798,47.47474747474748,19.68473318154959,1.219412104068882
98.98989898989899,47.47474747474748,14.48609444952295,1.376588573113299
100.0,47.47474747474748,22.2236558281494,2.274715921726391
0.0,48.48484848484848,10.34370782727692,1.093349808588979
1.01010101010101,48.48484848484848,12.39189612719938,2.307764299626149
2.02020202020202,48.48484848484848,11.87737633348281,1.809770516903439
3.03030303030303,48.48484848484848,20.75874724829755,0.9425928523297888
4.040404040404041,48.48484848484848,17.53204229471052,1.696906349033481
5.050505050505051,48.48484848484848,14.05308021325444,1.067749769048807
6.060606060606061,48.48484848484848,7.518721451199095,1.331231766337914
7.070707070707071,48.48484848484848,11.04661747645611,0.862268531991514
8.080808080808081,48.48484848484848,20.52731550709861,1.12852153140776
9.090909090909092,48.48484848484848,17.15707769262537,1.72697565180601
10.1010101010101,48.48484848484848,15.69890511691193,0.8740609136933251
11.11111111111111,48.48484848484848,29.79983276200517,5.149411389801408
12.12121212121212,48.48484848484848,25.83656667438107,4.317366754490903
13.13131313131313,48.48484848484848,24.51748029013287,5.912021707131387
14.14141414141414,48.48484848484848,17.27523132957463,5.063901578341134
15.15151515151515,48.48484848484848,20.64708461660153,3.500003978258302
16.16161616161616,48.48484848484848,28.11360002257448,4.615699504267272
17.17171717171717,48.48484848484848,32.00506164891956,4.888052317857847
18.18181818181818,48.48484848484848,18.47565024361103,5.662457984055204
19.19191919191919,48.48484848484848,18.83009853713304,5.141394639773291
20.2020202020202,48.48484848484848,20.66397429906214,4.2744343762343
21.21212121212121,48.48484848484848,17.96502431596348,1.186392320462551
22.22222222222222,48.48484848484848,0.699024795635791,2.238541578157913
23.23232323232324,48.48484848484848,17.64524808189258,1.639898359172865
24.24242424242424,48.48484848484848,18.92314902197451,1.351119439969841
25.25252525252525,48.48484848484848,10.66485669753609,1.004714400154101
26.26262626262626,48.48484848484848,10.22124926319897,1.564007032393556
27.27272727272727,48.48484848484848,0.0,1.372373783746404
28.28282828282828,48.48484848484848,16.89154422152748,1.020987524427395
29.29292929292929,48.48484848484848,19.26317738199352,1.017414500571582
30.3030303030303,48.48484848484848,14.15569621938438,2.265866056687365
31.31313131313131,48.48484848484848,12.79691143991578,1.912466247560649
32.32323232323233,48.48484848484848,16.45746314465994,1.730049548231414
33.33333333333334,48.48484848484848,13.9249243481561,1.652392700486478
34.34343434343435,48.48484848484848,15.03832129196709,1.425995671106127
35.35353535353536,48.48484848484848,8.368381727180378,1.384416062912492
36.36363636363637,48.48484848484848,14.5355077414076,2.656993027935032
37.37373737373738,48.48484848484848,16.21953772903092,1.520402082391697
38.38383838383839,48.48484848484848,18.68432720482069,1.847338490047737
39.3939393939394,48.48484848484848,12.06503662450671,1.526714987284733
40.40404040404041,48.48484848484848,14.63536416148059,1.279470614209458
41.41414141414142,48.48484848484848,13.26945857955907,1.032665104117594
42.42424242424243,48.48484848484848,23.00505550791174,4.624016397333566
43.43434343434344,48.48484848484848,15.40495222142794,3.632043125460437
44.44444444444445,48.48484848484848,21.09046919061075,4.820131617091157
45.45454545454546,48.48484848484848,20.59381705752946,4.16318541683416
46.46464646464647,48.48484848484848,30.12034980654806,5.014325302854438
47.47474747474748,48.48484848484848,15.82375705935373,4.426070047422248
48.48484848484848,48.48484848484848,10.3243501195399,4.384725247241592
49.49494949494949,48.48484848484848,21.60441431233973,4.551989180870871
50.50505050505051,48.48484848484848,17.63512779256723,5.364008166374656
51.51515151515152,48.48484848484848,26.08368829186063,4.695254363965263
52.52525252525253,48.48484848484848,17.39762669251077,0.9372051989622672
53.53535353535354,48.48484848484848,23.52538838624416,0.877847337744199
54.54545454545455,48.48484848484848,10.09031763729836,1.794920333765907
55.55555555555556,48.48484848484848,21.45781271334449,1.792465874807866
56.56565656565657,48.48484848484848,18.05458849392292,1.727618234746412
57.57575757575758,48.48484848484848,16.1209064191094,0.9726424788515071
58.58585858585859,48.48484848484848,13.45743014664079,1.741911847661051
59.5959595959596,48.48484848484848,26.69524595040292,0.9298362927150686
60.60606060606061,48.48484848484848,9.173546630406284,1.311133350968219
61.61616161616162,48.48484848484848,20.58361278407942,1.397632274351684
62.62626262626263,48.48484848484848,16.69495749472447,1.376270612252674
63.63636363636364,48.48484848484848,12.4352858044783,1.612822029453774
64.64646464646465,48.48484848484848,10.66227279786524,1.241622913290892
65.65656565656566,48.48484848484848,14.45486610834036,2.161812230451302
66.66666666666667,48.48484848484848,12.40373483848107,1.208332138841079
67.67676767676768,48.48484848484848,19.54029162073514,1.097001498348703
68.68686868686869,48.48484848484848,20.4699769486997,1.836326938662239
69.6969696969697,48.48484848484848,15.32614645965912,1.790957679258411
70.70707070707071,48.48484848484848,12.74395054519196,1.090680442114357
71.71717171717172,48.48484848484848,22.46337114333481,1.374759071235558
72.72727272727273,48.48484848484848,7.739132842801161,1.859352830978454
73.73737373737374,48.48484848484848,27.4893347253703,5.386611860077509
74.74747474747475,48.48484848484848,24.14492880009758,4.704517554645784
75.75757575757576,48.48484848484848,17.8007201220792,5.268484045534305
76.76767676767678,48.48484848484848,15.43754216775662,4.971681578911683
77.77777777777779,48.48484848484848,22.63406260073753,5.685884191266367
78.7878787878788,48.48484848484848,18.06415030111428,4.852595137079367
79.7979797979798,48.48484848484848,17.49202663749903,4.576376170312043
80.80808080808082,48.48484848484848,29.56480737636808,5.908046934093334
81.81818181818183,48.48484848484848,26.6347229956385,3.272621198399419
82.82828282828284,48.48484848484848,31.75335117043748,5.364043985630009
83.83838383838385,48.48484848484848,18.94059648167557,1.415014006577207
84.84848484848486,48.48484848484848,13.44762064182193,1.143083259836115
85.85858585858587,48.48484848484848,22.38359415849501,1.340707352072757
86.86868686868688,48.48484848484848,19.10846797698547,2.516845336428748
87.87878787878789,48.48484848484848,11.1147805577539,1.363841371105075
88.8888888888889,48.48484848484848,19.98068225982039,2.376836431980355
89.89898989898991,48.48484848484848,14.31321441586204,2.014807908179517
90.90909090909092,48.48484848484848,12.25588078940648,1.756480185888827
91.91919191919193,48.48484848484848,18.93061524856877,1.833213352998883
92.92929292929294,48.48484848484848,12.67867189923052,2.550446919465064
93.93939393939395,48.48484848484848,16.34626796296552,1.17019766860503
94.94949494949496,48.48484848484848,12.9045425113901,2.596834159716519
95.95959595959597,48.48484848484848,25.58450981167642,1.820584454198814
96.96969696969697,48.48484848484848,13.87195216067085,1.514209345484409
97.97979797979798,48.48484848484848,9.699552532887154,1.898353031373069
98.98989898989899,48.48484848484848,20.24060380999391,1.692122225857661
100.0,48.48484848484848,14.11774779523658,1.285752988527804
0.0,49.49494949494949,20.45007107222386,0.9794892304122447
1.01010101010101,49.49494949494949,19.17599778222672,2.349046918174791
2.02020202020202,49.49494949494949,11.64471209933062,0.5855296415144053
3.03030303030303,49.49494949494949,13.07890814224395,1.517093552820589
4.040404040404041,49.49494949494949,20.02679806755122,1.95970090196323
5.050505050505051,49.49494949494949,30.77201257528749,1.090361082588065
6.060606060606061,49.49494949494949,9.802181858119967,1.166445799575982
7.070707070707071,49.49494949494949,28.6614122994075,1.645392430456754
8.080808080808081,49.49494949494949,7.028457263367994,1.395843566458729
9.090909090909092,49.49494949494949,18.79629470355242,1.343335039389392
10.1010101010101,49.49494949494949,29.21366683215759,0.9045903828083106
11.11111111111111,49.49494949494949,22.04473586069316,4.157527060336282
12.12121212121212,49.49494949494949,28.33649129236304,3.988114678298009
13.13131313131313,49.49494949494949,21.14428893033367,4.660486637779172
14.14141414141414,49.49494949494949,31.44364596740116,4.632535335755255
15.15151515151515,49.49494949494949,15.6615387958976,4.300864890069697
16.16161616161616,49.49494949494949,24.63608874468337,6.138569888618202
17.17171717171717,49.49494949494949,26.32610879212504,3.873743112535853
18.18181818181818,49.49494949494949,31.90288858785132,2.597735200749115
19.19191919191919,49.49494949494949,21.36144203704931,3.793859538506882
20.2020202020202,49.49494949494949,32.48323279713831,3.53375308726528
21.21212121212121,49.49494949494949,18.47084212105486,2.520418579431774
22.22222222222222,49.49494949494949,13.38583612826137,1.468839234143468
23.23232323232324,49.49494949494949,19.84894892554593,1.571309376444741
24.24242424242424,49.49494949494949,10.26760104141872,1.905248468858389
25.25252525252525,49.49494949494949,17.09549200377292,0.5071709410252965
26.26262626262626,49.49494949494949,21.40815438700983,2.231084556665921
27.27272727272727,49.49494949494949,15.73133305858272,1.165672806134991
28.28282828282828,49.49494949494949,19.70846486797814,1.997022791764332
29.29292929292929,49.49494949494949,3.328514256998887,2.272044855190951
30.3030303030303,49.49494949494949,19.66677416063388,1.269278032599321
31.31313131313131,49.49494949494949,9.726748811733376,2.193339919645063
32.32323232323233,49.49494949494949,14.26224403891601,1.223531396190023
33.33333333333334,49.49494949494949,16.82002179669332,1.55552328365269
34.34343434343435,49.49494949494949,6.709484363398301,1.136814531063331
35.35353535353536,49.49494949494949,5.690139525017126,1.048713459125165
36.36363636363637,49.49494949494949,16.40830919868369,0.7484549611247263
37.37373737373738,49.49494949494949,10.57838527215376,1.065604013288076
38.38383838383839,49.49494949494949,14.25680777734039,0.8952337396948703
39.3939393939394,49.49494949494949,11.08634343702168,1.561216068954525
40.40404040404041,49.49494949494949,12.31091983192985,1.469023708832603
41.41414141414142,49.49494949494949,14.66842057644704,2.293659480720986
42.42424242424243,49.49494949494949,22.70825331154894,4.282182030340678
43.43434343434344,49.49494949494949,32.34723739796237,4.60808965358883
44.44444444444445,49.49494949494949,23.94365312802889,4.012223661434207
45.45454545454546,49.49494949494949,20.43606389288708,4.617567094055993
46.46464646464647,49.49494949494949,9.52484269189055,5.514482825701798
47.47474747474748,49.49494949494949,28.94824359536592,5.098985272055173
48.48484848484848,49.49494949494949,35.5368126797115,4.338052632780498
49.49494949494949,49.49494949494949,21.66825717902387,3.477263312905263
50.50505050505051,49.49494949494949,21.66223673323724,4.237396094974045
51.51515151515152,49.49494949494949,26.56107189939537,5.185708096447846
52.52525252525253,49.49494949494949,14.2313943048901,1.12879822487849
53.53535353535354,49.49494949494949,7.843421781510295,1.398175981842247
54.54545454545455,49.49494949494949,11.26117619872478,0.8987703223382253
55.55555555555556,49.49494949494949,17.44755430826451,1.426454983124518
56.56565656565657,49.49494949494949,15.56242490772628,2.059149844474135
57.57575757575758,49.49494949494949,9.349390121672975,1.210058266334903
58.58585858585859,49.49494949494949,7.167866088787124,1.883678295055017
59.5959595959596,49.49494949494949,12.47092161790894,1.482940741638929
60.60606060606061,49.49494949494949,5.507068813546292,1.577604872814146
61.61616161616162,49.49494949494949,19.46763960287634,1.797684091543893
62.62626262626263,49.49494949494949,11.31896501111379,2.346941734466418
63.63636363636364,49.49494949494949,17.04071192537467,1.528876395621745
64.64646464646465,49.49494949494949,9.009600987936874,1.576636020761487
65.65656565656566,49.49494949494949,9.330889007446446,1.758551319365018
66.66666666666667,49.49494949494949,22.38158743410866,2.208927501967094
67.67676767676768,49.49494949494949,12.51189018880008,1.428407681710951
68.68686868686869,49.49494949494949,1.224075529679719,0.9562952816116315
69.6969696969697,49.49494949494949,15.54328783784155,1.180009264522796
70.70707070707071,49.49494949494949,12.09031000216689,1.901198844274224
71.71717171717172,49.49494949494949,12.46299478379697,0.7151583528666353
72.72727272727273,49.49494949494949,8.43259001409229,1.665993831495808
73.73737373737374,49.49494949494949,28.83298316865289,4.677946236776618
74.74747474747475,49.49494949494949,18.40480480901517,4.013922132537753
75.75757575757576,49.49494949494949,18.81646991842188,4.039935002884643
76.76767676767678,49.49494949494949,26.13741451948446,5.774829157342396
77.77777777777779,49.49494949494949,22.14138177006158,3.599227325059893
78.7878787878788,49.49494949494949,19.29314722206595,4.424381272217337
79.7979797979798,49.49494949494949,35.49106374558564,4.00113096528721
80.80808080808082,49.49494949494949,19.14721548752375,3.112652188077256
81.81818181818183,49.49494949494949,37.71277610607628,5.784450184593077
82.82828282828284,49.49494949494949,24.55281714190312,3.35529900926247
83.83838383838385,49.49494949494949,13.76347066771121,1.478681661352372
84.84848484848486,49.49494949494949,10.84263983493636,2.022492115286294
85.85858585858587,49.49494949494949,0.820778116155136,0.9909998968939361
86.86868686868688,49.49494949494949,19.40175045108417,0.5569495380701531
87.87878787878789,49.49494949494949,10.48012919931099,2.265115671312524
88.8888888888889,49.49494949494949,13.31727082058939,1.153782740345341
89.89898989898991,49.49494949494949,12.35263961949159,1.436210909399307
90.90909090909092,49.49494949494949,13.22765595553486,1.394381125300638
91.91919191919193,49.49494949494949,16.94100733543588,1.116055047621569
92.92929292929294,49.49494949494949,26.11356042353485,1.160041309809386
93.93939393939395,49.49494949494949,10.17688472803851,1.578597321936017
94.94949494949496,49.49494949494949,6.902848127417914,1.326743887745215
95.95959595959597,49.49494949494949,8.510999622773884,2.213539879821686
96.96969696969697,49.49494949494949,16.49143228241619,0.5325404286485099
97.97979797979798,49.49494949494949,6.453994537320654,1.336455563408837
98.98989898989899,49.49494949494949,13.74694516117555,1.413201812418036
100.0,49.49494949494949,12.20511155882671,0.8465059884412899
0.0,50.50505050505051,16.48212402543435,1.391065046861874
1.01010101010101,50.50505050505051,14.36884409524034,1.302278294244579
2.02020202020202,50.50505050505051,18.02298436507962,1.683432089967128
3.03030303030303,50.50505050505051,12.98503462521273,0.8849279536897257
4.040404040404041,50.50505050505051,24.49058796190895,2.086640813017228
5.050505050505051,50.50505050505051,11.00359387634322,0.9558859100004641
6.060606060606061,50.50505050505051,19.3215042257279,2.053167270881282
7.070707070707071,50.50505050505051,21.36765225225117,1.921061648094161
8.080808080808081,50.50505050505051,12.79214109183561,1.128478978483188
9.090909090909092,50.50505050505051,12.70465743112061,1.410360536182242
10.1010101010101,50.50505050505051,20.87977604682779,4.925383183283278
11.11111111111111,50.50505050505051,17.61474425998477,5.24234315553819
12.12121212121212,50.50505050505051,15.62856648379868,3.449514640900567
13.13131313131313,50.50505050505051,14.75404177933236,4.468321087286614
14.14141414141414,50.50505050505051,16.36169533594898,4.834573151269626
15.15151515151515,50.50505050505051,32.86493250118917,3.583191141739588
16.16161616161616,50.50505050505051,12.4896559442328,4.029462377837562
17.17171717171717,50.50505050505051,18.39523050855293,4.31595249615023
18.18181818181818,50.50505050505051,27.60815793425552,4.952646117604178
19.19191919191919,50.50505050505051,32.07907188995135,4.348316868663174
20.2020202020202,50.50505050505051,18.13936018583126,5.431136567088243
21.21212121212121,50.50505050505051,8.360091854599045,5.246932224124577
22.22222222222222,50.50505050505051,25.41461295860315,1.454267475934305
23.23232323232324,50.50505050505051,12.44337369031993,2.525178811452506
24.24242424242424,50.50505050505051,2.910056138351331,1.842691628788345
25.25252525252525,50.50505050505051,16.88699976166004,0.8132800529600844
26.26262626262626,50.50505050505051,24.56741935633749,1.820320141780053
27.27272727272727,50.50505050505051,26.54967499864174,1.451880841270993
28.28282828282828,50.50505050505051,19.15764134777461,1.887578702328742
29.29292929292929,50.50505050505051,14.86002993319574,1.179950958381542
30.3030303030303,50.50505050505051,2.472356748601041,1.60002618517743
31.31313131313131,50.50505050505051,23.16460927410222,1.351986195530729
32.32323232323233,50.50505050505051,18.17542319628001,2.306665137032366
33.33333333333334,50.50505050505051,16.52236094239929,1.729687488443828
34.34343434343435,50.50505050505051,20.51516976436267,1.082395584127806
35.35353535353536,50.50505050505051,11.90644380559409,2.084793022418863
36.36363636363637,50.50505050505051,16.92442703604905,1.314208852173014
37.37373737373738,50.50505050505051,15.31255435769158,1.101465807092425
38.38383838383839,50.50505050505051,14.26995513185916,0.8896027693226201
39.3939393939394,50.50505050505051,13.19988102550561,1.322519936163127
40.40404040404041,50.50505050505051,15.40648783809271,0.6401406810845407
41.41414141414142,50.50505050505051,7.165211314631703,5.208531876046221
42.42424242424243,50.50505050505051,39.24190007801642,4.201647056422889
43.43434343434344,50.50505050505051,18.81515959009895,3.908327589016435
44.44444444444445,50.50505050505051,32.33690701080219,5.059366087613921
45.45454545454546,50.50505050505051,24.52701868451532,3.41137026505271
46.46464646464647,50.50505050505051,20.27924221637041,5.046896720497572
47.47474747474748,50.50505050505051,23.81493753956761,3.616807615312591
48.48484848484848,50.50505050505051,37.0545030150445,3.902413343862208
49.49494949494949,50.50505050505051,34.84033394810503,3.972346376792795
50.50505050505051,50.50505050505051,27.64002761783498,4.119099324230628
51.51515151515152,50.50505050505051,23.42090019780294,4.962312098217079
52.52525252525253,50.50505050505051,16.22422326558393,4.188796090265509
53.53535353535354,50.50505050505051,16.78012588719693,0.7401741672682715
54.54545454545455,50.50505050505051,15.62312200690508,1.344009219914496
55.55555555555556,50.50505050505051,14.57142900721804,2.094377095654854
56.56565656565657,50.50505050505051,16.03963923876696,1.233554240519312
57.57575757575758,50.50505050505051,5.498953667918962,2.604413484333978
58.58585858585859,50.50505050505051,16.43694058780815,1.493619178832641
59.5959595959596,50.50505050505051,16.34367843612135,1.351748943917582
60.60606060606061,50.50505050505051,12.03344603937925,1.209181954907539
61.61616161616162,50.50505050505051,10.95993981920275,1.77075350812414
62.62626262626263,50.50505050505051,23.37774550963606,2.070113906322495
63.63636363636364,50.50505050505051,24.5484263646759,1.799949270003334
64.64646464646465,50.50505050505051,11.93571796225334,2.136594122370892
65.65656565656566,50.50505050505051,8.675543689693423,1.218987101471086
66.66666666666667,50.50505050505051,20.01638981810739,1.305848966192692
67.67676767676768,50.50505050505051,20.78613128010265,1.719774723451064
68.68686868686869,50.50505050505051,13.13355739518041,2.937848039497906
69.6969696969697,50.50505050505051,18.69111463943113,1.825037591344591
70.70707070707071,50.50505050505051,14.33909608140759,1.019147367874282
71.71717171717172,50.50505050505051,12.80142678739568,1.378345013857735
72.72727272727273,50.50505050505051,26.50229286181564,3.367151063671558
73.73737373737374,50.50505050505051,30.74190872893004,3.834613082759264
74.74747474747475,50.50505050505051,15.4026597295437,3.467886505306568
75.75757575757576,50.50505050505051,21.73028049412061,4.829959646029384
76.76767676767678,50.50505050505051,13.56531504703695,4.726693189210041
77.77777777777779,50.50505050505051,24.47863568568448,4.875913491560397
78.7878787878788,50.50505050505051,28.70038923297562,5.735742296855553
79.7979797979798,50.50505050505051,32.09723780893964,4.236409140731042
80.80808080808082,50.50505050505051,16.77475077467772,4.275450431703267
81.81818181818183,50.50505050505051,29.29712047762664,4.997462671276993
82.82828282828284,50.50505050505051,32.66623315559109,3.566474159888724
83.83838383838385,50.50505050505051,34.51691722281463,4.554879190057753
84.84848484848486,50.50505050505051,9.934626042607048,2.02272301081474
85.85858585858587,50.50505050505051,19.932739956069,1.205659423859382
86.86868686868688,50.50505050505051,17.39279435647496,1.344132514006525
87.87878787878789,50.50505050505051,21.08958553629047,0.8343619836034277
88.8888888888889,50.50505050505051,16.14493624615955,1.063291589855588
89.89898989898991,50.50505050505051,17.87384439150128,1.410611751659125
90.90909090909092,50.50505050505051,10.06528487352231,2.174723982195618
91.91919191919193,50.50505050505051,7.900926693470516,2.224387170125151
92.92929292929294,50.50505050505051,12.78780868621889,0.8777761455739306
93.93939393939395,50.50505050505051,13.09839249491213,1.065404205513358
94.94949494949496,50.50505050505051,3.61863199241697,1.349266205978263
95.95959595959597,50.50505050505051,19.14266189445858,1.340218438176038
96.96969696969697,50.50505050505051,22.29438585551613,0.6748975260370857
97.97979797979798,50.50505050505051,12.19102152238422,1.297076099273015
98.98989898989899,50.50505050505051,13.02911824558213,1.660421835293354
100.0,50.50505050505051,10.48467416310053,1.014708038901569
0.0,51.51515151515152,22.65500077439333,1.512626065943845
1.01010101010101,51.51515151515152,28.07604616723953,2.16538338652731
2.02020202020202,51.51515151515152,17.126686775442,1.319388546728301
3.03030303030303,51.51515151515152,14.59418054322748,2.156089953914337
4.040404040404041,51.51515151515152,7.065060044077535,1.742475655029558
5.050505050505051,51.51515151515152,22.68094413696374,1.241754949672629
6.060606060606061,51.51515151515152,15.58486465522834,1.310331818426949
7.070707070707071,51.51515151515152,20.33687141911334,2.683506498826176
8.080808080808081,51.51515151515152,11.00590366936654,1.041980605920493
9.090909090909092,51.51515151515152,20.00448695665791,3.891384925306502
10.1010101010101,51.51515151515152,21.63060189780399,4.259632664277986
11.11111111111111,51.51515151515152,32.30346370724482,4.67374624232706
12.12121212121212,51.51515151515152,16.72658994078897,4.884585497352989
13.13131313131313,51.51515151515152,23.7729756680368,3.922046991199203
14.14141414141414,51.51515151515152,10.7882866305436,4.263293578182557
15.15151515151515,51.51515151515152,43.73067142866038,3.259082018920035
16.16161616161616,51.51515151515152,15.86475727035956,4.483607066093697
17.17171717171717,51.51515151515152,35.56522205093198,4.180829561487353
18.18181818181818,51.51515151515152,6.304335848588083,4.463253745496311
19.19191919191919,51.51515151515152,11.71830864615288,3.563919375861642
20.2020202020202,51.51515151515152,18.87191077948132,4.553105084459939
21.21212121212121,51.51515151515152,30.67443389016297,4.524859907448096
22.22222222222222,51.51515151515152,23.42914393794048,3.55601018392572
23.23232323232324,51.51515151515152,8.384851374864098,1.422657187914489
24.24242424242424,51.51515151515152,21.44518699457139,0.9627601489943369
25.25252525252525,51.51515151515152,17.57144091773155,1.792031673336391
26.26262626262626,51.51515151515152,12.57554718789213,0.8071243559417195
27.27272727272727,51.51515151515152,13.7707851062991,0.8606363838792218
28.28282828282828,51.51515151515152,22.73216307513414,2.110063924337348
29.29292929292929,51.51515151515152,20.1734239867215,2.13898228153502
30.3030303030303,51.51515151515152,10.899075025605,1.029207957078333
31.31313131313131,51.51515151515152,15.65621632285074,0.8165753483020441
32.32323232323233,51.51515151515152,12.54291336472395,1.851775469951951
33.33333333333334,51.51515151515152,23.07382959820185,1.792764564161772
34.34343434343435,51.51515151515152,13.34875685254971,1.244328051149457
35.35353535353536,51.51515151515152,7.946562776588455,1.977480442768225
36.36363636363637,51.51515151515152,17.26696037406838,1.281348615084691
37.37373737373738,51.51515151515152,14.40300708750635,1.440213635523571
38.38383838383839,51.51515151515152,25.90435318191655,1.842532287654928
39.3939393939394,51.51515151515152,10.8214793109379,2.014953184140691
40.40404040404041,51.51515151515152,18.16575262853495,0.6469474509320128
41.41414141414142,51.51515151515152,20.44117844387234,3.463325342190851
42.42424242424243,51.51515151515152,30.66323244479596,2.904488416777542
43.43434343434344,51.51515151515152,28.19010780517434,4.147152773773189
44.44444444444445,51.51515151515152,30.82318730974248,3.561455955628237
45.45454545454546,51.51515151515152,17.73676232512983,4.489089928714939
46.46464646464647,51.51515151515152,27.75612197207942,5.425456480139283
47.47474747474748,51.51515151515152,36.41890019287296,4.527413724180316
48.48484848484848,51.51515151515152,26.07505144430448,5.070960501670984
49.49494949494949,51.51515151515152,23.90749750951648,4.340035821837504
50.50505050505051,51.51515151515152,30.00792912345955,4.358786067184778
51.51515151515152,51.51515151515152,20.57139723816181,4.831536039897443
52.52525252525253,51.51515151515152,22.23856113648285,4.48342985283614
53.53535353535354,51.51515151515152,27.80319391402374,3.374921261598082
54.54545454545455,51.51515151515152,8.638145702161205,1.235286623743663
55.55555555555556,51.51515151515152,11.19973960077051,1.908885054084839
56.56565656565657,51.51515151515152,15.38261958826489,1.615806249942023
57.57575757575758,51.51515151515152,4.55919648998996,1.632944030087755
58.58585858585859,51.51515151515152,14.95932484325222,1.112001035523176
59.5959595959596,51.51515151515152,11.68483275872871,0.7528225349645583
60.60606060606061,51.51515151515152,18.42783514249851,1.693862053632728
61.61616161616162,51.51515151515152,14.21805070265732,1.231461365154409
62.62626262626263,51.51515151515152,17.18680678661634,1.477718214628838
63.63636363636364,51.51515151515152,11.96776514078724,1.456511679183418
64.64646464646465,51.51515151515152,7.279000293247494,1.83615217959245
65.65656565656566,51.51515151515152,19.78773690360841,1.210623351943257
66.66666666666667,51.51515151515152,16.4448473070253,1.322253943394549
67.67676767676768,51.51515151515152,14.18576222901214,1.247741134760096
68.68686868686869,51.51515151515152,15.58844551082263,1.697335080466869
69.6969696969697,51.51515151515152,9.646947422786095,1.598474569330064
70.70707070707071,51.51515151515152,27.70499999292607,0.4362548631672178
71.71717171717172,51.51515151515152,19.42018372348841,1.063716794546076
72.72727272727273,51.51515151515152,32.49463541610079,5.694842142662989
73.73737373737374,51.51515151515152,11.2546679962805,4.37144753318532
74.74747474747475,51.51515151515152,14.81063623416423,3.619388457856964
75.75757575757576,51.51515151515152,26.17949703245078,4.54452866307242
76.76767676767678,51.51515151515152,14.38759347392175,5.898185674896501
77.77777777777779,51.51515151515152,25.9295100290489,3.959868635103085
78.7878787878788,51.51515151515152,22.57358324675255,2.934218220411516
79.7979797979798,51.51515151515152,11.67208241472299,3.762641730315208
80.80808080808082,51.51515151515152,15.63694554888056,4.185381164983297
81.81818181818183,51.51515151515152,22.34633155994795,4.140783051502382
82.82828282828284,51.51515151515152,33.5613175348712,4.535381236043388
83.83838383838385,51.51515151515152,26.33857441374955,4.771834056117763
84.84848484848486,51.51515151515152,23.3772981236203,4.754387331532103
85.85858585858587,51.51515151515152,18.59740893416061,1.992655648465262
86.86868686868688,51.51515151515152,9.818257450990385,1.652864466140173
87.87878787878789,51.51515151515152,9.650951252222269,1.15380776499344
88.8888888888889,51.51515151515152,4.103297930850641,1.684571877667154
89.89898989898991,51.51515151515152,13.70560001288607,1.557730344533268
90.90909090909092,51.51515151515152,14.67453594210738,1.523860314488527
91.91919191919193,51.51515151515152,8.543831570536524,1.602124162560354
92.92929292929294,51.51515151515152,21.73186208917954,0.5373684296063
93.93939393939395,51.51515151515152,14.8928814760187,0.0
94.94949494949496,51.51515151515152,6.484286356622749,1.453240558856538
95.95959595959597,51.51515151515152,14.17675727722766,2.747396449821214
96.96969696969697,51.51515151515152,16.35304346062879,1.437977145854736
97.97979797979798,51.51515151515152,15.21721750066865,1.524932593462815
98.98989898989899,51.51515151515152,17.31894200337353,1.769711455584139
100.0,51.51515151515152,18.42852319968662,1.141861091573139
0.0,52.52525252525253,13.81430122475674,1.205481699189316
1.01010101010101,52.52525252525253,20.47829348350391,2.139336084235888
2.02020202020202,52.52525252525253,22.34572572191627,1.599346217457691
3.03030303030303,52.52525252525253,16.47003161753499,2.119806088655809
4.040404040404041,52.52525252525253,9.77524383255587,0.5242548628194615
5.050505050505051,52.52525252525253,12.29609628683952,1.120301116582294
6.060606060606061,52.52525252525253,19.70506413901552,1.673246978766525
7.070707070707071,52.52525252525253,10.44378004707896,1.715655098054369
8.080808080808081,52.52525252525253,15.38615111570012,1.469278893863088
9.090909090909092,52.52525252525253,23.71173702952611,4.062012587021679
10.1010101010101,52.52525252525253,17.90857764971361,4.067122040980384
11.11111111111111,52.52525252525253,22.30085164938908,5.198188162758595
12.12121212121212,52.52525252525253,27.94538173222871,5.553454174134065
13.13131313131313,52.52525252525253,27.88338234053472,3.422298635083532
14.14141414141414,52.52525252525253,24.42383863471379,4.421316563064036
15.15151515151515,52.52525252525253,14.78046364398143,4.916818851841072
16.16161616161616,52.52525252525253,33.77124931778881,5.114531578312668
17.17171717171717,52.52525252525253,24.04996931419201,3.719694143765471
18.18181818181818,52.52525252525253,28.29235615956978,4.190766208423462
19.19191919191919,52.52525252525253,17.42325642134306,4.93191123926526
20.2020202020202,52.52525252525253,17.11942104469957,4.392594381281982
21.21212121212121,52.52525252525253,20.28971352021578,5.335196023264158
22.22222222222222,52.52525252525253,14.50051211417273,5.19327495950523
23.23232323232324,52.52525252525253,12.15107808252101,1.306926847794295
24.24242424242424,52.52525252525253,18.04515930647623,2.056475039553471
25.25252525252525,52.52525252525253,10.22313411868355,1.870370438222063
26.26262626262626,52.52525252525253,18.3605960820141,1.432211441257509
27.27272727272727,52.52525252525253,17.59064563310361,2.132334371691568
28.28282828282828,52.52525252525253,14.80929215142747,1.550380841805253
29.29292929292929,52.52525252525253,8.478371995641412,0.7711738649873077
30.3030303030303,52.52525252525253,8.815021826851252,0.03401638539534452
31.31313131313131,52.52525252525253,6.682946068528032,1.632989887461801
32.32323232323233,52.52525252525253,10.67544489538483,2.400315660966938
33.33333333333334,52.52525252525253,14.56103215524973,1.071928515136081
34.34343434343435,52.52525252525253,27.27135203881277,0.8477772423458427
35.35353535353536,52.52525252525253,18.48481169908106,1.137949600333632
36.36363636363637,52.52525252525253,13.50286727520837,1.684186457658251
37.37373737373738,52.52525252525253,13.03071892405723,2.194387000769074
38.38383838383839,52.52525252525253,9.301376130502621,1.270153549509333
39.3939393939394,52.52525252525253,12.85104679874749,2.039032833136964
40.40404040404041,52.52525252525253,27.69418702906904,4.380311986706001
41.41414141414142,52.52525252525253,30.17233131292354,4.045570120047631
42.42424242424243,52.52525252525253,37.13667358684734,4.667417763739689
43.43434343434344,52.52525252525253,23.5314890738711,4.331215106961923
44.44444444444445,52.52525252525253,21.09436858737571,5.087072250110579
45.45454545454546,52.52525252525253,18.56907331074262,4.66157843707865
46.46464646464647,52.52525252525253,29.83940400785034,5.091771469549041
47.47474747474748,52.52525252525253,21.41186245875,4.305965256102464
48.48484848484848,52.52525252525253,26.3182356275539,5.078346079824949
49.49494949494949,52.52525252525253,22.87213206407195,4.807674570561185
50.50505050505051,52.52525252525253,12.00486824873807,3.822748041821209
51.51515151515152,52.52525252525253,26.77840890224407,4.243948304464762
52.52525252525253,52.52525252525253,8.195090503755678,3.578376089000479
53.53535353535354,52.52525252525253,29.07923886280555,4.726386851636977
54.54545454545455,52.52525252525253,18.8970574270375,4.527279250304312
55.55555555555556,52.52525252525253,21.4146626859817,0.6479646153550265
56.56565656565657,52.52525252525253,13.55649584241948,2.162198971460375
57.57575757575758,52.52525252525253,20.3388217604552,1.032841773641367
58.58585858585859,52.52525252525253,12.79170317576451,1.566586688056781
59.5959595959596,52.52525252525253,15.91902473513378,1.240037827234543
60.60606060606061,52.52525252525253,14.00337555521352,1.237836428576091
61.61616161616162,52.52525252525253,15.5786628357948,1.393441177133142
62.62626262626263,52.52525252525253,13.47964107016721,1.357967768309551
63.63636363636364,52.52525252525253,10.87687055212075,1.413082670512188
64.64646464646465,52.52525252525253,15.04720901014424,1.787376188225975
65.65656565656566,52.52525252525253,18.00617427512282,2.124234716764758
66.66666666666667,52.52525252525253,13.04073517957136,1.535279179524704
67.67676767676768,52.52525252525253,14.24524917631619,2.035607400574568
68.68686868686869,52.52525252525253,5.093193993342026,1.452957631576083
69.6969696969697,52.52525252525253,13.93426373247566,1.237983148280587
70.70707070707071,52.52525252525253,17.39605215921348,1.808744865024147
71.71717171717172,52.52525252525253,31.11572483581549,3.910358896087673
72.72727272727273,52.52525252525253,23.44075739750973,3.824330881995397
73.73737373737374,52.52525252525253,12.73372488714632,4.213301043693473
74.74747474747475,52.52525252525253,15.876950760289,3.660777994212437
75.75757575757576,52.52525252525253,25.11777990771584,5.411903583827393
76.76767676767678,52.52525252525253,35.0325299051242,4.8696376066558
77.77777777777779,52.52525252525253,16.30638097217739,5.191325924970331
78.7878787878788,52.52525252525253,20.0911734449394,3.459934735856875
79.7979797979798,52.52525252525253,26.07432811560068,5.354492087481607
80.80808080808082,52.52525252525253,24.17063230670717,5.348293885220345
81.81818181818183,52.52525252525253,18.93038005425879,4.512994944662806
82.82828282828284,52.52525252525253,16.23223261452831,4.236780923667141
83.83838383838385,52.52525252525253,15.86362446181035,3.316405788022478
84.84848484848486,52.52525252525253,15.12925792151436,4.517747337379314
85.85858585858587,52.52525252525253,25.47521014353707,4.096339830228043
86.86868686868688,52.52525252525253,15.14482942083831,2.098068547487974
87.87878787878789,52.52525252525253,10.93772037214211,1.176872414731163
88.8888888888889,52.52525252525253,16.31274730131635,1.17796203387436
89.89898989898991,52.52525252525253,19.21638808438802,0.985606180125155
90.90909090909092,52.52525252525253,15.78568381367561,1.744655222008385
91.91919191919193,52.52525252525253,6.991120923802535,1.540626220819651
92.92929292929294,52.52525252525253,15.06450760449314,1.993914703340372
93.93939393939395,52.52525252525253,15.15424378805377,1.208025289373699
94.94949494949496,52.52525252525253,18.86628187503671,1.385726197440486
95.95959595959597,52.52525252525253,20.09915547453298,0.3446217114705931
96.96969696969697,52.52525252525253,14.60678874852644,1.472331423323141
97.97979797979798,52.52525252525253,8.312052184002651,1.053438446667704
98.98989898989899,52.52525252525253,12.79499979272047,0.9510159189712593
100.0,52.52525252525253,18.53833506494065,1.216024528072998
0.0,53.53535353535354,12.92413628678107,1.262709034833943
1.01010101010101,53.53535353535354,21.41686435161114,2.177357224021023
2.02020202020202,53.53535353535354,14.26540681561294,1.283871099786907
3.03030303030303,53.53535353535354,20.47538903237021,1.626270664094716
4.040404040404041,53.53535353535354,11.43841957346458,1.624351792257425
5.050505050505051,53.53535353535354,10.98964997010201,2.346101263317732
6.060606060606061,53.53535353535354,19.53125265284041,1.738515306147554
7.070707070707071,53.53535353535354,15.55529502598868,1.829175170613482
8.080808080808081,53.53535353535354,30.66545673239449,4.670619822419834
9.090909090909092,53.53535353535354,22.58233667957423,3.826002422637377
10.1010101010101,53.53535353535354,21.27089847047289,4.776901221521009
11.11111111111111,53.53535353535354,5.530611947474053,4.431417201406838
12.12121212121212,53.53535353535354,21.19003103164784,3.222230139028172
13.13131313131313,53.53535353535354,17.23554025412205,5.365403452988714
14.14141414141414,53.53535353535354,27.90994689096101,3.421442812325308
15.15151515151515,53.53535353535354,27.12414052269942,3.534970462769983
16.16161616161616,53.53535353535354,23.62354169303855,3.500423730521763
17.17171717171717,53.53535353535354,18.8998108363418,5.231624868844142
18.18181818181818,53.53535353535354,20.40616256663176,5.721570405558
19.19191919191919,53.53535353535354,9.859617846168314,3.671965128603836
20.2020202020202,53.53535353535354,11.83494235411581,5.265467681830596
21.21212121212121,53.53535353535354,22.83960589955834,5.74522862836836
22.22222222222222,53.53535353535354,30.90613607115628,4.800014227092881
23.23232323232324,53.53535353535354,28.4225170872543,5.127141682979844
24.24242424242424,53.53535353535354,13.65164053084254,3.061381620203384
25.25252525252525,53.53535353535354,12.84118609525554,1.577868818105131
26.26262626262626,53.53535353535354,8.121801366547146,1.028462743994463
27.27272727272727,53.53535353535354,10.56844660616184,1.432556341131285
28.28282828282828,53.53535353535354,14.51441076605685,1.081497101938143
29.29292929292929,53.53535353535354,15.62993341882442,1.805585061699241
30.3030303030303,53.53535353535354,15.27528826401696,1.649428734481218
31.31313131313131,53.53535353535354,16.15499396211958,1.501056574283451
32.32323232323233,53.53535353535354,12.03127133752713,1.700286204953438
33.33333333333334,53.53535353535354,10.76657031885414,1.618832053726756
34.34343434343435,53.53535353535354,21.33680472548033,1.950357399940348
35.35353535353536,53.53535353535354,9.930156841911549,1.837546364897862
36.36363636363637,53.53535353535354,14.60940639032444,2.370810053541993
37.37373737373738,53.53535353535354,23.73208718778553,1.369775147724685
38.38383838383839,53.53535353535354,16.0133829709822,1.369134520756869
39.3939393939394,53.53535353535354,24.883594821324,5.872660336985619
40.40404040404041,53.53535353535354,27.02362731796579,4.565910437413576
41.41414141414142,53.53535353535354,30.43051296508334,4.291401832711968
42.42424242424243,53.53535353535354,14.10368071786169,4.181927230924638
43.43434343434344,53.53535353535354,29.72498151458245,4.470411619977461
44.44444444444445,53.53535353535354,31.3483159322724,4.13008508393268
45.45454545454546,53.53535353535354,23.56365840112483,4.06206515270984
46.46464646464647,53.53535353535354,26.98542925975591,3.842225785879193
47.47474747474748,53.53535353535354,25.21151928156097,3.256876888269419
48.48484848484848,53.53535353535354,30.5234674463764,4.894240268359132
49.49494949494949,53.53535353535354,21.65366941344104,3.627531600978035
50.50505050505051,53.53535353535354,27.32672094217862,5.298046308447955
51.51515151515152,53.53535353535354,25.52432267959882,4.455000710977941
52.52525252525253,53.53535353535354,15.32712753226285,4.847515217814562
53.53535353535354,53.53535353535354,9.383189065668574,4.421469243504999
54.54545454545455,53.53535353535354,33.60696452411045,3.277344527642801
55.55555555555556,53.53535353535354,22.4979669053165,4.339099402848611
56.56565656565657,53.53535353535354,14.25844256422219,0.3676284221306558
57.57575757575758,53.53535353535354,16.98507558191214,0.8547747272650839
58.58585858585859,53.53535353535354,17.32340733181426,1.777142169619634
59.5959595959596,53.53535353535354,4.869875167333038,1.00339229843539
60.60606060606061,53.53535353535354,6.998429283453462,1.664826149644717
61.61616161616162,53.53535353535354,8.439663431627551,1.337112848864245
62.62626262626263,53.53535353535354,10.78576514549282,1.384144763627565
63.63636363636364,53.53535353535354,9.633554033117921,1.780174775107307
64.64646464646465,53.53535353535354,11.96647002400764,1.176000980272503
65.65656565656566,53.53535353535354,16.28105173943391,1.733195559209025
66.66666666666667,53.53535353535354,19.47030845768828,2.422842008238645
67.67676767676768,53.53535353535354,17.1400896206522,1.075128323947598
68.68686868686869,53.53535353535354,9.318626714361365,1.909665688410934
69.6969696969697,53.53535353535354,14.81450355703653,1.546412535978802
70.70707070707071,53.53535353535354,18.61504990353389,3.423435593588348
71.71717171717172,53.53535353535354,23.52394401085737,4.848411389210582
72.72727272727273,53.53535353535354,31.22776170301812,4.533249673291065
73.73737373737374,53.53535353535354,27.82376386468243,5.970722028470218
74.74747474747475,53.53535353535354,24.40952526215614,5.256488297918538
75.75757575757576,53.53535353535354,12.04370861791076,4.978778667701731
76.76767676767678,53.53535353535354,14.892741747164,4.933574039689825
77.77777777777779,53.53535353535354,34.65406569103828,4.444283334607514
78.7878787878788,53.53535353535354,24.94367885681104,5.150827374362437
79.7979797979798,53.53535353535354,28.22865617410296,4.546880046642105
80.80808080808082,53.53535353535354,20.32650585183649,4.402692071109828
81.81818181818183,53.53535353535354,28.71377849387507,5.173290540060644
82.82828282828284,53.53535353535354,34.57887458534302,4.952149322819724
83.83838383838385,53.53535353535354,24.15467783918869,3.721738502694515
84.84848484848486,53.53535353535354,34.65971520137646,4.994998701522785
85.85858585858587,53.53535353535354,14.49088814201725,4.444762867871756
86.86868686868688,53.53535353535354,18.32073636522131,3.969304421692142
87.87878787878789,53.53535353535354,19.11801965026119,2.368945869121144
88.8888888888889,53.53535353535354,13.73546842614143,1.712040970814211
89.89898989898991,53.53535353535354,14.6155639845454,1.492322983237251
90.90909090909092,53.53535353535354,11.57635446609131,1.780034930968606
91.91919191919193,53.53535353535354,5.609623828521508,1.138505703977736
92.92929292929294,53.53535353535354,19.48342148694992,1.470823701328296
93.93939393939395,53.53535353535354,18.95568220297989,2.185881483278441
94.94949494949496,53.53535353535354,15.9436325979264,0.9130046010558931
95.95959595959597,53.53535353535354,8.527560220394315,1.624782655358268
96.96969696969697,53.53535353535354,11.77337816219471,2.768164859904848
97.97979797979798,53.53535353535354,11.11564334537391,1.038662033014143
98.98989898989899,53.53535353535354,15.63583166790404,1.90863615795264
100.0,53.53535353535354,14.60425304273885,1.110672991859095
0.0,54.54545454545455,16.15383867555192,1.472014200329633
1.01010101010101,54.54545454545455,19.29102288944567,1.008539769273261
2.02020202020202,54.54545454545455,21.20521843539805,1.313883860097277
3.03030303030303,54.54545454545455,18.04160681579008,1.082559269178563
4.040404040404041,54.54545454545455,16.12027013664914,1.599276582776352
5.050505050505051,54.54545454545455,7.561731171891825,1.555166002900922
6.060606060606061,54.54545454545455,20.19028022757144,1.300327045915464
7.070707070707071,54.54545454545455,26.22016268614669,5.431384423035369
8.080808080808081,54.54545454545455,26.37840791035773,4.650238219834481
9.090909090909092,54.54545454545455,23.29403028250212,4.264402684695276
10.1010101010101,54.54545454545455,28.51113320154542,3.938832184564069
11.11111111111111,54.54545454545455,10.84279271372759,4.991147257708626
12.12121212121212,54.54545454545455,19.47290742560941,4.029854784689458
13.13131313131313,54.54545454545455,25.00626406840299,5.130178454428052
14.14141414141414,54.54545454545455,28.23730943076148,4.238452211836764
15.15151515151515,54.54545454545455,38.13901198299946,4.756774265768412
16.16161616161616,54.54545454545455,29.08670990221677,4.211624587660307
17.17171717171717,54.54545454545455,7.378986500940304,5.023228154712451
18.18181818181818,54.54545454545455,32.65475945751281,3.852058934539902
19.19191919191919,54.54545454545455,26.08886904642427,4.67883502491178
20.2020202020202,54.54545454545455,25.19857554212834,3.908737755005887
21.21212121212121,54.54545454545455,16.39346979465517,4.291279348238342
22.22222222222222,54.54545454545455,14.98593672123235,3.553555617004652
23.23232323232324,54.54545454545455,18.6562881671002,4.153754648823048
24.24242424242424,54.54545454545455,19.52296328721821,4.331523179515072
25.25252525252525,54.54545454545455,15.5727474983737,1.507690363600854
26.26262626262626,54.54545454545455,13.66369163923135,1.655203619890403
27.27272727272727,54.54545454545455,19.12813487714443,1.157990198498914
28.28282828282828,54.54545454545455,2.967112238256353,0.8646488194349835
29.29292929292929,54.54545454545455,26.55712763578194,1.288467312946362
30.3030303030303,54.54545454545455,11.77452369220836,1.711836080685691
31.31313131313131,54.54545454545455,18.69297737259916,1.782502975518567
32.32323232323233,54.54545454545455,10.21092870452968,1.21057848127713
33.33333333333334,54.54545454545455,20.53324355302835,1.317078702894519
34.34343434343435,54.54545454545455,9.445746982449238,1.890782216023764
35.35353535353536,54.54545454545455,14.86156960631711,1.931763378225916
36.36363636363637,54.54545454545455,13.07407732165785,0.9102183829966094
37.37373737373738,54.54545454545455,15.77283562938548,0.4978453237487478
38.38383838383839,54.54545454545455,23.49548081767087,3.327763206801979
39.3939393939394,54.54545454545455,28.09153597215305,4.293730658067992
40.40404040404041,54.54545454545455,31.55630524771367,4.066784327626489
41.41414141414142,54.54545454545455,18.26850611161589,4.218003229855666
42.42424242424243,54.54545454545455,31.21792971452813,4.360295544757541
43.43434343434344,54.54545454545455,26.76029337107614,4.016848349922824
44.44444444444445,54.54545454545455,29.31361162531556,4.42899942998219
45.45454545454546,54.54545454545455,20.06327149660994,4.061454796894926
46.46464646464647,54.54545454545455,26.32385869666869,3.702449049102853
47.47474747474748,54.54545454545455,16.57767850316847,5.495845730836806
48.48484848484848,54.54545454545455,27.40176250586889,4.13912393868022
49.49494949494949,54.54545454545455,22.32659919060434,4.819480697544389
50.50505050505051,54.54545454545455,30.40065453310787,4.489168391092955
51.51515151515152,54.54545454545455,8.199177775786078,4.454679092266313
52.52525252525253,54.54545454545455,26.69043848776471,4.714303098949138
53.53535353535354,54.54545454545455,21.43096211868045,6.126527123605183
54.54545454545455,54.54545454545455,13.11044551217123,5.727362813179805
55.55555555555556,54.54545454545455,24.16906344463738,5.122438842812736
56.56565656565657,54.54545454545455,23.55850978736464,4.161954650421012
57.57575757575758,54.54545454545455,19.88426268933701,1.872314509610662
58.58585858585859,54.54545454545455,11.10302310141553,0.3020383849017442
59.5959595959596,54.54545454545455,13.81953101429543,1.717525171172898
60.60606060606061,54.54545454545455,11.63837890373701,2.399648769997822
61.61616161616162,54.54545454545455,17.12980980187523,1.818708486468338
62.62626262626263,54.54545454545455,16.57941943606105,1.651635588865093
63.63636363636364,54.54545454545455,12.93499726515791,1.794063605734599
64.64646464646465,54.54545454545455,6.303186861009761,1.960511698727821
65.65656565656566,54.54545454545455,5.758272174673966,1.315530728187463
66.66666666666667,54.54545454545455,17.15532440432044,2.073004347738426
67.67676767676768,54.54545454545455,15.20726183676065,1.967469603374565
68.68686868686869,54.54545454545455,21.02459114695296,1.943125240898741
69.6969696969697,54.54545454545455,26.13148419143103,5.47263071704983
70.70707070707071,54.54545454545455,3.741925031603854,4.790493418926681
71.71717171717172,54.54545454545455,25.75557922930129,4.008809536203786
72.72727272727273,54.54545454545455,12.91988044908973,4.343328037020123
73.73737373737374,54.54545454545455,16.32113838729506,5.062063638252913
74.74747474747475,54.54545454545455,29.78759975638676,3.055888288444848
75.75757575757576,54.54545454545455,31.89816098660079,5.36174790102941
76.76767676767678,54.54545454545455,12.93932443881394,3.589755070212787
77.77777777777779,54.54545454545455,24.63388587599409,4.079572631832892
78.7878787878788,54.54545454545455,30.74208441448825,4.562610698174089
79.7979797979798,54.54545454545455,23.75545592153985,4.316102082659691
80.80808080808082,54.54545454545455,29.87599745465587,4.631824664406278
81.81818181818183,54.54545454545455,14.57843992113338,4.891232345962005
82.82828282828284,54.54545454545455,22.52975356264479,4.287940695838333
83.83838383838385,54.54545454545455,20.6262813503558,4.584018367907483
84.84848484848486,54.54545454545455,26.58911562829222,4.647529942361642
85.85858585858587,54.54545454545455,27.98668328125231,4.819669588260203
86.86868686868688,54.54545454545455,6.710015324586425,2.779172868974338
87.87878787878789,54.54545454545455,19.53459870254969,4.608276530488047
88.8888888888889,54.54545454545455,12.23761300533687,1.857981973285842
89.89898989898991,54.54545454545455,21.15113783626211,1.364251965914063
90.90909090909092,54.54545454545455,16.05146979870208,0.9388337970340354
91.91919191919193,54.54545454545455,24.30868157709458,1.149315457387585
92.92929292929294,54.54545454545455,24.98980061535309,2.228411682743385
93.93939393939395,54.54545454545455,18.42227839173814,3.082833642118915
94.94949494949496,54.54545454545455,16.15011286298749,1.657631002876754
95.95959595959597,54.54545454545455,13.80869779122547,1.043419062006551
96.96969696969697,54.54545454545455,14.48614786597055,1.006725275220619
97.97979797979798,54.54545454545455,20.99346700227715,0.9736749435433221
98.98989898989899,54.54545454545455,7.277367295289423,1.526685670799049
100.0,54.54545454545455,17.78036492413949,1.919585944765428
0.0,55.55555555555556,10.22630750905879,0.6560560172844494
1.01010101010101,55.55555555555556,14.40335685212761,1.518299052374588
2.02020202020202,55.55555555555556,17.38776038122471,1.689240681619109
3.03030303030303,55.55555555555556,6.662827745391247,2.103545035344357
4.040404040404041,55.55555555555556,12.03303716052853,0.7678132635404765
5.050505050505051,55.55555555555556,13.59968182622558,0.9686802233766926
6.060606060606061,55.55555555555556,31.8895284907489,3.865023965768223
7.070707070707071,55.55555555555556,10.73013079021211,4.853073377218854
8.080808080808081,55.55555555555556,26.48240885178669,4.943518686810777
9.090909090909092,55.55555555555556,19.80415744818467,3.963984811038826
10.1010101010101,55.55555555555556,27.70020005074328,4.97883840354049
11.11111111111111,55.55555555555556,19.79310896374939,4.658249587719529
12.12121212121212,55.55555555555556,9.184518271547628,4.326630244423804
13.13131313131313,55.55555555555556,15.07868937286655,4.037122193395453
14.14141414141414,55.55555555555556,21.19884515480863,4.011778911942012
15.15151515151515,55.55555555555556,23.22568187156584,4.267459987823167
16.16161616161616,55.55555555555556,23.4443127739783,3.98871506277996
17.17171717171717,55.55555555555556,18.65129808587316,4.034905912560051
18.18181818181818,55.55555555555556,29.88587023925485,5.18574010451625
19.19191919191919,55.55555555555556,31.38000203668145,4.659685085453428
20.2020202020202,55.55555555555556,22.14641655231766,4.996419896139616
21.21212121212121,55.55555555555556,18.53175318343654,4.844647956083448
22.22222222222222,55.55555555555556,35.77151132406598,4.668958668090214
23.23232323232324,55.55555555555556,34.09404062428803,4.16906599546128
24.24242424242424,55.55555555555556,14.91806633316717,4.338455323561794
25.25252525252525,55.55555555555556,19.06761907304691,4.391542582130437
26.26262626262626,55.55555555555556,28.34061277036148,3.893034039059457
27.27272727272727,55.55555555555556,11.08219060714064,1.631307338969239
28.28282828282828,55.55555555555556,5.263525841043625,1.738444272515781
29.29292929292929,55.55555555555556,9.30032515181907,2.071092553591396
30.3030303030303,55.55555555555556,15.53596867673359,1.598757983318349
31.31313131313131,55.55555555555556,9.388306100167746,1.537086013728916
32.32323232323233,55.55555555555556,17.95580106581303,1.770065893921142
33.33333333333334,55.55555555555556,17.63671983657461,0.9485451894940516
34.34343434343435,55.55555555555556,12.6761763981776,1.303253985427239
35.35353535353536,55.55555555555556,18.12614529683326,1.2861435874684
36.36363636363637,55.55555555555556,13.27469221199266,1.019072273296833
37.37373737373738,55.55555555555556,25.84921524283635,3.888509324959366
38.38383838383839,55.55555555555556,15.77677383513482,4.51273158570396
39.3939393939394,55.55555555555556,26.77251004682007,3.755694744022876
40.40404040404041,55.55555555555556,27.63857677745874,2.760043002807825
41.41414141414142,55.55555555555556,23.1232798370703,4.955901783476527
42.42424242424243,55.55555555555556,19.80138814100119,4.292766756230748
43.43434343434344,55.55555555555556,21.50172847818168,4.542254807496579
44.44444444444445,55.55555555555556,30.85457272488744,4.942178511407438
45.45454545454546,55.55555555555556,10.84857619115311,5.494162061616299
46.46464646464647,55.55555555555556,20.89506813700475,4.645444280165873
47.47474747474748,55.55555555555556,22.92370574680337,5.409005803262052
48.48484848484848,55.55555555555556,25.0594188418803,3.373462819647593
49.49494949494949,55.55555555555556,25.75396136695451,3.436379112339797
50.50505050505051,55.55555555555556,22.293612412867,5.154748682663167
51.51515151515152,55.55555555555556,27.96198091427076,3.804665293547333
52.52525252525253,55.55555555555556,28.53106388751568,5.471986773209038
53.53535353535354,55.55555555555556,24.2191841202804,4.627564694082732
54.54545454545455,55.55555555555556,21.77126952823367,5.205154442680114
55.55555555555556,55.55555555555556,24.69836121175778,4.631503335779578
56.56565656565657,55.55555555555556,27.16031050024436,4.119011721238836
57.57575757575758,55.55555555555556,12.78308462976137,4.105515773142931
58.58585858585859,55.55555555555556,15.15839501289378,0.9577591428265313
59.5959595959596,55.55555555555556,16.34369852369084,1.627253722869822
60.60606060606061,55.55555555555556,10.66787614788855,1.376224007286421
61.61616161616162,55.55555555555556,11.65364139495711,0.9751310284570766
62.62626262626263,55.55555555555556,15.03732290601749,1.257517257911302
63.63636363636364,55.55555555555556,13.903627806128,1.562509234249059
64.64646464646465,55.55555555555556,12.63526342734885,2.005327191200112
65.65656565656566,55.55555555555556,6.801645325208364,1.794612044603648
66.66666666666667,55.55555555555556,13.33097718078888,1.612102052067505
67.67676767676768,55.55555555555556,19.70831597367211,2.759441385836287
68.68686868686869,55.55555555555556,27.06558454410411,5.441102622604046
69.6969696969697,55.55555555555556,20.42494954997777,4.800301527117153
70.70707070707071,55.55555555555556,32.90537089617703,5.320864691673036
71.71717171717172,55.55555555555556,22.50962242790857,4.054413258476764
72.72727272727273,55.55555555555556,25.88534896016876,4.447125044716651
73.73737373737374,55.55555555555556,13.89347777007033,4.555087720001439
74.74747474747475,55.55555555555556,15.7443228861524,5.457817732296893
75.75757575757576,55.55555555555556,23.31691564438387,3.689850382363874
76.76767676767678,55.55555555555556,33.87222250354419,4.603946829715484
77.77777777777779,55.55555555555556,36.03219234129674,5.270214396292073
78.7878787878788,55.55555555555556,14.6054549902234,5.525669584536722
79.7979797979798,55.55555555555556,26.73767521544882,4.080698304941367
80.80808080808082,55.55555555555556,20.78828130227533,3.910439653062517
81.81818181818183,55.55555555555556,16.86536031642118,5.234592715204105
82.82828282828284,55.55555555555556,14.55574835617929,4.063547679297044
83.83838383838385,55.55555555555556,31.59096642800586,3.35169110469276
84.84848484848486,55.55555555555556,27.31877299535739,4.621753517447501
85.85858585858587,55.55555555555556,23.33577010021411,3.58772610563703
86.86868686868688,55.55555555555556,29.88835911403064,5.437220058532345
87.87878787878789,55.55555555555556,3.423901928455241,4.905414994269347
88.8888888888889,55.55555555555556,18.31837884474542,3.571822130513999
89.89898989898991,55.55555555555556,9.078997567221009,2.271627367976699
90.90909090909092,55.55555555555556,12.88948647694718,1.550084627330241
91.91919191919193,55.55555555555556,4.253102515045621,2.079808183431001
92.92929292929294,55.55555555555556,13.78757676121417,1.864003002905089
93.93939393939395,55.55555555555556,13.51965968919482,0.9220854420594896
94.94949494949496,55.55555555555556,16.97170237475206,1.284580686390709
95.95959595959597,55.55555555555556,11.14229669769207,2.341645553098474
96.96969696969697,55.55555555555556,9.873857880597965,1.306404306659894
97.97979797979798,55.55555555555556,20.8697627057138,1.606488146877337
98.98989898989899,55.55555555555556,20.34194059129846,1.790793491402274
100.0,55.55555555555556,18.92796740610807,6.0381369780282
0.0,56.56565656565657,20.91608689455885,2.100945064661949
1.01010101010101,56.56565656565657,6.924565848415988,1.68739344837638
2.02020202020202,56.56565656565657,10.35783624996927,2.021219849207945
3.03030303030303,56.56565656565657,16.61248858769615,1.302935493683012
4.040404040404041,56.56565656565657,22.43035080039346,3.40869826253167
5.050505050505051,56.56565656565657,24.33695577476917,4.214106908491179
6.060606060606061,56.56565656565657,9.90116221138665,4.072898585366126
7.070707070707071,56.56565656565657,10.10783422421054,4.082546601947747
8.080808080808081,56.56565656565657,21.44362659520428,4.990372157227295
9.090909090909092,56.56565656565657,35.42954836808589,5.157682819763644
10.1010101010101,56.56565656565657,24.54239109933339,5.460575010521156
11.11111111111111,56.56565656565657,17.63115488617998,4.317417445232342
12.12121212121212,56.56565656565657,24.13177813108686,5.374927246344654
13.13131313131313,56.56565656565657,20.84216414207807,5.922097755475603
14.14141414141414,56.56565656565657,14.27571565648594,4.117189689482601
15.15151515151515,56.56565656565657,21.89090851180498,3.973626320403545
16.16161616161616,56.56565656565657,21.66119129743724,3.958508444505984
17.17171717171717,56.56565656565657,27.0579166147078,4.376925306514458
18.18181818181818,56.56565656565657,24.00815616997308,4.732944816520763
19.19191919191919,56.56565656565657,25.40245874174288,5.360117076148958
20.2020202020202,56.56565656565657,33.69035103519101,4.464960256851291
21.21212121212121,56.56565656565657,14.69058097288894,4.173866541692037
22.22222222222222,56.56565656565657,22.84867141711469,3.772417701527309
23.23232323232324,56.56565656565657,21.20884869662063,4.755383450682411
24.24242424242424,56.56565656565657,23.09336582309286,4.739341865966517
25.25252525252525,56.56565656565657,30.98162566780839,5.512195624589259
26.26262626262626,56.56565656565657,16.75369627773857,4.669358375551677
27.27272727272727,56.56565656565657,6.107666360848336,3.891785192662325
28.28282828282828,56.56565656565657,12.552338325618,1.053981441843248
29.29292929292929,56.56565656565657,21.9201767214199,2.357471951098907
30.3030303030303,56.56565656565657,8.070199352852407,0.5794490894402958
31.31313131313131,56.56565656565657,17.51959252787426,1.037172838541177
32.32323232323233,56.56565656565657,20.00247855087875,1.505192647230797
33.33333333333334,56.56565656565657,17.13693079736504,1.268580702238696
34.34343434343435,56.56565656565657,20.1396830681858,1.15020832684996
35.35353535353536,56.56565656565657,15.10814296104915,4.645539351873504
36.36363636363637,56.56565656565657,11.38437550043346,3.732982445282587
37.37373737373738,56.56565656565657,3.722604657971385,5.085951693594108
38.38383838383839,56.56565656565657,20.70581642886017,4.714765349258745
39.3939393939394,56.56565656565657,24.67517483399741,4.391757459127739
40.40404040404041,56.56565656565657,30.00376699735028,4.85693747806362
41.41414141414142,56.56565656565657,19.82114850835575,5.031920775207367
42.42424242424243,56.56565656565657,27.80703189490989,5.123231623851722
43.43434343434344,56.56565656565657,20.84347756459874,3.646216453768352
44.44444444444445,56.56565656565657,13.64870710448488,4.284963635671961
45.45454545454546,56.56565656565657,11.89678713881344,4.213328792952468
46.46464646464647,56.56565656565657,17.91864327060721,4.926431518694374
47.47474747474748,56.56565656565657,29.96323334634063,5.18685161242774
48.48484848484848,56.56565656565657,14.63303336773016,3.782432366727491
49.49494949494949,56.56565656565657,20.27193125067188,3.747882974271555
50.50505050505051,56.56565656565657,16.79143206838584,4.751508090087136
51.51515151515152,56.56565656565657,20.01024493858919,5.398858172042721
52.52525252525253,56.56565656565657,23.1659176796503,4.846272473086782
53.53535353535354,56.56565656565657,28.68401120012793,4.248687351541907
54.54545454545455,56.56565656565657,15.82224533154742,5.171106864845377
55.55555555555556,56.56565656565657,26.65802773975495,3.399950638878771
56.56565656565657,56.56565656565657,20.77501762082671,4.681268825521976
57.57575757575758,56.56565656565657,23.07255485133183,4.869635278145424
58.58585858585859,56.56565656565657,10.91458508656633,4.258615321871995
59.5959595959596,56.56565656565657,21.75566931235952,1.940916220728528
60.60606060606061,56.56565656565657,12.82884782911702,2.062164290557921
61.61616161616162,56.56565656565657,24.54192387468371,2.147958839739565
62.62626262626263,56.56565656565657,21.63495686325178,1.425807146932967
63.63636363636364,56.56565656565657,19.11418552114926,1.858976015707936
64.64646464646465,56.56565656565657,14.2822142938332,1.009892263455582
65.65656565656566,56.56565656565657,29.61934193947843,1.292982007592147
66.66666666666667,56.56565656565657,3.555323116642988,0.5995866751108975
67.67676767676768,56.56565656565657,17.57036120935129,5.366083798035142
68.68686868686869,56.56565656565657,27.75994146763101,5.317486733249506
69.6969696969697,56.56565656565657,23.49388278105796,4.052071040650427
70.70707070707071,56.56565656565657,27.74794538595197,4.957532844041405
71.71717171717172,56.56565656565657,31.7653200545403,3.260755818154009
72.72727272727273,56.56565656565657,25.7484603589157,5.069336048429241
73.73737373737374,56.56565656565657,4.993022690892127,4.731025739937938
74.74747474747475,56.56565656565657,18.68545635529416,5.035447079580475
75.75757575757576,56.56565656565657,31.05073397597698,4.549017820044065
76.76767676767678,56.56565656565657,23.72393533741142,3.116990378479157
77.77777777777779,56.56565656565657,28.0151819059766,5.303974514462595
78.7878787878788,56.56565656565657,19.48339502799157,5.207419858669458
79.7979797979798,56.56565656565657,20.08962891373708,5.316276829685278
80.80808080808082,56.56565656565657,34.52391972211171,4.573667367142378
81.81818181818183,56.56565656565657,26.10777180671291,3.484661307705013
82.82828282828284,56.56565656565657,8.064368713069657,3.64969926342853
83.83838383838385,56.56565656565657,22.74945057956819,4.202975164912875
84.84848484848486,56.56565656565657,18.14394366778752,4.415170360253232
85.85858585858587,56.56565656565657,26.25585642014066,4.878989517626741
86.86868686868688,56.56565656565657,33.12074484129351,5.196783343406846
87.87878787878789,56.56565656565657,16.29124913066041,3.603197451079175
88.8888888888889,56.56565656565657,33.55661703716785,4.93463365502624
89.89898989898991,56.56565656565657,17.24357803381885,3.854588620847589
90.90909090909092,56.56565656565657,13.14451098689768,1.41585984040976
91.91919191919193,56.56565656565657,2.276160503340402,1.761686838974938
92.92929292929294,56.56565656565657,17.04701854273085,1.376986935620791
93.93939393939395,56.56565656565657,7.514797309689204,1.289899479135172
94.94949494949496,56.56565656565657,12.27902069142809,2.087734146853372
95.95959595959597,56.56565656565657,13.46348261400479,1.809997578936497
96.96969696969697,56.56565656565657,8.023687502060904,2.039051867519122
97.97979797979798,56.56565656565657,7.129958392324892,1.264671882683293
98.98989898989899,56.56565656565657,20.96169533432433,4.750211976258996
100.0,56.56565656565657,31.97303190960135,3.677218232073526
0.0,57.57575757575758,9.752755109954252,1.182124186829421
1.01010101010101,57.57575757575758,16.49617297548854,1.766203040096472
2.02020202020202,57.57575757575758,6.092482398515255,1.144007759492186
3.03030303030303,57.57575757575758,24.85937928457487,4.816841482629754
4.040404040404041,57.57575757575758,27.62278093550457,4.70729511863502
5.050505050505051,57.57575757575758,15.4758372419931,4.276215543687904
6.060606060606061,57.57575757575758,26.18850363541753,4.436776617076578
7.070707070707071,57.57575757575758,21.26524109295757,5.264661304044325
8.080808080808081,57.57575757575758,25.45941706486442,5.702501480133404
9.090909090909092,57.57575757575758,32.61063299055755,3.722778206978101
10.1010101010101,57.57575757575758,38.67492137493011,3.520596615164242
11.11111111111111,57.57575757575758,11.71069686672265,4.514937119868789
12.12121212121212,57.57575757575758,29.20615839169196,5.332756579706018
13.13131313131313,57.57575757575758,31.24451953700919,3.998284583018458
14.14141414141414,57.57575757575758,32.86282781425601,4.588883042418277
15.15151515151515,57.57575757575758,35.79180716885345,4.515057293402653
16.16161616161616,57.57575757575758,30.53202118618123,4.319064289898508
17.17171717171717,57.57575757575758,28.39400140564378,4.55250322829119
18.18181818181818,57.57575757575758,18.6669161261366,4.240337659233363
19.19191919191919,57.57575757575758,35.56277233728607,5.16709807863503
20.2020202020202,57.57575757575758,13.54153977202371,4.301972687123531
21.21212121212121,57.57575757575758,10.71534864904923,4.446397301403977
22.22222222222222,57.57575757575758,31.21850899156403,5.223837470593693
23.23232323232324,57.57575757575758,27.78580213442998,4.035855928521545
24.24242424242424,57.57575757575758,17.48820474955305,4.276298053814577
25.25252525252525,57.57575757575758,25.9131791474017,5.111210819014266
26.26262626262626,57.57575757575758,15.82913964955608,5.305582939457961
27.27272727272727,57.57575757575758,11.37249303446442,3.442179160139881
28.28282828282828,57.57575757575758,16.38830067075286,4.050140261872732
29.29292929292929,57.57575757575758,14.5336542024505,2.23407224807037
30.3030303030303,57.57575757575758,20.42774932181608,1.756499398478541
31.31313131313131,57.57575757575758,15.88656991064052,1.103594476584157
32.32323232323233,57.57575757575758,13.68672446347814,1.74639091388273
33.33333333333334,57.57575757575758,11.23823597952655,1.918899782335133
34.34343434343435,57.57575757575758,27.77837556219893,3.886494132089995
35.35353535353536,57.57575757575758,34.35821782834468,5.174165462266755
36.36363636363637,57.57575757575758,21.27387273694158,4.676168650295069
37.37373737373738,57.57575757575758,7.079294006015795,4.288299892341869
38.38383838383839,57.57575757575758,26.44498022910647,5.187550915314461
39.3939393939394,57.57575757575758,24.70440370478102,4.052919842908087
40.40404040404041,57.57575757575758,22.11404251932319,4.236258308024639
41.41414141414142,57.57575757575758,16.85198590931533,4.472800471813866
42.42424242424243,57.57575757575758,8.104486976252804,3.391678991223713
43.43434343434344,57.57575757575758,19.97575941370698,5.036703227527104
44.44444444444445,57.57575757575758,24.87463005704047,5.002418282796872
45.45454545454546,57.57575757575758,31.56226553841202,4.929520502980212
46.46464646464647,57.57575757575758,35.65256975226487,5.437136103813191
47.47474747474748,57.57575757575758,13.70713241892286,4.622854794219651
48.48484848484848,57.57575757575758,22.19292504018229,3.898182436097864
49.49494949494949,57.57575757575758,27.6790525103236,5.919291664394354
50.50505050505051,57.57575757575758,26.16183343586592,4.693620612000202
51.51515151515152,57.57575757575758,8.958462391563444,4.964528207665144
52.52525252525253,57.57575757575758,31.19679784415483,4.337502614135134
53.53535353535354,57.57575757575758,14.62394122083704,3.850440931470398
54.54545454545455,57.57575757575758,24.13377540740351,4.093132414055066
55.55555555555556,57.57575757575758,27.37428909194815,4.463480497532637
56.56565656565657,57.57575757575758,16.93912602553216,3.536597189979807
57.57575757575758,57.57575757575758,16.62227683636567,3.989183955453715
58.58585858585859,57.57575757575758,24.2379680836168,5.272477783431365
59.5959595959596,57.57575757575758,27.06206356953437,5.236681750401587
60.60606060606061,57.57575757575758,10.23273266146247,1.406582402121982
61.61616161616162,57.57575757575758,10.52309459129674,1.84042721816948
62.62626262626263,57.57575757575758,15.8741268372808,1.402091286616433
63.63636363636364,57.57575757575758,22.5983824794451,1.276787128127341
64.64646464646465,57.57575757575758,12.86887966547093,1.124222571787893
65.65656565656566,57.57575757575758,23.64566416428363,3.869845423916833
66.66666666666667,57.57575757575758,29.25733969547327,4.921298426517108
67.67676767676768,57.57575757575758,7.286128690889003,5.255108788645838
68.68686868686869,57.57575757575758,30.22151501597815,5.221079118220885
69.6969696969697,57.57575757575758,33.84808339866018,3.178766291901489
70.70707070707071,57.57575757575758,23.10480265773295,4.82480905604114
71.71717171717172,57.57575757575758,27.12810108224922,4.749232950643146
72.72727272727273,57.57575757575758,16.7906780153665,4.196495598710016
73.73737373737374,57.57575757575758,35.34638776704299,2.223272747564619
74.74747474747475,57.57575757575758,20.37595159370072,3.736559074334814
75.75757575757576,57.57575757575758,17.3125816204567,4.198594140777774
76.76767676767678,57.57575757575758,25.21207040563116,3.872139020013095
77.77777777777779,57.57575757575758,40.29022243123732,3.775023384810361
78.7878787878788,57.57575757575758,17.1173098027524,4.472726371941494
79.7979797979798,57.57575757575758,23.99813376537169,5.321119824369307
80.80808080808082,57.57575757575758,13.48872958966346,3.942991872628021
81.81818181818183,57.57575757575758,28.904550535642,5.149231323081554
82.82828282828284,57.57575757575758,20.002057218654,5.30307920291236
83.83838383838385,57.57575757575758,33.26274590674443,4.202099563117468
84.84848484848486,57.57575757575758,34.93767625000525,5.427356216352463
85.85858585858587,57.57575757575758,32.95786167474924,4.667814590937928
86.86868686868688,57.57575757575758,25.59354184676655,3.595033018028528
87.87878787878789,57.57575757575758,18.42873008451236,4.073043009782882
88.8888888888889,57.57575757575758,16.41893292339725,4.404280996457924
89.89898989898991,57.57575757575758,30.82138300468401,5.159761494367459
90.90909090909092,57.57575757575758,13.11147798595547,4.798817564930815
91.91919191919193,57.57575757575758,22.54209432723116,4.26784676351236
92.92929292929294,57.57575757575758,20.98026376729297,2.402847943034308
93.93939393939395,57.57575757575758,9.32830631084692,0.8387400282004809
94.94949494949496,57.57575757575758,11.7124533569665,2.649159849737899
95.95959595959597,57.57575757575758,10.21367868588738,2.443481595504885
96.96969696969697,57.57575757575758,27.86906978004387,4.300604305085824
97.97979797979798,57.57575757575758,23.11394811714336,3.986929770000202
98.98989898989899,57.57575757575758,13.94936119778448,4.99331200930536
100.0,57.57575757575758,29.99605896378727,5.156604196454671
0.0,58.58585858585859,20.40038254503852,5.490738360326941
1.01010101010101,58.58585858585859,1.640167668312109,4.210831039414045
2.02020202020202,58.58585858585859,22.38340915746722,2.98953212586631
3.03030303030303,58.58585858585859,17.64867152209056,4.52138247098584
4.040404040404041,58.58585858585859,13.40180765416903,4.713782334338467
5.050505050505051,58.58585858585859,11.94281840634021,5.650232919423717
6.060606060606061,58.58585858585859,11.79073359261702,2.676195366022699
7.070707070707071,58.58585858585859,27.01536398151698,3.883253523897248
8.080808080808081,58.58585858585859,20.68070712338982,5.737522269712418
9.090909090909092,58.58585858585859,33.72215838037931,4.596850312147307
10.1010101010101,58.58585858585859,16.44908360376031,4.708670834072985
11.11111111111111,58.58585858585859,32.68425753882966,3.689031689766343
12.12121212121212,58.58585858585859,24.9821457593367,4.158092116886675
13.13131313131313,58.58585858585859,16.48494425655626,4.080054610488304
14.14141414141414,58.58585858585859,19.04560152403045,4.76329653438658
15.15151515151515,58.58585858585859,22.47267976127818,4.521731098802092
16.16161616161616,58.58585858585859,27.97583852478727,4.893163673126322
17.17171717171717,58.58585858585859,12.01208247744305,5.709203452340752
18.18181818181818,58.58585858585859,33.62459133759617,4.634642486436961
19.19191919191919,58.58585858585859,11.10808268629631,6.075360211684255
20.2020202020202,58.58585858585859,14.01078261285726,3.987918414844267
21.21212121212121,58.58585858585859,23.54994561254191,5.234739333086209
22.22222222222222,58.58585858585859,17.81532470846849,2.917536557772608
23.23232323232324,58.58585858585859,28.44349739508257,6.737608979220527
24.24242424242424,58.58585858585859,20.83251344440328,5.57397629640212
25.25252525252525,58.58585858585859,14.1250339693552,4.784365845660068
26.26262626262626,58.58585858585859,23.62792343921029,4.714500163261541
27.27272727272727,58.58585858585859,19.76201674831557,3.647427299799766
28.28282828282828,58.58585858585859,23.69424705454366,3.546594607629487
29.29292929292929,58.58585858585859,26.46745925396559,4.464847304351022
30.3030303030303,58.58585858585859,2.860080701603394,4.820268767351945
31.31313131313131,58.58585858585859,23.54413364596013,3.809290885493541
32.32323232323233,58.58585858585859,21.01288461091322,5.626376176312439
33.33333333333334,58.58585858585859,14.59629977201929,3.618639068419428
34.34343434343435,58.58585858585859,19.93267627948669,5.948099596408749
35.35353535353536,58.58585858585859,18.67420736665835,5.099675296127202
36.36363636363637,58.58585858585859,21.69953444192605,4.540105916390692
37.37373737373738,58.58585858585859,30.25770987086806,4.564136706982874
38.38383838383839,58.58585858585859,21.32449540355408,3.615435570122324
39.3939393939394,58.58585858585859,31.26394267546407,4.312048765540925
40.40404040404041,58.58585858585859,43.41402957452721,5.244788827787093
41.41414141414142,58.58585858585859,15.46269096270307,5.253622136187366
42.42424242424243,58.58585858585859,14.233685309404,5.834566045333133
43.43434343434344,58.58585858585859,27.26155203184153,3.982071962521235
44.44444444444445,58.58585858585859,24.31119589678214,4.83711403117981
45.45454545454546,58.58585858585859,8.922518445027688,3.737599454581416
46.46464646464647,58.58585858585859,22.64333122699878,4.464507570125916
47.47474747474748,58.58585858585859,15.34218965088352,4.26428828344988
48.48484848484848,58.58585858585859,31.72772359706956,4.084267961742702
49.49494949494949,58.58585858585859,26.79279544020393,4.526111303164713
50.50505050505051,58.58585858585859,23.3548927126264,4.038022836441368
51.51515151515152,58.58585858585859,28.24645184616919,3.064467256131656
52.52525252525253,58.58585858585859,17.6075715067767,3.688182651087091
53.53535353535354,58.58585858585859,22.59072835975846,4.569731741209344
54.54545454545455,58.58585858585859,29.33897158355421,3.801749625588117
55.55555555555556,58.58585858585859,24.12667555945659,4.27545366579662
56.56565656565657,58.58585858585859,15.82967473657391,2.904278816515988
57.57575757575758,58.58585858585859,34.93330651600687,4.229706765071839
58.58585858585859,58.58585858585859,25.50649974191057,4.529854993654159
59.5959595959596,58.58585858585859,26.77634538426047,4.649774223159747
60.60606060606061,58.58585858585859,31.17737938888895,4.383672195428554
61.61616161616162,58.58585858585859,25.07660257372631,3.760289828308667
62.62626262626263,58.58585858585859,23.2393875464258,6.026561839911919
63.63636363636364,58.58585858585859,30.31180300480539,4.842781924050993
64.64646464646465,58.58585858585859,25.41146013323735,3.720893861150718
65.65656565656566,58.58585858585859,23.74874406699965,4.557853208656189
66.66666666666667,58.58585858585859,26.72725566607884,5.516830811951968
67.67676767676768,58.58585858585859,11.77093643128105,5.308392108567681
68.68686868686869,58.58585858585859,22.27276055236862,5.00553389616945
69.6969696969697,58.58585858585859,17.93992077791288,4.689416319081023
70.70707070707071,58.58585858585859,33.00637552753219,4.229777385847211
71.71717171717172,58.58585858585859,19.99794642695122,4.196769112891144
72.72727272727273,58.58585858585859,19.26153715470088,4.519920222035293
73.73737373737374,58.58585858585859,17.76972676911157,5.240407216558293
74.74747474747475,58.58585858585859,14.42520730021144,4.275762607640516
75.75757575757576,58.58585858585859,19.435823882421,4.088198381484823
76.76767676767678,58.58585858585859,27.63336054046698,4.815856991341966
77.77777777777779,58.58585858585859,18.50970951359822,4.756986151772757
78.7878787878788,58.58585858585859,21.20916576208924,3.542603612665915
79.7979797979798,58.58585858585859,19.41386007452595,4.953304744453641
80.80808080808082,58.58585858585859,25.42162197468352,4.195564561768165
81.81818181818183,58.58585858585859,7.564125637558901,4.788426291214143
82.82828282828284,58.58585858585859,19.0770856881735,4.576598586993532
83.83838383838385,58.58585858585859,27.70768849058005,4.290057705684763
84.84848484848486,58.58585858585859,13.78009826206937,6.132082889867846
85.85858585858587,58.58585858585859,21.42977259578132,3.395321383723513
86.86868686868688,58.58585858585859,27.21510884539349,5.187652750951568
87.87878787878789,58.58585858585859,24.4489419184249,4.482626152376961
88.8888888888889,58.58585858585859,28.83588332734226,4.71698896582294
89.89898989898991,58.58585858585859,16.01790729573846,4.497187641966981
90.90909090909092,58.58585858585859,23.74735158251374,4.297827939443699
91.91919191919193,58.58585858585859,29.85839261828315,4.543850579283458
92.92929292929294,58.58585858585859,18.78769306897645,5.055003756339576
93.93939393939395,58.58585858585859,19.61274903608306,5.241556393031668
94.94949494949496,58.58585858585859,20.47374375327351,6.435833310708568
95.95959595959597,58.58585858585859,19.20044507652966,4.653141782959617
96.96969696969697,58.58585858585859,22.35160729105817,3.621512891484278
97.97979797979798,58.58585858585859,15.21873820254323,3.763893180887069
98.98989898989899,58.58585858585859,23.23649881892752,3.981605800216978
100.0,58.58585858585859,22.49236254246824,5.416212018398799
0.0,59.5959595959596,14.85567319109159,4.504758653064626
1.01010101010101,59.5959595959596,33.27173731680943,4.248640664523413
2.02020202020202,59.5959595959596,9.740295649632868,5.009065441255734
3.03030303030303,59.5959595959596,30.17386608990226,4.768387284561272
4.040404040404041,59.5959595959596,29.73535309895479,4.804704026356898
5.050505050505051,59.5959595959596,28.41006352640884,4.942743955543465
6.060606060606061,59.5959595959596,31.43154197709542,3.778520531646507
7.070707070707071,59.5959595959596,22.4482500473487,3.756889908976318
8.080808080808081,59.5959595959596,17.65134237837635,5.694575598361807
9.090909090909092,59.5959595959596,22.1804872789992,1.772011757839239
10.1010101010101,59.5959595959596,12.71158455324968,3.244201253054729
11.11111111111111,59.5959595959596,25.75274037954599,4.076774583147129
12.12121212121212,59.5959595959596,28.94599875882045,4.045976212242792
13.13131313131313,59.5959595959596,12.32336671804388,3.544506584025621
14.14141414141414,59.5959595959596,29.75857159764132,5.788160259600357
15.15151515151515,59.5959595959596,19.50588979962279,5.091518324761726
16.16161616161616,59.5959595959596,14.53768638090963,4.618666093723795
17.17171717171717,59.5959595959596,17.5220858625963,5.370655278044933
18.18181818181818,59.5959595959596,27.7138554111594,4.808972215820725
19.19191919191919,59.5959595959596,24.8801763715306,3.837595990944331
20.2020202020202,59.5959595959596,28.57414045430236,4.889474197701345
21.21212121212121,59.5959595959596,7.517054344724309,3.704436615033082
22.22222222222222,59.5959595959596,25.96053083951364,3.923749289715808
23.23232323232324,59.5959595959596,20.68415574782286,4.493609141865949
24.24242424242424,59.5959595959596,29.98911544648529,5.159159437906309
25.25252525252525,59.5959595959596,29.65721712842378,3.298174122836011
26.26262626262626,59.5959595959596,21.43243254745425,5.207612331619194
27.27272727272727,59.5959595959596,27.83613111569244,4.998599906130448
28.28282828282828,59.5959595959596,10.36083443102654,4.055679343392516
29.29292929292929,59.5959595959596,22.85571203316298,2.916015889474489
30.3030303030303,59.5959595959596,19.85030714568927,5.212288171004172
31.31313131313131,59.5959595959596,32.50858880780611,5.964772287984967
32.32323232323233,59.5959595959596,15.31268329865166,4.495686756452138
33.33333333333334,59.5959595959596,21.84715345449465,5.331047559476361
34.34343434343435,59.5959595959596,25.72655306480913,4.950317630242004
35.35353535353536,59.5959595959596,32.42704817967432,4.784562337742527
36.36363636363637,59.5959595959596,13.19459565935047,4.36194918084478
37.37373737373738,59.5959595959596,17.23519793266386,4.612853414891476
38.38383838383839,59.5959595959596,27.201930207878,3.852898918373855
39.3939393939394,59.5959595959596,17.76896606593717,4.272695257686768
40.40404040404041,59.5959595959596,31.18956462987263,4.579073214233995
41.41414141414142,59.5959595959596,36.2182428721495,4.839001149609148
42.42424242424243,59.5959595959596,17.9058173744943,5.270393954948729
43.43434343434344,59.5959595959596,18.53980604883451,3.58990379688461
44.44444444444445,59.5959595959596,18.09962465577648,6.381877770338857
45.45454545454546,59.5959595959596,21.51691337972436,4.839296268761682
46.46464646464647,59.5959595959596,20.66815639348703,5.716004070569204
47.47474747474748,59.5959595959596,16.19421934723595,5.502605273794979
48.48484848484848,59.5959595959596,31.13867058336771,5.137719532311825
49.49494949494949,59.5959595959596,26.96333396555224,6.249471872833635
50.50505050505051,59.5959595959596,18.88148105948807,3.685470651516757
51.51515151515152,59.5959595959596,12.7070027249196,3.864738558110823
52.52525252525253,59.5959595959596,25.12334587183123,3.411513415532887
53.53535353535354,59.5959595959596,21.02239452355747,4.681883998529273
54.54545454545455,59.5959595959596,11.3867338373852,4.493722677138988
55.55555555555556,59.5959595959596,23.02713777781211,3.109640554549582
56.56565656565657,59.5959595959596,43.38700069651693,4.61815374087841
57.57575757575758,59.5959595959596,19.78600925225989,4.183996044891519
58.58585858585859,59.5959595959596,15.82695178257578,3.200900105478113
59.5959595959596,59.5959595959596,14.83318143759878,3.267002743954004
60.60606060606061,59.5959595959596,22.07358091197975,4.388684897244494
61.61616161616162,59.5959595959596,23.56391337716842,4.474321548623941
62.62626262626263,59.5959595959596,17.82566072188132,4.822087616057535
63.63636363636364,59.5959595959596,18.69448895643405,3.460113298664723
64.64646464646465,59.5959595959596,35.88204888223863,6.172286802051248
65.65656565656566,59.5959595959596,23.7352619557854,4.758952583256948
66.66666666666667,59.5959595959596,31.90871034571096,3.562562956648593
67.67676767676768,59.5959595959596,23.63143718253017,4.042817293126474
68.68686868686869,59.5959595959596,27.260643638757,4.477999784114549
69.6969696969697,59.5959595959596,15.526506766207,3.895362283237486
70.70707070707071,59.5959595959596,18.0698164963135,4.035462300669068
71.71717171717172,59.5959595959596,21.92096414122589,4.423576766878919
72.72727272727273,59.5959595959596,26.50131675501313,5.388089880779946
73.73737373737374,59.5959595959596,21.91444045499653,2.558135525461338
74.74747474747475,59.5959595959596,21.13564709653406,4.331714559262289
75.75757575757576,59.5959595959596,26.43633433760581,4.028134263966001
76.76767676767678,59.5959595959596,18.03833694997638,4.24741725641077
77.77777777777779,59.5959595959596,28.64570234645747,4.348350975869597
78.7878787878788,59.5959595959596,32.05117543479534,5.164057257266776
79.7979797979798,59.5959595959596,18.18875929030592,4.046006300092364
80.80808080808082,59.5959595959596,15.09216504076171,3.988103873831388
81.81818181818183,59.5959595959596,30.290660981242,4.684630372721649
82.82828282828284,59.5959595959596,23.51138447338194,4.823976492389467
83.83838383838385,59.5959595959596,17.96871012512566,4.13939798386437
84.84848484848486,59.5959595959596,32.6653962854545,4.302086747590049
85.85858585858587,59.5959595959596,17.27310627377381,4.438170767728085
86.86868686868688,59.5959595959596,29.73196479359311,5.055108952320456
87.87878787878789,59.5959595959596,27.5775626088689,4.109220251237268
88.8888888888889,59.5959595959596,22.84836458318992,5.143785075591976
89.89898989898991,59.5959595959596,10.78172958795389,4.79543683863897
90.90909090909092,59.5959595959596,29.84451437979226,5.333306258817908
91.91919191919193,59.5959595959596,1.047333288549308,4.130368603500435
92.92929292929294,59.5959595959596,20.22478575814985,2.59269791729792
93.93939393939395,59.5959595959596,25.72644759445511,4.483392008074873
94.94949494949496,59.5959595959596,17.07049200457457,4.690073305976164
95.95959595959597,59.5959595959596,27.24326301789292,3.42112493237425
96.96969696969697,59.5959595959596,14.64883286861539,4.675773717357182
97.97979797979798,59.5959595959596,16.40963385404544,5.292119369674732
98.98989898989899,59.5959595959596,19.45770798946627,4.597890953412449
100.0,59.5959595959596,24.82235243238745,4.66318870894924
0.0,60.60606060606061,28.10242084392831,4.72278124960574
1.01010101010101,60.60606060606061,17.20970311012519,4.990877686677695
2.02020202020202,60.60606060606061,19.13378175101409,4.031786790482752
3.03030303030303,60.60606060606061,30.16966639088043,4.359213380406219
4.040404040404041,60.60606060606061,20.96615012284851,4.288738749141511
5.050505050505051,60.60606060606061,27.44441571378098,6.72464958480397
6.060606060606061,60.60606060606061,17.01751992180061,5.268813710096055
7.070707070707071,60.60606060606061,23.54792645062829,3.876860986351227
8.080808080808081,60.60606060606061,20.27821456618341,5.586864124986024
9.090909090909092,60.60606060606061,31.23607074553368,4.473338698400882
10.1010101010101,60.60606060606061,21.24402777545738,5.408411175659952
11.11111111111111,60.60606060606061,32.02554080088515,2.698222941298052
12.12121212121212,60.60606060606061,9.309289523854789,5.67615941106581
13.13131313131313,60.60606060606061,18.16868612157719,3.284740669933512
14.14141414141414,60.60606060606061,23.20989646706757,4.108581858012577
15.15151515151515,60.60606060606061,16.02992021182006,4.554108553543412
16.16161616161616,60.60606060606061,17.79070371100485,4.587493686019912
17.17171717171717,60.60606060606061,36.17053982657931,4.148698290121602
18.18181818181818,60.60606060606061,19.5314687749827,4.27145943512989
19.19191919191919,60.60606060606061,37.80787792180159,5.206820951980407
20.2020202020202,60.60606060606061,32.90208571130723,4.975102810713629
21.21212121212121,60.60606060606061,20.22923247148178,3.396706710090618
22.22222222222222,60.60606060606061,22.42745399890639,4.855882259817735
23.23232323232324,60.60606060606061,22.87492815919679,5.809727121042389
24.24242424242424,60.60606060606061,18.50682631796026,5.293149890886194
25.25252525252525,60.60606060606061,39.25485250435042,3.874370247645747
26.26262626262626,60.60606060606061,16.32990269509449,5.971640381465527
27.27272727272727,60.60606060606061,28.00831867139054,4.258116123398575
28.28282828282828,60.60606060606061,21.0357756679558,4.245715912974525
29.29292929292929,60.60606060606061,31.68303115787517,4.59524949013289
30.3030303030303,60.60606060606061,23.27289197624168,4.132356950719968
31.31313131313131,60.60606060606061,38.67774566666586,4.941598173601613
32.32323232323233,60.60606060606061,21.1199066055625,4.035855474254871
33.33333333333334,60.60606060606061,21.48293868353018,4.850270243072166
34.34343434343435,60.60606060606061,26.9010608365728,3.926635322949507
35.35353535353536,60.60606060606061,2.330147509405905,5.658165811710155
36.36363636363637,60.60606060606061,24.39261268739049,2.971662320881278
37.37373737373738,60.60606060606061,12.91839085419046,5.020046377291626
38.38383838383839,60.60606060606061,9.01033609567081,5.174951433198012
39.3939393939394,60.60606060606061,26.35041499301819,3.985764802873107
40.40404040404041,60.60606060606061,21.98580310939228,4.151883075998104
41.41414141414142,60.60606060606061,24.85908613680469,4.960585410517223
42.42424242424243,60.60606060606061,23.81930155739304,4.6895443345802
43.43434343434344,60.60606060606061,18.05610706798424,3.96823109934599
44.44444444444445,60.60606060606061,25.08780808263015,5.228023762589324
45.45454545454546,60.60606060606061,30.72062774728181,4.941364096129688
46.46464646464647,60.60606060606061,28.85243527122661,4.866221247862238
47.47474747474748,60.60606060606061,15.57271961684335,3.573050971213703
48.48484848484848,60.60606060606061,14.86513038115178,5.136833644529183
49.49494949494949,60.60606060606061,23.40033587553884,4.848833391240291
50.50505050505051,60.60606060606061,28.39014000300557,3.888177441350905
51.51515151515152,60.60606060606061,23.17809086519468,5.082221144279838
52.52525252525253,60.60606060606061,28.96888470756157,4.281324845521063
53.53535353535354,60.60606060606061,25.61007275512475,4.612339961018723
54.54545454545455,60.60606060606061,24.26457880987954,4.913020089514205
55.55555555555556,60.60606060606061,17.49861778831263,4.972592304631073
56.56565656565657,60.60606060606061,20.12298418492296,3.879782472322287
57.57575757575758,60.60606060606061,33.45561924820181,6.508088750201583
58.58585858585859,60.60606060606061,17.25275788291346,5.338404344175242
59.5959595959596,60.60606060606061,14.11369209297434,4.923734412340457
60.60606060606061,60.60606060606061,26.60565222961208,5.16309544735488
61.61616161616162,60.60606060606061,16.99776788147683,2.837200195017315
62.62626262626263,60.60606060606061,32.28086015593049,3.68904311858808
63.63636363636364,60.60606060606061,22.08770017231152,4.107245621236705
64.64646464646465,60.60606060606061,25.60169883615389,3.681323014890902
65.65656565656566,60.60606060606061,29.66850147614038,5.008381444939161
66.66666666666667,60.60606060606061,29.5880528529112,4.580301591779809
67.67676767676768,60.60606060606061,5.254228650195117,4.451510966008033
68.68686868686869,60.60606060606061,22.01508735108573,3.175180082612485
69.6969696969697,60.60606060606061,24.9592687176543,5.211176710628777
70.70707070707071,60.60606060606061,29.64991207888673,5.567327999748711
71.71717171717172,60.60606060606061,24.71472118921326,4.080976602888978
72.72727272727273,60.60606060606061,15.4564334101816,5.147842925804285
73.73737373737374,60.60606060606061,16.9182372705983,5.637402025483468
74.74747474747475,60.60606060606061,26.47969192399864,4.456563101476521
75.75757575757576,60.60606060606061,19.97758876595568,4.233730089414701
76.76767676767678,60.60606060606061,25.66589233529163,5.274815691161905
77.77777777777779,60.60606060606061,17.75772701631062,3.368202347895502
78.7878787878788,60.60606060606061,19.21623105242941,4.136479703499017
79.7979797979798,60.60606060606061,20.48039570596159,4.431276854571911
80.80808080808082,60.60606060606061,21.52589804704229,5.96512576904548
81.81818181818183,60.60606060606061,25.26965589000756,4.025094072293916
82.82828282828284,60.60606060606061,24.91782586258712,4.053032033635572
83.83838383838385,60.60606060606061,24.97025931616146,5.232321050948807
84.84848484848486,60.60606060606061,25.97609641852173,4.33766806934241
85.85858585858587,60.60606060606061,22.62521488081127,4.463976062931335
86.86868686868688,60.60606060606061,30.85555520037556,2.364348722530546
87.87878787878789,60.60606060606061,34.46810780131,5.075391237877563
88.8888888888889,60.60606060606061,18.72858244914719,4.91352726027749
89.89898989898991,60.60606060606061,24.23479615222412,4.848852367618047
90.90909090909092,60.60606060606061,23.46266248955617,3.801000587903745
91.91919191919193,60.60606060606061,24.15735842046626,4.497439465369691
92.92929292929294,60.60606060606061,16.54287483421373,4.723639959850759
93.93939393939395,60.60606060606061,12.13839162057284,3.865832094993259
94.94949494949496,60.60606060606061,27.43655278272513,4.033211857764447
95.95959595959597,60.60606060606061,24.73095160076674,4.444980498490718
96.96969696969697,60.60606060606061,22.71493320146522,5.927103018613732
97.97979797979798,60.60606060606061,42.06149187498451,3.655583987564065
98.98989898989899,60.60606060606061,19.20902197585934,4.230719693437861
100.0,60.60606060606061,11.38393924389602,4.840609871038508
0.0,61.61616161616162,15.25590779741522,4.203573462671505
1.01010101010101,61.61616161616162,3.692185970317416,4.496245420771726
2.02020202020202,61.61616161616162,26.54836800764581,3.225914550781312
3.03030303030303,61.61616161616162,8.39016255316279,5.179065989297587
4.040404040404041,61.61616161616162,21.96925946792966,4.479442357414654
5.050505050505051,61.61616161616162,22.11762215317106,4.766258749476533
6.060606060606061,61.61616161616162,19.14659838246999,4.338829921617957
7.070707070707071,61.61616161616162,34.30968744489012,5.091285205346989
8.080808080808081,61.61616161616162,14.10362023937702,3.906146165246404
9.090909090909092,61.61616161616162,30.42241816134674,5.020689411071426
10.1010101010101,61.61616161616162,5.860147803729503,4.707493953866687
11.11111111111111,61.61616161616162,31.76907318431267,4.421534302352988
12.12121212121212,61.61616161616162,16.6121877122718,4.554794650017778
13.13131313131313,61.61616161616162,21.89630988407772,5.47118723286691
14.14141414141414,61.61616161616162,22.63129550440734,4.373999420823814
15.15151515151515,61.61616161616162,26.92336746199572,5.163660939104387
16.16161616161616,61.61616161616162,24.48525866507699,4.021764675533664
17.17171717171717,61.61616161616162,21.21858701903594,4.184117322429429
18.18181818181818,61.61616161616162,21.15009659354559,5.160926076901417
19.19191919191919,61.61616161616162,27.82881674151689,3.853789408533018
20.2020202020202,61.61616161616162,27.01315077400211,3.645666238860095
21.21212121212121,61.61616161616162,24.59422189313092,5.093629265748416
22.22222222222222,61.61616161616162,15.91633430766975,4.367434307113687
23.23232323232324,61.61616161616162,22.23191038959766,6.110302554354984
24.24242424242424,61.61616161616162,16.17376430487321,3.920871729735543
25.25252525252525,61.61616161616162,12.78908506530999,4.16816022583865
26.26262626262626,61.61616161616162,4.448780777797045,5.392894937324002
27.27272727272727,61.61616161616162,23.94003598064931,4.681306766949914
28.28282828282828,61.61616161616162,29.7943088396854,4.419002311603199
29.29292929292929,61.61616161616162,17.43697413185905,4.471566188226674
30.3030303030303,61.61616161616162,17.67364366459005,4.985986699250351
31.31313131313131,61.61616161616162,24.82136647238833,4.463318762348655
32.32323232323233,61.61616161616162,24.66118840013732,4.238453650556623
33.33333333333334,61.61616161616162,30.585341990435,4.376888614215136
34.34343434343435,61.61616161616162,19.53214521330274,4.735317566671164
35.35353535353536,61.61616161616162,27.33224964603161,4.676833389485425
36.36363636363637,61.61616161616162,23.18031883171163,4.115206964843196
37.37373737373738,61.61616161616162,28.00255905377395,4.367533029337961
38.38383838383839,61.61616161616162,27.89039869685906,4.187020573102898
39.3939393939394,61.61616161616162,23.25503114861027,4.805421438784822
40.40404040404041,61.61616161616162,18.76358693592146,4.008980088821733
41.41414141414142,61.61616161616162,14.7994910171297,4.850647755842854
42.42424242424243,61.61616161616162,26.6258191032699,4.288775977992864
43.43434343434344,61.61616161616162,20.6806765976814,5.150189622939565
44.44444444444445,61.61616161616162,23.65915693352044,5.115799753848208
45.45454545454546,61.61616161616162,25.52165176888839,3.266836246823078
46.46464646464647,61.61616161616162,9.43810278102892,4.397734227420997
47.47474747474748,61.61616161616162,21.89934509831955,4.133531198211571
48.48484848484848,61.61616161616162,23.02640723141337,3.881664355629661
49.49494949494949,61.61616161616162,23.49802670387215,4.529361456478278
50.50505050505051,61.61616161616162,18.51587279686341,4.150626816382875
51.51515151515152,61.61616161616162,32.42211967158647,4.282671819224118
52.52525252525253,61.61616161616162,31.8838384315594,6.222981341943826
53.53535353535354,61.61616161616162,19.33191304531435,5.183064784100179
54.54545454545455,61.61616161616162,23.08415192977247,4.843302567926245
55.55555555555556,61.61616161616162,22.05568106677861,4.771092578451932
56.56565656565657,61.61616161616162,24.15388285928895,4.437071785184432
57.57575757575758,61.61616161616162,21.09187933953106,3.933906402335992
58.58585858585859,61.61616161616162,17.90159451255409,4.469166258451511
59.5959595959596,61.61616161616162,18.85031664132645,5.33486310888687
60.60606060606061,61.61616161616162,14.90703374828689,4.394471852046393
61.61616161616162,61.61616161616162,4.058180299721847,4.645358945259284
62.62626262626263,61.61616161616162,27.50910407197895,4.780317196503287
63.63636363636364,61.61616161616162,11.78635594591774,4.150178371418781
64.64646464646465,61.61616161616162,16.70844742873865,4.154255486295185
65.65656565656566,61.61616161616162,5.625482031528295,3.985992693269135
66.66666666666667,61.61616161616162,24.84543202996147,3.368674555150091
67.67676767676768,61.61616161616162,17.84707540464349,4.939792324104022
68.68686868686869,61.61616161616162,13.19566149699551,4.576170586361544
69.6969696969697,61.61616161616162,32.77582262189048,4.23681522980378
70.70707070707071,61.61616161616162,12.12492832358378,4.521902505329562
71.71717171717172,61.61616161616162,11.89467726475432,5.301644039159445
72.72727272727273,61.61616161616162,30.73860650397229,4.973778959722265
73.73737373737374,61.61616161616162,27.27435493738056,3.831827485372577
74.74747474747475,61.61616161616162,17.57752811247989,5.027553296206968
75.75757575757576,61.61616161616162,21.00940558487925,3.615056425943586
76.76767676767678,61.61616161616162,25.91027118469937,5.442672776553057
77.77777777777779,61.61616161616162,15.35878724843671,4.054744243780265
78.7878787878788,61.61616161616162,22.86715713248808,3.892121622852744
79.7979797979798,61.61616161616162,24.37058166366445,4.920261151855045
80.80808080808082,61.61616161616162,17.8512022259786,4.741033545608353
81.81818181818183,61.61616161616162,27.28353248009376,4.34833450839637
82.82828282828284,61.61616161616162,25.22370012814088,5.906700032488102
83.83838383838385,61.61616161616162,18.13308408950599,4.708630267170231
84.84848484848486,61.61616161616162,29.91305046135071,6.204670508636267
85.85858585858587,61.61616161616162,24.04099206644904,3.207294549141932
86.86868686868688,61.61616161616162,28.03425289190169,4.543602428879642
87.87878787878789,61.61616161616162,10.87563897511797,4.431037535977585
88.8888888888889,61.61616161616162,23.87017389991044,4.873084514200684
89.89898989898991,61.61616161616162,18.37551514665555,6.206477773566276
90.90909090909092,61.61616161616162,26.09170573391906,5.573254755007867
91.91919191919193,61.61616161616162,31.09478586259458,3.443129377838549
92.92929292929294,61.61616161616162,25.9274329680489,6.897081118894079
93.93939393939395,61.61616161616162,26.49475199429691,5.467559829730962
94.94949494949496,61.61616161616162,12.36406982334719,4.383082434415252
95.95959595959597,61.61616161616162,16.57712987510478,3.628153664445943
96.96969696969697,61.61616161616162,30.2784602210978,4.322153888666875
97.97979797979798,61.61616161616162,24.54796955327105,4.555693349026046
98.98989898989899,61.61616161616162,23.50910489513894,4.357007687053344
100.0,61.61616161616162,23.9194328656737,5.115616282123356
0.0,62.62626262626263,17.1643851780641,4.001876128370332
1.01010101010101,62.62626262626263,18.16562242432689,4.323130279516991
2.02020202020202,62.62626262626263,4.329709538236095,5.356827141913057
3.03030303030303,62.62626262626263,24.8290867859364,4.923005638677723
4.040404040404041,62.62626262626263,21.45947587205256,4.079906667225353
5.050505050505051,62.62626262626263,10.2204227661176,4.602477614350811
6.060606060606061,62.62626262626263,12.97618621573689,3.080940881867051
7.070707070707071,62.62626262626263,11.82940445162249,4.545156104325359
8.080808080808081,62.62626262626263,28.0011334343756,4.506702051608521
9.090909090909092,62.62626262626263,21.84901855417484,5.457788356753156
10.1010101010101,62.62626262626263,25.06478481872902,3.954947321887937
11.11111111111111,62.62626262626263,26.83821579389602,4.619068111416174
12.12121212121212,62.62626262626263,30.88636710230936,4.389609091137337
13.13131313131313,62.62626262626263,21.69826294507024,3.829552875114981
14.14141414141414,62.62626262626263,33.38349573441255,4.85085920783407
15.15151515151515,62.62626262626263,25.08601983285267,5.685538589334999
16.16161616161616,62.62626262626263,30.57262916943863,6.244685667523288
17.17171717171717,62.62626262626263,23.29824641532002,5.895587299647144
18.18181818181818,62.62626262626263,21.77781490764609,4.670770057089192
19.19191919191919,62.62626262626263,23.40253913727294,4.914791026391913
20.2020202020202,62.62626262626263,22.47363638731744,3.976400972012372
21.21212121212121,62.62626262626263,20.67312764549063,5.505895772367957
22.22222222222222,62.62626262626263,31.55365101836005,5.110649447969679
23.23232323232324,62.62626262626263,32.55454580800878,5.212159469906818
24.24242424242424,62.62626262626263,30.56803132777187,3.789646385837378
25.25252525252525,62.62626262626263,20.04470866159486,4.604608174672691
26.26262626262626,62.62626262626263,24.66223566169028,5.371636728631498
27.27272727272727,62.62626262626263,20.2158647693147,4.169740792442595
28.28282828282828,62.62626262626263,26.28647055218424,4.116035751888168
29.29292929292929,62.62626262626263,22.16613208169925,5.9333121342419
30.3030303030303,62.62626262626263,0.0,4.459732299180074
31.31313131313131,62.62626262626263,32.95854615658729,4.749039832949539
32.32323232323233,62.62626262626263,3.2631907996937,4.578989838417009
33.33333333333334,62.62626262626263,18.76014101687844,4.216202500335529
34.34343434343435,62.62626262626263,27.31623582946375,5.572398341457384
35.35353535353536,62.62626262626263,24.00749180447366,4.319449489153255
36.36363636363637,62.62626262626263,28.69658939253572,3.478762612937608
37.37373737373738,62.62626262626263,27.78127170207588,4.650457401362537
38.38383838383839,62.62626262626263,31.62368411847146,5.043214697215645
39.3939393939394,62.62626262626263,32.99437524371208,3.58657276116555
40.40404040404041,62.62626262626263,14.06700263097601,4.643941797685351
41.41414141414142,62.62626262626263,12.97601298873149,4.39547826120604
42.42424242424243,62.62626262626263,26.76475900942597,3.767187566627041
43.43434343434344,62.62626262626263,8.938202878440416,5.034401807097337
44.44444444444445,62.62626262626263,14.93810570902727,4.044102816153027
45.45454545454546,62.62626262626263,7.655661922703752,4.655396329807123
46.46464646464647,62.62626262626263,23.74810967435602,4.764454859043161
47.47474747474748,62.62626262626263,15.72928621830239,5.345408978560689
48.48484848484848,62.62626262626263,15.33428314685752,4.216972676509837
49.49494949494949,62.62626262626263,36.34377335802307,3.974769434952875
50.50505050505051,62.62626262626263,25.54583861510516,5.346696912805564
51.51515151515152,62.62626262626263,15.77257030706153,3.404336315373019
52.52525252525253,62.62626262626263,25.06410115971548,5.304985064980218
53.53535353535354,62.62626262626263,18.29018491495489,4.821001932871023
54.54545454545455,62.62626262626263,32.1953961849199,4.605392305504598
55.55555555555556,62.62626262626263,19.38556696137314,6.357906360875954
56.56565656565657,62.62626262626263,29.20887341691619,3.585904903186405
57.57575757575758,62.62626262626263,14.41873305130343,4.721665927918413
58.58585858585859,62.62626262626263,6.275216525173564,4.598811752847744
59.5959595959596,62.62626262626263,17.82302901387336,4.261747206436963
60.60606060606061,62.62626262626263,34.36993380845274,3.94337228707881
61.61616161616162,62.62626262626263,18.32943366601456,3.21730865719403
62.62626262626263,62.62626262626263,25.69489071033665,3.415346818114077
63.63636363636364,62.62626262626263,21.18393235773621,3.303410477784297
64.64646464646465,62.62626262626263,25.4056124926405,4.572160280582152
65.65656565656566,62.62626262626263,26.90700007149473,4.254253964573767
66.66666666666667,62.62626262626263,14.37417994928334,4.160997780253174
67.67676767676768,62.62626262626263,15.83937436938218,4.464692901882827
68.68686868686869,62.62626262626263,16.19452581883709,2.894683419215902
69.6969696969697,62.62626262626263,29.60734147553163,5.389816301649823
70.70707070707071,62.62626262626263,18.99913983025345,3.686577957979333
71.71717171717172,62.62626262626263,18.16357072242706,4.623492687507634
72.72727272727273,62.62626262626263,23.48816733434547,4.854869785285828
73.73737373737374,62.62626262626263,24.19693071014813,4.914025793750054
74.74747474747475,62.62626262626263,20.55036305162293,4.034096008895446
75.75757575757576,62.62626262626263,19.3711913309815,4.079280494304125
76.76767676767678,62.62626262626263,15.32741255576422,5.523494271868858
77.77777777777779,62.62626262626263,25.86113149578095,4.424462917560063
78.7878787878788,62.62626262626263,20.23962026528395,4.465788274965702
79.7979797979798,62.62626262626263,16.43041471838843,4.069050937277616
80.80808080808082,62.62626262626263,28.99859170431787,3.930267868014842
81.81818181818183,62.62626262626263,31.62207795472737,3.27482614939355
82.82828282828284,62.62626262626263,25.27956485746148,4.96294088128679
83.83838383838385,62.62626262626263,18.81992960827982,4.426255789800403
84.84848484848486,62.62626262626263,37.5154874766748,4.27517235475313
85.85858585858587,62.62626262626263,22.32740183541367,4.445834111785632
86.86868686868688,62.62626262626263,27.07564341927936,2.763111885396422
87.87878787878789,62.62626262626263,22.86625921720569,3.842993978980776
88.8888888888889,62.62626262626263,17.10192143518336,4.185817041093217
89.89898989898991,62.62626262626263,35.35698464736929,3.758383287113641
90.90909090909092,62.62626262626263,27.47858526755346,3.635362885690698
91.91919191919193,62.62626262626263,13.24067228725667,4.890505401816661
92.92929292929294,62.62626262626263,35.03945219245319,4.028464168286901
93.93939393939395,62.62626262626263,23.67634414837836,4.004182319546596
94.94949494949496,62.62626262626263,26.8520494758164,4.156462084931251
95.95959595959597,62.62626262626263,20.21482020198205,3.990869862018982
96.96969696969697,62.62626262626263,26.23521123092388,4.952721354504622
97.97979797979798,62.62626262626263,13.8571857390348,3.45003343212654
98.98989898989899,62.62626262626263,24.78162952702829,4.353123658081221
100.0,62.62626262626263,28.27809239965042,2.747859436254396
0.0,63.63636363636364,19.49186664858388,4.859144371581771
1.01010101010101,63.63636363636364,29.67693212984423,4.480401508129773
2.02020202020202,63.63636363636364,26.22783461685609,5.661498760374728
3.03030303030303,63.63636363636364,24.70235106151399,5.299572832999454
4.040404040404041,63.63636363636364,19.55297167986565,5.600805451272669
5.050505050505051,63.63636363636364,26.03454160067624,4.369882326469088
6.060606060606061,63.63636363636364,31.65289190060452,3.837321383492272
7.070707070707071,63.63636363636364,21.68029385761853,5.237409321692732
8.080808080808081,63.63636363636364,14.50238764919178,4.347778004084243
9.090909090909092,63.63636363636364,24.99545962389542,5.216693509941759
10.1010101010101,63.63636363636364,12.01798181039173,4.477196988686989
11.11111111111111,63.63636363636364,17.63547832809314,4.696005583921843
12.12121212121212,63.63636363636364,15.88491747391047,3.614123350846901
13.13131313131313,63.63636363636364,15.22016133556512,3.565490398725348
14.14141414141414,63.63636363636364,17.44339590319771,4.361330666074402
15.15151515151515,63.63636363636364,20.06778194091434,5.646434364276876
16.16161616161616,63.63636363636364,15.90403176065917,3.935933040564919
17.17171717171717,63.63636363636364,29.54674987006358,4.934730240470313
18.18181818181818,63.63636363636364,22.53271081111492,4.505480459320129
19.19191919191919,63.63636363636364,18.00369638391632,3.981071343683112
20.2020202020202,63.63636363636364,24.01591326348436,4.730746004352035
21.21212121212121,63.63636363636364,25.52101868029443,4.736179580072108
22.22222222222222,63.63636363636364,25.21868570446227,5.251900229759151
23.23232323232324,63.63636363636364,19.45197782473323,5.493125344632918
24.24242424242424,63.63636363636364,28.7772655188923,4.265817346086545
25.25252525252525,63.63636363636364,24.25190611981835,5.153252752426079
26.26262626262626,63.63636363636364,22.82412868336356,4.07717089956677
27.27272727272727,63.63636363636364,33.06822497349421,4.225936151488334
28.28282828282828,63.63636363636364,22.48221297824768,4.46887429620895
29.29292929292929,63.63636363636364,14.74382093829255,5.110526362111494
30.3030303030303,63.63636363636364,7.513844208041234,4.925866277676194
31.31313131313131,63.63636363636364,15.16172919925398,5.13347503201458
32.32323232323233,63.63636363636364,35.44591979551184,4.369575811037195
33.33333333333334,63.63636363636364,26.08502251564491,4.273981618047139
34.34343434343435,63.63636363636364,18.95803175986458,2.934419870403448
35.35353535353536,63.63636363636364,15.08317829296769,3.968197465429172
36.36363636363637,63.63636363636364,25.54315200622277,5.275605589478084
37.37373737373738,63.63636363636364,26.58503450859891,4.77555264780586
38.38383838383839,63.63636363636364,24.97495212714531,4.620174363850121
39.3939393939394,63.63636363636364,35.97231225959666,5.358437850525291
40.40404040404041,63.63636363636364,20.46551522875066,4.667398562412242
41.41414141414142,63.63636363636364,30.46975136468525,4.581618824280601
42.42424242424243,63.63636363636364,13.68459875075597,4.310348497628517
43.43434343434344,63.63636363636364,28.41254178299357,5.417411561848974
44.44444444444445,63.63636363636364,23.18584615429898,5.875644113008058
45.45454545454546,63.63636363636364,26.54047552387457,4.320753026045341
46.46464646464647,63.63636363636364,23.10264229543595,5.788207990432662
47.47474747474748,63.63636363636364,33.0920583546447,3.744169318091057
48.48484848484848,63.63636363636364,15.56751725964224,5.323722243064512
49.49494949494949,63.63636363636364,20.88658423344083,3.292877789070337
50.50505050505051,63.63636363636364,33.14357419993983,5.342707406962466
51.51515151515152,63.63636363636364,20.16395120738061,4.31522079438378
52.52525252525253,63.63636363636364,18.96908812944324,4.530544537222598
53.53535353535354,63.63636363636364,24.39027911360214,5.024653777111402
54.54545454545455,63.63636363636364,18.65234155651377,3.955997602812441
55.55555555555556,63.63636363636364,31.8157868846139,4.180890343106065
56.56565656565657,63.63636363636364,22.35239384568703,4.402138814889764
57.57575757575758,63.63636363636364,33.21823080550276,5.289331032212786
58.58585858585859,63.63636363636364,18.23924565498478,4.778607726004149
59.5959595959596,63.63636363636364,17.37767176526758,3.91675374792866
60.60606060606061,63.63636363636364,26.2543407606959,4.022321517729551
61.61616161616162,63.63636363636364,29.83931523423988,4.584551974348066
62.62626262626263,63.63636363636364,13.98572978897967,3.986218859577048
63.63636363636364,63.63636363636364,11.96939820186614,4.771246947774555
64.64646464646465,63.63636363636364,14.75711756741979,4.254422255892535
65.65656565656566,63.63636363636364,23.50757012383879,4.354232457916719
66.66666666666667,63.63636363636364,17.4225264409551,4.789657775127794
67.67676767676768,63.63636363636364,25.58092813648249,3.899762695459017
68.68686868686869,63.63636363636364,18.44713578290296,4.280164577056825
69.6969696969697,63.63636363636364,25.82311891092846,3.627177862867535
70.70707070707071,63.63636363636364,28.75979811202292,4.028212114078814
71.71717171717172,63.63636363636364,27.73034091298146,2.641120150397407
72.72727272727273,63.63636363636364,23.78823535310366,2.399789176344322
73.73737373737374,63.63636363636364,16.95551455676484,5.490589064998568
74.74747474747475,63.63636363636364,24.25247938685296,3.354318688915685
75.75757575757576,63.63636363636364,36.42361255078546,4.108541489729149
76.76767676767678,63.63636363636364,27.9855592257336,3.54545413395638
77.77777777777779,63.63636363636364,24.75651657035311,4.426864301323676
78.7878787878788,63.63636363636364,22.99979510251413,4.452380240743588
79.7979797979798,63.63636363636364,12.84749994932379,4.726120507145587
80.80808080808082,63.63636363636364,22.22009646594364,4.993328911344516
81.81818181818183,63.63636363636364,15.53991668691142,5.216693168076667
82.82828282828284,63.63636363636364,24.23395204414782,4.120830404248877
83.83838383838385,63.63636363636364,23.03931274731552,5.187812913508827
84.84848484848486,63.63636363636364,22.1747261087068,3.011230128973272
85.85858585858587,63.63636363636364,20.86969706307802,3.119571050978794
86.86868686868688,63.63636363636364,32.8434905051958,4.308879895607817
87.87878787878789,63.63636363636364,18.99484637528896,3.781121509933914
88.8888888888889,63.63636363636364,27.13095454693615,4.180741789570748
89.89898989898991,63.63636363636364,19.44416941876097,3.490090259726379
90.90909090909092,63.63636363636364,29.23182475010478,5.414962392002177
91.91919191919193,63.63636363636364,21.12691645260547,5.334933644526242
92.92929292929294,63.63636363636364,24.78110534368292,5.732085708849179
93.93939393939395,63.63636363636364,30.64360959072695,5.804365541425631
94.94949494949496,63.63636363636364,23.70741675286304,5.415813374365508
95.95959595959597,63.63636363636364,14.92958685825347,5.735972573211877
96.96969696969697,63.63636363636364,23.48605112547376,4.397425029885286
97.97979797979798,63.63636363636364,18.44469341098289,3.358592060456624
98.98989898989899,63.63636363636364,29.62185249541935,4.641887494593557
100.0,63.63636363636364,28.1548686257679,4.666259966463367
0.0,64.64646464646465,24.43972390984148,5.087045504913961
1.01010101010101,64.64646464646465,14.83807881660659,4.858133151245039
2.02020202020202,64.64646464646465,26.88307972315516,4.083625211569254
3.03030303030303,64.64646464646465,20.99789654273417,4.061287797387926
4.040404040404041,64.64646464646465,20.07171819958017,4.739083296713109
5.050505050505051,64.64646464646465,29.83694344440329,3.857431877988376
6.060606060606061,64.64646464646465,7.759751893455808,5.465056858961169
7.070707070707071,64.64646464646465,20.43883655880927,5.226233724799685
8.080808080808081,64.64646464646465,19.70044488759991,4.307795060310509
9.090909090909092,64.64646464646465,24.9196474368623,4.871501444450047
10.1010101010101,64.64646464646465,15.59985223451881,3.781915057896506
11.11111111111111,64.64646464646465,22.31336463652027,5.380356676995199
12.12121212121212,64.64646464646465,35.77119626727016,5.821477827576549
13.13131313131313,64.64646464646465,29.17722027282488,5.607429041957415
14.14141414141414,64.64646464646465,17.8380137365621,4.730494837090633
15.15151515151515,64.64646464646465,18.61582737268415,4.85434101581307
16.16161616161616,64.64646464646465,18.15165005200268,3.788296005624258
17.17171717171717,64.64646464646465,33.65902165396078,5.907816688429136
18.18181818181818,64.64646464646465,23.94327386309153,4.017462906695653
19.19191919191919,64.64646464646465,18.87353975412372,4.259563360060004
20.2020202020202,64.64646464646465,13.99657237315304,4.895022119472842
21.21212121212121,64.64646464646465,27.07944551708394,4.386375460994191
22.22222222222222,64.64646464646465,19.36193390030844,4.945901582387375
23.23232323232324,64.64646464646465,25.3205997427056,4.925442681408661
24.24242424242424,64.64646464646465,25.31017453423522,4.800762655645051
25.25252525252525,64.64646464646465,23.68041716681645,4.109814975863657
26.26262626262626,64.64646464646465,25.23896807914366,5.250573103456814
27.27272727272727,64.64646464646465,18.22508219559981,4.645088851754624
28.28282828282828,64.64646464646465,19.64131628597842,5.101909554826952
29.29292929292929,64.64646464646465,31.33903276203819,4.514330362855139
30.3030303030303,64.64646464646465,26.50734934757252,4.696630869658486
31.31313131313131,64.64646464646465,20.11002669931085,4.890880314692054
32.32323232323233,64.64646464646465,26.72668789198787,4.184687925366233
33.33333333333334,64.64646464646465,31.53346015136598,5.718946396698351
34.34343434343435,64.64646464646465,18.8924962769927,4.818774654730177
35.35353535353536,64.64646464646465,19.15778272092012,3.987497727644941
36.36363636363637,64.64646464646465,19.42930918727335,4.38638908449013
37.37373737373738,64.64646464646465,30.4048437239808,5.723816838895968
38.38383838383839,64.64646464646465,33.40242701820385,3.963160667222213
39.3939393939394,64.64646464646465,18.94036889551543,4.836548739235665
40.40404040404041,64.64646464646465,22.04973756283416,4.926168395335243
41.41414141414142,64.64646464646465,21.82244074149425,5.221866879070908
42.42424242424243,64.64646464646465,39.35413135883607,5.813654522769306
43.43434343434344,64.64646464646465,12.62159481314775,4.941177429052277
44.44444444444445,64.64646464646465,39.41375134176737,3.917403916452038
45.45454545454546,64.64646464646465,16.20659631427408,4.690602487332765
46.46464646464647,64.64646464646465,21.42343387447303,4.787178032957375
47.47474747474748,64.64646464646465,29.69611014697438,5.092014884093126
48.48484848484848,64.64646464646465,28.81160093105343,4.582829275969023
49.49494949494949,64.64646464646465,29.02117631517246,4.717335298406264
50.50505050505051,64.64646464646465,19.0850169286136,4.171070513568802
51.51515151515152,64.64646464646465,24.86853578869044,4.577668924151213
52.52525252525253,64.64646464646465,35.01716717505992,4.350341951693447
53.53535353535354,64.64646464646465,11.44201687282582,5.025671031177982
54.54545454545455,64.64646464646465,20.99857834489713,5.524299188797095
55.55555555555556,64.64646464646465,18.24064116587466,6.012990614800906
56.56565656565657,64.64646464646465,22.82633108333977,4.915142016987221
57.57575757575758,64.64646464646465,35.7990128359836,4.914990920585892
58.58585858585859,64.64646464646465,27.78604233171141,5.121848083953187
59.5959595959596,64.64646464646465,29.19252574483425,5.029040495006232
60.60606060606061,64.64646464646465,20.82765417417775,5.728317014907991
61.61616161616162,64.64646464646465,25.29159266614947,4.861878672799491
62.62626262626263,64.64646464646465,21.83140525807332,4.141799784070312
63.63636363636364,64.64646464646465,23.68232063265961,4.421868109022181
64.64646464646465,64.64646464646465,31.39886315795582,4.479887632427232
65.65656565656566,64.64646464646465,25.10929530734636,4.12827471825908
66.66666666666667,64.64646464646465,25.24666061838886,4.007352791426773
67.67676767676768,64.64646464646465,25.3632324203064,5.296986507381149
68.68686868686869,64.64646464646465,19.96890768709185,3.850616105280414
69.6969696969697,64.64646464646465,31.7700457234782,4.584112972813434
70.70707070707071,64.64646464646465,16.88127474019382,5.008852943225239
71.71717171717172,64.64646464646465,20.0345390424885,3.901844074615447
72.72727272727273,64.64646464646465,25.1929897641174,5.009092962281029
73.73737373737374,64.64646464646465,31.46381829267226,4.218092865802856
74.74747474747475,64.64646464646465,23.37336114816611,3.397971116221111
75.75757575757576,64.64646464646465,18.18080700143115,4.049881244556167
76.76767676767678,64.64646464646465,28.68452163659375,3.981441625394038
77.77777777777779,64.64646464646465,15.45119645438646,4.434495857877319
78.7878787878788,64.64646464646465,27.88802048260841,3.155475510863102
79.7979797979798,64.64646464646465,30.39152994066291,5.549569220135441
80.80808080808082,64.64646464646465,11.14300562511639,4.526825165584774
81.81818181818183,64.64646464646465,24.37300840388219,4.674843217666299
82.82828282828284,64.64646464646465,13.57156450297292,4.874894121013156
83.83838383838385,64.64646464646465,12.94358369693115,4.362213577370538
84.84848484848486,64.64646464646465,21.3335280914025,5.636900238401054
85.85858585858587,64.64646464646465,26.56821179696714,3.284367363496267
86.86868686868688,64.64646464646465,26.50160264287947,5.053022373628747
87.87878787878789,64.64646464646465,27.57278390836679,3.502725940658451
88.8888888888889,64.64646464646465,17.80083157531625,4.642411701545534
89.89898989898991,64.64646464646465,9.523938938091664,3.58956563867036
90.90909090909092,64.64646464646465,36.65115106779056,5.671242009669848
91.91919191919193,64.64646464646465,25.13720182374361,4.756928487219913
92.92929292929294,64.64646464646465,23.15995329348813,3.896312992970234
93.93939393939395,64.64646464646465,19.46464583391913,5.179238908603947
94.94949494949496,64.64646464646465,7.169451235050036,4.920206837253211
95.95959595959597,64.64646464646465,29.48593344533997,3.837241974351599
96.96969696969697,64.64646464646465,17.21570075069566,3.295885662316324
97.97979797979798,64.64646464646465,14.78432349302008,5.0079688625017
98.98989898989899,64.64646464646465,23.45543072844284,2.493642700696198
100.0,64.64646464646465,18.12762991567048,5.277295527192269
0.0,65.65656565656566,25.43295931324764,4.611927598539824
1.01010101010101,65.65656565656566,18.36021102118138,4.928153530154821
2.02020202020202,65.65656565656566,14.51391405640377,6.389523800484397
3.03030303030303,65.65656565656566,28.05016703811329,5.310465863398825
4.040404040404041,65.65656565656566,17.55624368268142,4.111384287484086
5.050505050505051,65.65656565656566,10.77070118511743,4.404357365522437
6.060606060606061,65.65656565656566,19.9588036837836,3.864295177284133
7.070707070707071,65.65656565656566,26.78149794913747,5.058887159701256
8.080808080808081,65.65656565656566,17.17196936622306,5.265193741588628
9.090909090909092,65.65656565656566,17.32422662481838,3.581540336081836
10.1010101010101,65.65656565656566,30.14097363067382,4.061142119156322
11.11111111111111,65.65656565656566,22.3697997924557,2.719951001796503
12.12121212121212,65.65656565656566,36.73287334042605,4.811385892427255
13.13131313131313,65.65656565656566,20.49170872688538,3.158300767712722
14.14141414141414,65.65656565656566,13.33020227837121,3.295844819859511
15.15151515151515,65.65656565656566,14.7139850185919,4.548314565811418
16.16161616161616,65.65656565656566,27.87375326535809,4.030654051699578
17.17171717171717,65.65656565656566,28.98530079179896,4.577420080116148
18.18181818181818,65.65656565656566,19.28268837429629,4.035893992575645
19.19191919191919,65.65656565656566,8.711896664792615,4.962807971284581
20.2020202020202,65.65656565656566,17.72737187247934,4.593228870934569
21.21212121212121,65.65656565656566,19.74810402144974,5.283853213219572
22.22222222222222,65.65656565656566,23.80027183385453,6.265762110040584
23.23232323232324,65.65656565656566,18.47332812199667,3.893999063035331
24.24242424242424,65.65656565656566,18.24595958957725,3.384472838571811
25.25252525252525,65.65656565656566,13.8199414279302,3.612505368970297
26.26262626262626,65.65656565656566,23.69967217776924,3.837619330440003
27.27272727272727,65.65656565656566,15.22156300608117,4.606269724489834
28.28282828282828,65.65656565656566,17.0083670933982,4.802226957626095
29.29292929292929,65.65656565656566,31.51318220378243,4.706135405544469
30.3030303030303,65.65656565656566,17.28206612641665,4.587245894674203
31.31313131313131,65.65656565656566,32.65527239874313,4.514077935138255
32.32323232323233,65.65656565656566,21.35818803908872,4.701596344461909
33.33333333333334,65.65656565656566,13.89166617750122,5.886127999890333
34.34343434343435,65.65656565656566,24.44556131995877,4.338654318917303
35.35353535353536,65.65656565656566,22.35341313178902,5.174240136897144
36.36363636363637,65.65656565656566,30.95832297821332,4.525884140598579
37.37373737373738,65.65656565656566,20.4862910597732,4.430438731365081
38.38383838383839,65.65656565656566,27.8100010457336,3.842581247586774
39.3939393939394,65.65656565656566,25.23270494155828,5.041457578541155
40.40404040404041,65.65656565656566,26.93018315286381,5.029262610149956
41.41414141414142,65.65656565656566,12.46736839393095,3.537454378011953
42.42424242424243,65.65656565656566,19.61095694822581,3.181139386545571
43.43434343434344,65.65656565656566,15.39633220817586,5.388281117888533
44.44444444444445,65.65656565656566,26.90885590213611,4.035879675852819
45.45454545454546,65.65656565656566,23.17140356091922,4.616797830084572
46.46464646464647,65.65656565656566,22.65066711717435,5.334074581161545
47.47474747474748,65.65656565656566,8.749150552007341,4.914368980609987
48.48484848484848,65.65656565656566,17.22879043507795,4.938245915459985
49.49494949494949,65.65656565656566,36.53282853640633,3.808219951841256
50.50505050505051,65.65656565656566,15.91233102064302,4.637605701398349
51.51515151515152,65.65656565656566,24.06092790382727,3.682293085772431
52.52525252525253,65.65656565656566,10.05893629526128,3.756627924961368
53.53535353535354,65.65656565656566,13.46467679666881,4.361968569409955
54.54545454545455,65.65656565656566,25.8075201968852,5.167191512500469
55.55555555555556,65.65656565656566,26.31852091455549,4.600692386589539
56.56565656565657,65.65656565656566,35.69082456642991,4.076629240984986
57.57575757575758,65.65656565656566,29.33808305132618,4.627260936678784
58.58585858585859,65.65656565656566,17.09961896957174,5.424263698372561
59.5959595959596,65.65656565656566,24.79155652497429,4.586502854419237
60.60606060606061,65.65656565656566,29.02329651696423,4.466588154969354
61.61616161616162,65.65656565656566,35.3530279522296,5.514146354558652
62.62626262626263,65.65656565656566,22.43607651424011,4.785696261569911
63.63636363636364,65.65656565656566,43.4741289192319,4.159065427176428
64.64646464646465,65.65656565656566,11.17411729739792,3.514625769368211
65.65656565656566,65.65656565656566,34.78190539987767,4.050897298980741
66.66666666666667,65.65656565656566,26.48338909806454,4.229820324301952
67.67676767676768,65.65656565656566,13.6081590774362,3.475148639251834
68.68686868686869,65.65656565656566,13.37331727524271,4.096665048421479
69.6969696969697,65.65656565656566,37.06778495622048,5.036633117813993
70.70707070707071,65.65656565656566,19.81832091644245,4.106300961795727
71.71717171717172,65.65656565656566,30.32539275156474,4.335603104661696
72.72727272727273,65.65656565656566,20.75915847242841,5.076658317678583
73.73737373737374,65.65656565656566,18.02017962920028,4.263960318437976
74.74747474747475,65.65656565656566,31.43740423571968,4.281783635895243
75.75757575757576,65.65656565656566,35.20663220326975,3.876480212899747
76.76767676767678,65.65656565656566,21.44376582180679,5.176961297220696
77.77777777777779,65.65656565656566,21.94242440827579,5.087010271074998
78.7878787878788,65.65656565656566,14.96490943140758,4.063096886421142
79.7979797979798,65.65656565656566,32.34994458411887,3.692908869616644
80.80808080808082,65.65656565656566,34.53261680660706,5.059425411446244
81.81818181818183,65.65656565656566,18.52543004943904,4.912081200750253
82.82828282828284,65.65656565656566,17.33389397223061,4.23442818190506
83.83838383838385,65.65656565656566,29.40019614261264,4.586063089721277
84.84848484848486,65.65656565656566,30.6988485472538,5.604759778052999
85.85858585858587,65.65656565656566,29.85152337006394,5.07182666871517
86.86868686868688,65.65656565656566,21.92405882483349,3.2955923364345
87.87878787878789,65.65656565656566,14.99763412354607,3.299929608057114
88.8888888888889,65.65656565656566,29.64950325350585,3.818395980550946
89.89898989898991,65.65656565656566,11.2366899701887,4.177744999904633
90.90909090909092,65.65656565656566,25.84454422411514,4.930005815416508
91.91919191919193,65.65656565656566,25.06734240784731,4.685577920398881
92.92929292929294,65.65656565656566,19.18885833148324,4.248879687068326
93.93939393939395,65.65656565656566,23.00052820480792,3.274735698725098
94.94949494949496,65.65656565656566,18.14003984484381,4.951748922332271
95.95959595959597,65.65656565656566,22.71893844150171,3.792206513806443
96.96969696969697,65.65656565656566,28.5074909702255,3.738553647523602
97.97979797979798,65.65656565656566,32.02828259919081,3.532553806922786
98.98989898989899,65.65656565656566,8.635656086900049,3.774814381797959
100.0,65.65656565656566,14.44817104946238,4.018927384569667
0.0,66.66666666666667,20.21120313841172,5.023305264343027
1.01010101010101,66.66666666666667,31.9258885395006,4.289661906229495
2.02020202020202,66.66666666666667,23.27946308803558,3.081382406964913
3.03030303030303,66.66666666666667,15.95500968740058,4.840381557935237
4.040404040404041,66.66666666666667,27.83716330580712,4.105055230319737
5.050505050505051,66.66666666666667,23.74309977420424,4.972348613679154
6.060606060606061,66.66666666666667,28.742010575595,4.247827043548114
7.070707070707071,66.66666666666667,28.35372463144037,3.764695953420652
8.080808080808081,66.66666666666667,25.55698349116693,4.33247399266185
9.090909090909092,66.66666666666667,10.10467723706262,5.199719108375822
10.1010101010101,66.66666666666667,34.21194695384819,5.362541825985881
11.11111111111111,66.66666666666667,8.94729624858794,4.949423448651755
12.12121212121212,66.66666666666667,20.81498526492769,3.659557857862995
13.13131313131313,66.66666666666667,14.49725416854583,4.649558080506537
14.14141414141414,66.66666666666667,18.37937227625028,5.476473504264566
15.15151515151515,66.66666666666667,20.62166328189091,4.502102123407148
16.16161616161616,66.66666666666667,19.33624973685137,4.46935273512009
17.17171717171717,66.66666666666667,25.91778730712314,4.053562420637878
18.18181818181818,66.66666666666667,14.21660596479117,5.308256487503961
19.19191919191919,66.66666666666667,14.50748043578137,5.305344299943358
20.2020202020202,66.66666666666667,18.69884508134728,6.100218429031792
21.21212121212121,66.66666666666667,14.84514885485943,4.669017441271545
22.22222222222222,66.66666666666667,17.91953462311021,4.428846410955856
23.23232323232324,66.66666666666667,18.14709732735163,4.319339889020675
24.24242424242424,66.66666666666667,28.11545211968582,3.905536203325119
25.25252525252525,66.66666666666667,24.31075094813453,3.679983205628788
26.26262626262626,66.66666666666667,20.31204287069446,5.01665348428155
27.27272727272727,66.66666666666667,25.35882824039366,4.093709621734162
28.28282828282828,66.66666666666667,23.40125310085523,4.7233171164517
29.29292929292929,66.66666666666667,22.4628660273258,5.297142495508846
30.3030303030303,66.66666666666667,21.86059845865316,5.170370274322126
31.31313131313131,66.66666666666667,29.7034005444489,4.723882164912672
32.32323232323233,66.66666666666667,30.40978023529529,4.878410057352108
33.33333333333334,66.66666666666667,21.12610081019475,4.821724344010492
34.34343434343435,66.66666666666667,29.34458577667619,4.457482843175397
35.35353535353536,66.66666666666667,31.09373932468043,3.545790287659816
36.36363636363637,66.66666666666667,17.11799100529399,4.967061306454891
37.37373737373738,66.66666666666667,28.81629362509516,4.961232651065124
38.38383838383839,66.66666666666667,14.15526070027041,5.565903361855917
39.3939393939394,66.66666666666667,25.2994606141555,5.207019002295389
40.40404040404041,66.66666666666667,25.01420947446953,4.360474204286926
41.41414141414142,66.66666666666667,28.49471952983917,4.039648027775369
42.42424242424243,66.66666666666667,11.82880415991303,4.244670474523497
43.43434343434344,66.66666666666667,23.09869522908216,4.755768572934882
44.44444444444445,66.66666666666667,19.51075703684406,4.37455796849941
45.45454545454546,66.66666666666667,15.02301255617355,4.518597528807339
46.46464646464647,66.66666666666667,28.49219256194306,4.170620185443546
47.47474747474748,66.66666666666667,39.50542693480465,5.439233521526016
48.48484848484848,66.66666666666667,22.18431049397787,5.334049574987085
49.49494949494949,66.66666666666667,21.30867045609983,4.541986150028043
50.50505050505051,66.66666666666667,22.34022117321412,4.457965484025271
51.51515151515152,66.66666666666667,20.63660125292417,4.319118719235942
52.52525252525253,66.66666666666667,25.45647916771227,3.859702097787139
53.53535353535354,66.66666666666667,27.70561908260912,4.191411032477704
54.54545454545455,66.66666666666667,24.85013439477885,3.596415804681028
55.55555555555556,66.66666666666667,13.26020923995721,4.23525432248528
56.56565656565657,66.66666666666667,9.070984690849857,6.142655573225902
57.57575757575758,66.66666666666667,17.30019853054863,4.06110327447741
58.58585858585859,66.66666666666667,23.47002231782969,4.618330134824859
59.5959595959596,66.66666666666667,33.48332196142545,4.706362915320097
60.60606060606061,66.66666666666667,14.04095127364278,4.704474169067799
61.61616161616162,66.66666666666667,17.37978819194538,4.840750903487019
62.62626262626263,66.66666666666667,34.78989598445516,3.620710710333747
63.63636363636364,66.66666666666667,22.39395177278396,4.69607127208076
64.64646464646465,66.66666666666667,27.97131812189721,4.856595710645875
65.65656565656566,66.66666666666667,10.93319274016851,3.513976034775252
66.66666666666667,66.66666666666667,14.9726502086814,4.825609838784046
67.67676767676768,66.66666666666667,24.35313225050453,4.436160331376883
68.68686868686869,66.66666666666667,14.57574225425589,5.563683397940522
69.6969696969697,66.66666666666667,11.16857609625838,5.0211856357431
70.70707070707071,66.66666666666667,29.59937063518577,4.743545348124855
71.71717171717172,66.66666666666667,11.73668787097076,3.917853107216047
72.72727272727273,66.66666666666667,12.53966126843234,5.120344102938347
73.73737373737374,66.66666666666667,24.05114014163369,4.51243443470928
74.74747474747475,66.66666666666667,12.70235966091032,4.629769589050719
75.75757575757576,66.66666666666667,20.10286643316721,4.855802603960468
76.76767676767678,66.66666666666667,38.1760322590786,3.836060820665764
77.77777777777779,66.66666666666667,29.13352598486697,4.125403659411241
78.7878787878788,66.66666666666667,20.56998374593981,4.01289805808503
79.7979797979798,66.66666666666667,31.7952877458981,4.136136867009069
80.80808080808082,66.66666666666667,25.26781974330131,4.567088597386538
81.81818181818183,66.66666666666667,28.34805876824896,3.52542023682151
82.82828282828284,66.66666666666667,26.16463838900611,4.238198308810818
83.83838383838385,66.66666666666667,19.89978096377363,3.856255001399918
84.84848484848486,66.66666666666667,27.16800301118927,4.103847951043127
85.85858585858587,66.66666666666667,28.23857829724097,5.058496334687558
86.86868686868688,66.66666666666667,26.08279641969512,5.946957896298182
87.87878787878789,66.66666666666667,15.50840563397953,4.017070882434936
88.8888888888889,66.66666666666667,20.93280902272813,4.812775615709838
89.89898989898991,66.66666666666667,24.33472325669887,4.971347424276158
90.90909090909092,66.66666666666667,18.64873323250667,4.644789783532962
91.91919191919193,66.66666666666667,23.58428068323241,5.043482675374736
92.92929292929294,66.66666666666667,17.0946199176936,3.07863631498472
93.93939393939395,66.66666666666667,18.52522125817784,5.0039728685636
94.94949494949496,66.66666666666667,12.45542718434111,4.774324081569141
95.95959595959597,66.66666666666667,20.88206382101916,4.734204996520221
96.96969696969697,66.66666666666667,18.14669338745773,4.231736301901659
97.97979797979798,66.66666666666667,26.22561725644911,5.087116047501551
98.98989898989899,66.66666666666667,31.7214077609616,4.328667885242666
100.0,66.66666666666667,12.08640493214404,4.671660870656681
0.0,67.67676767676768,18.22304052055438,1.649304501152497
1.01010101010101,67.67676767676768,19.96997838379772,1.037950883439923
2.02020202020202,67.67676767676768,26.261380011903,4.038241841222523
3.03030303030303,67.67676767676768,22.05068304174374,4.123797684253633
4.040404040404041,67.67676767676768,26.97160514500482,5.317138418592068
5.050505050505051,67.67676767676768,14.72067836574143,4.197442552860345
6.060606060606061,67.67676767676768,21.78991497289905,4.899099175228848
7.070707070707071,67.67676767676768,31.39083465556424,3.071580561275481
8.080808080808081,67.67676767676768,16.55238027356759,3.927344124828251
9.090909090909092,67.67676767676768,26.5144512000686,4.553939115701453
10.1010101010101,67.67676767676768,26.15557014005182,3.075436509045736
11.11111111111111,67.67676767676768,17.8112783706246,3.861181496964375
12.12121212121212,67.67676767676768,13.7117280130916,5.403997504267617
13.13131313131313,67.67676767676768,31.92438914230675,4.890117466361374
14.14141414141414,67.67676767676768,19.32151323912747,3.953432171176857
15.15151515151515,67.67676767676768,29.36378657129075,5.477101272115622
16.16161616161616,67.67676767676768,22.28971236720323,3.775400508155349
17.17171717171717,67.67676767676768,18.80753253759788,4.092440606220881
18.18181818181818,67.67676767676768,20.43562462302362,3.903364591546718
19.19191919191919,67.67676767676768,9.839774418157385,5.086075242256437
20.2020202020202,67.67676767676768,16.95817792704971,3.470785876605995
21.21212121212121,67.67676767676768,17.16833317272975,4.836436292262678
22.22222222222222,67.67676767676768,12.53495520201389,6.269084442544375
23.23232323232324,67.67676767676768,15.01367268316596,4.089982872836634
24.24242424242424,67.67676767676768,19.1286029433088,5.083306251370262
25.25252525252525,67.67676767676768,10.88237603693084,4.286040021666063
26.26262626262626,67.67676767676768,17.18401753460874,5.810830109400715
27.27272727272727,67.67676767676768,28.12558968875105,4.576358711115284
28.28282828282828,67.67676767676768,18.624012502991,3.91996860748978
29.29292929292929,67.67676767676768,21.26943769082495,3.795029646720019
30.3030303030303,67.67676767676768,11.87124308446934,1.732328703577914
31.31313131313131,67.67676767676768,8.870400076781202,2.04974295023831
32.32323232323233,67.67676767676768,8.53588643533577,1.64126713327677
33.33333333333334,67.67676767676768,32.54519603038248,4.09419814569565
34.34343434343435,67.67676767676768,13.00501387730508,5.387519242811648
35.35353535353536,67.67676767676768,29.52258213039728,4.924996467400584
36.36363636363637,67.67676767676768,21.32390252668215,3.95907493757936
37.37373737373738,67.67676767676768,20.65312672377624,2.54410857016881
38.38383838383839,67.67676767676768,23.57023823042085,5.421040425279439
39.3939393939394,67.67676767676768,20.85188083456896,5.228394976350756
40.40404040404041,67.67676767676768,23.77387384289767,2.877389545602432
41.41414141414142,67.67676767676768,28.77443417683778,4.466134749273474
42.42424242424243,67.67676767676768,17.40961441537706,4.217159991324492
43.43434343434344,67.67676767676768,24.59764646819927,6.011746598682822
44.44444444444445,67.67676767676768,20.83216451740838,3.939743217213244
45.45454545454546,67.67676767676768,15.68169687689956,4.10791536762599
46.46464646464647,67.67676767676768,23.76972013907356,4.343877339987503
47.47474747474748,67.67676767676768,37.59116088119958,4.977506559202016
48.48484848484848,67.67676767676768,21.51172041061571,4.711088595780755
49.49494949494949,67.67676767676768,24.19873351455669,5.361946449493708
50.50505050505051,67.67676767676768,24.6656663990042,3.728966537676904
51.51515151515152,67.67676767676768,21.52895844246349,4.889998326850209
52.52525252525253,67.67676767676768,18.79173389288372,4.644651177845326
53.53535353535354,67.67676767676768,20.2389432544932,3.817561920116541
54.54545454545455,67.67676767676768,19.43119458299438,5.592835443597117
55.55555555555556,67.67676767676768,27.62273959095922,5.755334133659513
56.56565656565657,67.67676767676768,15.61980825781855,4.251249439297088
57.57575757575758,67.67676767676768,24.19995577179493,4.909860625397251
58.58585858585859,67.67676767676768,18.7183220527588,4.557332120222997
59.5959595959596,67.67676767676768,28.8669814263427,5.462555116917889
60.60606060606061,67.67676767676768,27.29234574930208,6.005860725685225
61.61616161616162,67.67676767676768,14.41341551602078,1.381977172103531
62.62626262626263,67.67676767676768,25.19518485752029,1.924986355643786
63.63636363636364,67.67676767676768,11.80457492364506,1.962397187826983
64.64646464646465,67.67676767676768,24.11609647494183,5.599397091636144
65.65656565656566,67.67676767676768,10.69536329202701,5.65862823417241
66.66666666666667,67.67676767676768,25.09333445615474,4.457981819935647
67.67676767676768,67.67676767676768,21.62205393350851,4.103473220564147
68.68686868686869,67.67676767676768,19.0283885216701,3.723066579097111
69.6969696969697,67.67676767676768,18.95456547817307,3.3010758712996
70.70707070707071,67.67676767676768,35.04096957643781,4.958297486733152
71.71717171717172,67.67676767676768,26.68285195001421,4.426627011106281
72.72727272727273,67.67676767676768,22.4094616584577,5.340359658638945
73.73737373737374,67.67676767676768,14.39073889445805,5.014376693608547
74.74747474747475,67.67676767676768,12.32885124922809,4.969237688226103
75.75757575757576,67.67676767676768,23.45768718867774,3.130268324469966
76.76767676767678,67.67676767676768,21.45324499452218,4.732338481546347
77.77777777777779,67.67676767676768,19.52463305263317,5.754940498533226
78.7878787878788,67.67676767676768,22.0924040947413,3.297588739585747
79.7979797979798,67.67676767676768,18.16348780666314,4.228490358931505
80.80808080808082,67.67676767676768,12.40166247231679,3.666690330539681
81.81818181818183,67.67676767676768,20.35363599210004,5.477100296485457
82.82828282828284,67.67676767676768,12.92660095437255,4.234718299606423
83.83838383838385,67.67676767676768,20.95546137599809,4.711331036505888
84.84848484848486,67.67676767676768,31.66211848474048,4.375044584994359
85.85858585858587,67.67676767676768,30.58776271522526,3.315300947174773
86.86868686868688,67.67676767676768,19.76261343580737,6.287442560663115
87.87878787878789,67.67676767676768,25.30316110395377,4.75274608290153
88.8888888888889,67.67676767676768,31.66834577193328,5.280627931252901
89.89898989898991,67.67676767676768,18.50510862721489,4.57324008948161
90.90909090909092,67.67676767676768,27.3077349807807,4.890718289266069
91.91919191919193,67.67676767676768,31.0115660693195,4.967683555756818
92.92929292929294,67.67676767676768,23.24229281580365,4.059098103077053
93.93939393939395,67.67676767676768,10.15800329565447,1.801684323645
94.94949494949496,67.67676767676768,14.89341459252967,1.771402212979303
95.95959595959597,67.67676767676768,16.76274325243639,4.525098118442584
96.96969696969697,67.67676767676768,24.60656744262146,4.663654384703806
97.97979797979798,67.67676767676768,26.33927951923813,4.190254542037362
98.98989898989899,67.67676767676768,18.40413990659247,3.773850836724226
100.0,67.67676767676768,29.77918753345173,4.0961347175533
0.0,68.68686868686869,13.33028930931036,2.230057304473066
1.01010101010101,68.68686868686869,14.18445092790861,1.47057006423415
2.02020202020202,68.68686868686869,2.308948868428832,2.158745725019821
3.03030303030303,68.68686868686869,11.31562378093358,1.207620339716154
4.040404040404041,68.68686868686869,29.42552939919924,4.093278637945564
5.050505050505051,68.68686868686869,25.84256773746895,4.770276991693668
6.060606060606061,68.68686868686869,13.42331686592301,4.191711083870247
7.070707070707071,68.68686868686869,26.33423007126369,4.288855011398955
8.080808080808081,68.68686868686869,10.32583272675215,5.044820952325128
9.090909090909092,68.68686868686869,21.1028448200413,5.397022618074745
10.1010101010101,68.68686868686869,20.49458453135006,3.791823466856881
11.11111111111111,68.68686868686869,26.30231797917819,5.616568786462493
12.12121212121212,68.68686868686869,12.91823439079979,3.914240837461783
13.13131313131313,68.68686868686869,11.17876206631874,4.064523823724958
14.14141414141414,68.68686868686869,28.57920780706144,5.107218139879095
15.15151515151515,68.68686868686869,19.07801371281883,4.918183121437236
16.16161616161616,68.68686868686869,28.78202823327893,5.347161569983031
17.17171717171717,68.68686868686869,32.25971230201503,4.360538560241843
18.18181818181818,68.68686868686869,23.51108586514161,5.228034539882318
19.19191919191919,68.68686868686869,18.81338975807693,3.422038618384247
20.2020202020202,68.68686868686869,24.49810010981435,4.612162143979496
21.21212121212121,68.68686868686869,17.57220830662627,5.240375289193707
22.22222222222222,68.68686868686869,21.94951549025358,5.253996154369026
23.23232323232324,68.68686868686869,27.12448992408492,5.283881459137188
24.24242424242424,68.68686868686869,28.4753723873035,4.795027495234097
25.25252525252525,68.68686868686869,11.79010359695572,5.050366260279218
26.26262626262626,68.68686868686869,20.98601633922527,5.602707515258511
27.27272727272727,68.68686868686869,26.1216773505728,3.915929087730023
28.28282828282828,68.68686868686869,22.54271868529636,2.258001043629684
29.29292929292929,68.68686868686869,12.54036783230947,1.531469458222358
30.3030303030303,68.68686868686869,9.625415195821592,1.964559326463449
31.31313131313131,68.68686868686869,15.84659639961538,1.452153149247657
32.32323232323233,68.68686868686869,6.332734894376101,2.227994975251184
33.33333333333334,68.68686868686869,19.12509754687088,1.950055420742326
34.34343434343435,68.68686868686869,13.52417017750115,1.212336123502957
35.35353535353536,68.68686868686869,23.16994308626075,4.64598220348521
36.36363636363637,68.68686868686869,18.72657323610468,3.815491024647627
37.37373737373738,68.68686868686869,19.74344957693951,4.889345911328643
38.38383838383839,68.68686868686869,18.80120703744419,3.504614539785501
39.3939393939394,68.68686868686869,12.47276141544523,3.738927858554343
40.40404040404041,68.68686868686869,13.9512122092462,4.056070111891284
41.41414141414142,68.68686868686869,21.44536016819716,4.753742233698132
42.42424242424243,68.68686868686869,31.84706822563571,4.30935475217554
43.43434343434344,68.68686868686869,23.73882398584444,4.739431246241806
44.44444444444445,68.68686868686869,7.035605987676162,4.24416534687902
45.45454545454546,68.68686868686869,30.61447806659786,4.621956385874438
46.46464646464647,68.68686868686869,19.8548478287195,4.267557540440579
47.47474747474748,68.68686868686869,24.85022247756983,5.099085387542391
48.48484848484848,68.68686868686869,16.13335584674393,3.274949640108431
49.49494949494949,68.68686868686869,18.17179339454632,3.308370583642947
50.50505050505051,68.68686868686869,18.0615545311071,4.405772950524408
51.51515151515152,68.68686868686869,21.14401244309866,3.691600811281768
52.52525252525253,68.68686868686869,26.01243120830958,6.120582576126111
53.53535353535354,68.68686868686869,25.550648939719,3.764927342316227
54.54545454545455,68.68686868686869,21.6507566672532,5.360893797946573
55.55555555555556,68.68686868686869,12.07059538507135,4.833433397918538
56.56565656565657,68.68686868686869,6.738496304777466,4.192658030019574
57.57575757575758,68.68686868686869,22.43813384011879,3.932581979040807
58.58585858585859,68.68686868686869,18.85385793087978,5.263651194109046
59.5959595959596,68.68686868686869,15.89501098688732,1.024911871242452
60.60606060606061,68.68686868686869,18.49619311729439,1.51632348414323
61.61616161616162,68.68686868686869,4.480874936746388,2.07365102743164
62.62626262626263,68.68686868686869,11.5032377906114,2.198166810707017
63.63636363636364,68.68686868686869,17.76382904212146,0.9285028778868456
64.64646464646465,68.68686868686869,7.38797025479604,1.978581993382333
65.65656565656566,68.68686868686869,16.06429904004317,1.491460397735371
66.66666666666667,68.68686868686869,30.81378303829432,4.73832587678309
67.67676767676768,68.68686868686869,26.38286861391608,2.871967883219601
68.68686868686869,68.68686868686869,19.19097393094704,4.826719178979463
69.6969696969697,68.68686868686869,28.14504064283124,4.053351080337631
70.70707070707071,68.68686868686869,22.19188900517192,3.663166588819097
71.71717171717172,68.68686868686869,20.16608042106156,4.131789748158316
72.72727272727273,68.68686868686869,18.3967007589752,4.749312182123442
73.73737373737374,68.68686868686869,23.13341008273995,3.770767684025606
74.74747474747475,68.68686868686869,27.87648283482558,4.116092061430597
75.75757575757576,68.68686868686869,25.73093930561896,5.734190078605104
76.76767676767678,68.68686868686869,18.23396838034143,4.243085842675641
77.77777777777779,68.68686868686869,19.47534650742259,4.869057520502148
78.7878787878788,68.68686868686869,20.32270231852234,3.685808884909436
79.7979797979798,68.68686868686869,23.67694410326509,4.544431361234633
80.80808080808082,68.68686868686869,22.56430475533721,5.260346322206243
81.81818181818183,68.68686868686869,36.73675075126559,5.137576730306399
82.82828282828284,68.68686868686869,12.81775955278841,5.056492801659016
83.83838383838385,68.68686868686869,18.50170256112288,3.846445498091171
84.84848484848486,68.68686868686869,29.08580234817599,5.057733370560957
85.85858585858587,68.68686868686869,29.08944039550333,4.230906546962734
86.86868686868688,68.68686868686869,13.19139494973149,4.520551384152941
87.87878787878789,68.68686868686869,15.22550393811176,4.944309908661239
88.8888888888889,68.68686868686869,29.48481823697017,4.723650437931503
89.89898989898991,68.68686868686869,26.63652711388146,5.133971092854396
90.90909090909092,68.68686868686869,14.50712835484887,4.498807679219438
91.91919191919193,68.68686868686869,12.27859695924577,0.7531816067513377
92.92929292929294,68.68686868686869,19.63843145810969,1.139303142925548
93.93939393939395,68.68686868686869,17.3578932986255,1.247539026099699
94.94949494949496,68.68686868686869,21.5985518737786,1.724953687105195
95.95959595959597,68.68686868686869,14.33976094006688,2.30020053602681
96.96969696969697,68.68686868686869,14.15299242137884,1.989396863138814
97.97979797979798,68.68686868686869,25.33746741305831,5.132745924644928
98.98989898989899,68.68686868686869,21.19150897205817,3.65395777633532
100.0,68.68686868686869,17.39260459770048,4.106935995192726
0.0,69.6969696969697,15.27616720649969,2.138972762107646
1.01010101010101,69.6969696969697,11.41364144613112,1.329861767286804
2.02020202020202,69.6969696969697,17.32708214272047,0.4548309230136118
3.03030303030303,69.6969696969697,5.130995505264922,1.957522889048415
4.040404040404041,69.6969696969697,9.571364900602227,1.745273010297286
5.050505050505051,69.6969696969697,20.97250487365102,4.571837680298791
6.060606060606061,69.6969696969697,30.93996903602867,4.664927777650934
7.070707070707071,69.6969696969697,33.48780561806323,3.519813308549053
8.080808080808081,69.6969696969697,29.58249500778911,4.743736096628874
9.090909090909092,69.6969696969697,14.27877962687548,4.983883693989616
10.1010101010101,69.6969696969697,24.06467911680787,4.862538703256598
11.11111111111111,69.6969696969697,17.41393160802221,4.42570111810602
12.12121212121212,69.6969696969697,30.8055246087646,4.754665696785545
13.13131313131313,69.6969696969697,30.56082967232178,4.177875579656384
14.14141414141414,69.6969696969697,20.43693894971526,4.230240352846883
15.15151515151515,69.6969696969697,14.21883146538136,4.557274056651154
16.16161616161616,69.6969696969697,32.47978568970916,4.379642612404178
17.17171717171717,69.6969696969697,23.9527932911444,4.504297557271903
18.18181818181818,69.6969696969697,18.89663407311682,4.422108303434221
19.19191919191919,69.6969696969697,20.37082130780196,4.634378594379829
20.2020202020202,69.6969696969697,17.86459589407135,3.801679376534254
21.21212121212121,69.6969696969697,31.1463165964169,5.287341084369872
22.22222222222222,69.6969696969697,17.93042104648284,4.396814605079546
23.23232323232324,69.6969696969697,26.96120196640651,4.778515597886456
24.24242424242424,69.6969696969697,28.63039268092207,4.830888989555381
25.25252525252525,69.6969696969697,15.82038885588158,3.711994303411771
26.26262626262626,69.6969696969697,24.66379056021999,6.211461833325521
27.27272727272727,69.6969696969697,12.55618050787458,0.9336013203624642
28.28282828282828,69.6969696969697,25.57967312372021,0.469298482271986
29.29292929292929,69.6969696969697,15.2031252142144,0.8170296001965598
30.3030303030303,69.6969696969697,7.768884050199123,1.332015346825382
31.31313131313131,69.6969696969697,16.57744652559187,1.666968292689462
32.32323232323233,69.6969696969697,13.19314203069517,1.167248186279446
33.33333333333334,69.6969696969697,19.20722750666939,1.426271524293469
34.34343434343435,69.6969696969697,17.22922725317836,1.803495160214255
35.35353535353536,69.6969696969697,12.66860330468666,1.535230102369915
36.36363636363637,69.6969696969697,17.1514425014398,5.020308332912509
37.37373737373738,69.6969696969697,24.95415303448883,4.497812006592918
38.38383838383839,69.6969696969697,26.49243236033828,4.842094210199695
39.3939393939394,69.6969696969697,26.88898241514613,4.316480160320687
40.40404040404041,69.6969696969697,1.213704016398003,3.451208811536048
41.41414141414142,69.6969696969697,31.38893194433448,3.769605285672937
42.42424242424243,69.6969696969697,24.62841758233261,3.797509997601797
43.43434343434344,69.6969696969697,10.83123703509902,5.331679648694519
44.44444444444445,69.6969696969697,11.84814192919251,4.359641482123639
45.45454545454546,69.6969696969697,21.08570390332612,4.232453119718484
46.46464646464647,69.6969696969697,20.5173490063029,5.519049136482803
47.47474747474748,69.6969696969697,23.34874720706302,5.354124706079868
48.48484848484848,69.6969696969697,12.03598054796015,3.979495298361143
49.49494949494949,69.6969696969697,28.16831423264539,5.143057786492524
50.50505050505051,69.6969696969697,26.88527640268121,5.098489419709282
51.51515151515152,69.6969696969697,27.11586953132908,4.908981586646321
52.52525252525253,69.6969696969697,22.0918550957384,4.550641816069253
53.53535353535354,69.6969696969697,8.828617507398066,5.213288935576648
54.54545454545455,69.6969696969697,18.96943029000728,3.172031894112913
55.55555555555556,69.6969696969697,33.29416902626136,5.186249021518694
56.56565656565657,69.6969696969697,22.93415830797521,4.988861340900806
57.57575757575758,69.6969696969697,26.58216867247817,3.947743085516547
58.58585858585859,69.6969696969697,28.6770830556178,1.652857607093164
59.5959595959596,69.6969696969697,21.10765632535043,1.497184049453579
60.60606060606061,69.6969696969697,11.90700727909591,2.595386009215753
61.61616161616162,69.6969696969697,19.17482495429793,2.398946775244139
62.62626262626263,69.6969696969697,15.39638500093314,2.103775644308142
63.63636363636364,69.6969696969697,8.354416379060684,0.7621122538932564
64.64646464646465,69.6969696969697,18.91728401774693,1.549199412503264
65.65656565656566,69.6969696969697,18.93273507266169,1.027032779768875
66.66666666666667,69.6969696969697,17.01686196822887,1.635169628228185
67.67676767676768,69.6969696969697,18.89696233929014,5.591432558017002
68.68686868686869,69.6969696969697,16.72940823744907,4.035432045572674
69.6969696969697,69.6969696969697,17.75197201099172,4.109220126105164
70.70707070707071,69.6969696969697,23.35114763836997,4.635703584378116
71.71717171717172,69.6969696969697,25.61891028118951,5.41443022210857
72.72727272727273,69.6969696969697,25.30230853647206,5.654088307001515
73.73737373737374,69.6969696969697,24.92717875364155,4.199306559793978
74.74747474747475,69.6969696969697,27.15834147516809,5.722450396149554
75.75757575757576,69.6969696969697,8.612294184238742,4.834029108117076
76.76767676767678,69.6969696969697,20.68742748113013,2.82711230035381
77.77777777777779,69.6969696969697,12.13367127240412,4.321135008939242
78.7878787878788,69.6969696969697,11.75722230520225,5.389434140035188
79.7979797979798,69.6969696969697,15.56719342245502,5.004456481781126
80.80808080808082,69.6969696969697,20.11851617960723,4.305397728153011
81.81818181818183,69.6969696969697,26.40944382170569,4.677579594716249
82.82828282828284,69.6969696969697,17.16814289402884,5.419729069149228
83.83838383838385,69.6969696969697,20.59342337062565,5.824888818276695
84.84848484848486,69.6969696969697,18.26711902202793,4.276909496413167
85.85858585858587,69.6969696969697,23.43321583413791,4.684022215707665
86.86868686868688,69.6969696969697,19.77792007563481,4.667016716370273
87.87878787878789,69.6969696969697,18.1840178749085,4.927742853420206
88.8888888888889,69.6969696969697,34.49953459350547,2.911148110317073
89.89898989898991,69.6969696969697,18.72783549182044,1.076352554577948
90.90909090909092,69.6969696969697,8.342003398126957,0.9177322138474177
91.91919191919193,69.6969696969697,18.59032532158122,1.60429100464278
92.92929292929294,69.6969696969697,12.3234753514267,1.092683026171755
93.93939393939395,69.6969696969697,10.0176444080491,1.611909096954999
94.94949494949496,69.6969696969697,15.2708514535332,1.350440972489731
95.95959595959597,69.6969696969697,10.06830060381109,2.846547450843716
96.96969696969697,69.6969696969697,13.93029531239116,1.607384839169544
97.97979797979798,69.6969696969697,4.919607001850056,1.32226387836511
98.98989898989899,69.6969696969697,15.91393751219995,1.869592558371871
100.0,69.6969696969697,13.54751261263358,3.981345913965372
0.0,70.70707070707071,12.46149273189775,1.747033868035023
1.01010101010101,70.70707070707071,14.04669501356307,0.7530171021701372
2.02020202020202,70.70707070707071,21.81220549119935,2.188508616004684
3.03030303030303,70.70707070707071,21.52234145062424,0.7456615944172914
4.040404040404041,70.70707070707071,23.23877364087121,1.536847914287395
5.050505050505051,70.70707070707071,17.17728079382723,1.389593874142031
6.060606060606061,70.70707070707071,18.82929112111646,4.949958308762048
7.070707070707071,70.70707070707071,20.06024783993552,4.753147409562993
8.080808080808081,70.70707070707071,29.98764894685174,4.449861182484796
9.090909090909092,70.70707070707071,26.45823165894636,5.389952694651413
10.1010101010101,70.70707070707071,20.96301447558556,4.520237568000006
11.11111111111111,70.70707070707071,27.43641445504813,4.399339748172535
12.12121212121212,70.70707070707071,11.45671806135507,4.077176193362655
13.13131313131313,70.70707070707071,32.21092774724793,3.728613084637621
14.14141414141414,70.70707070707071,22.86637391987136,4.953051530584948
15.15151515151515,70.70707070707071,33.79432735215991,5.670793060573502
16.16161616161616,70.70707070707071,24.22480080563533,5.342163935515774
17.17171717171717,70.70707070707071,20.78100637020943,5.503518922531217
18.18181818181818,70.70707070707071,23.10861608576313,4.377531841754376
19.19191919191919,70.70707070707071,16.50593744887813,3.616726036141484
20.2020202020202,70.70707070707071,17.87625781496808,3.7870130074266
21.21212121212121,70.70707070707071,19.63484489071589,4.693152704892707
22.22222222222222,70.70707070707071,14.64883516353625,5.368161072220065
23.23232323232324,70.70707070707071,30.94087769358635,5.194640536081337
24.24242424242424,70.70707070707071,21.17699371253435,3.304687693761043
25.25252525252525,70.70707070707071,24.95779901929965,4.32962424579703
26.26262626262626,70.70707070707071,11.51069711726896,1.401125380572505
27.27272727272727,70.70707070707071,10.66891373324305,1.590071412704833
28.28282828282828,70.70707070707071,21.44360798000277,1.336430136443834
29.29292929292929,70.70707070707071,7.97230561450079,0.9079824561863431
30.3030303030303,70.70707070707071,8.878901265852004,1.114728207778587
31.31313131313131,70.70707070707071,14.39797974193697,1.66857080929131
32.32323232323233,70.70707070707071,17.36700279303821,1.7255503700522
33.33333333333334,70.70707070707071,17.74539884340275,0.9903093326866467
34.34343434343435,70.70707070707071,16.73693466167348,0.9846729243734116
35.35353535353536,70.70707070707071,18.40694449933766,1.657550863942827
36.36363636363637,70.70707070707071,8.572488990724187,0.9218571999487448
37.37373737373738,70.70707070707071,15.91419771590715,5.233652983911609
38.38383838383839,70.70707070707071,20.07209050717934,4.600973613200335
39.3939393939394,70.70707070707071,5.650079448749887,5.601354930672757
40.40404040404041,70.70707070707071,20.90623547809028,5.039610838256747
41.41414141414142,70.70707070707071,9.704960467386758,4.854970015169767
42.42424242424243,70.70707070707071,29.44036288376911,4.376306350713746
43.43434343434344,70.70707070707071,13.88541255444804,5.961253715990784
44.44444444444445,70.70707070707071,20.68993257552615,4.487592584307142
45.45454545454546,70.70707070707071,33.27545563996764,5.668408318056436
46.46464646464647,70.70707070707071,31.87620546408816,5.703868306526246
47.47474747474748,70.70707070707071,21.70470376650468,5.081023755795951
48.48484848484848,70.70707070707071,18.56449409577908,4.077248449104889
49.49494949494949,70.70707070707071,34.32312828842176,3.874857536547363
50.50505050505051,70.70707070707071,20.50610532555306,4.373161482144308
51.51515151515152,70.70707070707071,22.07179959959148,4.298903393058984
52.52525252525253,70.70707070707071,34.70314556005994,4.212268217688317
53.53535353535354,70.70707070707071,20.29900179687626,5.243111344793288
54.54545454545455,70.70707070707071,20.88353099487627,5.522529060965608
55.55555555555556,70.70707070707071,11.51338032015981,5.184052893305611
56.56565656565657,70.70707070707071,20.52478123031202,3.273448710114967
57.57575757575758,70.70707070707071,21.7389574732381,1.451960490508356
58.58585858585859,70.70707070707071,12.33110703939791,1.476039056569908
59.5959595959596,70.70707070707071,13.45451365937352,1.222200131912883
60.60606060606061,70.70707070707071,12.23796982340968,1.292741262904044
61.61616161616162,70.70707070707071,17.95524708074807,1.162221512700141
62.62626262626263,70.70707070707071,12.6978036445072,2.032551108241363
63.63636363636364,70.70707070707071,16.71518013902109,1.879001995004415
64.64646464646465,70.70707070707071,8.399889104674251,1.570690708813535
65.65656565656566,70.70707070707071,14.24279241617738,2.784633258296967
66.66666666666667,70.70707070707071,26.26089909431406,1.921377703784847
67.67676767676768,70.70707070707071,18.33903281274945,0.5525580210775768
68.68686868686869,70.70707070707071,21.78967727499726,4.865818055093728
69.6969696969697,70.70707070707071,24.80815511391103,4.11822705201898
70.70707070707071,70.70707070707071,20.92559376718038,3.326555868426105
71.71717171717172,70.70707070707071,13.46343240639122,4.278364257176897
72.72727272727273,70.70707070707071,10.3705045130473,4.930156983821303
73.73737373737374,70.70707070707071,22.82852075216976,4.569146357526211
74.74747474747475,70.70707070707071,22.13940093111729,3.340197353781999
75.75757575757576,70.70707070707071,29.06363278813641,3.660478452421784
76.76767676767678,70.70707070707071,28.01349308308081,4.991878907054597
77.77777777777779,70.70707070707071,14.9501036318536,4.051372356406964
78.7878787878788,70.70707070707071,23.19579057837064,4.056666633800925
79.7979797979798,70.70707070707071,19.35751410436574,5.553009761475262
80.80808080808082,70.70707070707071,12.82348500609001,4.24318167693565
81.81818181818183,70.70707070707071,9.932815125589535,5.757172314434819
82.82828282828284,70.70707070707071,15.38402531135117,4.156577414306538
83.83838383838385,70.70707070707071,25.34319712202563,4.13117141866991
84.84848484848486,70.70707070707071,21.63714321461488,5.771043167884854
85.85858585858587,70.70707070707071,25.53997753484454,4.791078547376106
86.86868686868688,70.70707070707071,17.17657106023701,3.335047076360833
87.87878787878789,70.70707070707071,20.86554473034446,6.085174468543228
88.8888888888889,70.70707070707071,16.42800417824468,1.475738396496782
89.89898989898991,70.70707070707071,6.187382075732653,1.582912633999202
90.90909090909092,70.70707070707071,21.37096219287166,1.487166243423286
91.91919191919193,70.70707070707071,12.51716539692115,1.743978935323286
92.92929292929294,70.70707070707071,19.96193711803157,2.165411304692962
93.93939393939395,70.70707070707071,19.72379695831832,0.735608779280577
94.94949494949496,70.70707070707071,17.04313465989137,1.612097541446696
95.95959595959597,70.70707070707071,14.59508461779376,1.90261826287926
96.96969696969697,70.70707070707071,16.1894177287161,0.4690352807299826
97.97979797979798,70.70707070707071,27.78505508650645,1.457606139746823
98.98989898989899,70.70707070707071,11.51365804360901,1.360165042220558
100.0,70.70707070707071,26.23305859789551,0.8308509559584069
0.0,71.71717171717172,13.90725188773862,1.006958462422619
1.01010101010101,71.71717171717172,20.58280446177594,1.14848005547776
2.02020202020202,71.71717171717172,13.04221908605778,1.488380268544935
3.03030303030303,71.71717171717172,26.12627141352249,1.729356400021647
4.040404040404041,71.71717171717172,9.792400505646352,1.512636543738302
5.050505050505051,71.71717171717172,12.026095096682,1.094738565823804
6.060606060606061,71.71717171717172,13.97747516504893,1.640668015088434
7.070707070707071,71.71717171717172,9.752387243069464,4.89186468018151
8.080808080808081,71.71717171717172,22.59473093216852,4.382354280636122
9.090909090909092,71.71717171717172,18.50833059471882,4.115851058185043
10.1010101010101,71.71717171717172,16.47905021631185,4.241717189585321
11.11111111111111,71.71717171717172,12.48861593091688,2.096279846837974
12.12121212121212,71.71717171717172,39.61671987261247,5.384721123956724
13.13131313131313,71.71717171717172,13.08974460183973,4.007646943508293
14.14141414141414,71.71717171717172,20.41085473278274,4.383817136997637
15.15151515151515,71.71717171717172,30.37180208698611,4.521487898350219
16.16161616161616,71.71717171717172,16.12696963260268,4.695077939723046
17.17171717171717,71.71717171717172,27.67714622374218,4.688491278748489
18.18181818181818,71.71717171717172,20.88172472567673,3.960966683335495
19.19191919191919,71.71717171717172,19.51574715346471,4.665100244821677
20.2020202020202,71.71717171717172,25.3525679179174,3.426596029327682
21.21212121212121,71.71717171717172,22.61119243750601,5.725505848203793
22.22222222222222,71.71717171717172,20.61869342603698,3.810811071147196
23.23232323232324,71.71717171717172,20.07199486241494,3.109829992255727
24.24242424242424,71.71717171717172,23.10822081519865,4.228245260033568
25.25252525252525,71.71717171717172,23.84390910829406,1.676154655596764
26.26262626262626,71.71717171717172,18.64140831225519,1.681155655775963
27.27272727272727,71.71717171717172,13.08866236218602,1.231768823190835
28.28282828282828,71.71717171717172,24.23670421726311,1.843858051906218
29.29292929292929,71.71717171717172,13.20009379292761,1.259967409670211
30.3030303030303,71.71717171717172,10.79886609728119,1.40224273728073
31.31313131313131,71.71717171717172,3.799741538936773,1.462469709633807
32.32323232323233,71.71717171717172,17.29571915124973,1.20450364796155
33.33333333333334,71.71717171717172,18.42599227952041,1.960544962838895
34.34343434343435,71.71717171717172,12.41899486543913,0.5408113704647844
35.35353535353536,71.71717171717172,11.05475293712087,1.558799875586037
36.36363636363637,71.71717171717172,15.04843198596238,0.9231745458845901
37.37373737373738,71.71717171717172,15.7550962973893,1.825117086369349
38.38383838383839,71.71717171717172,13.62120479273062,3.440244848979711
39.3939393939394,71.71717171717172,7.159154737117959,4.408126823160445
40.40404040404041,71.71717171717172,24.01867232330393,4.313481756424687
41.41414141414142,71.71717171717172,21.5717616762486,3.892696846223536
42.42424242424243,71.71717171717172,20.47612632826354,4.528318265360694
43.43434343434344,71.71717171717172,27.71612424936384,3.148875169275491
44.44444444444445,71.71717171717172,17.54267698970883,4.587190851944322
45.45454545454546,71.71717171717172,5.511852046685442,6.12798724151968
46.46464646464647,71.71717171717172,21.41317947778628,3.693046507042591
47.47474747474748,71.71717171717172,19.75691540813803,2.980832454809304
48.48484848484848,71.71717171717172,31.4817865376919,5.54390832613901
49.49494949494949,71.71717171717172,11.82118730363981,4.149221928698435
50.50505050505051,71.71717171717172,17.19758250480525,5.670968734165173
51.51515151515152,71.71717171717172,29.3615689965455,4.319915570969227
52.52525252525253,71.71717171717172,23.5935695727693,5.027025983173228
53.53535353535354,71.71717171717172,19.67605070386434,4.543025749869026
54.54545454545455,71.71717171717172,30.0138585133702,4.980276784841441
55.55555555555556,71.71717171717172,12.39590149776916,5.632765734708451
56.56565656565657,71.71717171717172,7.415875735062052,1.535148679592973
57.57575757575758,71.71717171717172,14.91048359871565,1.745001401700982
58.58585858585859,71.71717171717172,11.29530676830739,2.943071645060718
59.5959595959596,71.71717171717172,18.61933552328872,1.576175756080428
60.60606060606061,71.71717171717172,18.5716136046364,1.583578331437298
61.61616161616162,71.71717171717172,6.141750281779689,1.712365540045056
62.62626262626263,71.71717171717172,14.85402960941578,0.5047823657335204
63.63636363636364,71.71717171717172,12.83833091316148,0.5262907794343396
64.64646464646465,71.71717171717172,10.29403303321237,2.00107755966886
65.65656565656566,71.71717171717172,15.66853691389409,2.479248927327864
66.66666666666667,71.71717171717172,15.63993329721392,2.594620076216965
67.67676767676768,71.71717171717172,16.97609014258829,1.483821234368498
68.68686868686869,71.71717171717172,22.41313466616038,1.459980573725164
69.6969696969697,71.71717171717172,11.0568942156244,1.251763525321469
70.70707070707071,71.71717171717172,22.33651941494912,5.249436718452369
71.71717171717172,71.71717171717172,29.58282311903753,4.546829217043171
72.72727272727273,71.71717171717172,24.70847435818131,4.3436184451678
73.73737373737374,71.71717171717172,16.81019736857463,4.35028001715689
74.74747474747475,71.71717171717172,17.56229419601872,4.529549312179905
75.75757575757576,71.71717171717172,23.02108715222554,5.113458735662481
76.76767676767678,71.71717171717172,27.12486808379973,4.037545107289345
77.77777777777779,71.71717171717172,16.16155824437464,5.297103241478113
78.7878787878788,71.71717171717172,18.52337888359695,4.118070994716364
79.7979797979798,71.71717171717172,26.07529895464888,5.356406851732808
80.80808080808082,71.71717171717172,18.20152999161673,1.850204070139474
81.81818181818183,71.71717171717172,20.96093452599648,4.022120405586508
82.82828282828284,71.71717171717172,21.33919428961147,5.155855609434708
83.83838383838385,71.71717171717172,11.65627967765044,4.525396670306061
84.84848484848486,71.71717171717172,26.43654711704897,4.276011861514855
85.85858585858587,71.71717171717172,19.98911856581158,3.9951511230279
86.86868686868688,71.71717171717172,22.61150974643218,5.020519026711333
87.87878787878789,71.71717171717172,16.5288324389631,2.220667679685556
88.8888888888889,71.71717171717172,20.28155423070632,1.537216424870083
89.89898989898991,71.71717171717172,9.352797317621954,1.477871655241006
90.90909090909092,71.71717171717172,11.90015298134293,0.7790136853156963
91.91919191919193,71.71717171717172,14.60850800252977,1.610766466999344
92.92929292929294,71.71717171717172,12.65934839543709,0.9472124711766647
93.93939393939395,71.71717171717172,19.97838541573881,1.856554865260219
94.94949494949496,71.71717171717172,24.67602946597923,1.406193774328231
95.95959595959597,71.71717171717172,20.4630004030177,1.196840900464096
96.96969696969697,71.71717171717172,9.496768824820986,2.051511182192958
97.97979797979798,71.71717171717172,11.13314515955965,1.184333826245522
98.98989898989899,71.71717171717172,12.81347636266498,1.006802210635708
100.0,71.71717171717172,11.29347042514453,1.828682677729806
0.0,72.72727272727273,9.95394680073334,2.188200328765645
1.01010101010101,72.72727272727273,3.433184810900556,1.035561823015699
2.02020202020202,72.72727272727273,17.22927107071083,1.575208409075302
3.03030303030303,72.72727272727273,12.39043468319857,0.1344056373159084
4.040404040404041,72.72727272727273,22.3545817597579,1.677790651726536
5.050505050505051,72.72727272727273,24.94300166982264,2.24170307090645
6.060606060606061,72.72727272727273,15.89262146104484,0.8045605979509244
7.070707070707071,72.72727272727273,13.68852131436411,1.665315384901824
8.080808080808081,72.72727272727273,19.55896927832659,4.389356487751945
9.090909090909092,72.72727272727273,26.18008550204291,4.422539697629722
10.1010101010101,72.72727272727273,22.07539975804931,4.723045568311045
11.11111111111111,72.72727272727273,11.62992567150558,5.551913922471988
12.12121212121212,72.72727272727273,20.14539901209778,4.612142005346721
13.13131313131313,72.72727272727273,17.07232195372353,6.553984212749378
14.14141414141414,72.72727272727273,24.51001184681094,4.174698990726193
15.15151515151515,72.72727272727273,17.74006057874057,5.194027529424786
16.16161616161616,72.72727272727273,19.11913987495438,5.71435626717521
17.17171717171717,72.72727272727273,28.31309394010195,5.271363063425718
18.18181818181818,72.72727272727273,26.08868010145209,4.93790699212019
19.19191919191919,72.72727272727273,35.97401433252137,5.383050708326627
20.2020202020202,72.72727272727273,26.69303052962361,5.362576723882392
21.21212121212121,72.72727272727273,17.0233151519054,4.80132364623617
22.22222222222222,72.72727272727273,24.01034024798307,4.078499801908639
23.23232323232324,72.72727272727273,16.26001191572384,4.221523860472266
24.24242424242424,72.72727272727273,19.10192038777061,0.8975594881965189
25.25252525252525,72.72727272727273,10.41715181532865,1.933232726447039
26.26262626262626,72.72727272727273,18.42343075814465,2.574386117142661
27.27272727272727,72.72727272727273,15.55832826670368,1.238724670764076
28.28282828282828,72.72727272727273,18.47864678482657,1.383357546089529
29.29292929292929,72.72727272727273,15.39505208939983,0.675256327371352
30.3030303030303,72.72727272727273,21.28237857311275,1.511282883519096
31.31313131313131,72.72727272727273,19.73613091491726,1.82155984035064
32.32323232323233,72.72727272727273,15.30083623181745,1.091872328454526
33.33333333333334,72.72727272727273,11.98403997904131,2.240119736706449
34.34343434343435,72.72727272727273,12.71605681905051,1.694469483127475
35.35353535353536,72.72727272727273,17.23838831674745,1.161090942515643
36.36363636363637,72.72727272727273,15.92738642752906,1.873001097646663
37.37373737373738,72.72727272727273,19.01140483909705,1.154999611898437
38.38383838383839,72.72727272727273,14.84338296254906,2.365541316108416
39.3939393939394,72.72727272727273,8.5315696518165,4.977668717828095
40.40404040404041,72.72727272727273,20.4205733249556,4.168446275488114
41.41414141414142,72.72727272727273,29.99001628594407,4.794428955519358
42.42424242424243,72.72727272727273,13.40537442031268,5.101530734880359
43.43434343434344,72.72727272727273,22.72777103323933,4.159528959927076
44.44444444444445,72.72727272727273,29.21759464035894,2.822687819787922
45.45454545454546,72.72727272727273,24.02260954016696,4.381303077736358
46.46464646464647,72.72727272727273,25.67039346883207,4.91838299039309
47.47474747474748,72.72727272727273,25.40605877955058,3.564494105750996
48.48484848484848,72.72727272727273,10.94398327598637,3.067175821564576
49.49494949494949,72.72727272727273,24.94967597942547,4.436569816349883
50.50505050505051,72.72727272727273,27.0825524861995,5.932591448913388
51.51515151515152,72.72727272727273,33.34528435481854,3.575069412341765
52.52525252525253,72.72727272727273,29.17613613328647,2.921380245021053
53.53535353535354,72.72727272727273,28.14039090962373,4.723287039685228
54.54545454545455,72.72727272727273,16.72501695067436,6.035816946790733
55.55555555555556,72.72727272727273,19.10569061378486,1.547812367093137
56.56565656565657,72.72727272727273,14.98301771428673,1.008502978497334
57.57575757575758,72.72727272727273,8.542494189709938,1.011435557087162
58.58585858585859,72.72727272727273,15.18556548400552,1.696311739412788
59.5959595959596,72.72727272727273,11.77291528010857,1.918901478492139
60.60606060606061,72.72727272727273,18.0963387614553,1.873536365268542
61.61616161616162,72.72727272727273,12.33209827566016,1.922496655056984
62.62626262626263,72.72727272727273,12.46920971189352,1.268101053572818
63.63636363636364,72.72727272727273,12.14316197674478,2.227698870976718
64.64646464646465,72.72727272727273,9.846070373730589,1.599836570779325
65.65656565656566,72.72727272727273,10.60756498838287,1.800375101993784
66.66666666666667,72.72727272727273,19.79697020935913,0.9856417082273987
67.67676767676768,72.72727272727273,21.3200231031057,2.213189200699099
68.68686868686869,72.72727272727273,21.52876539214884,1.532176069264009
69.6969696969697,72.72727272727273,21.38502416672913,1.384099945972396
70.70707070707071,72.72727272727273,33.33990800546209,4.714326650712914
71.71717171717172,72.72727272727273,16.58205170704342,4.377538392043613
72.72727272727273,72.72727272727273,7.012200531453087,3.894718042644533
73.73737373737374,72.72727272727273,17.69474027702824,4.84728395750999
74.74747474747475,72.72727272727273,13.52516263239487,3.464523887933932
75.75757575757576,72.72727272727273,8.181462436938771,5.08275346067559
76.76767676767678,72.72727272727273,29.07958164389002,5.362627489146505
77.77777777777779,72.72727272727273,17.3980721893823,3.818614966121037
78.7878787878788,72.72727272727273,22.74895917863353,4.339210879327633
79.7979797979798,72.72727272727273,27.49769076103672,4.124954147532377
80.80808080808082,72.72727272727273,32.57509330586756,5.798371212263676
81.81818181818183,72.72727272727273,14.86692049480173,5.061593924677497
82.82828282828284,72.72727272727273,25.65709618598461,4.393756575775429
83.83838383838385,72.72727272727273,10.47670524636199,4.113588340652909
84.84848484848486,72.72727272727273,17.30613227998626,5.882968815362544
85.85858585858587,72.72727272727273,33.83433388259108,5.275614632439444
86.86868686868688,72.72727272727273,9.26531748797094,1.278320491504631
87.87878787878789,72.72727272727273,21.64780923949476,1.000668545437447
88.8888888888889,72.72727272727273,23.04719103314473,1.904820198733923
89.89898989898991,72.72727272727273,15.58903345652224,1.593213811013464
90.90909090909092,72.72727272727273,18.80788124584912,2.172501842032651
91.91919191919193,72.72727272727273,13.20914574469516,1.493037516837074
92.92929292929294,72.72727272727273,9.448007622908284,2.284925436868403
93.93939393939395,72.72727272727273,13.87915787303064,2.537151058346793
94.94949494949496,72.72727272727273,14.26872949382792,1.370213179334255
95.95959595959597,72.72727272727273,14.70621018774103,2.097449521581776
96.96969696969697,72.72727272727273,14.55856107513829,1.315546278362073
97.97979797979798,72.72727272727273,15.55150575729792,1.831165904701101
98.98989898989899,72.72727272727273,21.00911265221284,1.44266601558056
100.0,72.72727272727273,17.4350157976392,1.164590096974655
0.0,73.73737373737374,13.81312181442304,1.672611233682894
1.01010101010101,73.73737373737374,10.58338478262699,1.709490275183255
2.02020202020202,73.73737373737374,17.95971087590353,0.6809607525589079
3.03030303030303,73.73737373737374,10.606706245528,1.267832003574822
4.040404040404041,73.73737373737374,13.79798231379332,1.794235736970258
5.050505050505051,73.73737373737374,11.50914972762139,1.775024049270765
6.060606060606061,73.73737373737374,16.79255504685383,1.17549234648687
7.070707070707071,73.73737373737374,16.80819714769848,1.481333540529502
8.080808080808081,73.73737373737374,21.69212715050266,1.715481800498897
9.090909090909092,73.73737373737374,25.57272990359831,3.83252407303264
10.1010101010101,73.73737373737374,20.47304427937602,5.388468099679733
11.11111111111111,73.73737373737374,18.05221892795814,4.467264695584764
12.12121212121212,73.73737373737374,29.59303971772856,4.253685706321594
13.13131313131313,73.73737373737374,14.15571489038527,3.992207746292354
14.14141414141414,73.73737373737374,9.834311548261566,4.344302583730737
15.15151515151515,73.73737373737374,14.7845631545826,4.310012038784152
16.16161616161616,73.73737373737374,25.88806026297827,5.022715625601943
17.17171717171717,73.73737373737374,25.49871530732545,4.334083352407045
18.18181818181818,73.73737373737374,27.86767066736296,3.416491652630711
19.19191919191919,73.73737373737374,23.88915128937571,3.831061042612095
20.2020202020202,73.73737373737374,8.467816636008394,4.217325729820063
21.21212121212121,73.73737373737374,22.45894524946224,3.871058848868511
22.22222222222222,73.73737373737374,26.10776574517292,3.763160834644667
23.23232323232324,73.73737373737374,11.45940355259409,2.020120645821717
24.24242424242424,73.73737373737374,18.84932303315085,1.225643508055055
25.25252525252525,73.73737373737374,14.16685113203774,1.615770983801016
26.26262626262626,73.73737373737374,9.290766989363185,1.67698591035397
27.27272727272727,73.73737373737374,14.13431140679102,1.496299979164428
28.28282828282828,73.73737373737374,12.993889895899,1.477943262060338
29.29292929292929,73.73737373737374,14.32280721746963,1.617608904247979
30.3030303030303,73.73737373737374,19.71381835243864,1.324815163655748
31.31313131313131,73.73737373737374,15.1950030380313,1.182572161271421
32.32323232323233,73.73737373737374,10.15663055421048,0.1317537101733332
33.33333333333334,73.73737373737374,8.387671126369442,1.484131882581207
34.34343434343435,73.73737373737374,6.230815680654872,1.917889515412732
35.35353535353536,73.73737373737374,14.8097891653751,1.547120311003237
36.36363636363637,73.73737373737374,17.46452413520829,1.406318370949916
37.37373737373738,73.73737373737374,22.04269494524441,1.729253612876596
38.38383838383839,73.73737373737374,11.73799161635808,1.862648325925185
39.3939393939394,73.73737373737374,19.78580835415702,0.9959827291994636
40.40404040404041,73.73737373737374,13.05359258327598,4.67266374238287
41.41414141414142,73.73737373737374,17.19047145156952,2.987297056056591
42.42424242424243,73.73737373737374,31.19614381992375,5.050702234517607
43.43434343434344,73.73737373737374,14.83922353694601,5.091876170157717
44.44444444444445,73.73737373737374,26.77676672586688,5.302487332560989
45.45454545454546,73.73737373737374,14.07234237413232,3.7149777873524
46.46464646464647,73.73737373737374,19.720282223497,4.532886297996792
47.47474747474748,73.73737373737374,26.22291654333774,3.452863475013611
48.48484848484848,73.73737373737374,19.50159210347236,4.559515704923405
49.49494949494949,73.73737373737374,25.96865729887929,3.223430486412753
50.50505050505051,73.73737373737374,19.46798355104183,3.68421814319336
51.51515151515152,73.73737373737374,21.51274420178959,3.743106891699864
52.52525252525253,73.73737373737374,30.58003655400456,5.515056761674358
53.53535353535354,73.73737373737374,25.02128174235814,3.858397394435874
54.54545454545455,73.73737373737374,23.59098944167251,0.912021187414293
55.55555555555556,73.73737373737374,17.04684702780656,1.406419766528027
56.56565656565657,73.73737373737374,7.41330482936222,1.596611529870062
57.57575757575758,73.73737373737374,5.827234473594485,1.666495868581733
58.58585858585859,73.73737373737374,8.964174048895647,1.039109655620184
59.5959595959596,73.73737373737374,12.73273434471908,0.9841987346220531
60.60606060606061,73.73737373737374,22.5761310629053,1.418308048301805
61.61616161616162,73.73737373737374,9.384645153249169,1.85687021811827
62.62626262626263,73.73737373737374,15.07392335720556,1.721104641601823
63.63636363636364,73.73737373737374,23.12428317593177,2.859794615248733
64.64646464646465,73.73737373737374,15.69159283551418,2.191869640193628
65.65656565656566,73.73737373737374,13.79967849739363,1.629365966416697
66.66666666666667,73.73737373737374,10.070973100847,1.26621838603856
67.67676767676768,73.73737373737374,19.21867296833386,1.743264167764947
68.68686868686869,73.73737373737374,19.08824508037468,1.86548711393212
69.6969696969697,73.73737373737374,17.97010884257998,1.658714730857741
70.70707070707071,73.73737373737374,16.84470273469155,2.482838310030393
71.71717171717172,73.73737373737374,21.58597684499999,4.716511331214665
72.72727272727273,73.73737373737374,21.92314184343648,4.128794955506322
73.73737373737374,73.73737373737374,19.31512127546134,4.486035267162208
74.74747474747475,73.73737373737374,25.70704313477573,4.826844972414592
75.75757575757576,73.73737373737374,19.93176854490624,5.462606223325168
76.76767676767678,73.73737373737374,13.72394815179462,3.36040646422563
77.77777777777779,73.73737373737374,26.54926351286426,4.53058835295637
78.7878787878788,73.73737373737374,21.91034059734731,3.37627434433097
79.7979797979798,73.73737373737374,25.48114246192953,4.922876291302706
80.80808080808082,73.73737373737374,27.48010311604514,4.736455681717321
81.81818181818183,73.73737373737374,26.45877335526551,5.176572392739583
82.82828282828284,73.73737373737374,34.59930902286585,4.509580161987236
83.83838383838385,73.73737373737374,35.11209909109044,3.499146837774285
84.84848484848486,73.73737373737374,28.69562190935826,4.276497926708267
85.85858585858587,73.73737373737374,6.678421762094334,1.247657016020589
86.86868686868688,73.73737373737374,21.85376515250241,1.430310355454378
87.87878787878789,73.73737373737374,13.5698340931031,1.974704519157526
88.8888888888889,73.73737373737374,18.43285891985906,1.694856009519566
89.89898989898991,73.73737373737374,10.76988393275666,1.765088446219334
90.90909090909092,73.73737373737374,9.7460389814225,1.989385648853113
91.91919191919193,73.73737373737374,16.95083324860427,0.8929410761127003
92.92929292929294,73.73737373737374,14.38144288075748,0.8818366968947609
93.93939393939395,73.73737373737374,18.17242120409436,0.8139180680273673
94.94949494949496,73.73737373737374,12.95874088933784,2.372742131927575
95.95959595959597,73.73737373737374,9.241637685438523,2.094733264315596
96.96969696969697,73.73737373737374,9.742935352728912,1.338999653901347
97.97979797979798,73.73737373737374,8.476952269318343,0.3975249718556338
98.98989898989899,73.73737373737374,10.5725155340963,1.991980524568501
100.0,73.73737373737374,22.28995114087401,1.295095396869137
0.0,74.74747474747475,23.0510749618689,1.85530261270276
1.01010101010101,74.74747474747475,14.53558876498603,2.090523817087148
2.02020202020202,74.74747474747475,8.051564331622012,2.291051299236532
3.03030303030303,74.74747474747475,10.51739999714299,1.176722496331472
4.040404040404041,74.74747474747475,10.67492666280775,1.879507168033231
5.050505050505051,74.74747474747475,13.0069239458288,0.9235040980755891
6.060606060606061,74.74747474747475,9.608397449053669,1.873364477351246
7.070707070707071,74.74747474747475,9.404900141771828,1.370797413905417
8.080808080808081,74.74747474747475,14.2650667369398,1.263387303658129
9.090909090909092,74.74747474747475,19.22034047969666,1.285012490679047
10.1010101010101,74.74747474747475,38.41937868699033,6.054322543748404
11.11111111111111,74.74747474747475,17.91017627468391,3.757892150523794
12.12121212121212,74.74747474747475,19.78371101281956,3.240957194748455
13.13131313131313,74.74747474747475,30.7529522550813,4.493642088046448
14.14141414141414,74.74747474747475,17.57065925589659,5.34396566225255
15.15151515151515,74.74747474747475,19.87902710460867,5.417827369225244
16.16161616161616,74.74747474747475,30.56864595126466,4.442299936410918
17.17171717171717,74.74747474747475,27.12969628329694,4.466923643035626
18.18181818181818,74.74747474747475,36.18946794793268,4.704717695437608
19.19191919191919,74.74747474747475,21.01893855013721,6.15233964216715
20.2020202020202,74.74747474747475,21.84374459404553,3.795639458903187
21.21212121212121,74.74747474747475,24.66478409836875,4.144645654032511
22.22222222222222,74.74747474747475,7.047547896166869,1.868038722801176
23.23232323232324,74.74747474747475,24.1623166534746,1.205395765928649
24.24242424242424,74.74747474747475,13.29611771654886,1.145715832864529
25.25252525252525,74.74747474747475,10.64252700934303,1.690118662824482
26.26262626262626,74.74747474747475,12.18559959740172,1.681364732542649
27.27272727272727,74.74747474747475,21.5950954958898,1.728714688636906
28.28282828282828,74.74747474747475,4.311597065617707,1.560048565367251
29.29292929292929,74.74747474747475,17.11425372299972,0.589140541766709
30.3030303030303,74.74747474747475,23.51500250397505,1.063715736682694
31.31313131313131,74.74747474747475,24.07050226157624,1.854316848831378
32.32323232323233,74.74747474747475,14.65450197197586,1.745346637469724
33.33333333333334,74.74747474747475,9.379471852130644,1.367827230825005
34.34343434343435,74.74747474747475,16.02376717372691,1.334453257907775
35.35353535353536,74.74747474747475,2.182189744356034,1.523980837861721
36.36363636363637,74.74747474747475,2.204264277077606,1.328456051586129
37.37373737373738,74.74747474747475,13.01324181523508,1.398994077874515
38.38383838383839,74.74747474747475,1.816414163999597,1.106701368582446
39.3939393939394,74.74747474747475,13.49185005057404,1.499226745140089
40.40404040404041,74.74747474747475,20.18723682069887,1.480660017737713
41.41414141414142,74.74747474747475,29.53923826431847,5.208345629231037
42.42424242424243,74.74747474747475,16.95923778374049,5.164897408468307
43.43434343434344,74.74747474747475,31.65710674173512,5.58175058859201
44.44444444444445,74.74747474747475,13.76401133951743,4.875670615898498
45.45454545454546,74.74747474747475,29.22229328750177,4.147759288540265
46.46464646464647,74.74747474747475,32.04923976623817,5.22115325728219
47.47474747474748,74.74747474747475,15.08716569917421,3.185713000280339
48.48484848484848,74.74747474747475,2.430412683401753,4.419483114254755
49.49494949494949,74.74747474747475,16.4275630649407,5.272050894910684
50.50505050505051,74.74747474747475,28.91265715068883,3.845388660818978
51.51515151515152,74.74747474747475,23.84036831172374,5.803462156851883
52.52525252525253,74.74747474747475,18.38022475343545,5.442841489204906
53.53535353535354,74.74747474747475,11.35141561008679,1.23862578076235
54.54545454545455,74.74747474747475,19.01835748341099,1.572483785423545
55.55555555555556,74.74747474747475,11.55115830214061,1.788262673700497
56.56565656565657,74.74747474747475,13.57816619382845,1.431227348167931
57.57575757575758,74.74747474747475,17.90203415132062,1.258088786461349
58.58585858585859,74.74747474747475,23.96704859450335,1.268986432873398
59.5959595959596,74.74747474747475,9.765361204101401,1.313853307436828
60.60606060606061,74.74747474747475,11.3200715991479,2.033365631390396
61.61616161616162,74.74747474747475,18.94618092505974,1.006605459331733
62.62626262626263,74.74747474747475,14.75062342110807,1.613281374546171
63.63636363636364,74.74747474747475,12.59620622331192,1.016467643933846
64.64646464646465,74.74747474747475,15.53455054920363,1.811400316496717
65.65656565656566,74.74747474747475,23.06354382793912,1.310502871325678
66.66666666666667,74.74747474747475,16.28135812807254,1.783638400789779
67.67676767676768,74.74747474747475,21.28974339374275,0.714487825299575
68.68686868686869,74.74747474747475,20.67148988959211,2.391377942255891
69.6969696969697,74.74747474747475,13.30183179853711,0.5453243217541369
70.70707070707071,74.74747474747475,7.174245965855204,1.492724499922929
71.71717171717172,74.74747474747475,13.7503962708727,1.607843694753358
72.72727272727273,74.74747474747475,19.35942429840752,4.369895970989222
73.73737373737374,74.74747474747475,18.5357129458914,4.568331819778381
74.74747474747475,74.74747474747475,23.63542676516932,4.04015659668835
75.75757575757576,74.74747474747475,14.85998653044248,4.216636312104369
76.76767676767678,74.74747474747475,26.36642611624651,4.289580720455012
77.77777777777779,74.74747474747475,23.09851216389489,4.453112646013453
78.7878787878788,74.74747474747475,22.00628692671384,4.418372209136473
79.7979797979798,74.74747474747475,28.57958689013124,5.470501429585125
80.80808080808082,74.74747474747475,28.96418429629566,4.469332724879465
81.81818181818183,74.74747474747475,21.577819073665,4.283485171657888
82.82828282828284,74.74747474747475,17.72324401677152,3.864920196088986
83.83838383838385,74.74747474747475,20.15285708164278,3.62808512922506
84.84848484848486,74.74747474747475,17.29549992655734,1.151424427983823
85.85858585858587,74.74747474747475,15.52146473006043,0.3767871167418575
86.86868686868688,74.74747474747475,14.2890036718354,1.265922140048786
87.87878787878789,74.74747474747475,15.50049595576502,1.407665427326194
88.8888888888889,74.74747474747475,12.43848359560617,1.495008249070748
89.89898989898991,74.74747474747475,13.83484813618501,1.30171651537783
90.90909090909092,74.74747474747475,22.34059249963531,2.081708355788273
91.91919191919193,74.74747474747475,22.89377292325931,0.6908160709089185
92.92929292929294,74.74747474747475,9.886595028001251,1.17431476081937
93.93939393939395,74.74747474747475,25.61927932214381,1.322298875513553
94.94949494949496,74.74747474747475,14.22772778180935,2.236843051985568
95.95959595959597,74.74747474747475,15.01644407076478,0.9125349550038454
96.96969696969697,74.74747474747475,20.79854951646118,1.588949589740524
97.97979797979798,74.74747474747475,11.29222206325615,1.126678229654536
98.98989898989899,74.74747474747475,16.70545578259156,2.03707538022328
100.0,74.74747474747475,8.261586163068605,1.810873394453944
0.0,75.75757575757576,0.917677110017816,2.107149535917065
1.01010101010101,75.75757575757576,13.34659363450948,1.978361774765258
2.02020202020202,75.75757575757576,24.96330092348717,0.7759041535076774
3.03030303030303,75.75757575757576,9.19808194264278,1.400111362455619
4.040404040404041,75.75757575757576,14.70285489312311,1.327000057626028
5.050505050505051,75.75757575757576,20.40330685832716,0.5008514198243759
6.060606060606061,75.75757575757576,6.018962544826016,1.162737698781384
7.070707070707071,75.75757575757576,16.94141568249874,1.76687417001385
8.080808080808081,75.75757575757576,17.66553870620853,0.6698962928736572
9.090909090909092,75.75757575757576,14.30593609262779,0.9338217585007689
10.1010101010101,75.75757575757576,17.70473986091947,0.4296672934021162
11.11111111111111,75.75757575757576,33.89875767046123,3.377214611146668
12.12121212121212,75.75757575757576,20.73910388224981,4.793556345017082
13.13131313131313,75.75757575757576,15.45277208756971,3.251709414394242
14.14141414141414,75.75757575757576,26.79164705439532,5.315509617132935
15.15151515151515,75.75757575757576,13.97233415337175,5.423622843665816
16.16161616161616,75.75757575757576,25.57265507643346,4.09928293752616
17.17171717171717,75.75757575757576,25.01347744404228,4.996302834634975
18.18181818181818,75.75757575757576,23.91733490255533,4.896889882541164
19.19191919191919,75.75757575757576,24.3087168485609,4.272814261410159
20.2020202020202,75.75757575757576,16.78760802442675,3.959810141456555
21.21212121212121,75.75757575757576,24.72678480295023,5.37272485613434
22.22222222222222,75.75757575757576,14.52777485011399,1.151270605163079
23.23232323232324,75.75757575757576,9.09687522718071,1.626563144902667
24.24242424242424,75.75757575757576,15.03245296595372,1.618458400505861
25.25252525252525,75.75757575757576,18.35638123665854,1.491907638230753
26.26262626262626,75.75757575757576,9.061901336399128,0.9362265306682162
27.27272727272727,75.75757575757576,19.5168910287865,1.151644750204656
28.28282828282828,75.75757575757576,21.40856036143875,0.835809946556687
29.29292929292929,75.75757575757576,18.51781894062293,1.3040881329916
30.3030303030303,75.75757575757576,11.24151927555344,1.679228167906828
31.31313131313131,75.75757575757576,18.94235430156973,2.033913156009015
32.32323232323233,75.75757575757576,13.26698615100639,0.7231930381767528
33.33333333333334,75.75757575757576,19.93905036144278,1.237974886185898
34.34343434343435,75.75757575757576,10.24696373293548,1.6371986131329
35.35353535353536,75.75757575757576,20.98773212251959,1.947799873065205
36.36363636363637,75.75757575757576,12.99941812652098,1.666862848419886
37.37373737373738,75.75757575757576,15.31158011701005,1.764953882896968
38.38383838383839,75.75757575757576,13.84460390245924,1.259523136474704
39.3939393939394,75.75757575757576,15.5495122753109,2.064382928386851
40.40404040404041,75.75757575757576,22.92938403912512,1.643324993020503
41.41414141414142,75.75757575757576,17.69814014313223,1.306193542522794
42.42424242424243,75.75757575757576,18.56707339499446,4.032662460387002
43.43434343434344,75.75757575757576,26.74559860129406,5.317154556547715
44.44444444444445,75.75757575757576,28.6434106106087,5.65012361841674
45.45454545454546,75.75757575757576,21.46240688222825,5.105540447921264
46.46464646464647,75.75757575757576,16.02646421885765,5.124233353883296
47.47474747474748,75.75757575757576,18.62011231437585,4.110044425217372
48.48484848484848,75.75757575757576,28.63262468613433,4.446624027115376
49.49494949494949,75.75757575757576,37.93104034523444,5.12944496060249
50.50505050505051,75.75757575757576,26.49001634198009,3.873130601588014
51.51515151515152,75.75757575757576,30.57723490908245,4.80175760178903
52.52525252525253,75.75757575757576,18.23012631440501,5.533647289482733
53.53535353535354,75.75757575757576,13.9440520610662,1.277494828553346
54.54545454545455,75.75757575757576,20.39053225999929,2.079056790020598
55.55555555555556,75.75757575757576,12.44313438368351,2.08449319287968
56.56565656565657,75.75757575757576,21.28027328728266,2.412095169937786
57.57575757575758,75.75757575757576,19.73771550417727,2.377847408859939
58.58585858585859,75.75757575757576,11.11797075406651,1.891059207620998
59.5959595959596,75.75757575757576,15.8215931059113,0.753047324528497
60.60606060606061,75.75757575757576,16.98418711608688,1.002605973931755
61.61616161616162,75.75757575757576,16.98933773959364,2.146925035338547
62.62626262626263,75.75757575757576,14.9470870723901,1.220738177301699
63.63636363636364,75.75757575757576,16.72618627689225,0.5591945526858249
64.64646464646465,75.75757575757576,15.53866978561932,1.946138604467109
65.65656565656566,75.75757575757576,23.89896254356466,1.272588393197273
66.66666666666667,75.75757575757576,19.40647572689062,0.9088055364188568
67.67676767676768,75.75757575757576,14.07477102434255,2.197690337802592
68.68686868686869,75.75757575757576,16.6404706523379,1.686171007111231
69.6969696969697,75.75757575757576,18.19308125749397,1.872460792372616
70.70707070707071,75.75757575757576,17.44084484088955,0.8419081798742314
71.71717171717172,75.75757575757576,17.06413471175414,0.9821757884217012
72.72727272727273,75.75757575757576,13.40634173300948,1.7451679847294
73.73737373737374,75.75757575757576,18.19424480413129,3.524872781456975
74.74747474747475,75.75757575757576,7.962218639939915,5.832366802111879
75.75757575757576,75.75757575757576,16.45804301788669,3.225927569354544
76.76767676767678,75.75757575757576,25.342909718415,3.997829690235436
77.77777777777779,75.75757575757576,23.68425130691762,4.161308724461869
78.7878787878788,75.75757575757576,24.43961265986886,4.140376305256907
79.7979797979798,75.75757575757576,13.90315322693668,2.94891383001822
80.80808080808082,75.75757575757576,18.41311948431152,3.070998930015469
81.81818181818183,75.75757575757576,32.09309685353273,5.322814796673839
82.82828282828284,75.75757575757576,32.75883720088422,4.434732252650003
83.83838383838385,75.75757575757576,12.65720699673812,4.015541957784243
84.84848484848486,75.75757575757576,20.94307289568855,2.329739331785307
85.85858585858587,75.75757575757576,17.76534619337181,2.299312325896634
86.86868686868688,75.75757575757576,21.41219812146945,3.01019843774285
87.87878787878789,75.75757575757576,17.48769018885001,1.367935410989511
88.8888888888889,75.75757575757576,8.720034852047176,1.619169414856121
89.89898989898991,75.75757575757576,16.0644453017853,2.196740906207321
90.90909090909092,75.75757575757576,15.96630795992579,2.152521854787175
91.91919191919193,75.75757575757576,23.66624354496979,0.4572619511580924
92.92929292929294,75.75757575757576,31.19056887900003,1.480635430863778
93.93939393939395,75.75757575757576,7.535534044513631,0.2954552865413991
94.94949494949496,75.75757575757576,17.08439825011514,1.209880458816306
95.95959595959597,75.75757575757576,2.500759384901159,0.3581957365756505
96.96969696969697,75.75757575757576,10.40614088038999,1.135532365778701
97.97979797979798,75.75757575757576,22.20823654432815,1.327607322767391
98.98989898989899,75.75757575757576,26.66725825036671,1.926132146662872
100.0,75.75757575757576,11.14129919791638,1.738326543727745
0.0,76.76767676767678,5.951722934249747,1.129049966351473
1.01010101010101,76.76767676767678,9.261881799478244,1.301101054386272
2.02020202020202,76.76767676767678,19.76357245257934,2.073424457375026
3.03030303030303,76.76767676767678,11.74884769974598,1.289515783937494
4.040404040404041,76.76767676767678,12.08266377154137,1.597570760185899
5.050505050505051,76.76767676767678,17.33999846467961,2.41618871185783
6.060606060606061,76.76767676767678,10.54720187272415,2.375047075026303
7.070707070707071,76.76767676767678,12.41689506256296,0.4554304235992536
8.080808080808081,76.76767676767678,10.08834492608542,1.481852928888837
9.090909090909092,76.76767676767678,9.29833845228174,2.023039135039991
10.1010101010101,76.76767676767678,9.416647658102582,1.661393593240905
11.11111111111111,76.76767676767678,25.2235658062234,4.390135342409731
12.12121212121212,76.76767676767678,19.95075533783239,3.339251779686471
13.13131313131313,76.76767676767678,25.96623796533162,3.583550121896299
14.14141414141414,76.76767676767678,27.04478378523348,4.683195373599297
15.15151515151515,76.76767676767678,19.14304173211639,5.19398674876672
16.16161616161616,76.76767676767678,24.29997913526169,4.449172414907687
17.17171717171717,76.76767676767678,24.06817820609295,5.247722144763404
18.18181818181818,76.76767676767678,24.02009467552752,3.986420929826881
19.19191919191919,76.76767676767678,29.07376670575141,4.246969725059584
20.2020202020202,76.76767676767678,21.24936434423085,3.349323500605962
21.21212121212121,76.76767676767678,6.008455566655162,1.630164728023392
22.22222222222222,76.76767676767678,15.54376582106361,1.275142359182786
23.23232323232324,76.76767676767678,19.30967810521909,2.064518711012491
24.24242424242424,76.76767676767678,12.82259099178106,1.179362048816724
25.25252525252525,76.76767676767678,13.90108643285576,2.260448454295559
26.26262626262626,76.76767676767678,15.96207432855083,1.504680259326408
27.27272727272727,76.76767676767678,18.0524773873936,1.835779895214711
28.28282828282828,76.76767676767678,26.17548252741915,1.795495120581972
29.29292929292929,76.76767676767678,10.73711280037185,1.180364447708138
30.3030303030303,76.76767676767678,17.28952233939877,1.469417408613473
31.31313131313131,76.76767676767678,8.801758332879864,1.122937501212192
32.32323232323233,76.76767676767678,18.16383087519947,1.038598144462195
33.33333333333334,76.76767676767678,12.078850630413,1.257313670240736
34.34343434343435,76.76767676767678,16.86355861189639,1.058070287983841
35.35353535353536,76.76767676767678,15.78122000862984,2.206067059088509
36.36363636363637,76.76767676767678,2.685583130481366,1.370971606075063
37.37373737373738,76.76767676767678,15.3201806302185,1.214829005582166
38.38383838383839,76.76767676767678,12.18749848042233,1.000566908191845
39.3939393939394,76.76767676767678,12.47345267894205,1.077792303369252
40.40404040404041,76.76767676767678,8.04604945141407,1.815029659589617
41.41414141414142,76.76767676767678,6.527299980788367,1.124033788089481
42.42424242424243,76.76767676767678,17.21287683941013,4.958795552134984
43.43434343434344,76.76767676767678,16.42032141356076,5.177720358587189
44.44444444444445,76.76767676767678,27.48530351130342,4.475557475022405
45.45454545454546,76.76767676767678,22.71788334102222,4.103608091732355
46.46464646464647,76.76767676767678,16.81686377695292,4.545919683167302
47.47474747474748,76.76767676767678,20.060787683698,4.715500352168116
48.48484848484848,76.76767676767678,22.95222547670459,3.096984857677164
49.49494949494949,76.76767676767678,29.1035476322594,4.260814557169146
50.50505050505051,76.76767676767678,33.9528178679295,4.332736967846399
51.51515151515152,76.76767676767678,31.46075295943459,4.417253416602369
52.52525252525253,76.76767676767678,12.25940650711198,1.245506556384806
53.53535353535354,76.76767676767678,16.3503862557131,1.407717590116387
54.54545454545455,76.76767676767678,12.76153981444648,1.214991308286737
55.55555555555556,76.76767676767678,10.68013416232247,1.756391138393779
56.56565656565657,76.76767676767678,6.262593237807549,2.085994782609479
57.57575757575758,76.76767676767678,13.53045953508438,1.161570362558656
58.58585858585859,76.76767676767678,16.84976247451053,2.178618441625877
59.5959595959596,76.76767676767678,9.570901523290189,2.021307163118157
60.60606060606061,76.76767676767678,23.87890349181917,1.598664395088008
61.61616161616162,76.76767676767678,8.555514893786762,2.086043026499874
62.62626262626263,76.76767676767678,16.16002787742098,1.373816947088252
63.63636363636364,76.76767676767678,12.49586575345384,1.165424921860591
64.64646464646465,76.76767676767678,17.0510739776228,0.6924222868270711
65.65656565656566,76.76767676767678,13.35758441433405,0.4192006912228516
66.66666666666667,76.76767676767678,14.41275568635383,1.048803242123558
67.67676767676768,76.76767676767678,8.815501249377407,0.8857413296525498
68.68686868686869,76.76767676767678,14.16830122354551,1.623077818056603
69.6969696969697,76.76767676767678,13.64910260939575,0.8409749943394176
70.70707070707071,76.76767676767678,21.37439548904739,1.849678259010137
71.71717171717172,76.76767676767678,18.56964656977047,1.048850074437581
72.72727272727273,76.76767676767678,5.96504435892026,1.32044549706831
73.73737373737374,76.76767676767678,14.61424058839517,4.450506568888215
74.74747474747475,76.76767676767678,34.85162256760749,4.797053056237717
75.75757575757576,76.76767676767678,17.62886111389429,4.492428843978928
76.76767676767678,76.76767676767678,16.08923253894561,5.079134550597158
77.77777777777779,76.76767676767678,21.69876219881977,5.662085621649154
78.7878787878788,76.76767676767678,21.15778700169264,3.182134836697677
79.7979797979798,76.76767676767678,7.535113577752659,5.055239206752934
80.80808080808082,76.76767676767678,16.45717300228597,4.674564944748243
81.81818181818183,76.76767676767678,21.84261858364266,5.360748702085952
82.82828282828284,76.76767676767678,26.98907511419275,4.811501737582409
83.83838383838385,76.76767676767678,19.81400956315894,1.867905061615471
84.84848484848486,76.76767676767678,16.33782423388915,1.627409280257183
85.85858585858587,76.76767676767678,15.71686322903028,2.222815687329851
86.86868686868688,76.76767676767678,19.90900666322226,1.24430946920428
87.87878787878789,76.76767676767678,13.73786818359281,1.105541555785856
88.8888888888889,76.76767676767678,19.83070411178345,1.098193077570866
89.89898989898991,76.76767676767678,17.73166071549633,1.562447941934761
90.90909090909092,76.76767676767678,26.6911804818692,2.520425355558292
91.91919191919193,76.76767676767678,10.96625713934163,0.7129920577345084
92.92929292929294,76.76767676767678,12.20546488085036,1.603127115004275
93.93939393939395,76.76767676767678,9.430519744160366,2.331434130813354
94.94949494949496,76.76767676767678,6.923440529078593,1.190358304682722
95.95959595959597,76.76767676767678,21.7215990217601,1.825793297952531
96.96969696969697,76.76767676767678,14.41105470555206,2.372766125255633
97.97979797979798,76.76767676767678,20.61703874887401,0.4942020996925942
98.98989898989899,76.76767676767678,16.09803541933389,0.8748481997956309
100.0,76.76767676767678,17.01590913741069,1.651859169473224
0.0,77.77777777777779,10.38626964194918,1.456189877755389
1.01010101010101,77.77777777777779,8.55728017174021,1.472768651769321
2.02020202020202,77.77777777777779,8.97865725817659,1.903413604304413
3.03030303030303,77.77777777777779,11.66702407945952,1.588597645530632
4.040404040404041,77.77777777777779,20.06137054848956,1.31939944349228
5.050505050505051,77.77777777777779,15.42898383599488,1.186259095310451
6.060606060606061,77.77777777777779,7.397600673217923,1.441491901600387
7.070707070707071,77.77777777777779,13.57405309345259,0.7908999973428263
8.080808080808081,77.77777777777779,20.47393853263074,1.867048935020797
9.090909090909092,77.77777777777779,9.223169945736228,1.539564692414602
10.1010101010101,77.77777777777779,20.71694614595433,2.470703614691795
11.11111111111111,77.77777777777779,27.00311438601488,4.032720138872444
12.12121212121212,77.77777777777779,16.11317243226117,4.214147841581624
13.13131313131313,77.77777777777779,19.04124167500525,4.187576570108043
14.14141414141414,77.77777777777779,23.09922208548239,4.792910832610716
15.15151515151515,77.77777777777779,35.80674228373055,4.628863490039049
16.16161616161616,77.77777777777779,23.19740933153953,2.516718770651356
17.17171717171717,77.77777777777779,25.15772817606683,5.157500984117264
18.18181818181818,77.77777777777779,18.77000061604768,3.220139188126392
19.19191919191919,77.77777777777779,19.9838735871002,4.612870614007285
20.2020202020202,77.77777777777779,28.85962580135634,3.261121755688715
21.21212121212121,77.77777777777779,12.59379796310754,2.513818712214472
22.22222222222222,77.77777777777779,17.97564088760906,1.126621358035278
23.23232323232324,77.77777777777779,21.75315933546285,1.453170733557454
24.24242424242424,77.77777777777779,12.71281545336198,1.214655057271588
25.25252525252525,77.77777777777779,18.8661838824714,2.159420778021504
26.26262626262626,77.77777777777779,15.09728597837377,1.745657523601214
27.27272727272727,77.77777777777779,23.63899156768288,1.441390704079826
28.28282828282828,77.77777777777779,13.61716825666529,1.863418693533603
29.29292929292929,77.77777777777779,16.73480732089985,1.887339145027868
30.3030303030303,77.77777777777779,10.58017186741011,1.566323590312977
31.31313131313131,77.77777777777779,11.99625959880847,1.688459933704468
32.32323232323233,77.77777777777779,20.38810272065501,1.704727995712113
33.33333333333334,77.77777777777779,11.06301362655713,1.297140211516924
34.34343434343435,77.77777777777779,20.24197730207962,2.141131170096712
35.35353535353536,77.77777777777779,10.57668338025115,2.290372940960377
36.36363636363637,77.77777777777779,19.41508684059353,0.8786155469280085
37.37373737373738,77.77777777777779,11.69158798085149,0.6970277976821587
38.38383838383839,77.77777777777779,11.09546448413072,1.050061084039023
39.3939393939394,77.77777777777779,14.32661102795599,2.570512513796014
40.40404040404041,77.77777777777779,14.82116221776516,1.80967540469444
41.41414141414142,77.77777777777779,19.79935552683878,1.686786244213469
42.42424242424243,77.77777777777779,22.78342046776482,4.547384749302766
43.43434343434344,77.77777777777779,18.62634434938709,3.988041221878248
44.44444444444445,77.77777777777779,22.44251380723719,5.760248174070754
45.45454545454546,77.77777777777779,43.59289387224395,3.426962074455521
46.46464646464647,77.77777777777779,28.30025844164478,4.945675706181866
47.47474747474748,77.77777777777779,25.39804470745414,4.356274984999496
48.48484848484848,77.77777777777779,25.62603376145681,4.605083064549714
49.49494949494949,77.77777777777779,28.20003626569138,4.21523899315696
50.50505050505051,77.77777777777779,26.08383923131477,4.522521739421563
51.51515151515152,77.77777777777779,16.60553130895278,4.166187208282112
52.52525252525253,77.77777777777779,20.64802733290175,1.499677654890436
53.53535353535354,77.77777777777779,7.353016644783732,1.083059426949994
54.54545454545455,77.77777777777779,14.82460642713102,1.844362862790647
55.55555555555556,77.77777777777779,17.41131984857821,2.11544344357824
56.56565656565657,77.77777777777779,13.541818482532,1.119829816354441
57.57575757575758,77.77777777777779,10.15542145087863,1.351749523504925
58.58585858585859,77.77777777777779,19.01261756088545,0.9053636337265487
59.5959595959596,77.77777777777779,15.03165261998015,1.52229274546924
60.60606060606061,77.77777777777779,10.42313176638164,1.386921403356262
61.61616161616162,77.77777777777779,16.07768598434592,1.99891253802071
62.62626262626263,77.77777777777779,15.42051785794476,2.902252290951874
63.63636363636364,77.77777777777779,15.84710040161822,1.444106237950522
64.64646464646465,77.77777777777779,17.89446632457412,1.843848697520357
65.65656565656566,77.77777777777779,10.44003514339337,1.109257634997096
66.66666666666667,77.77777777777779,8.116156956571972,1.328993312906531
67.67676767676768,77.77777777777779,18.27365327510175,1.455701282179777
68.68686868686869,77.77777777777779,12.97839407199817,0.9073098730109891
69.6969696969697,77.77777777777779,5.125501702680568,1.796984229473708
70.70707070707071,77.77777777777779,14.82554422846358,1.976375748160772
71.71717171717172,77.77777777777779,15.3465849545559,0.7462352558956787
72.72727272727273,77.77777777777779,10.71371286996418,0.7345587121965298
73.73737373737374,77.77777777777779,13.4378748062168,1.09299977571755
74.74747474747475,77.77777777777779,14.83128938108436,5.117809287040988
75.75757575757576,77.77777777777779,26.44985738396704,3.951715780127953
76.76767676767678,77.77777777777779,25.90225157251808,3.922812533404879
77.77777777777779,77.77777777777779,34.20258115745301,4.754585788432431
78.7878787878788,77.77777777777779,31.32386631398425,3.609565508224728
79.7979797979798,77.77777777777779,22.61026230191582,5.449455978631089
80.80808080808082,77.77777777777779,15.11706641494996,4.204210636910679
81.81818181818183,77.77777777777779,25.74375730074,3.919101365686566
82.82828282828284,77.77777777777779,26.15640069415056,4.10337163196052
83.83838383838385,77.77777777777779,19.6509825246507,1.44631417931334
84.84848484848486,77.77777777777779,8.917464930910967,0.8639587241699829
85.85858585858587,77.77777777777779,13.81507084903438,1.753109425301731
86.86868686868688,77.77777777777779,11.73695406682277,1.302261230298055
87.87878787878789,77.77777777777779,16.51805295673738,2.08047886388451
88.8888888888889,77.77777777777779,10.19063334571226,0.8218369754846321
89.89898989898991,77.77777777777779,15.08174789327754,2.622982004724061
90.90909090909092,77.77777777777779,20.61604966425201,0.5618052320156037
91.91919191919193,77.77777777777779,19.16804041592099,2.015257549632443
92.92929292929294,77.77777777777779,11.72788380697962,0.620720495082987
93.93939393939395,77.77777777777779,9.527254424035421,1.345831625094909
94.94949494949496,77.77777777777779,7.346547438461317,0.476365600564566
95.95959595959597,77.77777777777779,21.57076378698062,1.462309031183708
96.96969696969697,77.77777777777779,3.05481171127608,0.9072491735605531
97.97979797979798,77.77777777777779,3.610066435069397,2.043561078794506
98.98989898989899,77.77777777777779,18.06774540288061,2.129298806103997
100.0,77.77777777777779,9.106180614889592,0.5056313028351601
0.0,78.7878787878788,12.73129707122687,1.252489706579803
1.01010101010101,78.7878787878788,15.47676280644632,1.95707054960294
2.02020202020202,78.7878787878788,17.61928570396272,1.142682876174688
3.03030303030303,78.7878787878788,6.543250031901387,1.517921853774577
4.040404040404041,78.7878787878788,11.11268571153774,2.141745472121454
5.050505050505051,78.7878787878788,9.159572472893917,1.456872158628798
6.060606060606061,78.7878787878788,9.950960736842465,1.653274240909866
7.070707070707071,78.7878787878788,20.31066795543764,2.115049924166273
8.080808080808081,78.7878787878788,4.380550885097174,2.019892765646376
9.090909090909092,78.7878787878788,19.07344803721929,0.8308274851747303
10.1010101010101,78.7878787878788,9.078533907743688,1.838552710827479
11.11111111111111,78.7878787878788,26.51013384513411,4.722313029424197
12.12121212121212,78.7878787878788,19.78577494414442,4.257783868137966
13.13131313131313,78.7878787878788,20.50139567265408,3.897943186090357
14.14141414141414,78.7878787878788,0.0,4.37613644340755
15.15151515151515,78.7878787878788,14.93257228243016,4.355163672868473
16.16161616161616,78.7878787878788,16.44470073754892,4.850659797569778
17.17171717171717,78.7878787878788,27.86411182365445,5.893093278693168
18.18181818181818,78.7878787878788,37.38489347413618,5.690727682390044
19.19191919191919,78.7878787878788,22.0155164733621,3.319102482695397
20.2020202020202,78.7878787878788,26.96569622584975,2.74692513530448
21.21212121212121,78.7878787878788,11.71034217171182,1.038737632208296
22.22222222222222,78.7878787878788,17.07084990415708,2.038186005247464
23.23232323232324,78.7878787878788,8.50985681054356,2.166541696416171
24.24242424242424,78.7878787878788,13.21742493467428,1.605500780602036
25.25252525252525,78.7878787878788,11.79576401418046,1.553971004492558
26.26262626262626,78.7878787878788,14.18592519412583,1.809663584775106
27.27272727272727,78.7878787878788,1.099846062954799,1.437779541234709
28.28282828282828,78.7878787878788,3.76779807181498,2.110626161951068
29.29292929292929,78.7878787878788,10.58084463120083,1.957488374435863
30.3030303030303,78.7878787878788,8.969656597187864,1.288566272733174
31.31313131313131,78.7878787878788,15.11210531716396,2.421377635463027
32.32323232323233,78.7878787878788,19.34746614684779,1.192113468398877
33.33333333333334,78.7878787878788,14.53610555823648,1.972374862592159
34.34343434343435,78.7878787878788,10.50306351200784,1.504865948164478
35.35353535353536,78.7878787878788,11.5160296049321,0.7196415776164586
36.36363636363637,78.7878787878788,20.68927099457763,0.8151982655975434
37.37373737373738,78.7878787878788,12.15283311555373,1.087261557360115
38.38383838383839,78.7878787878788,11.93569968101087,1.697497941514713
39.3939393939394,78.7878787878788,8.368763135280746,0.8572126604830657
40.40404040404041,78.7878787878788,10.4522304219325,0.8015397577784527
41.41414141414142,78.7878787878788,12.70819860208832,2.198880417599886
42.42424242424243,78.7878787878788,13.06375001903473,0.7316635521877827
43.43434343434344,78.7878787878788,5.072448088390997,4.580293680128052
44.44444444444445,78.7878787878788,31.44641827153658,3.800531577077192
45.45454545454546,78.7878787878788,16.58889304248098,4.532077221839505
46.46464646464647,78.7878787878788,28.34975861375634,5.264837922373371
47.47474747474748,78.7878787878788,36.57695136160438,5.518012308633988
48.48484848484848,78.7878787878788,27.3311037820734,5.461728986280082
49.49494949494949,78.7878787878788,7.324210999172339,4.715776630949613
50.50505050505051,78.7878787878788,21.05677396651443,3.821318301165692
51.51515151515152,78.7878787878788,25.38115743010863,4.586394127327417
52.52525252525253,78.7878787878788,21.76379953046175,2.111430308763468
53.53535353535354,78.7878787878788,14.16888657744432,2.313492328276119
54.54545454545455,78.7878787878788,10.19251129183062,1.446021642259841
55.55555555555556,78.7878787878788,14.57314421107254,1.214235587654842
56.56565656565657,78.7878787878788,9.139892682915265,1.680849012861034
57.57575757575758,78.7878787878788,8.037699894800783,1.256695792373463
58.58585858585859,78.7878787878788,13.07896108899639,2.0623280053866
59.5959595959596,78.7878787878788,17.35184793854869,0.6878132348047283
60.60606060606061,78.7878787878788,6.231023359158011,0.7614254984522114
61.61616161616162,78.7878787878788,12.31494236638098,1.868898225787118
62.62626262626263,78.7878787878788,14.59889494438743,1.981476042895651
63.63636363636364,78.7878787878788,11.12363871841369,1.693168400410799
64.64646464646465,78.7878787878788,22.77514666092065,1.361914736488477
65.65656565656566,78.7878787878788,10.67831362678586,2.21141615895907
66.66666666666667,78.7878787878788,9.94165187896373,1.466629880535352
67.67676767676768,78.7878787878788,8.45365134359799,1.450386966501126
68.68686868686869,78.7878787878788,16.25424221250076,1.746506870115908
69.6969696969697,78.7878787878788,21.8832742720712,1.496685654037462
70.70707070707071,78.7878787878788,14.07394018684951,0.7545677679621069
71.71717171717172,78.7878787878788,7.523223040024249,1.157575435036713
72.72727272727273,78.7878787878788,15.53322422204636,1.573240331786639
73.73737373737374,78.7878787878788,14.45105922746979,1.441360779354729
74.74747474747475,78.7878787878788,26.64187543724455,3.985380257234249
75.75757575757576,78.7878787878788,14.45144954597779,4.502233962239235
76.76767676767678,78.7878787878788,13.6479898262024,4.843256739499764
77.77777777777779,78.7878787878788,12.77987428132054,3.506074583722689
78.7878787878788,78.7878787878788,35.93758328345972,4.516929301167765
79.7979797979798,78.7878787878788,25.58698483997173,4.759326627627773
80.80808080808082,78.7878787878788,18.48739340369558,5.894372943648611
81.81818181818183,78.7878787878788,27.53298234456551,5.400775699463503
82.82828282828284,78.7878787878788,28.94159972943332,5.183762552233073
83.83838383838385,78.7878787878788,14.77495088074109,1.56011598599016
84.84848484848486,78.7878787878788,13.18153126481945,1.439918646122751
85.85858585858587,78.7878787878788,7.385726146586181,1.801711351250856
86.86868686868688,78.7878787878788,16.33754736361633,1.350328280984832
87.87878787878789,78.7878787878788,10.24799165305823,1.408490825334831
88.8888888888889,78.7878787878788,10.18465684986509,0.877159413949575
89.89898989898991,78.7878787878788,21.47177474612461,0.9842167705787863
90.90909090909092,78.7878787878788,15.36516382065335,1.496806940874545
91.91919191919193,78.7878787878788,8.51979626067507,1.841274638325653
92.92929292929294,78.7878787878788,22.94721428990773,1.15835577666507
93.93939393939395,78.7878787878788,11.68386415075916,1.364451616396585
94.94949494949496,78.7878787878788,13.23964983502196,1.279782516780055
95.95959595959597,78.7878787878788,14.96579105197584,1.416921640148936
96.96969696969697,78.7878787878788,14.48445147782787,2.576894499274281
97.97979797979798,78.7878787878788,18.08259841995776,1.202838930802486
98.98989898989899,78.7878787878788,13.04767360685091,0.6177834820865398
100.0,78.7878787878788,16.80907896760334,2.260910911950405
0.0,79.7979797979798,16.2208889745206,1.242335887050064
1.01010101010101,79.7979797979798,10.91362821450864,1.714190946823271
2.02020202020202,79.7979797979798,13.92166976393026,1.882745650989958
3.03030303030303,79.7979797979798,18.55630626368585,2.019642387071748
4.040404040404041,79.7979797979798,17.12894245865232,1.647908343670146
5.050505050505051,79.7979797979798,15.48982599434644,0.4717647225767534
6.060606060606061,79.7979797979798,14.74119407474423,2.423113197733437
7.070707070707071,79.7979797979798,22.38877599353714,2.294524371941003
8.080808080808081,79.7979797979798,11.37156986738276,0.9078075219482332
9.090909090909092,79.7979797979798,16.49338667579618,0.1233727051732245
10.1010101010101,79.7979797979798,14.34470044024299,1.148205892643823
11.11111111111111,79.7979797979798,26.47170488165037,6.114759979124186
12.12121212121212,79.7979797979798,21.93641293580635,4.334750693316802
13.13131313131313,79.7979797979798,11.03814717831666,4.370011434134113
14.14141414141414,79.7979797979798,16.14076911106253,5.101907102545308
15.15151515151515,79.7979797979798,20.97144162011835,4.316862229627285
16.16161616161616,79.7979797979798,25.55620449776382,5.324176935308529
17.17171717171717,79.7979797979798,32.46975445936832,4.950171655912363
18.18181818181818,79.7979797979798,24.54346837051435,4.732342160900409
19.19191919191919,79.7979797979798,20.74238599288599,4.52233539081876
20.2020202020202,79.7979797979798,21.80581989097101,4.257163637724592
21.21212121212121,79.7979797979798,12.53825567769241,2.156042572156087
22.22222222222222,79.7979797979798,7.718017736717607,1.610125415934246
23.23232323232324,79.7979797979798,15.95700467940112,1.748141594294528
24.24242424242424,79.7979797979798,16.57130255824596,1.11802090029101
25.25252525252525,79.7979797979798,12.97118002278393,1.487882874477476
26.26262626262626,79.7979797979798,21.08613181858659,1.308064644463426
27.27272727272727,79.7979797979798,4.164997741260644,1.179948847539442
28.28282828282828,79.7979797979798,8.429150523543182,2.321378788637591
29.29292929292929,79.7979797979798,19.03944068359358,1.256633418898898
30.3030303030303,79.7979797979798,14.81533641938166,0.7997766186432712
31.31313131313131,79.7979797979798,19.27459468202176,1.339032173084499
32.32323232323233,79.7979797979798,14.10898549303232,1.941045212121378
33.33333333333334,79.7979797979798,15.88671484095924,1.460909527559076
34.34343434343435,79.7979797979798,22.28262089889064,2.003047487690572
35.35353535353536,79.7979797979798,15.34676940519556,1.205655086759095
36.36363636363637,79.7979797979798,19.12299192085214,0.4104019100435174
37.37373737373738,79.7979797979798,9.682367319370695,2.414015733463259
38.38383838383839,79.7979797979798,17.36951923544041,1.376514755273331
39.3939393939394,79.7979797979798,10.69263267980161,1.621951216144644
40.40404040404041,79.7979797979798,17.28495342178673,1.720528476771643
41.41414141414142,79.7979797979798,9.784023531446117,1.485327349844439
42.42424242424243,79.7979797979798,14.09491672914056,4.073470881961867
43.43434343434344,79.7979797979798,13.59285025539112,4.654612828308802
44.44444444444445,79.7979797979798,15.31823929499248,5.193909352937074
45.45454545454546,79.7979797979798,3.722667132294184,4.338645366403145
46.46464646464647,79.7979797979798,16.31534451255269,3.417573714441728
47.47474747474748,79.7979797979798,24.67797962035851,4.660480837160927
48.48484848484848,79.7979797979798,26.12886951881497,4.76192730168813
49.49494949494949,79.7979797979798,32.28643245949077,6.052532541846937
50.50505050505051,79.7979797979798,21.48121271534043,4.272291686878781
51.51515151515152,79.7979797979798,34.09407841135209,4.300295951723382
52.52525252525253,79.7979797979798,25.50490744562218,2.108155614204166
53.53535353535354,79.7979797979798,14.51128874225167,1.208670341595783
54.54545454545455,79.7979797979798,17.25037588471395,1.89761375278162
55.55555555555556,79.7979797979798,9.20879695398537,2.075209725779464
56.56565656565657,79.7979797979798,12.0216162230019,1.968234292694784
57.57575757575758,79.7979797979798,14.49028170465822,0.9855336635974178
58.58585858585859,79.7979797979798,18.60348765666998,1.657171858943596
59.5959595959596,79.7979797979798,8.002473748363945,2.57939218731498
60.60606060606061,79.7979797979798,20.88038101076323,2.02212168184134
61.61616161616162,79.7979797979798,12.48666123364347,1.318813640540749
62.62626262626263,79.7979797979798,22.93364699215557,1.748791363484129
63.63636363636364,79.7979797979798,17.47427057793844,1.27316539256218
64.64646464646465,79.7979797979798,11.10623613890759,1.200133066465814
65.65656565656566,79.7979797979798,13.26761794180049,1.689155354577491
66.66666666666667,79.7979797979798,10.51240475106837,1.620080611525637
67.67676767676768,79.7979797979798,19.22548859818241,1.105259617800963
68.68686868686869,79.7979797979798,23.57302001769802,0.4007091005566813
69.6969696969697,79.7979797979798,12.14392937097457,1.076570306899276
70.70707070707071,79.7979797979798,9.575079208196188,0.8894664681971425
71.71717171717172,79.7979797979798,24.96809779664714,1.793739959593826
72.72727272727273,79.7979797979798,17.50101082306987,1.664143865657644
73.73737373737374,79.7979797979798,22.98065576772477,4.483023756118836
74.74747474747475,79.7979797979798,25.20406703827199,4.196647960600816
75.75757575757576,79.7979797979798,19.15473193860273,4.929461309051133
76.76767676767678,79.7979797979798,31.48401029792268,4.943844255837069
77.77777777777779,79.7979797979798,27.30728225457085,3.343166757578799
78.7878787878788,79.7979797979798,19.33362918057464,4.048071684695056
79.7979797979798,79.7979797979798,3.998653960442662,5.005717545360818
80.80808080808082,79.7979797979798,14.81030655605961,3.612057760428031
81.81818181818183,79.7979797979798,20.05885335725297,5.547462941282506
82.82828282828284,79.7979797979798,23.91839554344772,4.843694584798843
83.83838383838385,79.7979797979798,9.272106126301033,1.297035729345436
84.84848484848486,79.7979797979798,12.19840117829765,1.976664087820594
85.85858585858587,79.7979797979798,17.25558247067482,1.984544695135338
86.86868686868688,79.7979797979798,15.22798872195416,1.906982542843698
87.87878787878789,79.7979797979798,6.740242351096079,1.613316597041398
88.8888888888889,79.7979797979798,20.38231830591671,1.480323189840822
89.89898989898991,79.7979797979798,21.51705327563392,1.196258808199725
90.90909090909092,79.7979797979798,5.59720250598823,1.099836028300006
91.91919191919193,79.7979797979798,19.31459861549551,1.289212484340766
92.92929292929294,79.7979797979798,15.0341251946834,2.053987676875745
93.93939393939395,79.7979797979798,17.24014735036229,1.770621174870892
94.94949494949496,79.7979797979798,11.18155525067916,1.434862531069693
95.95959595959597,79.7979797979798,21.89870199299617,1.591083182546768
96.96969696969697,79.7979797979798,10.07321645313643,1.319723897103846
97.97979797979798,79.7979797979798,24.42006444583732,1.555539419080859
98.98989898989899,79.7979797979798,17.27843042837189,0.6908462131810466
100.0,79.7979797979798,11.81378819731119,0.5681309119193463
0.0,80.80808080808082,12.31328032973087,1.818288827193814
1.01010101010101,80.80808080808082,19.22745956334537,1.687583337950298
2.02020202020202,80.80808080808082,18.68440336869188,2.302837808764515
3.03030303030303,80.80808080808082,16.36941464624434,1.509104771624593
4.040404040404041,80.80808080808082,10.38754213147368,0.7928248605439082
5.050505050505051,80.80808080808082,7.015031744079563,2.530274929194965
6.060606060606061,80.80808080808082,17.20286623775699,2.03718808274711
7.070707070707071,80.80808080808082,9.95001818095789,1.955224920589685
8.080808080808081,80.80808080808082,25.58466178724537,2.381130431626882
9.090909090909092,80.80808080808082,14.77337005480477,0.8357791044408398
10.1010101010101,80.80808080808082,10.48689816750499,1.00560232045515
11.11111111111111,80.80808080808082,19.06861149264361,3.984753020374913
12.12121212121212,80.80808080808082,29.52829908335746,4.04908202832917
13.13131313131313,80.80808080808082,23.09391862790406,3.713190902318945
14.14141414141414,80.80808080808082,17.04364738604935,3.75805596021852
15.15151515151515,80.80808080808082,32.43110420523212,3.361174153443799
16.16161616161616,80.80808080808082,26.18998072662871,4.702348755522827
17.17171717171717,80.80808080808082,10.66073498854014,3.3534096225311
18.18181818181818,80.80808080808082,31.4026913675789,3.311307976474344
19.19191919191919,80.80808080808082,21.6815563710011,4.387878843297431
20.2020202020202,80.80808080808082,20.31716094841443,4.306435156562578
21.21212121212121,80.80808080808082,22.62472638511848,1.824983262434961
22.22222222222222,80.80808080808082,18.90955381997194,2.405484092271896
23.23232323232324,80.80808080808082,18.34021803068255,1.177348314488297
24.24242424242424,80.80808080808082,24.50068364667508,1.100329705936573
25.25252525252525,80.80808080808082,17.60935531061457,1.367991662784972
26.26262626262626,80.80808080808082,11.28277459495175,1.601739650158869
27.27272727272727,80.80808080808082,18.70204341660881,1.864964724798374
28.28282828282828,80.80808080808082,16.82688741172756,2.066292179076527
29.29292929292929,80.80808080808082,15.80861853649078,1.90471886237824
30.3030303030303,80.80808080808082,13.86227878985596,1.313933884701339
31.31313131313131,80.80808080808082,11.68301181276474,2.164320536427485
32.32323232323233,80.80808080808082,13.5785779950243,1.878420307959431
33.33333333333334,80.80808080808082,19.86541600138025,2.113637030615054
34.34343434343435,80.80808080808082,15.98892048495989,1.146794883324532
35.35353535353536,80.80808080808082,6.79574118578243,2.062067788567249
36.36363636363637,80.80808080808082,14.56198762272685,1.476687301939906
37.37373737373738,80.80808080808082,11.61013053231329,1.761940106911851
38.38383838383839,80.80808080808082,13.26714728570249,1.952384533265161
39.3939393939394,80.80808080808082,23.67286258061252,1.918840174798616
40.40404040404041,80.80808080808082,18.5925028987282,0.4862627618191721
41.41414141414142,80.80808080808082,22.25991162593403,1.403390041842719
42.42424242424243,80.80808080808082,32.10045327508569,4.929377514091825
43.43434343434344,80.80808080808082,28.58513248526801,3.537905288031615
44.44444444444445,80.80808080808082,31.09169682603492,4.566068371469191
45.45454545454546,80.80808080808082,28.04911163817371,4.775115773987168
46.46464646464647,80.80808080808082,29.94411563208,4.77139695251851
47.47474747474748,80.80808080808082,34.79907130392314,3.135291626725032
48.48484848484848,80.80808080808082,21.63497287944754,5.49378401952536
49.49494949494949,80.80808080808082,15.84236557622436,5.074709650545872
50.50505050505051,80.80808080808082,31.63035571045011,3.166357912022427
51.51515151515152,80.80808080808082,31.24319376001793,4.648099276844782
52.52525252525253,80.80808080808082,16.64474529667393,2.421741159725109
53.53535353535354,80.80808080808082,18.06122244288445,1.146051833099865
54.54545454545455,80.80808080808082,11.4292326581405,1.543482799711392
55.55555555555556,80.80808080808082,12.31160130859079,1.52529190161533
56.56565656565657,80.80808080808082,19.16801768895195,1.824976502959916
57.57575757575758,80.80808080808082,16.64795897055516,0.8534335081539361
58.58585858585859,80.80808080808082,14.44981220366835,1.688856225026447
59.5959595959596,80.80808080808082,15.36653232667629,1.364034902570168
60.60606060606061,80.80808080808082,9.983171556693575,1.436883160804499
61.61616161616162,80.80808080808082,21.59277489665328,1.091686986227019
62.62626262626263,80.80808080808082,15.64741663920447,2.343905357257691
63.63636363636364,80.80808080808082,16.45876368037526,1.845548399197023
64.64646464646465,80.80808080808082,20.34192356621867,0.2765057331507983
65.65656565656566,80.80808080808082,12.06675655993827,0.8620025854458316
66.66666666666667,80.80808080808082,16.71249193482665,1.771623726016351
67.67676767676768,80.80808080808082,10.03966894061172,2.322748666272078
68.68686868686869,80.80808080808082,22.97971222150007,1.333979094715891
69.6969696969697,80.80808080808082,19.28351379728407,1.259318802227918
70.70707070707071,80.80808080808082,7.589432459312339,1.736857227945646
71.71717171717172,80.80808080808082,12.67105224001033,1.305745960875987
72.72727272727273,80.80808080808082,10.83017329451258,1.26765911860649
73.73737373737374,80.80808080808082,24.90345269742164,4.008470599509983
74.74747474747475,80.80808080808082,13.2742560384722,3.733201690044465
75.75757575757576,80.80808080808082,20.35685375532688,3.806413412495617
76.76767676767678,80.80808080808082,21.40174095384844,4.811031475441058
77.77777777777779,80.80808080808082,17.25274094448317,3.825961116163673
78.7878787878788,80.80808080808082,5.534056520084785,5.381668586802377
79.7979797979798,80.80808080808082,18.0008696941136,5.540192034473225
80.80808080808082,80.80808080808082,23.99985908212548,3.493557677073168
81.81818181818183,80.80808080808082,17.44338726337212,3.456438974622023
82.82828282828284,80.80808080808082,25.96020235881115,4.84798109954145
83.83838383838385,80.80808080808082,21.86869699848971,1.906342953042378
84.84848484848486,80.80808080808082,15.02179096376701,0.0
85.85858585858587,80.80808080808082,13.91195816990984,1.065888799496854
86.86868686868688,80.80808080808082,22.87030198723674,1.865304414268404
87.87878787878789,80.80808080808082,19.69270995107952,1.786903812973986
88.8888888888889,80.80808080808082,20.47935291178848,0.9186239107099536
89.89898989898991,80.80808080808082,18.3101467940617,0.2963771212641118
90.90909090909092,80.80808080808082,20.9005611316509,1.688036687122788
91.91919191919193,80.80808080808082,15.15055633284341,1.703924297313889
92.92929292929294,80.80808080808082,11.42849475935387,1.293906573233261
93.93939393939395,80.80808080808082,12.97418049313374,2.325202304220673
94.94949494949496,80.80808080808082,11.92654651752443,0.9877893770730962
95.95959595959597,80.80808080808082,16.63677601053634,1.035173631880885
96.96969696969697,80.80808080808082,22.24761945221191,1.370196480157381
97.97979797979798,80.80808080808082,19.5059862023272,1.649996500978022
98.98989898989899,80.80808080808082,19.65038590077987,1.307770960961184
100.0,80.80808080808082,2.922408606721238,0.9042700044828158
0.0,81.81818181818183,6.366551965201585,1.491382663847933
1.01010101010101,81.81818181818183,6.9945180999312,0.9035673773611789
2.02020202020202,81.81818181818183,18.1905067346735,2.091141357397869
3.03030303030303,81.81818181818183,16.88819280520119,1.343989687697966
4.040404040404041,81.81818181818183,15.76809509592054,1.808335081900539
5.050505050505051,81.81818181818183,12.78643178122223,2.206203194802239
6.060606060606061,81.81818181818183,12.19787156906375,1.25618745409534
7.070707070707071,81.81818181818183,17.92496526716355,0.4979975094246786
8.080808080808081,81.81818181818183,12.45852783757289,0.08350751349103125
9.090909090909092,81.81818181818183,21.80425056195329,1.441077659486414
10.1010101010101,81.81818181818183,21.12722108442799,3.536298365172879
11.11111111111111,81.81818181818183,23.85265687999727,4.840180714588465
12.12121212121212,81.81818181818183,32.16642880954888,4.468800337068068
13.13131313131313,81.81818181818183,22.90049061714086,4.211646778890049
14.14141414141414,81.81818181818183,18.92199787797104,5.044359259830424
15.15151515151515,81.81818181818183,23.2058359637534,3.931158226223652
16.16161616161616,81.81818181818183,29.26051027284225,3.910283184233252
17.17171717171717,81.81818181818183,15.96807827236055,5.39825713582248
18.18181818181818,81.81818181818183,17.94078912608893,5.327162679848914
19.19191919191919,81.81818181818183,28.08912551923887,5.168651469623335
20.2020202020202,81.81818181818183,20.72917861328488,4.93904428514956
21.21212121212121,81.81818181818183,27.79526459811283,3.615558910155849
22.22222222222222,81.81818181818183,8.568313770010281,2.214930288180804
23.23232323232324,81.81818181818183,17.43105866019229,1.543657283234783
24.24242424242424,81.81818181818183,13.56585714515649,2.484516567149346
25.25252525252525,81.81818181818183,13.34656403242908,1.131104699142775
26.26262626262626,81.81818181818183,15.00240288824138,1.023308978061029
27.27272727272727,81.81818181818183,18.16192848851991,1.043613283134885
28.28282828282828,81.81818181818183,16.91693544199329,2.261701156574316
29.29292929292929,81.81818181818183,21.54961259827924,1.475027125632484
30.3030303030303,81.81818181818183,18.04766530075278,1.23329232470908
31.31313131313131,81.81818181818183,2.786040407005696,1.791034185001253
32.32323232323233,81.81818181818183,17.87483953382612,1.893726994984759
33.33333333333334,81.81818181818183,12.26789590857005,2.009179664619006
34.34343434343435,81.81818181818183,11.68423622992118,1.464451761368101
35.35353535353536,81.81818181818183,10.96273383913296,1.000349533934924
36.36363636363637,81.81818181818183,17.2166845009839,1.284455662341577
37.37373737373738,81.81818181818183,12.8324237412647,1.262542186710662
38.38383838383839,81.81818181818183,25.02671785684628,2.376294948111424
39.3939393939394,81.81818181818183,15.06119862148281,2.125917433973695
40.40404040404041,81.81818181818183,7.058443585978141,1.680464674257022
41.41414141414142,81.81818181818183,14.03637824785287,4.224184097927838
42.42424242424243,81.81818181818183,8.516989813757537,4.355957854047474
43.43434343434344,81.81818181818183,23.54269265007904,3.910569337418187
44.44444444444445,81.81818181818183,23.80741194075716,4.2192488647296
45.45454545454546,81.81818181818183,27.07778129271746,5.380411483825165
46.46464646464647,81.81818181818183,32.67870720194586,4.538479246044273
47.47474747474748,81.81818181818183,17.88163038085737,3.578765808639197
48.48484848484848,81.81818181818183,27.63626004345765,3.732572830993488
49.49494949494949,81.81818181818183,17.68831220099023,4.672615105564093
50.50505050505051,81.81818181818183,39.72084739030986,4.267987383264906
51.51515151515152,81.81818181818183,21.40168819562084,2.486930332601799
52.52525252525253,81.81818181818183,24.94866886716501,5.254958245838369
53.53535353535354,81.81818181818183,20.23676998786028,1.478086264511891
54.54545454545455,81.81818181818183,14.92211636165895,1.360664458751905
55.55555555555556,81.81818181818183,17.29131136716648,1.894727900631351
56.56565656565657,81.81818181818183,11.94099358773974,1.362222698484149
57.57575757575758,81.81818181818183,14.36664887741061,1.231587429283187
58.58585858585859,81.81818181818183,15.27926087238719,0.9971297802670757
59.5959595959596,81.81818181818183,19.16778714660162,1.880326187950103
60.60606060606061,81.81818181818183,11.7472374430025,1.807292590829545
61.61616161616162,81.81818181818183,14.50075776571721,2.008446674770826
62.62626262626263,81.81818181818183,17.38604880267824,1.906649181949865
63.63636363636364,81.81818181818183,10.36862860346238,1.463731109930415
64.64646464646465,81.81818181818183,16.25979843603156,1.512363088585452
65.65656565656566,81.81818181818183,15.17635295019841,1.361355895483832
66.66666666666667,81.81818181818183,19.92145659723196,1.47550152754873
67.67676767676768,81.81818181818183,16.88547111020794,1.214602069964109
68.68686868686869,81.81818181818183,26.90721622284107,1.874549736736204
69.6969696969697,81.81818181818183,12.33496247706759,1.107948627290259
70.70707070707071,81.81818181818183,9.9538557540236,1.907127931735282
71.71717171717172,81.81818181818183,10.07432234600836,0.6677228379003111
72.72727272727273,81.81818181818183,16.70742514462153,4.398110673822232
73.73737373737374,81.81818181818183,28.23023259999991,4.989660347555722
74.74747474747475,81.81818181818183,24.78735613939715,3.829562059186234
75.75757575757576,81.81818181818183,31.88332396382631,4.656285191337161
76.76767676767678,81.81818181818183,24.35330575511237,4.975275303985015
77.77777777777779,81.81818181818183,17.43668173552923,4.579550382945373
78.7878787878788,81.81818181818183,18.68881524090979,3.590965704510978
79.7979797979798,81.81818181818183,25.50244169017178,4.201966545654045
80.80808080808082,81.81818181818183,16.37716849449392,3.792012446976254
81.81818181818183,81.81818181818183,14.56903553183506,3.9147296158773
82.82828282828284,81.81818181818183,15.09546392760654,3.417475358943245
83.83838383838385,81.81818181818183,19.15686805284448,5.145805667326629
84.84848484848486,81.81818181818183,11.72289510145862,1.199653569232315
85.85858585858587,81.81818181818183,13.02010402915531,1.283817452452262
86.86868686868688,81.81818181818183,15.71743199774546,1.660697123030361
87.87878787878789,81.81818181818183,14.90834802335976,0.9746012499142169
88.8888888888889,81.81818181818183,19.5870365703253,0.6065513942589503
89.89898989898991,81.81818181818183,10.62160621356811,1.624079508374004
90.90909090909092,81.81818181818183,24.73112087497,1.538437870716522
91.91919191919193,81.81818181818183,16.11584161032426,0.9553693913087583
92.92929292929294,81.81818181818183,17.36612483172793,1.067000936334047
93.93939393939395,81.81818181818183,17.59113563588431,1.90388471902459
94.94949494949496,81.81818181818183,12.98337346815869,1.083662640563384
95.95959595959597,81.81818181818183,9.20099305033148,1.93828034763207
96.96969696969697,81.81818181818183,10.95530710192419,1.236081542106599
97.97979797979798,81.81818181818183,13.42829044302653,1.403970781379502
98.98989898989899,81.81818181818183,7.46528484580828,1.22404100898507
100.0,81.81818181818183,17.6641616362911,1.39441174817302
0.0,82.82828282828284,9.862324276412153,1.154608892712691
1.01010101010101,82.82828282828284,8.117950587124396,1.187593248097417
2.02020202020202,82.82828282828284,10.58935118928424,2.134699327970055
3.03030303030303,82.82828282828284,12.77740155254965,0.8424418222251984
4.040404040404041,82.82828282828284,11.54525618082148,0.6587141138408703
5.050505050505051,82.82828282828284,17.93096761659802,1.949873235853979
6.060606060606061,82.82828282828284,17.20913107271002,1.421625449368235
7.070707070707071,82.82828282828284,9.300025343575367,0.997782336009362
8.080808080808081,82.82828282828284,9.069839230851146,1.375701195647556
9.090909090909092,82.82828282828284,18.2005797273474,1.463925956266011
10.1010101010101,82.82828282828284,21.05976665196288,4.673047319427957
11.11111111111111,82.82828282828284,25.38229727283103,3.804568843698771
12.12121212121212,82.82828282828284,17.86010645446213,5.713426335693383
13.13131313131313,82.82828282828284,25.30654972764705,4.946488109568024
14.14141414141414,82.82828282828284,27.93984577863855,5.06447855928656
15.15151515151515,82.82828282828284,21.5909273263645,4.405053792833569
16.16161616161616,82.82828282828284,26.25869691852128,3.934226384137317
17.17171717171717,82.82828282828284,27.37222696241579,4.876852475698219
18.18181818181818,82.82828282828284,27.92737909541066,4.552807798001138
19.19191919191919,82.82828282828284,13.49422613963814,5.013535591498579
20.2020202020202,82.82828282828284,24.33105428084172,3.85830835380805
21.21212121212121,82.82828282828284,26.88775491088487,3.674640296499082
22.22222222222222,82.82828282828284,31.60963323737269,4.783824525107168
23.23232323232324,82.82828282828284,19.79181062490313,2.105000923518705
24.24242424242424,82.82828282828284,20.16247180357329,1.505509183708879
25.25252525252525,82.82828282828284,15.63589876103616,1.454249530881154
26.26262626262626,82.82828282828284,8.520392389274617,1.36051347569997
27.27272727272727,82.82828282828284,11.80418011338132,0.4709830423257069
28.28282828282828,82.82828282828284,14.47892228297276,1.9042880398308
29.29292929292929,82.82828282828284,8.532396248315298,1.946083039053133
30.3030303030303,82.82828282828284,11.33992127007809,1.99470949513866
31.31313131313131,82.82828282828284,18.06338488867704,0.8702014479824195
32.32323232323233,82.82828282828284,16.86352103668773,1.701121498142989
33.33333333333334,82.82828282828284,11.39742777944092,1.330834032368653
34.34343434343435,82.82828282828284,6.22752663679454,1.346426460569407
35.35353535353536,82.82828282828284,10.54373766022755,1.430941359495678
36.36363636363637,82.82828282828284,14.69523771277261,2.263345816477202
37.37373737373738,82.82828282828284,20.15367293853439,1.129336761361065
38.38383838383839,82.82828282828284,12.90917868471229,2.995778343533744
39.3939393939394,82.82828282828284,15.47957242180966,1.783014049832044
40.40404040404041,82.82828282828284,18.08106637617052,1.20835063379773
41.41414141414142,82.82828282828284,31.81031277519601,5.081790829280164
42.42424242424243,82.82828282828284,28.33653746824345,4.383887593240805
43.43434343434344,82.82828282828284,18.45056529735739,4.265676322432618
44.44444444444445,82.82828282828284,11.14096534740579,4.114637857206955
45.45454545454546,82.82828282828284,23.69191506066595,5.442855089531839
46.46464646464647,82.82828282828284,9.011452674600662,5.71861248396785
47.47474747474748,82.82828282828284,11.68442324451134,4.390041773503134
48.48484848484848,82.82828282828284,9.439850473472482,4.467990968992488
49.49494949494949,82.82828282828284,27.86096415918151,4.609278629809597
50.50505050505051,82.82828282828284,22.80170961527029,5.115784856932784
51.51515151515152,82.82828282828284,18.0244796329835,4.881098840290082
52.52525252525253,82.82828282828284,34.15884799542629,4.470946118587294
53.53535353535354,82.82828282828284,12.90465971423881,5.476275022094385
54.54545454545455,82.82828282828284,16.6458491610293,0.9500388574042335
55.55555555555556,82.82828282828284,9.24522085692754,1.66211549960607
56.56565656565657,82.82828282828284,11.36040147142364,0.9989316354451954
57.57575757575758,82.82828282828284,16.3438175776057,1.881652954617951
58.58585858585859,82.82828282828284,8.750413565113504,1.777343815501339
59.5959595959596,82.82828282828284,9.75997507949637,1.916156492739145
60.60606060606061,82.82828282828284,22.63544745394967,1.285502805026649
61.61616161616162,82.82828282828284,21.92492321641917,0.9703855073425345
62.62626262626263,82.82828282828284,16.06180250275571,1.159240606437075
63.63636363636364,82.82828282828284,20.06097456263955,1.411256434441737
64.64646464646465,82.82828282828284,14.30814914738829,2.438579524486573
65.65656565656566,82.82828282828284,15.09032515557458,1.765220256600107
66.66666666666667,82.82828282828284,12.73275536018724,1.966561948060768
67.67676767676768,82.82828282828284,12.27463949640617,2.44686049339006
68.68686868686869,82.82828282828284,10.50318594800166,2.096807388074165
69.6969696969697,82.82828282828284,12.1941803674725,1.23845551594175
70.70707070707071,82.82828282828284,23.89124184070518,1.734237925644718
71.71717171717172,82.82828282828284,20.89794440626747,1.111177289842962
72.72727272727273,82.82828282828284,27.69523756097222,4.296575205121273
73.73737373737374,82.82828282828284,20.36370840495012,3.91267263492679
74.74747474747475,82.82828282828284,26.20382865695866,3.463501031726232
75.75757575757576,82.82828282828284,24.91024622217259,4.055106224772325
76.76767676767678,82.82828282828284,25.91124107859022,4.757464385324018
77.77777777777779,82.82828282828284,29.34793727854809,4.406979067992705
78.7878787878788,82.82828282828284,26.31528540592548,4.039308197918192
79.7979797979798,82.82828282828284,20.48421606980609,3.59461089517496
80.80808080808082,82.82828282828284,15.93873656122545,4.713589152017773
81.81818181818183,82.82828282828284,34.4406953702914,4.610962047597011
82.82828282828284,82.82828282828284,22.08568192225602,5.139661742714747
83.83838383838385,82.82828282828284,26.96596007468077,5.043343720684437
84.84848484848486,82.82828282828284,12.45621515249748,5.949391323907132
85.85858585858587,82.82828282828284,11.16057670887486,1.748963026496391
86.86868686868688,82.82828282828284,15.56600245843336,1.027234087515
87.87878787878789,82.82828282828284,12.70717087462994,1.525996949525666
88.8888888888889,82.82828282828284,23.66376883159045,1.739624549912391
89.89898989898991,82.82828282828284,16.11924345016689,1.392993824306418
90.90909090909092,82.82828282828284,14.4304120025315,0.2475791495452568
91.91919191919193,82.82828282828284,16.73862237582945,1.807925153151716
92.92929292929294,82.82828282828284,12.2805183405672,1.320362616915676
93.93939393939395,82.82828282828284,18.26465054303219,1.544765417591134
94.94949494949496,82.82828282828284,19.27341562817236,1.620605784002341
95.95959595959597,82.82828282828284,14.02863028281649,0.8975336493129068
96.96969696969697,82.82828282828284,18.50702076985918,1.939789154526965
97.97979797979798,82.82828282828284,3.280916881811635,1.929272337253566
98.98989898989899,82.82828282828284,9.839695739961705,1.165889308076614
100.0,82.82828282828284,18.22324000499827,1.743054897999939
0.0,83.83838383838385,14.22749954916265,3.600281373888682
1.01010101010101,83.83838383838385,14.60335259025118,1.009091498667174
2.02020202020202,83.83838383838385,7.552768521020124,1.03429886388458
3.03030303030303,83.83838383838385,0.0,0.8857603416317904
4.040404040404041,83.83838383838385,14.03539338135834,1.944775225640656
5.050505050505051,83.83838383838385,11.63941706571112,2.39627420250022
6.060606060606061,83.83838383838385,11.17060907775492,0.7059302940509619
7.070707070707071,83.83838383838385,16.45047900680608,2.005857365414758
8.080808080808081,83.83838383838385,9.944311702979855,1.237619095962371
9.090909090909092,83.83838383838385,31.45385974785284,4.559238895556432
10.1010101010101,83.83838383838385,19.43981508336514,5.529661574849247
11.11111111111111,83.83838383838385,30.41004157474961,3.837513039477444
12.12121212121212,83.83838383838385,18.11817033555637,5.30748799997269
13.13131313131313,83.83838383838385,37.91761784526005,5.477773249453565
14.14141414141414,83.83838383838385,24.70614568727524,4.496402194975301
15.15151515151515,83.83838383838385,19.57692975560172,3.818704482857735
16.16161616161616,83.83838383838385,13.58345926371213,4.375486608067523
17.17171717171717,83.83838383838385,17.84020252345366,4.233899805980881
18.18181818181818,83.83838383838385,33.62014298237317,4.44361611181873
19.19191919191919,83.83838383838385,24.61922367842842,4.761252476354106
20.2020202020202,83.83838383838385,17.38445879763561,3.913274684643701
21.21212121212121,83.83838383838385,17.34491115154337,4.014900580635312
22.22222222222222,83.83838383838385,33.05518999219041,4.002491779789898
23.23232323232324,83.83838383838385,6.662810149009593,1.360397122470435
24.24242424242424,83.83838383838385,14.10915721869852,1.54513312747791
25.25252525252525,83.83838383838385,15.05666676054992,1.641769593382073
26.26262626262626,83.83838383838385,9.436233301812967,1.993888411541971
27.27272727272727,83.83838383838385,18.74308298803981,0.8448132075111592
28.28282828282828,83.83838383838385,9.726281520213046,1.578883813147188
29.29292929292929,83.83838383838385,19.86445880573536,1.230817251323755
30.3030303030303,83.83838383838385,14.51671069519274,1.421211027851875
31.31313131313131,83.83838383838385,20.21146362801163,1.678635672128401
32.32323232323233,83.83838383838385,14.88679257336877,0.9699045743154882
33.33333333333334,83.83838383838385,16.72969018155,0.5428923951496977
34.34343434343435,83.83838383838385,14.78698139719269,0.9515545047537038
35.35353535353536,83.83838383838385,22.73286834077283,1.86830389724922
36.36363636363637,83.83838383838385,7.116038278995545,1.631539846986147
37.37373737373738,83.83838383838385,21.83278663728076,1.193290313868397
38.38383838383839,83.83838383838385,10.96190203499435,0.851161563314599
39.3939393939394,83.83838383838385,22.97631573686667,1.853524838359168
40.40404040404041,83.83838383838385,12.32350437989828,3.910401968372687
41.41414141414142,83.83838383838385,26.59196152774189,3.760136862222346
42.42424242424243,83.83838383838385,20.2225357630252,5.178905647599785
43.43434343434344,83.83838383838385,31.49839529228787,5.375114400762155
44.44444444444445,83.83838383838385,26.28122537996109,4.659183617200482
45.45454545454546,83.83838383838385,21.84540229317703,5.229361851459138
46.46464646464647,83.83838383838385,13.70645152681009,4.536634389737929
47.47474747474748,83.83838383838385,19.54808141258012,4.918538408684666
48.48484848484848,83.83838383838385,15.09758094694947,5.205826280649985
49.49494949494949,83.83838383838385,15.91057798289125,4.440095109602803
50.50505050505051,83.83838383838385,29.27845700337997,4.226170222960286
51.51515151515152,83.83838383838385,28.81609149366186,4.385426591552264
52.52525252525253,83.83838383838385,12.95540806941706,4.69567336309391
53.53535353535354,83.83838383838385,32.99336348403643,4.598695869420601
54.54545454545455,83.83838383838385,15.20148009684165,1.520287368239419
55.55555555555556,83.83838383838385,20.75584799673811,1.396351486542836
56.56565656565657,83.83838383838385,10.1187370339946,1.820345711723181
57.57575757575758,83.83838383838385,18.12210514685201,1.342936415375841
58.58585858585859,83.83838383838385,14.10370779706771,1.793952821283021
59.5959595959596,83.83838383838385,13.61402871217513,0.812370408194846
60.60606060606061,83.83838383838385,8.563446984129879,0.265907050157381
61.61616161616162,83.83838383838385,18.78515987952748,1.081075832769014
62.62626262626263,83.83838383838385,18.90919059500644,0.4787251217838864
63.63636363636364,83.83838383838385,7.741899097994929,1.373511614556465
64.64646464646465,83.83838383838385,16.40036310548432,0.9281509806210206
65.65656565656566,83.83838383838385,23.59751688495759,1.644468445533928
66.66666666666667,83.83838383838385,9.72868844006652,1.891616135056244
67.67676767676768,83.83838383838385,21.31354790183854,1.272060774881031
68.68686868686869,83.83838383838385,4.942469752380714,1.084220874692367
69.6969696969697,83.83838383838385,9.770895661428904,1.704576648679723
70.70707070707071,83.83838383838385,23.95115105314176,2.299301426759592
71.71717171717172,83.83838383838385,8.481072320534771,3.960475167994127
72.72727272727273,83.83838383838385,18.14335835016769,4.207555398816398
73.73737373737374,83.83838383838385,28.61792431246112,4.327555882285089
74.74747474747475,83.83838383838385,26.85340676897859,4.248431676986185
75.75757575757576,83.83838383838385,13.31669577117039,3.359088667877601
76.76767676767678,83.83838383838385,28.2863176321111,4.998195963764873
77.77777777777779,83.83838383838385,19.71364574205966,5.603476824886007
78.7878787878788,83.83838383838385,16.76790638530889,4.836379467230323
79.7979797979798,83.83838383838385,22.5409016065197,5.911910770088728
80.80808080808082,83.83838383838385,13.86262403397827,5.327817202759925
81.81818181818183,83.83838383838385,32.15516637695902,4.319482295936856
82.82828282828284,83.83838383838385,25.48757713565457,4.693861483038716
83.83838383838385,83.83838383838385,22.46197806983712,5.9061415168848
84.84848484848486,83.83838383838385,24.18193741991826,4.304680251600582
85.85858585858587,83.83838383838385,26.12208478500419,3.516982659502288
86.86868686868688,83.83838383838385,17.31007242221856,1.212787808787053
87.87878787878789,83.83838383838385,7.896920411996966,1.329021761025811
88.8888888888889,83.83838383838385,14.40117633259095,1.293562949991805
89.89898989898991,83.83838383838385,17.31927725415434,1.567932482889584
90.90909090909092,83.83838383838385,20.23441966322382,1.275716595235223
91.91919191919193,83.83838383838385,33.76797520077893,1.688991202315332
92.92929292929294,83.83838383838385,20.55382712530321,1.191490642917622
93.93939393939395,83.83838383838385,26.05444705095826,1.931022130683274
94.94949494949496,83.83838383838385,20.99829742850773,0.3850835169532963
95.95959595959597,83.83838383838385,17.12897825676102,1.706661438673956
96.96969696969697,83.83838383838385,10.15635494482364,1.367354866184662
97.97979797979798,83.83838383838385,25.84748182516613,1.940154019882681
98.98989898989899,83.83838383838385,14.46844008217953,1.369967715001076
100.0,83.83838383838385,12.11660564493601,1.11123076478231
0.0,84.84848484848486,14.44708734000631,2.140061660231416
1.01010101010101,84.84848484848486,21.94984095175172,2.224540351910944
2.02020202020202,84.84848484848486,19.53555312739756,0.2819477756805246
3.03030303030303,84.84848484848486,10.33640882584172,1.400173328940868
4.040404040404041,84.84848484848486,8.968863195373926,1.304721488260824
5.050505050505051,84.84848484848486,17.7582726696088,1.994516151783319
6.060606060606061,84.84848484848486,14.01431475372176,1.086956102045976
7.070707070707071,84.84848484848486,8.260453381439726,1.380850620016917
8.080808080808081,84.84848484848486,24.61871942811633,4.215509627114151
9.090909090909092,84.84848484848486,19.57824137583906,4.632610757850093
10.1010101010101,84.84848484848486,14.0531474965667,4.171345698933897
11.11111111111111,84.84848484848486,19.85247081897234,5.415518072893084
12.12121212121212,84.84848484848486,3.244146291865828,4.024565017685203
13.13131313131313,84.84848484848486,10.95508181815118,4.942111812726181
14.14141414141414,84.84848484848486,25.03879448809153,4.035953086883524
15.15151515151515,84.84848484848486,23.81535792538653,4.813006085704955
16.16161616161616,84.84848484848486,30.10661530294797,4.229259919874751
17.17171717171717,84.84848484848486,27.32970294508307,5.013362651434853
18.18181818181818,84.84848484848486,22.62352598614322,4.359457684416112
19.19191919191919,84.84848484848486,38.33768273845853,3.451644340080678
20.2020202020202,84.84848484848486,19.52280568983361,2.913288242868929
21.21212121212121,84.84848484848486,19.29570326493043,3.818612770680399
22.22222222222222,84.84848484848486,27.59982307910973,4.406628123190691
23.23232323232324,84.84848484848486,23.35685512132126,3.862218506859689
24.24242424242424,84.84848484848486,19.59442509216011,1.202260137057321
25.25252525252525,84.84848484848486,7.876258817806453,1.987019438624784
26.26262626262626,84.84848484848486,18.65707267019385,2.409088651075914
27.27272727272727,84.84848484848486,20.6831643251824,2.289766178155836
28.28282828282828,84.84848484848486,3.021318322718573,2.128577813015395
29.29292929292929,84.84848484848486,3.965478409524299,0.9689817799793212
30.3030303030303,84.84848484848486,15.07119449136898,0.4283849050940264
31.31313131313131,84.84848484848486,16.85404713042959,1.825183486916795
32.32323232323233,84.84848484848486,15.78036466608811,1.767551732323618
33.33333333333334,84.84848484848486,7.188719947856481,0.7930242176807557
34.34343434343435,84.84848484848486,22.82409819920451,1.95043181478157
35.35353535353536,84.84848484848486,19.69167801544826,1.556288010865407
36.36363636363637,84.84848484848486,17.12698129515255,1.317468423344564
37.37373737373738,84.84848484848486,21.80375350629337,1.605704520882541
38.38383838383839,84.84848484848486,18.85429068231437,1.614464125809754
39.3939393939394,84.84848484848486,19.06758175086442,5.027340347559113
40.40404040404041,84.84848484848486,18.72231957433745,4.043534365772654
41.41414141414142,84.84848484848486,35.01021853531145,3.968052524626409
42.42424242424243,84.84848484848486,21.12207532108449,3.83541246207532
43.43434343434344,84.84848484848486,16.02669625925758,4.807021352698453
44.44444444444445,84.84848484848486,25.85407981268006,5.4682127347734
45.45454545454546,84.84848484848486,30.61508026125589,4.273474332321997
46.46464646464647,84.84848484848486,21.91845708055558,3.514471895441929
47.47474747474748,84.84848484848486,28.58318806568336,4.35395913278352
48.48484848484848,84.84848484848486,22.30835702437792,3.700855054048485
49.49494949494949,84.84848484848486,28.74897939385052,4.18715090745852
50.50505050505051,84.84848484848486,31.46739645955147,5.470321483061134
51.51515151515152,84.84848484848486,34.5860641588819,4.872265520321316
52.52525252525253,84.84848484848486,11.86193441686907,5.779175797386156
53.53535353535354,84.84848484848486,7.369889348651445,4.380557366457825
54.54545454545455,84.84848484848486,19.1356341078721,4.210477466172545
55.55555555555556,84.84848484848486,22.52678088802931,1.277324772323771
56.56565656565657,84.84848484848486,13.91084919578082,0.9951119701036192
57.57575757575758,84.84848484848486,15.77978178722887,1.209429532409497
58.58585858585859,84.84848484848486,21.07465938375734,1.559580577347315
59.5959595959596,84.84848484848486,3.877014624796873,1.174514531335825
60.60606060606061,84.84848484848486,19.64388511805909,2.18324905112855
61.61616161616162,84.84848484848486,16.6990883609666,1.652363076157062
62.62626262626263,84.84848484848486,13.20542757345583,1.256946349755979
63.63636363636364,84.84848484848486,17.34536558681507,1.545744229164141
64.64646464646465,84.84848484848486,11.4453671534539,1.257690186378249
65.65656565656566,84.84848484848486,20.33032630071844,1.52072426250152
66.66666666666667,84.84848484848486,19.40631535319459,1.73362619967877
67.67676767676768,84.84848484848486,18.7413295158535,1.586886204590088
68.68686868686869,84.84848484848486,5.895428790137758,1.808850140320766
69.6969696969697,84.84848484848486,15.33942142748588,0.7020667225462505
70.70707070707071,84.84848484848486,14.15908959895214,4.494531982283827
71.71717171717172,84.84848484848486,22.36293142478942,5.001378700267549
72.72727272727273,84.84848484848486,33.27541702482839,3.810371693064131
73.73737373737374,84.84848484848486,29.58599789490378,4.345235806569802
74.74747474747475,84.84848484848486,23.65065755600533,5.590970828818753
75.75757575757576,84.84848484848486,40.63496364824837,3.857585770791999
76.76767676767678,84.84848484848486,15.06283876237271,4.105816334513969
77.77777777777779,84.84848484848486,26.45957912346152,4.3867712387175
78.7878787878788,84.84848484848486,13.78914046456696,5.052052978122619
79.7979797979798,84.84848484848486,28.81431026791471,5.072232459591199
80.80808080808082,84.84848484848486,14.78919476791844,4.063472183682582
81.81818181818183,84.84848484848486,20.91203896661399,4.770735010281703
82.82828282828284,84.84848484848486,13.7083725117872,3.748326449657738
83.83838383838385,84.84848484848486,34.29583481309562,4.552788819057288
84.84848484848486,84.84848484848486,29.72090873646538,2.796885112627272
85.85858585858587,84.84848484848486,19.18965681059994,4.497160450767895
86.86868686868688,84.84848484848486,35.19988331952264,6.018362052722789
87.87878787878789,84.84848484848486,25.41253404030629,2.02952192775128
88.8888888888889,84.84848484848486,25.16220126546391,1.241336378647862
89.89898989898991,84.84848484848486,17.04070539485546,1.722587370021576
90.90909090909092,84.84848484848486,14.73366038918933,1.754437489903395
91.91919191919193,84.84848484848486,18.1909761215916,1.276263661642717
92.92929292929294,84.84848484848486,16.78460379234806,1.426851682115132
93.93939393939395,84.84848484848486,18.1734002146844,1.477183113045989
94.94949494949496,84.84848484848486,13.97808581091494,0.8176894637292301
95.95959595959597,84.84848484848486,13.59160906708238,0.139773652769174
96.96969696969697,84.84848484848486,8.808657801006174,1.563199168775917
97.97979797979798,84.84848484848486,24.59487435410339,1.300905937543576
98.98989898989899,84.84848484848486,15.03458102061137,1.843069613434069
100.0,84.84848484848486,16.55411670846485,1.043512186099672
0.0,85.85858585858587,13.04437479403617,0.8890945728681163
1.01010101010101,85.85858585858587,11.92571077502359,1.884989295929661
2.02020202020202,85.85858585858587,8.394133307810963,0.4614179757714387
3.03030303030303,85.85858585858587,12.35022332888966,1.571464319495347
4.040404040404041,85.85858585858587,15.40611377945206,1.711006082563106
5.050505050505051,85.85858585858587,21.46833478001266,1.272520564364351
6.060606060606061,85.85858585858587,20.40620187339695,1.397483874679484
7.070707070707071,85.85858585858587,22.73077691324302,3.689777046867693
8.080808080808081,85.85858585858587,16.34457455976914,4.355106838005813
9.090909090909092,85.85858585858587,20.0321542402003,3.93379938754944
10.1010101010101,85.85858585858587,9.629267027527467,4.921453673226438
11.11111111111111,85.85858585858587,26.32739288590997,4.087818006694237
12.12121212121212,85.85858585858587,15.63764717679958,5.715900867176927
13.13131313131313,85.85858585858587,14.27780047186378,5.630410065303191
14.14141414141414,85.85858585858587,40.2368850341592,5.580035090580854
15.15151515151515,85.85858585858587,19.68050609155508,4.940238015002505
16.16161616161616,85.85858585858587,38.00836380109906,4.474061010511872
17.17171717171717,85.85858585858587,20.8215614468857,4.299811001097089
18.18181818181818,85.85858585858587,31.96861049302816,4.584420140922458
19.19191919191919,85.85858585858587,13.66408384800179,4.979793198475752
20.2020202020202,85.85858585858587,30.15218405866881,4.260706169577777
21.21212121212121,85.85858585858587,24.44786010958611,4.650316142617273
22.22222222222222,85.85858585858587,28.75755402409217,4.91770163835635
23.23232323232324,85.85858585858587,24.86157758451219,3.202999492697143
24.24242424242424,85.85858585858587,17.4077419940169,5.0200145707392
25.25252525252525,85.85858585858587,19.22986743733675,1.411645783604776
26.26262626262626,85.85858585858587,16.85077267852667,2.031754258391629
27.27272727272727,85.85858585858587,6.437728288200519,1.547740994467704
28.28282828282828,85.85858585858587,12.55735020642343,1.614849034009392
29.29292929292929,85.85858585858587,17.74111482790865,0.6520805527112002
30.3030303030303,85.85858585858587,17.40005888139221,1.191080102835383
31.31313131313131,85.85858585858587,6.974928990592004,1.76095159963034
32.32323232323233,85.85858585858587,11.01741548879697,1.248801266544948
33.33333333333334,85.85858585858587,18.16897191641551,1.242453296354054
34.34343434343435,85.85858585858587,22.51507900110432,0.4599582174980806
35.35353535353536,85.85858585858587,17.33682724338519,1.656482021581347
36.36363636363637,85.85858585858587,11.89940523751456,1.733842864300996
37.37373737373738,85.85858585858587,15.78259207840819,1.634981498454065
38.38383838383839,85.85858585858587,19.6602562608484,4.077766645587727
39.3939393939394,85.85858585858587,24.74140522015003,5.199178312932858
40.40404040404041,85.85858585858587,19.68928444195841,4.399804483430902
41.41414141414142,85.85858585858587,26.09646443390641,4.463222923900552
42.42424242424243,85.85858585858587,28.8794843103347,4.735751930554931
43.43434343434344,85.85858585858587,17.12140047513773,3.85941500114068
44.44444444444445,85.85858585858587,22.49596992274302,5.167269484555798
45.45454545454546,85.85858585858587,26.68860187603926,3.489787344397846
46.46464646464647,85.85858585858587,26.65645140372953,5.134970412726036
47.47474747474748,85.85858585858587,4.22521914852716,4.071718667725729
48.48484848484848,85.85858585858587,27.45165855933708,5.16612468765579
49.49494949494949,85.85858585858587,19.87411620693483,3.947383042795614
50.50505050505051,85.85858585858587,28.73652302786428,4.545366312688961
51.51515151515152,85.85858585858587,18.11401724348134,4.180419186576051
52.52525252525253,85.85858585858587,31.38565620798388,3.361282900532911
53.53535353535354,85.85858585858587,32.32666438513535,4.563983918591178
54.54545454545455,85.85858585858587,38.53122491545315,4.74755915237333
55.55555555555556,85.85858585858587,42.21386039293393,4.026904299126261
56.56565656565657,85.85858585858587,11.80151578517971,0.3554399777138813
57.57575757575758,85.85858585858587,10.36852282384905,2.019463722271236
58.58585858585859,85.85858585858587,10.80105066159953,1.957540480846564
59.5959595959596,85.85858585858587,6.807630853764889,1.415123595635353
60.60606060606061,85.85858585858587,24.13143177147564,1.788890596787639
61.61616161616162,85.85858585858587,13.43675893383819,1.331394625025859
62.62626262626263,85.85858585858587,21.29156895194134,0.7228874347655095
63.63636363636364,85.85858585858587,11.89677256104973,0.9931226143820813
64.64646464646465,85.85858585858587,18.07187635752708,1.27878246550287
65.65656565656566,85.85858585858587,13.39396319253447,1.925384717627664
66.66666666666667,85.85858585858587,19.90729387049027,1.242545772339838
67.67676767676768,85.85858585858587,12.89860434200857,1.977521422038834
68.68686868686869,85.85858585858587,15.49529581864287,2.198695756931616
69.6969696969697,85.85858585858587,8.091775430168264,5.228122306040724
70.70707070707071,85.85858585858587,13.09437691303373,4.110238081927072
71.71717171717172,85.85858585858587,21.74262706435703,4.923528300072926
72.72727272727273,85.85858585858587,30.77994910758228,3.88280852230016
73.73737373737374,85.85858585858587,15.55268665000685,4.434606898919453
74.74747474747475,85.85858585858587,23.80548602448668,4.43857518643795
75.75757575757576,85.85858585858587,25.18579255946901,3.072981586597968
76.76767676767678,85.85858585858587,29.3954684762815,5.738375252070785
77.77777777777779,85.85858585858587,20.37096492370866,4.407532146746023
78.7878787878788,85.85858585858587,21.79775715654344,4.577482869257787
79.7979797979798,85.85858585858587,18.14154247164778,5.569074459879961
80.80808080808082,85.85858585858587,29.08974920447318,2.805133361211095
81.81818181818183,85.85858585858587,26.89876819880996,5.498790469230311
82.82828282828284,85.85858585858587,21.235086591373,4.765339516472776
83.83838383838385,85.85858585858587,20.41705120480497,3.478194737819564
84.84848484848486,85.85858585858587,22.13321225447869,5.11264860703011
85.85858585858587,85.85858585858587,27.53212423678312,4.545059889392864
86.86868686868688,85.85858585858587,23.30124682611597,5.141436644516598
87.87878787878789,85.85858585858587,38.78442544169521,4.910368293355783
88.8888888888889,85.85858585858587,16.34237558788715,0.7564438867964158
89.89898989898991,85.85858585858587,17.69689222801838,1.344708593853973
90.90909090909092,85.85858585858587,6.488926669097694,1.705968467438814
91.91919191919193,85.85858585858587,11.25997777638219,1.007388662082084
92.92929292929294,85.85858585858587,13.27939468084717,1.739958124111992
93.93939393939395,85.85858585858587,7.234513766029992,1.84864129647214
94.94949494949496,85.85858585858587,24.20157102371238,1.050582833553506
95.95959595959597,85.85858585858587,15.96222466920006,1.887038080070328
96.96969696969697,85.85858585858587,14.1293893001829,2.252574531519063
97.97979797979798,85.85858585858587,9.73348981636034,0.9176793666042815
98.98989898989899,85.85858585858587,17.85686848350936,1.90194031183137
100.0,85.85858585858587,14.80200532997978,1.354983101288981
0.0,86.86868686868688,12.38134190098855,1.93703224189767
1.01010101010101,86.86868686868688,15.45827299983207,0.9277486110345634
2.02020202020202,86.86868686868688,16.18818882273791,1.26838769476405
3.03030303030303,86.86868686868688,19.12382412392588,1.358043609097534
4.040404040404041,86.86868686868688,14.6584688643332,1.027216168779382
5.050505050505051,86.86868686868688,13.78470937688842,1.482301967200567
6.060606060606061,86.86868686868688,18.31137541515488,5.469572122044852
7.070707070707071,86.86868686868688,20.20664848462637,4.492639018415606
8.080808080808081,86.86868686868688,14.54665746265814,4.828344966969399
9.090909090909092,86.86868686868688,22.13146147953493,4.322035078321572
10.1010101010101,86.86868686868688,26.41194702541975,3.359642835298893
11.11111111111111,86.86868686868688,38.28653137787578,3.979778314446011
12.12121212121212,86.86868686868688,21.45659889273498,4.603179900441225
13.13131313131313,86.86868686868688,27.82691801732983,3.855077622753722
14.14141414141414,86.86868686868688,15.08317271882719,2.698581715588964
15.15151515151515,86.86868686868688,22.60941835000715,4.850250930409236
16.16161616161616,86.86868686868688,18.89967123345864,4.767144972943005
17.17171717171717,86.86868686868688,15.02600324882486,3.728597725227117
18.18181818181818,86.86868686868688,19.4297707700536,4.53008727616591
19.19191919191919,86.86868686868688,22.73260794617988,4.476823694319018
20.2020202020202,86.86868686868688,26.54166111963134,4.265743213263804
21.21212121212121,86.86868686868688,12.81076817252366,4.115766248310472
22.22222222222222,86.86868686868688,21.04587570362028,4.672038979494193
23.23232323232324,86.86868686868688,29.30529781290711,5.904706709014097
24.24242424242424,86.86868686868688,18.64834318377542,3.73096992884348
25.25252525252525,86.86868686868688,16.46123770169871,3.118781626721945
26.26262626262626,86.86868686868688,9.656804408964867,1.068397078347495
27.27272727272727,86.86868686868688,12.78406227547952,1.367491867901038
28.28282828282828,86.86868686868688,20.20503045692696,1.383043862044099
29.29292929292929,86.86868686868688,18.98923209245958,2.032626032171503
30.3030303030303,86.86868686868688,19.3938934533836,1.930065810847982
31.31313131313131,86.86868686868688,15.20983055954133,0.7431236722161835
32.32323232323233,86.86868686868688,14.41892723254827,0.6460076913672737
33.33333333333334,86.86868686868688,3.289010824703216,1.659936045006008
34.34343434343435,86.86868686868688,17.47087072549986,1.872193683002225
35.35353535353536,86.86868686868688,12.87618334554035,0.6977558402823721
36.36363636363637,86.86868686868688,9.025367391874095,1.209189632909547
37.37373737373738,86.86868686868688,22.12035349728974,3.504572630363857
38.38383838383839,86.86868686868688,27.61594287572837,3.8899748498442
39.3939393939394,86.86868686868688,27.5742028720431,4.450803308698946
40.40404040404041,86.86868686868688,30.86980649217775,3.703426641879833
41.41414141414142,86.86868686868688,26.21337453478941,4.652518619581352
42.42424242424243,86.86868686868688,43.75427360591769,5.497773403308033
43.43434343434344,86.86868686868688,19.89821805184197,5.352745764166966
44.44444444444445,86.86868686868688,22.86321564057416,4.121806688539825
45.45454545454546,86.86868686868688,12.30719594138464,4.311125000357945
46.46464646464647,86.86868686868688,13.97555769514287,4.592960284671182
47.47474747474748,86.86868686868688,11.13887189702816,4.137745182246198
48.48484848484848,86.86868686868688,22.22852491704835,5.150214148699744
49.49494949494949,86.86868686868688,18.11450954998598,5.10739069491173
50.50505050505051,86.86868686868688,20.486648010029,4.48449019489692
51.51515151515152,86.86868686868688,19.71704833348625,3.805003316326929
52.52525252525253,86.86868686868688,3.026157786192165,4.076061482039228
53.53535353535354,86.86868686868688,20.74881284985835,4.57752573696129
54.54545454545455,86.86868686868688,37.09762900917634,4.362926001880057
55.55555555555556,86.86868686868688,45.38117519495698,4.640745970290189
56.56565656565657,86.86868686868688,6.422940829731573,4.789604434017061
57.57575757575758,86.86868686868688,18.44594754909718,1.61278403563177
58.58585858585859,86.86868686868688,18.58504512282254,0.8186781666540155
59.5959595959596,86.86868686868688,13.0062964700035,1.324259447888651
60.60606060606061,86.86868686868688,11.36166249270872,1.47501673371202
61.61616161616162,86.86868686868688,10.58397925819382,1.706144730986678
62.62626262626263,86.86868686868688,21.37976157346943,0.6729593604357178
63.63636363636364,86.86868686868688,14.024465989415,2.110582056582362
64.64646464646465,86.86868686868688,20.36931691601414,2.041314247268114
65.65656565656566,86.86868686868688,12.90758396847901,2.197298594642869
66.66666666666667,86.86868686868688,8.60811080076796,1.654845660888798
67.67676767676768,86.86868686868688,23.57510791652985,1.320398992079763
68.68686868686869,86.86868686868688,20.42431819637608,5.09281094145714
69.6969696969697,86.86868686868688,25.00318466437416,4.904317722787956
70.70707070707071,86.86868686868688,23.39937406239032,3.150393053394321
71.71717171717172,86.86868686868688,22.03705772180659,5.194775727066951
72.72727272727273,86.86868686868688,25.50728757577566,4.420061366375414
73.73737373737374,86.86868686868688,37.07207345380681,4.972663454443456
74.74747474747475,86.86868686868688,19.40100086277046,4.394213590033042
75.75757575757576,86.86868686868688,22.89490988645806,4.752684794039502
76.76767676767678,86.86868686868688,30.54174951771543,5.739620901656263
77.77777777777779,86.86868686868688,11.05823398833424,4.492767831080722
78.7878787878788,86.86868686868688,22.22278304356272,5.112198917685778
79.7979797979798,86.86868686868688,16.14877959079392,3.45150730838057
80.80808080808082,86.86868686868688,20.40654661083823,4.901026285179955
81.81818181818183,86.86868686868688,24.72001761053718,4.228406825913893
82.82828282828284,86.86868686868688,36.53945907806605,5.295073523371389
83.83838383838385,86.86868686868688,31.25256687740699,4.542864070138349
84.84848484848486,86.86868686868688,31.47622632406529,5.468990192514714
85.85858585858587,86.86868686868688,29.1834841665549,5.021403424097089
86.86868686868688,86.86868686868688,24.13123218873093,3.710686246635395
87.87878787878789,86.86868686868688,21.21195893907169,4.310353441247806
88.8888888888889,86.86868686868688,27.46523366317783,5.134694342067355
89.89898989898991,86.86868686868688,13.37565979887652,1.565365979620218
90.90909090909092,86.86868686868688,6.262599759020371,1.583420667780188
91.91919191919193,86.86868686868688,23.85580199257927,1.48633631188724
92.92929292929294,86.86868686868688,21.64890064476055,1.275041221687285
93.93939393939395,86.86868686868688,17.2285300442757,1.397173830219905
94.94949494949496,86.86868686868688,20.78636711008044,1.989694265899395
95.95959595959597,86.86868686868688,15.50444214069178,1.000773472695262
96.96969696969697,86.86868686868688,15.77108200863013,1.490305008945402
97.97979797979798,86.86868686868688,17.15693550297598,1.446436228294814
98.98989898989899,86.86868686868688,12.5077844498352,1.328675763080628
100.0,86.86868686868688,37.6478516717813,4.283598029412411
0.0,87.87878787878789,17.03772028484261,0.629431946456821
1.01010101010101,87.87878787878789,20.59278915984524,1.636187601933718
2.02020202020202,87.87878787878789,13.16981521765425,2.22799198394066
3.03030303030303,87.87878787878789,17.66997473969609,0.8244340024896689
4.040404040404041,87.87878787878789,22.57485399491948,4.586620451235399
5.050505050505051,87.87878787878789,22.47644990218654,4.850627863796167
6.060606060606061,87.87878787878789,33.60617907032919,4.772944928783086
7.070707070707071,87.87878787878789,19.19549896100078,4.278995252271468
8.080808080808081,87.87878787878789,22.35472745541968,4.914906972341037
9.090909090909092,87.87878787878789,27.22227255520447,4.589656444302927
10.1010101010101,87.87878787878789,23.28383371068071,5.259466246612734
11.11111111111111,87.87878787878789,37.74952365540402,4.870358684247605
12.12121212121212,87.87878787878789,16.06066410943412,3.883982380821241
13.13131313131313,87.87878787878789,23.12233079206066,4.457014530988198
14.14141414141414,87.87878787878789,19.71097659854559,4.033012912483109
15.15151515151515,87.87878787878789,26.61832191759722,3.705216500633311
16.16161616161616,87.87878787878789,20.68131478466226,5.451160214089371
17.17171717171717,87.87878787878789,23.39805382878275,4.386319579331849
18.18181818181818,87.87878787878789,33.58256668089437,5.035263790896238
19.19191919191919,87.87878787878789,32.75322433368483,4.504590335883838
20.2020202020202,87.87878787878789,25.26685577086511,5.978644657629727
21.21212121212121,87.87878787878789,30.08967618211515,4.253910364666434
22.22222222222222,87.87878787878789,24.15986270669243,5.615912335755662
23.23232323232324,87.87878787878789,19.91122974402602,4.572809282289681
24.24242424242424,87.87878787878789,26.08439261422674,4.299342695530375
25.25252525252525,87.87878787878789,18.34515527555117,2.975079335789041
26.26262626262626,87.87878787878789,29.23446276528864,3.851063600638206
27.27272727272727,87.87878787878789,21.36992092101321,4.682134253959958
28.28282828282828,87.87878787878789,8.640916112148172,1.941704159485479
29.29292929292929,87.87878787878789,16.33893506967153,1.540835525613921
30.3030303030303,87.87878787878789,19.33578839923761,0.8544881535042599
31.31313131313131,87.87878787878789,17.32167694982845,1.230885669642429
32.32323232323233,87.87878787878789,15.50650739837433,1.711082844405152
33.33333333333334,87.87878787878789,23.11162585114088,1.431760972448248
34.34343434343435,87.87878787878789,10.60208485728672,1.768028086424589
35.35353535353536,87.87878787878789,14.18530731933303,1.290556026918474
36.36363636363637,87.87878787878789,29.84470427289068,3.815493843462372
37.37373737373738,87.87878787878789,18.84375316875429,4.449652000478103
38.38383838383839,87.87878787878789,29.29673355345563,4.788864012035503
39.3939393939394,87.87878787878789,26.86355761606414,4.385825986886434
40.40404040404041,87.87878787878789,19.59087107504374,3.192133240604016
41.41414141414142,87.87878787878789,24.94238501898788,4.363961634487519
42.42424242424243,87.87878787878789,17.99346325501343,4.15267798153203
43.43434343434344,87.87878787878789,22.75681112388285,4.375646845457541
44.44444444444445,87.87878787878789,17.23594278525834,3.604831344432703
45.45454545454546,87.87878787878789,25.18572051005473,4.871788254034909
46.46464646464647,87.87878787878789,24.42368902056927,4.184760873472685
47.47474747474748,87.87878787878789,24.20600639570814,4.343544654162977
48.48484848484848,87.87878787878789,14.42350175097685,4.128702734013143
49.49494949494949,87.87878787878789,22.33969467694279,4.806601461240724
50.50505050505051,87.87878787878789,16.14729410753753,4.244246064559886
51.51515151515152,87.87878787878789,36.92502019355953,4.150538079505533
52.52525252525253,87.87878787878789,40.75489558911982,4.0250347522462
53.53535353535354,87.87878787878789,29.90467758416475,4.746340564043987
54.54545454545455,87.87878787878789,14.3834470510196,4.665521300813873
55.55555555555556,87.87878787878789,29.00824581569325,4.809425712980135
56.56565656565657,87.87878787878789,9.324484078199728,3.313308342343495
57.57575757575758,87.87878787878789,17.94611001188093,5.105047747224257
58.58585858585859,87.87878787878789,22.01415219208321,4.708116369610505
59.5959595959596,87.87878787878789,16.92489300381425,1.873483107110481
60.60606060606061,87.87878787878789,19.584368334674,2.193670209201036
61.61616161616162,87.87878787878789,22.83425998012063,1.864923426201211
62.62626262626263,87.87878787878789,13.24514872132656,0.8906230124956338
63.63636363636364,87.87878787878789,23.17217954127809,1.181119761339527
64.64646464646465,87.87878787878789,14.83065090369019,1.373420469258431
65.65656565656566,87.87878787878789,22.40290383049754,1.936481979385355
66.66666666666667,87.87878787878789,11.36168378321929,1.613466168522533
67.67676767676768,87.87878787878789,22.42818588844063,3.353176812873064
68.68686868686869,87.87878787878789,25.76639726699679,5.152493429864022
69.6969696969697,87.87878787878789,24.59718910456187,5.233297531686389
70.70707070707071,87.87878787878789,34.12427828687792,5.0813683984292
71.71717171717172,87.87878787878789,18.56001229772179,3.488115689199983
72.72727272727273,87.87878787878789,23.43364890275071,4.57019168984456
73.73737373737374,87.87878787878789,6.776779360928701,4.48606504814464
74.74747474747475,87.87878787878789,24.33773976700778,3.696107840938581
75.75757575757576,87.87878787878789,31.70755153853399,4.622476761294367
76.76767676767678,87.87878787878789,12.28262229053609,4.933040031567806
77.77777777777779,87.87878787878789,12.27081947501324,4.184580285497308
78.7878787878788,87.87878787878789,18.17095097591027,3.985475152100946
79.7979797979798,87.87878787878789,30.97224257023673,3.740612391168208
80.80808080808082,87.87878787878789,2.203424659194818,4.401897300393403
81.81818181818183,87.87878787878789,17.64921321128646,4.828163119770124
82.82828282828284,87.87878787878789,10.52340796197254,4.400439906266098
83.83838383838385,87.87878787878789,14.1893932395557,6.177951897123712
84.84848484848486,87.87878787878789,16.26593668282571,5.064649334554147
85.85858585858587,87.87878787878789,20.95960628908415,4.966521355562168
86.86868686868688,87.87878787878789,18.69384274262188,4.088457033557303
87.87878787878789,87.87878787878789,24.61920177055791,4.418849296585793
88.8888888888889,87.87878787878789,20.12929340113018,4.916825913768777
89.89898989898991,87.87878787878789,9.818615280443067,4.446925905557088
90.90909090909092,87.87878787878789,11.12819797630665,1.740103475680137
91.91919191919193,87.87878787878789,14.58439957506697,1.928629438481343
92.92929292929294,87.87878787878789,12.01477263865521,1.740672952602235
93.93939393939395,87.87878787878789,20.01499937158179,2.096127019094183
94.94949494949496,87.87878787878789,13.43247630903337,0.2661672922945938
95.95959595959597,87.87878787878789,12.04477596427576,2.12504906099234
96.96969696969697,87.87878787878789,13.72557359676792,1.744799644617509
97.97979797979798,87.87878787878789,9.131652224823373,1.66907425875056
98.98989898989899,87.87878787878789,20.88818928358288,4.417295268568175
100.0,87.87878787878789,32.13599023215487,4.955043702240441
0.0,88.8888888888889,13.24699698450002,0.0
1.01010101010101,88.8888888888889,15.85362720061607,2.764496877321172
2.02020202020202,88.8888888888889,15.21336329403392,0.9796382448308248
3.03030303030303,88.8888888888889,9.574283743672247,4.736806395623719
4.040404040404041,88.8888888888889,14.94027330325897,4.716285542559727
5.050505050505051,88.8888888888889,21.05981276638727,4.299934301313036
6.060606060606061,88.8888888888889,13.65232363067686,5.890478182897117
7.070707070707071,88.8888888888889,31.02223891977997,3.50652611975208
8.080808080808081,88.8888888888889,20.35904437989327,4.510539733209484
9.090909090909092,88.8888888888889,16.31864241846781,4.628119653756046
10.1010101010101,88.8888888888889,30.7034566676434,4.573148545786872
11.11111111111111,88.8888888888889,24.16910876058414,3.310741759849938
12.12121212121212,88.8888888888889,19.49774420367347,4.816023429689496
13.13131313131313,88.8888888888889,19.97327965816548,5.146111969725208
14.14141414141414,88.8888888888889,18.24493486503049,5.800206734385922
15.15151515151515,88.8888888888889,14.6459641082378,5.208058328068422
16.16161616161616,88.8888888888889,27.30437707791714,4.298582159304252
17.17171717171717,88.8888888888889,9.975680736371212,4.479435233898586
18.18181818181818,88.8888888888889,22.09057543513995,3.396721556155426
19.19191919191919,88.8888888888889,21.97764395776687,3.778215021467001
20.2020202020202,88.8888888888889,20.70007267893418,6.307272246997353
21.21212121212121,88.8888888888889,26.16666762373074,5.603503825028214
22.22222222222222,88.8888888888889,14.29693227509981,4.774326278154199
23.23232323232324,88.8888888888889,25.23885160810254,4.723971918414658
24.24242424242424,88.8888888888889,28.78473919180361,4.525781007304987
25.25252525252525,88.8888888888889,17.86892257342995,5.244182669402782
26.26262626262626,88.8888888888889,18.39257845995414,4.93266231764101
27.27272727272727,88.8888888888889,23.45763892670193,4.782246666883005
28.28282828282828,88.8888888888889,22.37799330621149,3.95080551672091
29.29292929292929,88.8888888888889,12.71964779138758,0.2656851000739255
30.3030303030303,88.8888888888889,13.09829106780515,2.030463113838557
31.31313131313131,88.8888888888889,10.5265595769529,1.085629849717451
32.32323232323233,88.8888888888889,11.87808411462473,1.415237989753309
33.33333333333334,88.8888888888889,12.0858698908365,2.104319568244114
34.34343434343435,88.8888888888889,25.47871083648624,5.027157887375469
35.35353535353536,88.8888888888889,30.81615828414752,5.022711267810094
36.36363636363637,88.8888888888889,11.97455210037356,5.169522592797156
37.37373737373738,88.8888888888889,32.19393873703737,4.659626706903593
38.38383838383839,88.8888888888889,16.47581155315907,5.94399050302327
39.3939393939394,88.8888888888889,21.26139844577204,4.830424834199911
40.40404040404041,88.8888888888889,25.08160991233737,3.886910532505091
41.41414141414142,88.8888888888889,29.11498168192714,3.856815942497374
42.42424242424243,88.8888888888889,19.25597496612073,4.234979956650202
43.43434343434344,88.8888888888889,27.51162909240347,4.876016440054283
44.44444444444445,88.8888888888889,14.93309680171125,3.48395522045441
45.45454545454546,88.8888888888889,26.77550222681699,4.990444113996228
46.46464646464647,88.8888888888889,22.92957439618594,3.577857917883929
47.47474747474748,88.8888888888889,36.66118225502881,3.604600720139381
48.48484848484848,88.8888888888889,14.65995416303318,4.421801224016439
49.49494949494949,88.8888888888889,32.1633351213292,3.336749948728226
50.50505050505051,88.8888888888889,20.95038660755986,4.301567872543889
51.51515151515152,88.8888888888889,20.8212066813082,4.168782018680913
52.52525252525253,88.8888888888889,17.73421925806825,4.77826834870916
53.53535353535354,88.8888888888889,35.33395645789958,5.068854506003104
54.54545454545455,88.8888888888889,18.22128137248558,4.340326038968876
55.55555555555556,88.8888888888889,28.2305591307112,3.894428620652135
56.56565656565657,88.8888888888889,21.9647315997079,4.641973966454145
57.57575757575758,88.8888888888889,22.62079683206105,3.534175903720881
58.58585858585859,88.8888888888889,21.24033287985685,5.794143055493004
59.5959595959596,88.8888888888889,19.85856207215115,4.505990541134364
60.60606060606061,88.8888888888889,17.10458361572067,1.915825165221309
61.61616161616162,88.8888888888889,15.20741521342516,1.84074767178323
62.62626262626263,88.8888888888889,7.066095543697715,1.667592556348658
63.63636363636364,88.8888888888889,11.28147777618165,1.404799000244743
64.64646464646465,88.8888888888889,12.51120486960076,2.353137457978101
65.65656565656566,88.8888888888889,28.22480154810732,4.96150507312324
66.66666666666667,88.8888888888889,44.40819069294734,4.227428504039173
67.67676767676768,88.8888888888889,17.89483514574244,4.195107609223292
68.68686868686869,88.8888888888889,21.41630570347221,3.98323798715241
69.6969696969697,88.8888888888889,18.60677298737663,4.430551152300509
70.70707070707071,88.8888888888889,24.25673125299808,4.38477038554621
71.71717171717172,88.8888888888889,22.95910863097916,4.496917979385102
72.72727272727273,88.8888888888889,33.95610032371732,4.044245732764148
73.73737373737374,88.8888888888889,22.25959302932766,4.117672555175895
74.74747474747475,88.8888888888889,24.49086310577037,4.898220686462647
75.75757575757576,88.8888888888889,22.15092189021028,5.212689192447812
76.76767676767678,88.8888888888889,17.4520740231419,4.849227654963223
77.77777777777779,88.8888888888889,23.68387133529955,4.564160584119755
78.7878787878788,88.8888888888889,28.94030624402995,5.297535292002828
79.7979797979798,88.8888888888889,10.37014121622534,4.281573623664257
80.80808080808082,88.8888888888889,30.01908827693594,4.750850441851281
81.81818181818183,88.8888888888889,30.5698881656989,3.988867423680015
82.82828282828284,88.8888888888889,18.57474586209964,4.366904652950998
83.83838383838385,88.8888888888889,20.36289647406348,4.098306803161123
84.84848484848486,88.8888888888889,19.90728198273994,4.536951128734308
85.85858585858587,88.8888888888889,19.23979594019445,5.123070254060109
86.86868686868688,88.8888888888889,32.00664455528658,4.065987434112388
87.87878787878789,88.8888888888889,21.53107861575533,3.134147622608173
88.8888888888889,88.8888888888889,14.75381062377956,4.465686387743805
89.89898989898991,88.8888888888889,36.01876877565751,4.497029930989392
90.90909090909092,88.8888888888889,22.88389119988313,5.10253831855859
91.91919191919193,88.8888888888889,12.53609012404536,1.501024218036837
92.92929292929294,88.8888888888889,7.48243568537259,1.491460985335098
93.93939393939395,88.8888888888889,21.52262226245263,1.940660820966775
94.94949494949496,88.8888888888889,19.00236414396669,1.706920833464022
95.95959595959597,88.8888888888889,16.35882721468372,1.09521855451669
96.96969696969697,88.8888888888889,27.75489565368493,4.600081521199519
97.97979797979798,88.8888888888889,23.69527578251164,5.373355014504659
98.98989898989899,88.8888888888889,13.4401973176455,4.029253876415578
100.0,88.8888888888889,20.76664890205055,3.696339916980431
0.0,89.89898989898991,18.87189245680538,5.246284381351487
1.01010101010101,89.89898989898991,26.20603987522945,5.678548267460078
2.02020202020202,89.89898989898991,23.07384167015589,4.973500103149422
3.03030303030303,89.89898989898991,12.9103399861452,5.378308940761864
4.040404040404041,89.89898989898991,16.67111424692699,5.382209010516585
5.050505050505051,89.89898989898991,21.8052556516718,4.075106253876216
6.060606060606061,89.89898989898991,29.87017802687356,4.418312557694878
7.070707070707071,89.89898989898991,11.78298671633481,2.910799894990381
8.080808080808081,89.89898989898991,27.28814501201478,3.008440468700443
9.090909090909092,89.89898989898991,25.20741019630823,5.102554115003722
10.1010101010101,89.89898989898991,16.74342891194524,3.367748967484359
11.11111111111111,89.89898989898991,22.97048617613094,4.398642563145057
12.12121212121212,89.89898989898991,19.27110795057357,4.313675673025266
13.13131313131313,89.89898989898991,22.90461504991891,4.963009020531128
14.14141414141414,89.89898989898991,24.49444862587947,4.46800306123362
15.15151515151515,89.89898989898991,29.78620429144691,5.353660467775226
16.16161616161616,89.89898989898991,33.38140474809343,4.286251530203781
17.17171717171717,89.89898989898991,19.11736175587479,4.085565786803363
18.18181818181818,89.89898989898991,25.40789474029713,4.261112647876666
19.19191919191919,89.89898989898991,18.83768605006533,3.765234884985557
20.2020202020202,89.89898989898991,24.90042989362543,4.765675860287701
21.21212121212121,89.89898989898991,16.45320681615588,4.932525302371713
22.22222222222222,89.89898989898991,18.9550695868236,3.725898578332056
23.23232323232324,89.89898989898991,7.615588605612683,5.36061123402541
24.24242424242424,89.89898989898991,17.60186447481253,4.117854312351812
25.25252525252525,89.89898989898991,25.17861316432096,3.021481769810352
26.26262626262626,89.89898989898991,29.40054427401602,4.870050626014558
27.27272727272727,89.89898989898991,31.26157688683519,5.001038687511775
28.28282828282828,89.89898989898991,25.85938893246432,4.629041211159929
29.29292929292929,89.89898989898991,26.32667407270741,5.109846198493967
30.3030303030303,89.89898989898991,18.50369987905018,3.219084358287644
31.31313131313131,89.89898989898991,15.5053697882488,4.893168942161692
32.32323232323233,89.89898989898991,15.23282178826122,4.556860163886113
33.33333333333334,89.89898989898991,21.12276273386756,4.824906163252073
34.34343434343435,89.89898989898991,6.653309312499126,5.86598891226557
35.35353535353536,89.89898989898991,26.63667354673471,4.16238223889678
36.36363636363637,89.89898989898991,23.80190249594467,5.468909942733094
37.37373737373738,89.89898989898991,25.50093455855835,4.325799369435726
38.38383838383839,89.89898989898991,12.05520155763377,4.835569040706273
39.3939393939394,89.89898989898991,21.3536413542906,4.309921179379562
40.40404040404041,89.89898989898991,12.36790038436046,4.249078678961261
41.41414141414142,89.89898989898991,26.43942226963638,4.643858820132816
42.42424242424243,89.89898989898991,28.12025111096556,4.568815864319466
43.43434343434344,89.89898989898991,12.60942236966619,5.180454366034962
44.44444444444445,89.89898989898991,18.0582154894352,4.918446131619224
45.45454545454546,89.89898989898991,20.69142883602868,4.241929628563306
46.46464646464647,89.89898989898991,16.78280814345289,3.59686537718028
47.47474747474748,89.89898989898991,39.27878604578945,5.146265960249111
48.48484848484848,89.89898989898991,31.02101104080415,4.833700880186203
49.49494949494949,89.89898989898991,22.1802571085676,4.454700157291544
50.50505050505051,89.89898989898991,19.89889641826246,5.045105425992154
51.51515151515152,89.89898989898991,12.21625188498481,3.849196499523535
52.52525252525253,89.89898989898991,12.42791365470655,4.511348289956081
53.53535353535354,89.89898989898991,22.4302487662222,4.928408024483266
54.54545454545455,89.89898989898991,25.92353482540679,3.070979583710314
55.55555555555556,89.89898989898991,13.90061006396697,4.602195312566098
56.56565656565657,89.89898989898991,12.70037403476359,3.35240109772448
57.57575757575758,89.89898989898991,29.38433605758862,4.653411472011574
58.58585858585859,89.89898989898991,23.31206900218054,3.999085597458499
59.5959595959596,89.89898989898991,28.98179497787685,5.086626354417579
60.60606060606061,89.89898989898991,22.36228905565446,5.007229842469683
61.61616161616162,89.89898989898991,25.22380401766902,3.754008266351244
62.62626262626263,89.89898989898991,35.34742883901389,4.460636223753168
63.63636363636364,89.89898989898991,24.56793071555892,4.239063352152219
64.64646464646465,89.89898989898991,22.91847134413533,5.126787228080205
65.65656565656566,89.89898989898991,17.35721706628487,4.432163540839909
66.66666666666667,89.89898989898991,22.24349896105102,4.910939494774693
67.67676767676768,89.89898989898991,20.77044250125123,3.585593201631783
68.68686868686869,89.89898989898991,22.79687084237516,4.595297173529575
69.6969696969697,89.89898989898991,19.63711312385275,4.483142874153184
70.70707070707071,89.89898989898991,11.23365461086577,5.203438446952567
71.71717171717172,89.89898989898991,12.49748975701814,4.558570597554319
72.72727272727273,89.89898989898991,30.14437481280271,4.349131049460421
73.73737373737374,89.89898989898991,29.67941062311766,5.711530366771152
74.74747474747475,89.89898989898991,29.34894929597095,3.323382406280307
75.75757575757576,89.89898989898991,19.33773277711876,3.303428852414952
76.76767676767678,89.89898989898991,18.7133613552577,5.10414059516358
77.77777777777779,89.89898989898991,23.62707989049924,2.824593648745938
78.7878787878788,89.89898989898991,30.91522714758948,3.870345635737202
79.7979797979798,89.89898989898991,24.66886467807317,4.583212354062685
80.80808080808082,89.89898989898991,22.99049940042401,4.891587354672493
81.81818181818183,89.89898989898991,24.86152064742552,4.248676853554237
82.82828282828284,89.89898989898991,18.97503499941698,3.523034136617638
83.83838383838385,89.89898989898991,24.11405630729592,4.145924150544804
84.84848484848486,89.89898989898991,25.75982098775477,4.779431990881377
85.85858585858587,89.89898989898991,14.97661717506327,5.555687313753408
86.86868686868688,89.89898989898991,33.38701115011058,4.479773440043402
87.87878787878789,89.89898989898991,24.89702522459924,4.402168207829246
88.8888888888889,89.89898989898991,17.8892928388662,3.817399120536397
89.89898989898991,89.89898989898991,26.84800950081089,4.053315382998391
90.90909090909092,89.89898989898991,10.77766023237819,5.060274906877714
91.91919191919193,89.89898989898991,23.93782385793215,3.820652453672294
92.92929292929294,89.89898989898991,19.90862694166714,3.897137803495207
93.93939393939395,89.89898989898991,19.10200267798029,3.338244338989907
94.94949494949496,89.89898989898991,21.93689864394988,4.156673654737398
95.95959595959597,89.89898989898991,25.86377421382362,3.118998010638848
96.96969696969697,89.89898989898991,14.10758744196349,3.470104919893148
97.97979797979798,89.89898989898991,24.69110766182205,4.72205945124978
98.98989898989899,89.89898989898991,23.30251406222974,3.957512964354792
100.0,89.89898989898991,18.65688525114167,3.981860369705605
0.0,90.90909090909092,34.39438664983794,4.294152456204791
1.01010101010101,90.90909090909092,17.49668837646506,4.809286954277376
2.02020202020202,90.90909090909092,21.24157468019269,5.138133599540612
3.03030303030303,90.90909090909092,19.61512323504981,4.23097462770104
4.040404040404041,90.90909090909092,0.0,4.732945641592456
5.050505050505051,90.90909090909092,31.93547733289786,5.146321269447926
6.060606060606061,90.90909090909092,31.01103874367052,3.484345814390128
7.070707070707071,90.90909090909092,30.56526171871813,4.630983204138268
8.080808080808081,90.90909090909092,21.54088503302974,4.612958983083758
9.090909090909092,90.90909090909092,23.33518961934129,4.653790889383651
10.1010101010101,90.90909090909092,20.10893297869628,5.724060695385655
11.11111111111111,90.90909090909092,32.37422002012242,3.840852648527949
12.12121212121212,90.90909090909092,23.38496036934993,4.227000543636823
13.13131313131313,90.90909090909092,15.4205922216604,3.864019802290462
14.14141414141414,90.90909090909092,16.11725543651104,4.756830894652116
15.15151515151515,90.90909090909092,11.91473262976599,3.330550466929763
16.16161616161616,90.90909090909092,16.8154734266665,5.39708583095051
17.17171717171717,90.90909090909092,12.19587411956502,4.379311366582459
18.18181818181818,90.90909090909092,23.46996564134117,3.444579074223566
19.19191919191919,90.90909090909092,25.8302243779553,4.725735538556973
20.2020202020202,90.90909090909092,24.96270551463988,3.321791944782951
21.21212121212121,90.90909090909092,21.33405707381404,3.458533496183455
22.22222222222222,90.90909090909092,22.52278541071627,5.075339185155776
23.23232323232324,90.90909090909092,27.19149246076308,4.433007970427322
24.24242424242424,90.90909090909092,17.87372317023253,4.902606492547826
25.25252525252525,90.90909090909092,34.19591628475209,5.313874087286024
26.26262626262626,90.90909090909092,24.56317811396504,4.631405940760313
27.27272727272727,90.90909090909092,22.486014331707,4.433647279531299
28.28282828282828,90.90909090909092,27.25090163551416,4.553602292179893
29.29292929292929,90.90909090909092,12.8837888158736,5.186939543782255
30.3030303030303,90.90909090909092,41.7174892887385,4.006621396279057
31.31313131313131,90.90909090909092,23.97131523206638,4.571002722755125
32.32323232323233,90.90909090909092,22.74191239321038,3.839540927143429
33.33333333333334,90.90909090909092,16.46743191954596,4.759925348267976
34.34343434343435,90.90909090909092,14.50354981102077,4.334279699768094
35.35353535353536,90.90909090909092,24.96862687364316,5.480903294169108
36.36363636363637,90.90909090909092,13.11286641848803,4.099605126427474
37.37373737373738,90.90909090909092,21.1013529819775,5.628426542733791
38.38383838383839,90.90909090909092,26.52561415919436,5.731641947023371
39.3939393939394,90.90909090909092,26.71735904398034,4.907463129900915
40.40404040404041,90.90909090909092,17.12014848822899,4.913414574706777
41.41414141414142,90.90909090909092,25.58756949905574,5.326885969825462
42.42424242424243,90.90909090909092,17.99455098237512,4.991936274995146
43.43434343434344,90.90909090909092,31.37337997714844,4.643693873610123
44.44444444444445,90.90909090909092,24.37301223314797,4.409039145111735
45.45454545454546,90.90909090909092,10.16225735880664,3.949937088256943
46.46464646464647,90.90909090909092,19.26453403364694,5.230214395662351
47.47474747474748,90.90909090909092,11.81862227005615,4.889096903737193
48.48484848484848,90.90909090909092,18.53204629029419,5.240696043340071
49.49494949494949,90.90909090909092,23.65439968012495,2.405196090375695
50.50505050505051,90.90909090909092,31.47785503546014,4.563044966537104
51.51515151515152,90.90909090909092,31.49003738826131,4.247597556789717
52.52525252525253,90.90909090909092,21.71138551356219,5.024160010089682
53.53535353535354,90.90909090909092,12.98449882907168,4.703828824826625
54.54545454545455,90.90909090909092,17.33499643282108,4.136689089586977
55.55555555555556,90.90909090909092,16.03250792770807,5.165045438506895
56.56565656565657,90.90909090909092,23.33168434396766,3.919961039483285
57.57575757575758,90.90909090909092,26.02451004370995,5.059318164407475
58.58585858585859,90.90909090909092,18.23340067720206,4.922882709446974
59.5959595959596,90.90909090909092,26.46327007801517,5.0803533676594
60.60606060606061,90.90909090909092,21.42244568516869,4.226312914325798
61.61616161616162,90.90909090909092,10.76915171902158,3.516609593636406
62.62626262626263,90.90909090909092,11.55588858647381,5.662763984167264
63.63636363636364,90.90909090909092,28.47284925915577,5.761400341070698
64.64646464646465,90.90909090909092,21.51253647427951,4.315696351455603
65.65656565656566,90.90909090909092,27.40696573038104,4.51640342534944
66.66666666666667,90.90909090909092,26.65633010992838,5.011980074222815
67.67676767676768,90.90909090909092,26.61933045584465,5.133902019734219
68.68686868686869,90.90909090909092,23.27316055125358,3.530118273046539
69.6969696969697,90.90909090909092,23.12123416768804,3.927815136226548
70.70707070707071,90.90909090909092,34.31247805187282,4.946263118042192
71.71717171717172,90.90909090909092,20.19777126899562,4.885540649198224
72.72727272727273,90.90909090909092,19.12771351300703,3.813557944994497
73.73737373737374,90.90909090909092,26.89444488235031,4.242793578785606
74.74747474747475,90.90909090909092,17.22340097993614,5.734403005892688
75.75757575757576,90.90909090909092,17.2655152646786,4.520767430645495
76.76767676767678,90.90909090909092,22.54228083757971,5.223445287564418
77.77777777777779,90.90909090909092,22.31380215252129,5.511237643288845
78.7878787878788,90.90909090909092,20.87958375299933,4.56908327707972
79.7979797979798,90.90909090909092,32.21984573550108,4.483636603937581
80.80808080808082,90.90909090909092,18.48463694732465,5.82169771608199
81.81818181818183,90.90909090909092,23.45231459005321,4.095755302038294
82.82828282828284,90.90909090909092,22.54179071353547,5.617578265443742
83.83838383838385,90.90909090909092,21.30559430241811,3.935964016745924
84.84848484848486,90.90909090909092,18.67640530840746,3.471481252048111
85.85858585858587,90.90909090909092,25.93433010879453,4.010034922837244
86.86868686868688,90.90909090909092,20.3030304854398,4.267357043031832
87.87878787878789,90.90909090909092,22.81818321452634,5.105918082441731
88.8888888888889,90.90909090909092,29.81407840506751,5.04841187388376
89.89898989898991,90.90909090909092,15.34970874919899,4.537765110294436
90.90909090909092,90.90909090909092,13.16639315319433,4.564808713117128
91.91919191919193,90.90909090909092,0.0,4.105351971850878
92.92929292929294,90.90909090909092,23.02544554262927,5.348328941265089
93.93939393939395,90.90909090909092,33.95087999378028,4.270567307907145
94.94949494949496,90.90909090909092,31.63101165981699,3.358580611639511
95.95959595959597,90.90909090909092,27.46776062901954,2.883183831205852
96.96969696969697,90.90909090909092,7.439632512618235,4.414691842094329
97.97979797979798,90.90909090909092,16.5091061798577,5.833688269950882
98.98989898989899,90.90909090909092,31.11128460613304,4.747517697512082
100.0,90.90909090909092,20.67839434540385,3.875767956192568
0.0,91.91919191919193,25.77027472992028,3.379772124767385
1.01010101010101,91.91919191919193,12.92766603243432,3.78871865088387
2.02020202020202,91.91919191919193,25.29612550435258,3.976573275991242
3.03030303030303,91.91919191919193,23.57403467905655,5.091174244407248
4.040404040404041,91.91919191919193,18.61243994312844,2.255192702089481
5.050505050505051,91.91919191919193,21.76781272657341,4.885565824960499
6.060606060606061,91.91919191919193,20.85696977440771,3.953032205054222
7.070707070707071,91.91919191919193,10.76766830445939,4.427441263881501
8.080808080808081,91.91919191919193,18.5395780992554,4.713930936499177
9.090909090909092,91.91919191919193,26.00030451208188,4.770595696352586
10.1010101010101,91.91919191919193,21.74578481603046,4.138523420395345
11.11111111111111,91.91919191919193,13.273152908353,5.875553725758221
12.12121212121212,91.91919191919193,30.15701866993148,4.369470900025901
13.13131313131313,91.91919191919193,24.3948721015328,4.700074632167163
14.14141414141414,91.91919191919193,29.28669296893763,2.596165893126885
15.15151515151515,91.91919191919193,17.12589054242244,4.541424663157056
16.16161616161616,91.91919191919193,11.71967921132504,3.869053502727367
17.17171717171717,91.91919191919193,29.16659142966036,4.545298205696957
18.18181818181818,91.91919191919193,23.53097261118358,3.912598223772809
19.19191919191919,91.91919191919193,14.3981686389757,5.418429024528036
20.2020202020202,91.91919191919193,16.54197710929278,4.393046033220731
21.21212121212121,91.91919191919193,28.21295141882559,4.469524097399834
22.22222222222222,91.91919191919193,31.12027758868397,5.152419018727354
23.23232323232324,91.91919191919193,15.22388361735592,5.746877582250637
24.24242424242424,91.91919191919193,20.34745803117702,3.946689925676973
25.25252525252525,91.91919191919193,36.26234143543886,3.742567021819437
26.26262626262626,91.91919191919193,26.24165108563488,4.305268724949363
27.27272727272727,91.91919191919193,17.54217425595936,5.217811447231314
28.28282828282828,91.91919191919193,30.44630545317629,4.393323076686315
29.29292929292929,91.91919191919193,15.75845196642958,4.116031716103439
30.3030303030303,91.91919191919193,30.19633229093081,3.673678204246091
31.31313131313131,91.91919191919193,16.49352278655184,3.785629357359442
32.32323232323233,91.91919191919193,18.07033303953868,4.267031344024773
33.33333333333334,91.91919191919193,27.97380321437178,3.636395451573146
34.34343434343435,91.91919191919193,19.11066468950649,4.725046747998413
35.35353535353536,91.91919191919193,20.82288372718796,4.633462164153678
36.36363636363637,91.91919191919193,22.15703135896375,4.03141484425366
37.37373737373738,91.91919191919193,31.12774709882861,3.988007413843791
38.38383838383839,91.91919191919193,15.81448075720056,5.957841305311273
39.3939393939394,91.91919191919193,25.47688281133001,5.001154520037962
40.40404040404041,91.91919191919193,30.44472277984354,3.638970492960507
41.41414141414142,91.91919191919193,23.45662049053235,5.452387245491778
42.42424242424243,91.91919191919193,24.03606795685465,3.698899965352115
43.43434343434344,91.91919191919193,12.75434967713503,4.176472520169682
44.44444444444445,91.91919191919193,27.51169422164256,3.334319530569375
45.45454545454546,91.91919191919193,35.64024591543647,5.035938235892801
46.46464646464647,91.91919191919193,18.44706673825495,4.628444060953868
47.47474747474748,91.91919191919193,14.94910381022213,4.796687500384833
48.48484848484848,91.91919191919193,31.69726551117069,4.37562237887644
49.49494949494949,91.91919191919193,21.76301486950079,4.646948829224018
50.50505050505051,91.91919191919193,25.84874310614703,5.552059679792336
51.51515151515152,91.91919191919193,20.2065287251105,3.077745928192179
52.52525252525253,91.91919191919193,24.36279735759334,4.616833390591836
53.53535353535354,91.91919191919193,40.34729924764446,4.394441052178874
54.54545454545455,91.91919191919193,28.28296664834256,4.324545409562734
55.55555555555556,91.91919191919193,16.04773778481807,4.536829798931694
56.56565656565657,91.91919191919193,8.240112610549218,3.952789588729653
57.57575757575758,91.91919191919193,19.38645663626214,3.944517995973963
58.58585858585859,91.91919191919193,18.29811607120411,4.596303373061025
59.5959595959596,91.91919191919193,20.85148643639708,3.960710544577103
60.60606060606061,91.91919191919193,20.96797123688797,4.794365215791913
61.61616161616162,91.91919191919193,20.47390873304442,3.790262009168656
62.62626262626263,91.91919191919193,8.542526609875438,4.237220701557049
63.63636363636364,91.91919191919193,23.98863711756368,5.230937444175949
64.64646464646465,91.91919191919193,28.1895307009934,4.512024841047175
65.65656565656566,91.91919191919193,31.25123343541434,4.378594954215769
66.66666666666667,91.91919191919193,21.77674947655238,4.881330524005969
67.67676767676768,91.91919191919193,14.78583689297256,5.422063452639726
68.68686868686869,91.91919191919193,25.66235956347063,5.321697608108041
69.6969696969697,91.91919191919193,24.80397981039904,5.177422106794436
70.70707070707071,91.91919191919193,17.57144040481895,5.09569102653088
71.71717171717172,91.91919191919193,21.11396449325774,3.620997269169893
72.72727272727273,91.91919191919193,16.21981498960826,3.098342995532016
73.73737373737374,91.91919191919193,10.87565253260692,3.770880255834119
74.74747474747475,91.91919191919193,27.88804961829891,4.262346612499959
75.75757575757576,91.91919191919193,22.19683024650599,3.714710349153619
76.76767676767678,91.91919191919193,17.93842440495986,4.074420021100833
77.77777777777779,91.91919191919193,27.24081789207324,4.370949365530166
78.7878787878788,91.91919191919193,26.32266607183429,4.818346695367667
79.7979797979798,91.91919191919193,18.68890168332324,4.099406428140591
80.80808080808082,91.91919191919193,26.43031668898801,3.602563730533044
81.81818181818183,91.91919191919193,31.16197148971912,3.766552561205342
82.82828282828284,91.91919191919193,10.1302363426799,3.313084069520874
83.83838383838385,91.91919191919193,21.10836182465167,4.939655243610176
84.84848484848486,91.91919191919193,34.25712093486823,5.391131008484296
85.85858585858587,91.91919191919193,27.35386513529654,4.895335114184905
86.86868686868688,91.91919191919193,20.98819420239118,4.38625631262008
87.87878787878789,91.91919191919193,25.46416497920004,4.225313424941975
88.8888888888889,91.91919191919193,17.53285671784282,3.8298684863262
89.89898989898991,91.91919191919193,17.09096029057693,4.00950608796102
90.90909090909092,91.91919191919193,12.75695618205545,3.906080764335152
91.91919191919193,91.91919191919193,23.47253628456315,3.366561779351347
92.92929292929294,91.91919191919193,30.99368368062649,5.148035153270537
93.93939393939395,91.91919191919193,37.04294117072394,5.774687727620429
94.94949494949496,91.91919191919193,18.72347039355513,4.541434322379444
95.95959595959597,91.91919191919193,28.27058975378115,5.358655812649048
96.96969696969697,91.91919191919193,22.72789537329374,4.794864626712622
97.97979797979798,91.91919191919193,34.50486267614232,4.213099245973284
98.98989898989899,91.91919191919193,15.54378131952664,4.954527221525002
100.0,91.91919191919193,20.34605673642587,3.877972079580427
0.0,92.92929292929294,32.86628817089729,3.801903918459618
1.01010101010101,92.92929292929294,24.05218984036339,4.423833166503901
2.02020202020202,92.92929292929294,25.4975216470641,4.826279440806888
3.03030303030303,92.92929292929294,31.0824341429343,4.603767764650039
4.040404040404041,92.92929292929294,14.08675717574014,3.902091053773221
5.050505050505051,92.92929292929294,19.71428804952397,4.840721334139966
6.060606060606061,92.92929292929294,27.20531475805691,3.451688906852739
7.070707070707071,92.92929292929294,21.89974703561352,5.525503444024662
8.080808080808081,92.92929292929294,24.12638164373657,3.698076390331082
9.090909090909092,92.92929292929294,26.05358989574997,4.658867707658621
10.1010101010101,92.92929292929294,26.94561670485527,4.205047463246704
11.11111111111111,92.92929292929294,23.46419909877214,4.987335748616511
12.12121212121212,92.92929292929294,18.88313487234676,4.684150787059461
13.13131313131313,92.92929292929294,26.75656932697093,3.319998696532433
14.14141414141414,92.92929292929294,14.66041350654088,2.949769054828344
15.15151515151515,92.92929292929294,15.57280283091768,3.971387794242071
16.16161616161616,92.92929292929294,19.58854879771151,3.533579358543233
17.17171717171717,92.92929292929294,21.50011181736916,5.440609420856428
18.18181818181818,92.92929292929294,26.31931689460366,5.390480345510644
19.19191919191919,92.92929292929294,30.91207989527954,3.964658702215386
20.2020202020202,92.92929292929294,16.77533361163957,4.802288606908064
21.21212121212121,92.92929292929294,7.33871416253376,5.902687828812919
22.22222222222222,92.92929292929294,26.83007044648129,4.993779628235456
23.23232323232324,92.92929292929294,12.15891766733986,5.645287010267519
24.24242424242424,92.92929292929294,12.56029818646536,5.453992005138292
25.25252525252525,92.92929292929294,23.80146594662454,4.753780729287296
26.26262626262626,92.92929292929294,11.47868807831688,5.14461345105541
27.27272727272727,92.92929292929294,25.7771065522318,3.597243152615776
28.28282828282828,92.92929292929294,26.58345067467039,5.515915005333419
29.29292929292929,92.92929292929294,22.34825377553016,4.718253076607152
30.3030303030303,92.92929292929294,25.24883409847577,4.81838608881842
31.31313131313131,92.92929292929294,16.41355297696332,3.463788631323743
32.32323232323233,92.92929292929294,27.79525137619731,4.388809596015587
33.33333333333334,92.92929292929294,25.37809339669818,5.171624972337456
34.34343434343435,92.92929292929294,16.92674226163076,5.366945617625035
35.35353535353536,92.92929292929294,22.70328032412405,5.023838044046454
36.36363636363637,92.92929292929294,12.96885448954596,3.989144959914241
37.37373737373738,92.92929292929294,24.47524975216464,5.477872319009277
38.38383838383839,92.92929292929294,18.89534689629546,4.42592153523182
39.3939393939394,92.92929292929294,19.84677098383499,4.908870688567801
40.40404040404041,92.92929292929294,20.19681896625265,4.647621959376585
41.41414141414142,92.92929292929294,36.27826221474758,4.204676103756338
42.42424242424243,92.92929292929294,27.88710927103924,4.14017399153892
43.43434343434344,92.92929292929294,20.99586016812738,2.678319355046618
44.44444444444445,92.92929292929294,26.23159003314848,5.404362940870289
45.45454545454546,92.92929292929294,19.64186556645664,4.978581757755744
46.46464646464647,92.92929292929294,21.00577505376324,4.113530981822176
47.47474747474748,92.92929292929294,20.13997288424236,4.120573683707644
48.48484848484848,92.92929292929294,25.65713833710808,5.409697563441505
49.49494949494949,92.92929292929294,11.46988512034613,4.375708875945601
50.50505050505051,92.92929292929294,29.47732733023291,4.348997861070725
51.51515151515152,92.92929292929294,13.6690329360094,4.054591224640937
52.52525252525253,92.92929292929294,18.93144901002889,3.866180951429052
53.53535353535354,92.92929292929294,25.60299275482929,4.926161056473074
54.54545454545455,92.92929292929294,20.14413176656687,3.875589551327184
55.55555555555556,92.92929292929294,18.11680540035698,5.422630912733401
56.56565656565657,92.92929292929294,21.69788842242049,3.914357668634171
57.57575757575758,92.92929292929294,19.10938593492065,5.172007184583307
58.58585858585859,92.92929292929294,29.57371412425305,5.539403546698812
59.5959595959596,92.92929292929294,20.90117646744023,4.239768620816249
60.60606060606061,92.92929292929294,28.40763516971286,5.136902194840039
61.61616161616162,92.92929292929294,16.14641250096574,4.839631892873321
62.62626262626263,92.92929292929294,24.18831240029807,5.10955171609437
63.63636363636364,92.92929292929294,21.49604017799325,5.830621560748847
64.64646464646465,92.92929292929294,26.19010682144639,3.955263321556439
65.65656565656566,92.92929292929294,14.42041343624614,3.684348345086062
66.66666666666667,92.92929292929294,26.63079530648955,5.32263837489653
67.67676767676768,92.92929292929294,11.75160709036204,5.139138294110995
68.68686868686869,92.92929292929294,20.67478285208006,4.538426124270181
69.6969696969697,92.92929292929294,25.22795554268775,4.329689024645539
70.70707070707071,92.92929292929294,22.41583214099313,4.698390037509119
71.71717171717172,92.92929292929294,8.72185865800816,6.684297992099435
72.72727272727273,92.92929292929294,9.946513695503594,5.365655069033942
73.73737373737374,92.92929292929294,30.07226866681889,4.970734760067923
74.74747474747475,92.92929292929294,33.7584685333707,6.401453557582181
75.75757575757576,92.92929292929294,20.34530359345947,5.099632953559993
76.76767676767678,92.92929292929294,21.55798538209856,5.329605952669903
77.77777777777779,92.92929292929294,27.44826348161909,5.081367863262959
78.7878787878788,92.92929292929294,26.25432171357035,3.762622245070887
79.7979797979798,92.92929292929294,29.59621473409699,3.516514877473152
80.80808080808082,92.92929292929294,30.77961133732749,4.522474728793851
81.81818181818183,92.92929292929294,25.51332345459789,4.200197028466966
82.82828282828284,92.92929292929294,17.39390865148582,3.640338142052569
83.83838383838385,92.92929292929294,28.43740946858098,3.772139238363002
84.84848484848486,92.92929292929294,23.72353505615864,4.869814861267578
85.85858585858587,92.92929292929294,10.13962109379753,4.927233604238221
86.86868686868688,92.92929292929294,23.66226916169122,3.438203959079582
87.87878787878789,92.92929292929294,22.71627006741082,3.645485178783103
88.8888888888889,92.92929292929294,24.26159117150355,4.076012395283118
89.89898989898991,92.92929292929294,13.50663798229948,3.913419299313272
90.90909090909092,92.92929292929294,22.58457663564734,3.568756385251074
91.91919191919193,92.92929292929294,21.98393707075208,4.22866600676595
92.92929292929294,92.92929292929294,28.26874200814345,3.706237172738976
93.93939393939395,92.92929292929294,23.91078350803378,5.250909648822663
94.94949494949496,92.92929292929294,15.48531132022963,4.641904911982218
95.95959595959597,92.92929292929294,17.77190910997747,4.138850303629522
96.96969696969697,92.92929292929294,26.13763534776566,4.568507804232061
97.97979797979798,92.92929292929294,17.30980557428454,4.124751065145364
98.98989898989899,92.92929292929294,19.62673215126428,4.670083816385804
100.0,92.92929292929294,11.80360236211544,4.520624479900865
0.0,93.93939393939395,19.72174184546689,3.475049285634644
1.01010101010101,93.93939393939395,16.78996011229702,4.491793798788303
2.02020202020202,93.93939393939395,23.17941279205311,4.444419836889136
3.03030303030303,93.93939393939395,22.97178816382097,5.733964428965512
4.040404040404041,93.93939393939395,14.84696717436872,4.3359491065167
5.050505050505051,93.93939393939395,18.87680287231422,3.926252848905254
6.060606060606061,93.93939393939395,31.59152882817126,3.075970148333188
7.070707070707071,93.93939393939395,31.75647682279613,4.269526526904444
8.080808080808081,93.93939393939395,12.95946664023768,4.619481880572644
9.090909090909092,93.93939393939395,33.36200678017916,3.954890218545564
10.1010101010101,93.93939393939395,18.8745223353924,3.883692839478607
11.11111111111111,93.93939393939395,14.45231410779589,4.147877197790567
12.12121212121212,93.93939393939395,21.49630873833574,4.634412974348903
13.13131313131313,93.93939393939395,24.69953000857869,4.788637983783944
14.14141414141414,93.93939393939395,34.10383806964889,5.818651340619023
15.15151515151515,93.93939393939395,17.98228748833452,5.491973416831579
16.16161616161616,93.93939393939395,14.5413611167371,3.330448226942523
17.17171717171717,93.93939393939395,17.76096724381532,4.710443448630006
18.18181818181818,93.93939393939395,25.57445861561946,4.841180820923046
19.19191919191919,93.93939393939395,16.91273462571339,6.207456336567025
20.2020202020202,93.93939393939395,17.50321595487355,3.761874871789018
21.21212121212121,93.93939393939395,19.6729067632972,4.947290193516245
22.22222222222222,93.93939393939395,20.86458493966362,4.711858004394974
23.23232323232324,93.93939393939395,25.33573641346103,5.293181999154442
24.24242424242424,93.93939393939395,17.86148146555265,3.556064086128303
25.25252525252525,93.93939393939395,19.62149792531811,4.265918993971101
26.26262626262626,93.93939393939395,29.99291372992666,3.377519268516739
27.27272727272727,93.93939393939395,16.54982250765068,4.10534255034907
28.28282828282828,93.93939393939395,12.06722010822396,4.508942517945954
29.29292929292929,93.93939393939395,23.81320928001808,3.025573035504464
30.3030303030303,93.93939393939395,21.46387237624282,5.405578072978868
31.31313131313131,93.93939393939395,18.32519145965576,4.277255007852688
32.32323232323233,93.93939393939395,26.36781132581993,4.715658789111401
33.33333333333334,93.93939393939395,11.26559017103851,5.196209208627834
34.34343434343435,93.93939393939395,17.50306086377499,4.207199431097743
35.35353535353536,93.93939393939395,26.45244310692788,3.740987155925265
36.36363636363637,93.93939393939395,31.27521212024917,4.924087039219899
37.37373737373738,93.93939393939395,16.43132672759564,4.277706435482602
38.38383838383839,93.93939393939395,17.87709637117241,5.307040487752193
39.3939393939394,93.93939393939395,13.47203412873112,4.926962181236649
40.40404040404041,93.93939393939395,21.13708570397721,4.713844115786364
41.41414141414142,93.93939393939395,15.75620841652379,3.076845367166289
42.42424242424243,93.93939393939395,23.42901320650963,6.033718645029976
43.43434343434344,93.93939393939395,22.31793121975386,3.983554076045116
44.44444444444445,93.93939393939395,18.67138938938357,4.670738896913079
45.45454545454546,93.93939393939395,16.97605846923389,5.322719470285086
46.46464646464647,93.93939393939395,1.597174112965829,3.564856273949973
47.47474747474748,93.93939393939395,15.03936410833009,4.11154208531866
48.48484848484848,93.93939393939395,17.86269657953888,4.62700778235106
49.49494949494949,93.93939393939395,33.47605907808477,3.91845228574523
50.50505050505051,93.93939393939395,35.57772788906184,3.846176307259652
51.51515151515152,93.93939393939395,3.952075985097405,4.427451496546431
52.52525252525253,93.93939393939395,24.14900472108087,6.072103175796564
53.53535353535354,93.93939393939395,16.72404922034168,4.410934570216229
54.54545454545455,93.93939393939395,25.13970013321358,4.257563502676526
55.55555555555556,93.93939393939395,19.34794322838751,3.985787611280438
56.56565656565657,93.93939393939395,13.04922392036263,4.759695825244686
57.57575757575758,93.93939393939395,22.90703788608868,5.408593428185733
58.58585858585859,93.93939393939395,9.69616786071584,4.729586616016015
59.5959595959596,93.93939393939395,12.83548212995097,4.810290434411193
60.60606060606061,93.93939393939395,24.75211525489679,3.88252815551022
61.61616161616162,93.93939393939395,16.60721541332818,4.587812659990242
62.62626262626263,93.93939393939395,15.08849470892079,3.362077169575566
63.63636363636364,93.93939393939395,35.34327618119916,5.494840867397581
64.64646464646465,93.93939393939395,11.49629247201926,4.171023604826424
65.65656565656566,93.93939393939395,25.70677073937996,4.58907493546089
66.66666666666667,93.93939393939395,17.11469412175678,5.496296295650152
67.67676767676768,93.93939393939395,34.0872207741345,3.924031057365519
68.68686868686869,93.93939393939395,25.1659708152228,4.149145447674413
69.6969696969697,93.93939393939395,16.72289748154696,4.745518613410146
70.70707070707071,93.93939393939395,26.79290802193926,3.668708236444119
71.71717171717172,93.93939393939395,18.52317088361749,5.671289621748884
72.72727272727273,93.93939393939395,28.79245429170031,3.493696744478503
73.73737373737374,93.93939393939395,25.65925195044152,5.454464401110467
74.74747474747475,93.93939393939395,12.44727905082161,4.844339154455012
75.75757575757576,93.93939393939395,28.06848726378341,3.683604730962979
76.76767676767678,93.93939393939395,24.08475402407648,4.54916452912363
77.77777777777779,93.93939393939395,24.91799198770809,5.063807337132355
78.7878787878788,93.93939393939395,31.90319339331268,4.291857460648656
79.7979797979798,93.93939393939395,25.96871355260052,4.091767113374205
80.80808080808082,93.93939393939395,24.46315202052503,3.660694341327533
81.81818181818183,93.93939393939395,26.78874876017579,4.485519205811808
82.82828282828284,93.93939393939395,34.43476269039276,4.689219793099014
83.83838383838385,93.93939393939395,18.18669053464283,4.840816078491409
84.84848484848486,93.93939393939395,30.1636259122125,5.107273361009102
85.85858585858587,93.93939393939395,17.85938249540081,4.485913772659277
86.86868686868688,93.93939393939395,22.86253873478451,4.883178981752795
87.87878787878789,93.93939393939395,23.80217597610603,4.286961117309535
88.8888888888889,93.93939393939395,22.56242663232607,3.514185631903155
89.89898989898991,93.93939393939395,24.61877491815165,5.285922409888298
90.90909090909092,93.93939393939395,32.58337196513278,2.826412238406759
91.91919191919193,93.93939393939395,7.291082155222492,4.072493579969414
92.92929292929294,93.93939393939395,18.32426988161163,4.91343302417136
93.93939393939395,93.93939393939395,26.23610873792758,3.651379908798894
94.94949494949496,93.93939393939395,20.81672276025248,5.417637128389187
95.95959595959597,93.93939393939395,12.66107794851413,4.518453119171902
96.96969696969697,93.93939393939395,41.05627418231656,4.780512178814803
97.97979797979798,93.93939393939395,25.70331514825125,4.745192670341813
98.98989898989899,93.93939393939395,17.46111780732779,4.421623182479438
100.0,93.93939393939395,22.74000670714309,4.798263472148392
0.0,94.94949494949496,30.96218791443527,4.581713466268726
1.01010101010101,94.94949494949496,27.59996456496417,4.924466885075835
2.02020202020202,94.94949494949496,21.3917042599069,5.074296092311429
3.03030303030303,94.94949494949496,24.59160639615202,3.778028884944408
4.040404040404041,94.94949494949496,9.766470326805468,4.546825509498584
5.050505050505051,94.94949494949496,28.23514613591175,4.506161195355626
6.060606060606061,94.94949494949496,24.06657527434187,5.730631091425017
7.070707070707071,94.94949494949496,20.38721897401927,4.927383773080504
8.080808080808081,94.94949494949496,25.52871422756233,4.061938132756511
9.090909090909092,94.94949494949496,19.37172620608674,5.843565466797257
10.1010101010101,94.94949494949496,17.58452619917864,5.269073724570696
11.11111111111111,94.94949494949496,17.92014679903967,3.801585889364003
12.12121212121212,94.94949494949496,18.52623052383909,3.742271719347287
13.13131313131313,94.94949494949496,31.41562575359619,4.296522270803615
14.14141414141414,94.94949494949496,12.10609972120786,5.13166476419749
15.15151515151515,94.94949494949496,33.43809480167175,5.308545849123046
16.16161616161616,94.94949494949496,5.436496951276886,4.088258692920681
17.17171717171717,94.94949494949496,28.00685029086594,3.757556666177739
18.18181818181818,94.94949494949496,23.65653309035089,4.847330355881418
19.19191919191919,94.94949494949496,17.24124066072007,4.214948995549555
20.2020202020202,94.94949494949496,15.12652302131753,3.921935282553267
21.21212121212121,94.94949494949496,13.83362904804658,4.504129357236447
22.22222222222222,94.94949494949496,17.69270947237225,4.831136310822592
23.23232323232324,94.94949494949496,21.07415056312933,4.02876531523752
24.24242424242424,94.94949494949496,26.82171163904168,4.246513422536027
25.25252525252525,94.94949494949496,30.92588560420911,4.586631974914176
26.26262626262626,94.94949494949496,11.33382834023541,4.86642477072601
27.27272727272727,94.94949494949496,22.91869470814574,6.030730861133325
28.28282828282828,94.94949494949496,9.849867503092002,4.284382931877992
29.29292929292929,94.94949494949496,12.75924041432657,4.558843090922165
30.3030303030303,94.94949494949496,11.80469473215161,3.469799416913399
31.31313131313131,94.94949494949496,24.33001458835505,4.436805853485771
32.32323232323233,94.94949494949496,16.21417733944022,3.95170801156268
33.33333333333334,94.94949494949496,29.00518226852811,4.562236547723939
34.34343434343435,94.94949494949496,34.61358384688489,6.038832534603277
35.35353535353536,94.94949494949496,21.01204025740628,5.292773860925711
36.36363636363637,94.94949494949496,21.55719124172414,3.986031162648564
37.37373737373738,94.94949494949496,29.51561567340059,4.275251136604536
38.38383838383839,94.94949494949496,29.23525913082988,4.792938147048144
39.3939393939394,94.94949494949496,21.40576761753418,3.274368425448531
40.40404040404041,94.94949494949496,27.61375565965368,5.244188668142272
41.41414141414142,94.94949494949496,17.36029576009326,5.528389191080167
42.42424242424243,94.94949494949496,16.69991183550566,3.633096727720785
43.43434343434344,94.94949494949496,18.48487143992338,4.713462428648107
44.44444444444445,94.94949494949496,28.46352865184792,4.703209612148981
45.45454545454546,94.94949494949496,17.82044212005641,4.625112245187603
46.46464646464647,94.94949494949496,20.37001210404582,5.194066675888806
47.47474747474748,94.94949494949496,23.95759904953886,4.362584946497607
48.48484848484848,94.94949494949496,24.9596868704198,5.033639038749363
49.49494949494949,94.94949494949496,13.92406652856604,4.110430155119018
50.50505050505051,94.94949494949496,26.33652007386701,3.027660224075531
51.51515151515152,94.94949494949496,19.83934660465538,4.211056948721226
52.52525252525253,94.94949494949496,20.72548100763903,5.944540417111838
53.53535353535354,94.94949494949496,18.59919550989061,4.44957990908742
54.54545454545455,94.94949494949496,2.842550014498106,3.68178337397881
55.55555555555556,94.94949494949496,22.36952294411858,4.276079851356064
56.56565656565657,94.94949494949496,12.52185262364581,6.350583639702663
57.57575757575758,94.94949494949496,25.51860810021763,5.362396272300254
58.58585858585859,94.94949494949496,32.0516881177166,3.480121233671813
59.5959595959596,94.94949494949496,30.07333994312086,3.819975690592288
60.60606060606061,94.94949494949496,29.57884287444334,3.093807848399685
61.61616161616162,94.94949494949496,20.07336770646346,5.099995974320088
62.62626262626263,94.94949494949496,31.27393438126116,3.782313909975082
63.63636363636364,94.94949494949496,27.47800075053183,4.353096086761952
64.64646464646465,94.94949494949496,31.29674837463983,4.426285450460619
65.65656565656566,94.94949494949496,28.13980550567435,4.284649552886647
66.66666666666667,94.94949494949496,16.24786658219775,5.670565032569861
67.67676767676768,94.94949494949496,30.39691047132667,5.249642473642756
68.68686868686869,94.94949494949496,20.53670507886274,5.347808023549742
69.6969696969697,94.94949494949496,8.09326475141012,4.191165625138478
70.70707070707071,94.94949494949496,23.9351501340374,4.90293970791848
71.71717171717172,94.94949494949496,26.16839024862659,4.431771895901834
72.72727272727273,94.94949494949496,20.83514577293591,3.725926205625127
73.73737373737374,94.94949494949496,8.430862579765272,5.025708573565043
74.74747474747475,94.94949494949496,19.7540949814198,4.370978600582285
75.75757575757576,94.94949494949496,29.59573909110667,5.410856727053176
76.76767676767678,94.94949494949496,17.83507751809006,4.325209665930871
77.77777777777779,94.94949494949496,20.03581904394294,4.718458899307687
78.7878787878788,94.94949494949496,15.5806159895685,4.901057298824318
79.7979797979798,94.94949494949496,30.54770997151291,4.592412325889506
80.80808080808082,94.94949494949496,19.54210495840379,4.062637205512315
81.81818181818183,94.94949494949496,31.56913721082896,3.768824095561127
82.82828282828284,94.94949494949496,22.68375569065573,4.731299859844591
83.83838383838385,94.94949494949496,29.71872721490701,6.361622960629207
84.84848484848486,94.94949494949496,31.0637797886094,4.363665696454895
85.85858585858587,94.94949494949496,28.4500728024261,4.629853862231463
86.86868686868688,94.94949494949496,22.56750629735448,5.154943839839345
87.87878787878789,94.94949494949496,8.25366271363181,5.148211555702697
88.8888888888889,94.94949494949496,24.67199177047714,4.781150664148528
89.89898989898991,94.94949494949496,17.71226231143474,5.40112958575825
90.90909090909092,94.94949494949496,15.91159738058355,3.880739507466031
91.91919191919193,94.94949494949496,14.76239255317689,4.556741930721384
92.92929292929294,94.94949494949496,23.46758861479564,4.321765773648064
93.93939393939395,94.94949494949496,25.54989446735155,5.717124878049532
94.94949494949496,94.94949494949496,36.05308017121629,4.288456341689366
95.95959595959597,94.94949494949496,27.90523927866204,3.69351776750705
96.96969696969697,94.94949494949496,38.17782545124869,4.235427399507892
97.97979797979798,94.94949494949496,21.68185717841017,4.568082576937782
98.98989898989899,94.94949494949496,27.79157616369996,4.485749764085021
100.0,94.94949494949496,28.72861197412005,4.512177921184866
0.0,95.95959595959597,28.98157539552955,4.28846480771074
1.01010101010101,95.95959595959597,24.54423676874999,2.891365168706569
2.02020202020202,95.95959595959597,18.23222545856562,3.490585706987569
3.03030303030303,95.95959595959597,18.88209653763676,3.67517150069882
4.040404040404041,95.95959595959597,24.06627982070624,4.364199417519394
5.050505050505051,95.95959595959597,15.42770509307747,4.677612851947289
6.060606060606061,95.95959595959597,20.18604011742494,4.623966409936648
7.070707070707071,95.95959595959597,22.71304357173652,4.96409380141537
8.080808080808081,95.95959595959597,26.60081756498126,3.884550991673369
9.090909090909092,95.95959595959597,25.69189646282378,5.076178950583265
10.1010101010101,95.95959595959597,25.90862173992691,4.039846171761146
11.11111111111111,95.95959595959597,37.38804559397362,5.85894723094485
12.12121212121212,95.95959595959597,25.93876008970354,4.880441121237087
13.13131313131313,95.95959595959597,23.4667125938859,4.771648183411989
14.14141414141414,95.95959595959597,15.55188059304638,3.937659869043961
15.15151515151515,95.95959595959597,17.32620203968601,5.283090342765184
16.16161616161616,95.95959595959597,17.82486975442372,5.661169842012683
17.17171717171717,95.95959595959597,22.40951830018246,5.228797236541086
18.18181818181818,95.95959595959597,10.09840898818612,5.051059454456931
19.19191919191919,95.95959595959597,26.92135431374496,5.346409122140374
20.2020202020202,95.95959595959597,11.98603887349742,4.468495515988749
21.21212121212121,95.95959595959597,26.5778174400948,5.063027959205843
22.22222222222222,95.95959595959597,17.50983919006058,4.034399315971154
23.23232323232324,95.95959595959597,16.04773341978883,5.133767666994665
24.24242424242424,95.95959595959597,18.11213624187585,5.476505479903786
25.25252525252525,95.95959595959597,24.70746448620666,4.93679953542642
26.26262626262626,95.95959595959597,23.85182795175512,4.9852409907537
27.27272727272727,95.95959595959597,22.19664242988286,3.105466381211856
28.28282828282828,95.95959595959597,25.19540568793704,5.526557486038413
29.29292929292929,95.95959595959597,17.44839357671123,3.592345268950913
30.3030303030303,95.95959595959597,15.07206048837768,4.75438126817065
31.31313131313131,95.95959595959597,17.02433676947306,5.126680182169119
32.32323232323233,95.95959595959597,21.09256392011011,4.868042488759944
33.33333333333334,95.95959595959597,11.78771211425289,4.527186445118193
34.34343434343435,95.95959595959597,24.78664445023933,4.956089672105752
35.35353535353536,95.95959595959597,7.195985416496253,4.804011257545831
36.36363636363637,95.95959595959597,19.52675168651924,6.369850302359115
37.37373737373738,95.95959595959597,5.261573989409056,4.11666362926328
38.38383838383839,95.95959595959597,24.79915292851125,5.055257851626581
39.3939393939394,95.95959595959597,20.37748625697226,4.289914091516344
40.40404040404041,95.95959595959597,21.5536468254992,3.875173705667524
41.41414141414142,95.95959595959597,16.57313809532294,4.479139009001769
42.42424242424243,95.95959595959597,23.51506270827847,2.695925029101493
43.43434343434344,95.95959595959597,22.8789700216891,4.748406087514624
44.44444444444445,95.95959595959597,29.94101390003437,4.394244108171403
45.45454545454546,95.95959595959597,29.41059070360843,4.478576135663113
46.46464646464647,95.95959595959597,23.97544142230961,5.223435944325691
47.47474747474748,95.95959595959597,18.80207931058899,5.620630243804278
48.48484848484848,95.95959595959597,25.14973783874255,4.453469767531583
49.49494949494949,95.95959595959597,33.58864305088161,5.411775725579359
50.50505050505051,95.95959595959597,17.06688919036446,4.58155688745815
51.51515151515152,95.95959595959597,26.05419899475321,3.58005769381175
52.52525252525253,95.95959595959597,15.52538803558281,4.143392191604059
53.53535353535354,95.95959595959597,23.14012016111624,3.244019503050889
54.54545454545455,95.95959595959597,5.962045432491216,4.65809377194359
55.55555555555556,95.95959595959597,29.24405327444048,4.560745736867526
56.56565656565657,95.95959595959597,21.30816511920168,4.966265115980265
57.57575757575758,95.95959595959597,23.48894228332732,4.756009365523545
58.58585858585859,95.95959595959597,27.19147652922266,4.075676073171184
59.5959595959596,95.95959595959597,27.1689111519884,5.345524766930618
60.60606060606061,95.95959595959597,28.22995663767337,4.700539812610633
61.61616161616162,95.95959595959597,16.7421795870176,3.138000273771679
62.62626262626263,95.95959595959597,20.13050177723203,5.736578754005799
63.63636363636364,95.95959595959597,19.96609746151376,3.842930338119682
64.64646464646465,95.95959595959597,31.62955838829433,2.824095401578399
65.65656565656566,95.95959595959597,29.15231173551332,4.129123049828701
66.66666666666667,95.95959595959597,27.09269271538947,4.543411064867103
67.67676767676768,95.95959595959597,24.62664508190142,4.443312438420696
68.68686868686869,95.95959595959597,24.78749657597249,3.370283133281793
69.6969696969697,95.95959595959597,20.42922495973719,5.437086795799145
70.70707070707071,95.95959595959597,21.82019400978556,4.440506143283342
71.71717171717172,95.95959595959597,26.77126306075039,4.331320084542869
72.72727272727273,95.95959595959597,19.83513624721959,4.354265657450226
73.73737373737374,95.95959595959597,25.05529848564644,4.223680577644503
74.74747474747475,95.95959595959597,17.72524559042694,4.884363485840823
75.75757575757576,95.95959595959597,30.88998353967906,5.808610350435285
76.76767676767678,95.95959595959597,12.89610664375965,4.096923750533316
77.77777777777779,95.95959595959597,13.71110574320222,4.17792100192097
78.7878787878788,95.95959595959597,28.48277642642335,4.907789712481874
79.7979797979798,95.95959595959597,22.42897685005763,3.911344779132941
80.80808080808082,95.95959595959597,25.22668242188232,2.756399900758253
81.81818181818183,95.95959595959597,18.32605078940566,4.592114694124728
82.82828282828284,95.95959595959597,32.89257450306479,3.794686814589784
83.83838383838385,95.95959595959597,10.56134659181033,5.496652177618166
84.84848484848486,95.95959595959597,25.72150472491705,4.688459310657679
85.85858585858587,95.95959595959597,27.13146343049132,4.409086159569115
86.86868686868688,95.95959595959597,22.90635751981849,3.684262873456586
87.87878787878789,95.95959595959597,27.87315950879888,5.109231278350194
88.8888888888889,95.95959595959597,20.25270753834914,4.111497244506119
89.89898989898991,95.95959595959597,28.56712820682743,4.374609184051771
90.90909090909092,95.95959595959597,20.45388095367949,4.401404417885748
91.91919191919193,95.95959595959597,31.95938624928892,5.463852316808062
92.92929292929294,95.95959595959597,26.19598202412679,3.169777244951719
93.93939393939395,95.95959595959597,23.34111294333161,3.198033324834769
94.94949494949496,95.95959595959597,27.0204400601359,4.230309514421635
95.95959595959597,95.95959595959597,21.57397733394879,4.606327828240092
96.96969696969697,95.95959595959597,32.61840867618155,5.436701045580293
97.97979797979798,95.95959595959597,29.88375029973927,4.106831058863028
98.98989898989899,95.95959595959597,26.94678112864694,5.020325369323433
100.0,95.95959595959597,30.24436239912109,3.530463970403748
0.0,96.96969696969697,30.70956587709576,4.065976566478325
1.01010101010101,96.96969696969697,21.33375235062634,5.25306057921758
2.02020202020202,96.96969696969697,22.29000573172072,4.430672134211843
3.03030303030303,96.96969696969697,21.07646893764486,4.514691602754167
4.040404040404041,96.96969696969697,28.09926610188365,4.293547291014416
5.050505050505051,96.96969696969697,15.22517542605456,5.235567017559032
6.060606060606061,96.96969696969697,24.73937206072162,3.778987919817565
7.070707070707071,96.96969696969697,18.94059555746354,3.841555692714246
8.080808080808081,96.96969696969697,24.99556378334902,3.548674996911338
9.090909090909092,96.96969696969697,21.99732316917995,4.722448317026041
10.1010101010101,96.96969696969697,28.6189415711528,4.466937214813852
11.11111111111111,96.96969696969697,15.64432542267331,4.602019423343022
12.12121212121212,96.96969696969697,6.919855858311365,2.369511114387467
13.13131313131313,96.96969696969697,33.17269484601589,6.950963639893613
14.14141414141414,96.96969696969697,32.83967495376633,2.990133063495976
15.15151515151515,96.96969696969697,14.70418547749367,3.873741243820869
16.16161616161616,96.96969696969697,23.10596393949057,3.99921616514182
17.17171717171717,96.96969696969697,25.70903998463402,3.443166150355469
18.18181818181818,96.96969696969697,10.92610924782477,4.176562719303038
19.19191919191919,96.96969696969697,29.12187266708073,5.255182585272227
20.2020202020202,96.96969696969697,25.44008308297734,5.564499112528636
21.21212121212121,96.96969696969697,41.78589704208587,4.232621541236017
22.22222222222222,96.96969696969697,24.10319949003017,3.824547323619872
23.23232323232324,96.96969696969697,10.97221220626701,5.01628893542003
24.24242424242424,96.96969696969697,19.04219242068062,4.96245484469785
25.25252525252525,96.96969696969697,21.31029070070496,4.12494148661746
26.26262626262626,96.96969696969697,25.85193725065691,4.286988662947341
27.27272727272727,96.96969696969697,18.08882076422849,4.956232146973119
28.28282828282828,96.96969696969697,28.40191644947614,4.436111193241408
29.29292929292929,96.96969696969697,23.63159430259483,3.853595681310773
30.3030303030303,96.96969696969697,34.30484443809515,5.875213161268413
31.31313131313131,96.96969696969697,18.50131359778762,5.229313189011219
32.32323232323233,96.96969696969697,20.47641432688497,3.212938457708965
33.33333333333334,96.96969696969697,20.90863099244412,3.979583522594436
34.34343434343435,96.96969696969697,21.03150539798712,4.595977606279003
35.35353535353536,96.96969696969697,5.358068443593437,5.126350909130693
36.36363636363637,96.96969696969697,33.93853438955433,2.581284578932756
37.37373737373738,96.96969696969697,19.72984832767242,5.367371416318528
38.38383838383839,96.96969696969697,4.011320778666869,4.917519945456641
39.3939393939394,96.96969696969697,26.51097392955949,5.002301202093654
40.40404040404041,96.96969696969697,28.68779955312458,4.679220659095547
41.41414141414142,96.96969696969697,17.40839419205504,4.993786266619354
42.42424242424243,96.96969696969697,22.40563009651393,4.482547404288254
43.43434343434344,96.96969696969697,22.51703026395576,4.929447702707777
44.44444444444445,96.96969696969697,13.776659329381,5.174945327680408
45.45454545454546,96.96969696969697,14.19922063712597,3.512632840088442
46.46464646464647,96.96969696969697,21.9492817975588,5.686492117880552
47.47474747474748,96.96969696969697,11.62255735097574,4.369445872143801
48.48484848484848,96.96969696969697,28.12567119081623,4.948259393792064
49.49494949494949,96.96969696969697,24.60668431537601,4.155839947986092
50.50505050505051,96.96969696969697,17.53283869073048,4.535849254822784
51.51515151515152,96.96969696969697,21.34463064341891,4.962803303935425
52.52525252525253,96.96969696969697,21.19608333885721,4.325499798240299
53.53535353535354,96.96969696969697,26.16638017144168,4.82344577734035
54.54545454545455,96.96969696969697,27.84494190027946,4.368660987178444
55.55555555555556,96.96969696969697,20.3502285525142,4.840936116068335
56.56565656565657,96.96969696969697,14.89353330453699,4.366704126035175
57.57575757575758,96.96969696969697,8.870359348143054,4.493433936203085
58.58585858585859,96.96969696969697,21.05133154388215,5.033606395871145
59.5959595959596,96.96969696969697,26.74640024889543,4.919985436214485
60.60606060606061,96.96969696969697,25.18601046773659,5.488610735436223
61.61616161616162,96.96969696969697,29.60546759420343,5.496121421205938
62.62626262626263,96.96969696969697,31.07565232089951,3.307112752631546
63.63636363636364,96.96969696969697,24.54341063262363,3.698790018877559
64.64646464646465,96.96969696969697,23.04291527363833,4.927397085600658
65.65656565656566,96.96969696969697,17.85587643242868,4.200292934621749
66.66666666666667,96.96969696969697,29.32106807838467,5.397084865285199
67.67676767676768,96.96969696969697,22.05195992400519,5.043911343731754
68.68686868686869,96.96969696969697,32.41991560146435,4.981645570021723
69.6969696969697,96.96969696969697,20.02240568807374,4.569318708946039
70.70707070707071,96.96969696969697,15.1796598686841,3.775707404516471
71.71717171717172,96.96969696969697,28.43582359851828,3.141706637637308
72.72727272727273,96.96969696969697,16.94869941285057,3.067557534952027
73.73737373737374,96.96969696969697,23.41078154476505,4.111816946789137
74.74747474747475,96.96969696969697,20.82600395527317,4.82900776693755
75.75757575757576,96.96969696969697,23.31736716871552,5.333699888302926
76.76767676767678,96.96969696969697,22.73074450810501,5.193626567523842
77.77777777777779,96.96969696969697,17.72101645853916,4.229400631367655
78.7878787878788,96.96969696969697,26.51576503658132,3.809613115779873
79.7979797979798,96.96969696969697,24.02940293521722,5.168271825433363
80.80808080808082,96.96969696969697,20.61104484666556,4.075763569414456
81.81818181818183,96.96969696969697,10.96178803513584,5.1406233574834
82.82828282828284,96.96969696969697,17.38578628514774,4.77149417013641
83.83838383838385,96.96969696969697,21.60056481409316,4.149178295668325
84.84848484848486,96.96969696969697,29.06209414100902,4.713355949795372
85.85858585858587,96.96969696969697,24.86944358316833,4.919483613183215
86.86868686868688,96.96969696969697,23.80302234223602,4.723633764277746
87.87878787878789,96.96969696969697,25.10436815501945,3.387119564253362
88.8888888888889,96.96969696969697,32.01934130897741,4.674185419837388
89.89898989898991,96.96969696969697,34.62357728979212,3.881510629272817
90.90909090909092,96.96969696969697,25.21024241600228,5.131372345013741
91.91919191919193,96.96969696969697,31.84734025040547,4.122297955674488
92.92929292929294,96.96969696969697,12.25245725367923,3.952578336406596
93.93939393939395,96.96969696969697,19.75166532692327,3.55414689538526
94.94949494949496,96.96969696969697,22.51573521622263,3.295788051217785
95.95959595959597,96.96969696969697,33.96396060750958,4.131866253941348
96.96969696969697,96.96969696969697,30.13685180445015,4.09438930638439
97.97979797979798,96.96969696969697,32.50929114990092,3.405102953512021
98.98989898989899,96.96969696969697,24.82577776488247,4.317197753309515
100.0,96.96969696969697,25.20917932009283,4.235985203538185
0.0,97.97979797979798,29.8268605262525,4.468852730310894
1.01010101010101,97.97979797979798,23.9093712155574,3.774784528736423
2.02020202020202,97.97979797979798,30.43947388776751,4.103087509497035
3.03030303030303,97.97979797979798,15.46564740538888,3.976132961409655
4.040404040404041,97.97979797979798,21.55124035711865,5.207584430703581
5.050505050505051,97.97979797979798,10.24032180229198,4.727210447225695
6.060606060606061,97.97979797979798,4.901957255068028,5.25948742893118
7.070707070707071,97.97979797979798,34.18328138309938,4.655860858774357
8.080808080808081,97.97979797979798,10.48506112451237,4.335227295133786
9.090909090909092,97.97979797979798,19.31125329179162,4.696544405927961
10.1010101010101,97.97979797979798,12.74658125507007,4.358373814420117
11.11111111111111,97.97979797979798,21.19520684021342,3.920273148002733
12.12121212121212,97.97979797979798,19.07922049687753,3.609071587854051
13.13131313131313,97.97979797979798,15.12015944838404,3.847790746295405
14.14141414141414,97.97979797979798,24.91113519018427,4.540758003949746
15.15151515151515,97.97979797979798,20.23462746689733,4.308224448601702
16.16161616161616,97.97979797979798,22.10726577594851,4.220003454008626
17.17171717171717,97.97979797979798,28.96703025235337,5.62462310048128
18.18181818181818,97.97979797979798,9.329680638623492,4.937240915365346
19.19191919191919,97.97979797979798,24.15630246573105,4.342072220348935
20.2020202020202,97.97979797979798,27.70002488973381,5.36184873104864
21.21212121212121,97.97979797979798,26.56186163513632,5.348512663014605
22.22222222222222,97.97979797979798,27.69529625626362,4.980657137019733
23.23232323232324,97.97979797979798,33.56733560061198,4.861386338663686
24.24242424242424,97.97979797979798,30.69281499998834,4.24777159534141
25.25252525252525,97.97979797979798,10.56774281885299,5.439913819649937
26.26262626262626,97.97979797979798,22.07226914022261,5.243798339125802
27.27272727272727,97.97979797979798,21.65567588897321,3.886059809746919
28.28282828282828,97.97979797979798,31.47411036574282,4.458202635646355
29.29292929292929,97.97979797979798,21.30246215533625,4.063410721221274
30.3030303030303,97.97979797979798,24.66444141215735,3.818652994132637
31.31313131313131,97.97979797979798,16.56615889798077,5.33956649072191
32.32323232323233,97.97979797979798,32.53991527521877,4.15552243334484
33.33333333333334,97.97979797979798,29.3561187690379,3.227671665725524
34.34343434343435,97.97979797979798,20.78630227630572,3.558640577013589
35.35353535353536,97.97979797979798,25.09858363698867,4.157968199973253
36.36363636363637,97.97979797979798,23.30808095241103,4.710260602954583
37.37373737373738,97.97979797979798,23.21523145822205,5.352589534128572
38.38383838383839,97.97979797979798,27.12403116797233,3.124963181208736
39.3939393939394,97.97979797979798,29.58644237174322,4.814193508924811
40.40404040404041,97.97979797979798,36.00699366441318,3.273700410675799
41.41414141414142,97.97979797979798,27.44960824330336,5.210653355863545
42.42424242424243,97.97979797979798,22.99624226055555,3.779408576710238
43.43434343434344,97.97979797979798,11.54947620615049,3.960815036148158
44.44444444444445,97.97979797979798,21.9799728835939,4.872013755813191
45.45454545454546,97.97979797979798,18.16650410218458,3.017116220637114
46.46464646464647,97.97979797979798,25.03143993025479,3.978613740977021
47.47474747474748,97.97979797979798,30.80269623635751,3.676401775374929
48.48484848484848,97.97979797979798,29.75960194980316,4.671007116202389
49.49494949494949,97.97979797979798,13.93296943383137,4.234094965666398
50.50505050505051,97.97979797979798,30.172380468636,4.684380691760714
51.51515151515152,97.97979797979798,26.0157471308958,4.376591382863095
52.52525252525253,97.97979797979798,21.95845955184648,4.187937099813337
53.53535353535354,97.97979797979798,27.17950831825029,4.126813052591439
54.54545454545455,97.97979797979798,20.1885551578934,4.855435634997913
55.55555555555556,97.97979797979798,27.42370647913204,4.739679309095322
56.56565656565657,97.97979797979798,32.82810524829637,3.962462471917756
57.57575757575758,97.97979797979798,21.84603047334235,4.864414779115429
58.58585858585859,97.97979797979798,19.47579709133092,3.683194561401501
59.5959595959596,97.97979797979798,6.980659389836439,4.735202360778418
60.60606060606061,97.97979797979798,24.1668607798494,3.552673068500123
61.61616161616162,97.97979797979798,21.50930047520965,5.068585277466163
62.62626262626263,97.97979797979798,19.375573409634,4.383762421901698
63.63636363636364,97.97979797979798,14.04267322060702,4.38070515083653
64.64646464646465,97.97979797979798,21.89756013716575,4.515801514875428
65.65656565656566,97.97979797979798,21.30755958723908,4.107198329248651
66.66666666666667,97.97979797979798,22.27349436644575,6.283078576053654
67.67676767676768,97.97979797979798,26.39683594966595,4.52028398923317
68.68686868686869,97.97979797979798,28.94402787288904,4.244637204178822
69.6969696969697,97.97979797979798,20.38571006783884,2.979866799682023
70.70707070707071,97.97979797979798,7.186932622460068,2.140683925680578
71.71717171717172,97.97979797979798,14.78494915065003,5.068496672176045
72.72727272727273,97.97979797979798,21.85350059554114,4.753206784728532
73.73737373737374,97.97979797979798,15.84144660141127,4.271497981949268
74.74747474747475,97.97979797979798,18.88068586696356,4.41433051562381
75.75757575757576,97.97979797979798,18.61364202854014,3.690876615275813
76.76767676767678,97.97979797979798,19.05982970329795,5.298749066523352
77.77777777777779,97.97979797979798,17.88171907650657,2.970670526819521
78.7878787878788,97.97979797979798,23.55948346362161,5.120022972173803
79.7979797979798,97.97979797979798,17.53588956431032,4.506293720421853
80.80808080808082,97.97979797979798,32.05192856935003,3.274883269562295
81.81818181818183,97.97979797979798,30.62003155969681,3.914310345050735
82.82828282828284,97.97979797979798,0.0,6.036175494622836
83.83838383838385,97.97979797979798,23.80241893184525,4.889667838957282
84.84848484848486,97.97979797979798,14.33187022251655,4.202979023976683
85.85858585858587,97.97979797979798,17.41856799256939,6.084143184709172
86.86868686868688,97.97979797979798,19.2020594241106,5.072177346383789
87.87878787878789,97.97979797979798,24.21538470400485,4.316960489752389
88.8888888888889,97.97979797979798,24.37432215928123,4.77657422878235
89.89898989898991,97.97979797979798,25.35949702532855,4.541302293159301
90.90909090909092,97.97979797979798,24.14607864034837,4.011205275451243
91.91919191919193,97.97979797979798,16.96169397421915,3.762393289205767
92.92929292929294,97.97979797979798,16.90176241849842,4.567262308707579
93.93939393939395,97.97979797979798,15.19110294313891,5.080434364824618
94.94949494949496,97.97979797979798,10.056437398129,4.616169572935814
95.95959595959597,97.97979797979798,15.01545104464286,3.910675553603291
96.96969696969697,97.97979797979798,12.68786166582744,3.915523924936665
97.97979797979798,97.97979797979798,33.29166819309223,4.952748916967761
98.98989898989899,97.97979797979798,22.91147515832068,4.150725002694076
100.0,97.97979797979798,19.8721525050513,4.040021728430176
0.0,98.98989898989899,17.92115756804481,1.589991602209848
1.01010101010101,98.98989898989899,14.14206436742129,4.768523848484227
2.02020202020202,98.98989898989899,34.2625376587803,4.189027137377285
3.03030303030303,98.98989898989899,32.60468064185198,4.192193838086455
4.040404040404041,98.98989898989899,31.48257212210185,5.34479287444261
5.050505050505051,98.98989898989899,27.55723739862781,4.255608347707338
6.060606060606061,98.98989898989899,15.40549260484304,6.060477590938135
7.070707070707071,98.98989898989899,17.96049313538963,6.589361943309923
8.080808080808081,98.98989898989899,19.06816629239388,3.607337281714806
9.090909090909092,98.98989898989899,15.2734507083712,3.458673119405055
10.1010101010101,98.98989898989899,30.97579756686271,4.857124250875923
11.11111111111111,98.98989898989899,24.38514141317257,4.886066835347776
12.12121212121212,98.98989898989899,11.99997073357439,4.180383371186918
13.13131313131313,98.98989898989899,21.044937500732,5.419682164590174
14.14141414141414,98.98989898989899,31.56655521643316,4.170442505788841
15.15151515151515,98.98989898989899,24.34545132870078,4.032853798407366
16.16161616161616,98.98989898989899,31.3970917651075,4.197515236929664
17.17171717171717,98.98989898989899,13.05730435614281,4.207014056581862
18.18181818181818,98.98989898989899,24.04052283447863,4.9698934189916
19.19191919191919,98.98989898989899,36.06394335406178,4.315643208920903
20.2020202020202,98.98989898989899,27.3180978751456,4.483492885687427
21.21212121212121,98.98989898989899,12.83010517769176,3.98565788548645
22.22222222222222,98.98989898989899,20.90176482562249,5.27301758822371
23.23232323232324,98.98989898989899,23.42857132634809,3.159423714441726
24.24242424242424,98.98989898989899,17.2547304637558,5.24652094353516
25.25252525252525,98.98989898989899,21.82440394050241,5.349374163588909
26.26262626262626,98.98989898989899,12.90066046374049,4.416173812314534
27.27272727272727,98.98989898989899,22.98861904843338,4.35790113584996
28.28282828282828,98.98989898989899,27.50392172117013,4.21346403030378
29.29292929292929,98.98989898989899,14.00178208484062,4.85556166181941
30.3030303030303,98.98989898989899,16.94444897588185,5.169594883708856
31.31313131313131,98.98989898989899,16.97550724480597,1.920591365868693
32.32323232323233,98.98989898989899,14.13862587775835,1.382455213484361
33.33333333333334,98.98989898989899,34.88982706866167,6.613647408325337
34.34343434343435,98.98989898989899,11.79437502309306,4.670286401505845
35.35353535353536,98.98989898989899,10.21934880242824,4.039976127435911
36.36363636363637,98.98989898989899,13.94216817231569,4.235434385343622
37.37373737373738,98.98989898989899,13.12331288269419,5.643239028086317
38.38383838383839,98.98989898989899,13.75138271827834,5.924493857581218
39.3939393939394,98.98989898989899,15.7722043743766,5.18803367873933
40.40404040404041,98.98989898989899,34.04698702351172,4.337142390718292
41.41414141414142,98.98989898989899,35.90329793527042,4.540605667316256
42.42424242424243,98.98989898989899,10.04239466049368,4.095318392089687
43.43434343434344,98.98989898989899,24.38075246063835,5.049185995493025
44.44444444444445,98.98989898989899,20.08592466627285,3.71356711039284
45.45454545454546,98.98989898989899,31.98062881428981,4.257939446294482
46.46464646464647,98.98989898989899,22.59809955966828,3.85489089831033
47.47474747474748,98.98989898989899,19.41526615020843,4.410293243366743
48.48484848484848,98.98989898989899,23.83311616223233,4.449713869694458
49.49494949494949,98.98989898989899,27.73037837454951,4.93527923203491
50.50505050505051,98.98989898989899,22.1619425811737,4.104185283705614
51.51515151515152,98.98989898989899,26.29654881469345,5.029608832604263
52.52525252525253,98.98989898989899,21.94184675766314,5.600407554510705
53.53535353535354,98.98989898989899,14.96181534604213,4.628796766804281
54.54545454545455,98.98989898989899,26.7944644951948,5.036814111728238
55.55555555555556,98.98989898989899,19.23334292493212,3.941546290104999
56.56565656565657,98.98989898989899,16.69722637615129,5.215324155779901
57.57575757575758,98.98989898989899,22.11240580653522,4.329804135739766
58.58585858585859,98.98989898989899,26.50491717267703,4.367952600541547
59.5959595959596,98.98989898989899,23.00419617278082,3.952959790695217
60.60606060606061,98.98989898989899,25.39126682354634,4.716853293688839
61.61616161616162,98.98989898989899,26.67270755250979,4.475718623922228
62.62626262626263,98.98989898989899,13.16054530199599,1.577854515879199
63.63636363636364,98.98989898989899,20.70179432050129,1.569248610659792
64.64646464646465,98.98989898989899,19.95689643442961,3.466437928672394
65.65656565656566,98.98989898989899,12.19276177597047,4.608720431603285
66.66666666666667,98.98989898989899,19.69941871596386,4.564055418583653
67.67676767676768,98.98989898989899,28.06689250572184,4.680883551498981
68.68686868686869,98.98989898989899,21.20751016620878,3.87473542380565
69.6969696969697,98.98989898989899,25.37444403032055,4.999988436182651
70.70707070707071,98.98989898989899,23.42735266799357,4.854047373804018
71.71717171717172,98.98989898989899,34.74225357018307,2.404237258796019
72.72727272727273,98.98989898989899,32.70575108668234,4.817175984298094
73.73737373737374,98.98989898989899,23.52335284268193,5.055268067622521
74.74747474747475,98.98989898989899,28.88575425092481,4.763227946939357
75.75757575757576,98.98989898989899,28.23512356342359,3.227435087525179
76.76767676767678,98.98989898989899,32.3423622024633,5.330891408749566
77.77777777777779,98.98989898989899,21.83439967817815,3.763946525921247
78.7878787878788,98.98989898989899,27.12428625648673,5.048327450452522
79.7979797979798,98.98989898989899,24.79646483224488,3.62567306030762
80.80808080808082,98.98989898989899,28.71257469211106,3.677248156438557
81.81818181818183,98.98989898989899,14.73143801134992,3.971996065470096
82.82828282828284,98.98989898989899,31.76566790445172,5.805945112140434
83.83838383838385,98.98989898989899,18.55582684675436,4.235299903694118
84.84848484848486,98.98989898989899,22.71900999297544,4.92061301805751
85.85858585858587,98.98989898989899,30.09639099152859,4.858025679367556
86.86868686868688,98.98989898989899,26.23385227114024,3.529600123697682
87.87878787878789,98.98989898989899,16.08390388069683,5.304260522774487
88.8888888888889,98.98989898989899,14.61160002721206,5.178258189335295
89.89898989898991,98.98989898989899,15.19379812136979,2.880243853753483
90.90909090909092,98.98989898989899,19.06694311799722,4.007915295018877
91.91919191919193,98.98989898989899,20.80327939210205,4.183482514334758
92.92929292929294,98.98989898989899,21.99572315649369,3.095842346055614
93.93939393939395,98.98989898989899,25.37551787267358,1.597684291891023
94.94949494949496,98.98989898989899,28.89482762261795,1.854237806405565
95.95959595959597,98.98989898989899,31.84374180645784,5.017927126240718
96.96969696969697,98.98989898989899,25.9387887171784,3.49620771177551
97.97979797979798,98.98989898989899,18.66517569093382,4.290006651454556
98.98989898989899,98.98989898989899,29.00831357740183,4.523893748437301
100.0,98.98989898989899,24.57290006927682,3.928074949482109
0.0,100.0,12.00481730509629,1.84873943733408
1.01010101010101,100.0,16.02702046344617,1.131893773239843
2.02020202020202,100.0,7.410296277425836,1.196049717271327
3.03030303030303,100.0,16.32493206837875,1.625173744250466
4.040404040404041,100.0,18.20690646668276,5.467912881876968
5.050505050505051,100.0,8.31075438872311,4.139267966020666
6.060606060606061,100.0,19.12192949333269,4.773258674095555
7.070707070707071,100.0,16.16616009194769,4.773328773308549
8.080808080808081,100.0,28.8051825308781,4.83737377894661
9.090909090909092,100.0,21.96146314007158,5.48409065811563
10.1010101010101,100.0,23.65535747571422,6.530330502499787
11.11111111111111,100.0,26.31845462003242,4.44537526583902
12.12121212121212,100.0,13.26085652085547,5.951362453815601
13.13131313131313,100.0,25.18662472171183,5.516060529364941
14.14141414141414,100.0,26.45035386535493,3.802622606622607
15.15151515151515,100.0,27.02940100906567,5.981461079107103
16.16161616161616,100.0,25.1153943400067,3.980725529343887
17.17171717171717,100.0,34.2179349579097,3.479993023885994
18.18181818181818,100.0,23.17840913955457,2.872326292865031
19.19191919191919,100.0,18.32980229153662,4.483702162440967
20.2020202020202,100.0,9.613947061440184,4.56569972184558
21.21212121212121,100.0,28.98688454706747,4.383282935182499
22.22222222222222,100.0,19.59406226973954,5.186984075823903
23.23232323232324,100.0,21.36966941569874,4.941633989883946
24.24242424242424,100.0,22.90153911168855,5.235912826801505
25.25252525252525,100.0,18.50446865943683,4.563139817809205
26.26262626262626,100.0,21.38664282318704,4.951783788630887
27.27272727272727,100.0,23.1083930828019,3.639007207040211
28.28282828282828,100.0,20.60751218224023,0.991103155570487
29.29292929292929,100.0,18.10462504815531,1.631330905744769
30.3030303030303,100.0,13.96996055829617,1.936543021716026
31.31313131313131,100.0,10.09083772735623,1.596851887731985
32.32323232323233,100.0,19.43411486109838,1.724688832903735
33.33333333333334,100.0,10.05452269823991,1.743552019494232
34.34343434343435,100.0,9.572893874186374,2.125676368065322
35.35353535353536,100.0,23.27347123860022,4.519570186430421
36.36363636363637,100.0,27.84762183340269,4.784374671936815
37.37373737373738,100.0,14.0301098819165,4.501982272263986
38.38383838383839,100.0,23.00760902503988,4.465685323445917
39.3939393939394,100.0,14.95422447099406,4.875686688262984
40.40404040404041,100.0,23.16343018593624,4.080971861694997
41.41414141414142,100.0,13.6890094188244,3.831790177866072
42.42424242424243,100.0,40.40146878872194,4.154862212798221
43.43434343434344,100.0,12.77645481146816,4.59638499322003
44.44444444444445,100.0,21.10205851250878,4.322884845137466
45.45454545454546,100.0,27.81687788844531,4.302918414485471
46.46464646464647,100.0,22.48368843563394,5.490710627235932
47.47474747474748,100.0,31.15051718322883,5.309859305616298
48.48484848484848,100.0,24.16809568569846,5.046274507793721
49.49494949494949,100.0,18.89258494479698,5.467531935530627
50.50505050505051,100.0,14.6957051966121,4.404552655317056
51.51515151515152,100.0,24.16940846404035,4.716647441341296
52.52525252525253,100.0,33.08229123320549,4.658198586955431
53.53535353535354,100.0,18.46576151782581,5.415950587954041
54.54545454545455,100.0,22.05819965757419,4.72095911062154
55.55555555555556,100.0,4.313342249729541,4.053388971478904
56.56565656565657,100.0,18.26347251726047,4.400614716929265
57.57575757575758,100.0,20.54150032025745,4.155888947293453
58.58585858585859,100.0,23.93244250405537,4.932958941043307
59.5959595959596,100.0,18.4489251134311,4.079166148892587
60.60606060606061,100.0,22.17070373280142,1.76332688205698
61.61616161616162,100.0,15.39863903947569,1.230407465697445
62.62626262626263,100.0,16.33269132233909,1.699021258669805
63.63636363636364,100.0,24.7215427262234,1.840753257569033
64.64646464646465,100.0,10.87508576747184,1.073409182439188
65.65656565656566,100.0,15.2126858096146,1.271192062049912
66.66666666666667,100.0,33.62137892035975,4.61864346118616
67.67676767676768,100.0,24.60003251787488,3.90557351173752
68.68686868686869,100.0,22.78761148579691,5.383631328192591
69.6969696969697,100.0,17.87523612778364,6.431267851146885
70.70707070707071,100.0,7.065877993230396,3.965922996936935
71.71717171717172,100.0,24.42113455397244,3.939722969665801
72.72727272727273,100.0,13.88705457197229,4.588728078965335
73.73737373737374,100.0,19.91117994118256,4.336715142359997
74.74747474747475,100.0,15.57713506251234,5.926435656362608
75.75757575757576,100.0,36.22033471539116,3.345673052858782
76.76767676767678,100.0,14.56288792067672,4.207592946487408
77.77777777777779,100.0,23.87236396395094,3.857856520568823
78.7878787878788,100.0,24.63109910013733,4.240665409179067
79.7979797979798,100.0,28.75012823351224,4.658312599133955
80.80808080808082,100.0,22.02323892641509,4.730750284795667
81.81818181818183,100.0,9.285445464439285,4.285141761353993
82.82828282828284,100.0,30.9938973858856,5.074478292061411
83.83838383838385,100.0,22.43437932749591,5.777211748782273
84.84848484848486,100.0,18.68790980752004,4.650862476494167
85.85858585858587,100.0,31.73485413103639,3.782312192059097
86.86868686868688,100.0,13.96513479403794,3.630069586376709
87.87878787878789,100.0,17.52778589674169,3.69053817855223
88.8888888888889,100.0,33.863135010343,3.272170068834661
89.89898989898991,100.0,38.91654380329999,4.661321124502956
90.90909090909092,100.0,42.11879651302798,4.46770585044971
91.91919191919193,100.0,11.75727732353929,0.9556842526728563
92.92929292929294,100.0,19.59066546109988,1.456635797447024
93.93939393939395,100.0,6.85224030591325,1.045332865253586
94.94949494949496,100.0,10.44751735994497,1.798574647347158
95.95959595959597,100.0,15.96724977752912,1.076818214264958
96.96969696969697,100.0,14.85713690896159,0.9106052739262483
97.97979797979798,100.0,19.95504388962522,4.989314419915313
98.98989898989899,100.0,22.37642431745341,4.152571775127967
100.0,100.0,19.93562233320209,3.934980526148808
