Y Position_µm,X Position_µm,KAEM,modulus,hardness
0.0,0.0,9.52424735216961,14.14402207934651,5.768414080996088
1.01010101010101,0.0,5.793265255518237,22.50806078934491,5.117051291378607
2.02020202020202,0.0,6.457600091378716,29.56669160709701,4.593177961421558
3.03030303030303,0.0,3.3365327082197225,29.73937034202247,3.320836423003019
4.040404040404041,0.0,3.41304491375433,27.29248527028127,4.304734208082583
5.050505050505051,0.0,12.04259476645401,24.93852755585618,1.996018417114181
6.060606060606061,0.0,11.232927628057487,7.51934185951619,2.64532402321887
7.070707070707071,0.0,8.168529461994224,17.8756305287061,1.33555201690188
8.080808080808081,0.0,13.556550023965718,6.187468176277859,0.09860530851467078
9.090909090909092,0.0,11.203494992800836,20.72442846649522,1.93511321077257
10.1010101010101,0.0,5.250387224938903,10.00668637511493,1.036121336282095
11.11111111111111,0.0,4.4118712821571116,14.49699406844313,1.944577347760472
12.12121212121212,0.0,2.6273042516523994,13.88660868709171,1.073106166044457
13.13131313131313,0.0,2.1138322212592797,15.57364090413426,1.462880019813484
14.14141414141414,0.0,3.1336353984223333,12.80079659256582,0.8290613808433335
15.15151515151515,0.0,2.7691849891142244,8.55901972320093,1.843239655355848
16.16161616161616,0.0,2.9013579771227396,9.767183903896472,1.111565080199595
17.17171717171717,0.0,6.093906172169881,12.11828437014367,1.12000208457907
18.18181818181818,0.0,7.690338996495668,18.27620881443462,0.6980234777327284
19.19191919191919,0.0,5.380506812327877,22.63342566864671,1.081002457794151
20.2020202020202,0.0,2.5382098051700694,18.88969218222589,0.6392310339609029
21.21212121212121,0.0,5.274506544018352,16.97349251677539,1.373785009084572
22.22222222222222,0.0,8.161582219321899,9.317785235352972,0.878882351250755
23.23232323232324,0.0,3.5196451517729224,15.53593189383324,1.786216817613819
24.24242424242424,0.0,1.8513729560580832,17.92139949327984,2.176321636492802
25.25252525252525,0.0,1.7088738678631934,16.51148070341008,1.749434908401935
26.26262626262626,0.0,6.3687751117748705,14.14654983973928,2.447539489874145
27.27272727272727,0.0,5.941826371430021,22.65855786110092,4.909633252708014
28.28282828282828,0.0,8.32141616074865,17.96377857849582,4.558562548569153
29.29292929292929,0.0,5.9715732701504125,27.12899297630218,4.802055592073235
30.3030303030303,0.0,5.216759303546613,25.06409429334108,3.952660927737326
31.31313131313131,0.0,8.123934325581242,31.29876539176056,4.491217544620858
32.32323232323233,0.0,5.2970927575874605,22.18770755083521,2.774315759535674
33.33333333333334,0.0,5.703566899685376,16.80719417440948,5.390111901871663
34.34343434343435,0.0,5.835459212949426,24.07797437233267,4.198640466896049
35.35353535353536,0.0,12.046812114063409,31.46411252639558,4.396874212973949
36.36363636363637,0.0,15.019661925042731,4.108758991934947,1.471100664801075
37.37373737373738,0.0,4.642905436258054,11.37198166366745,1.093477224189987
38.38383838383839,0.0,4.396300582721921,14.84039762042007,1.18097910051485
39.3939393939394,0.0,7.604833664383441,23.89218065983007,1.744579506909049
40.40404040404041,0.0,3.3274933905994906,17.35992420790373,0.5797158597119481
41.41414141414142,0.0,5.124426771244835,20.7124863343352,1.283705623928758
42.42424242424243,0.0,6.6364800082626125,8.829539483608155,1.064836794527997
43.43434343434344,0.0,6.524690648930592,6.202776970181286,2.571257001935504
44.44444444444445,0.0,4.257195701458769,10.76248521878753,2.412675262128424
45.45454545454546,0.0,5.835973649126516,14.5939889280447,1.611584724975513
46.46464646464647,0.0,4.504578757320073,20.87247073884274,1.277043514100268
47.47474747474748,0.0,3.6420047099513333,15.88519701970841,0.8370101626296849
48.48484848484848,0.0,5.898680245766965,10.34370782727692,1.093349808588979
49.49494949494949,0.0,5.116127860577865,20.45007107222386,0.9794892304122447
50.50505050505051,0.0,4.0847012419808335,16.48212402543435,1.391065046861874
51.51515151515152,0.0,6.8115405638139235,22.65500077439333,1.512626065943845
52.52525252525253,0.0,5.464952248786477,13.81430122475674,1.205481699189316
53.53535353535354,0.0,4.204198463858862,12.92413628678107,1.262709034833943
54.54545454545455,0.0,4.0981392563859105,16.15383867555192,1.472014200329633
55.55555555555556,0.0,6.931453298354003,10.22630750905879,0.6560560172844494
56.56565656565657,0.0,11.948210738749173,20.91608689455885,2.100945064661949
57.57575757575758,0.0,9.518125695074383,9.752755109954252,1.182124186829421
58.58585858585859,0.0,11.650850555252537,20.40038254503852,5.490738360326941
59.5959595959596,0.0,12.402507044167164,14.85567319109159,4.504758653064626
60.60606060606061,0.0,12.328659477717645,28.10242084392831,4.72278124960574
61.61616161616162,0.0,8.77290408475326,15.25590779741522,4.203573462671505
62.62626262626263,0.0,1.7457320324771495,17.1643851780641,4.001876128370332
63.63636363636364,0.0,5.8201347376792425,19.49186664858388,4.859144371581771
64.64646464646465,0.0,5.180912585966216,24.43972390984148,5.087045504913961
65.65656565656566,0.0,4.429246623436113,25.43295931324764,4.611927598539824
66.66666666666667,0.0,6.30820139792738,20.21120313841172,5.023305264343027
67.67676767676768,0.0,2.8759505641148997,18.22304052055438,1.649304501152497
68.68686868686869,0.0,2.564263575677201,13.33028930931036,2.230057304473066
69.6969696969697,0.0,2.874359377386613,15.27616720649969,2.138972762107646
70.70707070707071,0.0,1.9485453040360443,12.46149273189775,1.747033868035023
71.71717171717172,0.0,4.02487227229449,13.90725188773862,1.006958462422619
72.72727272727273,0.0,4.777747363509255,9.95394680073334,2.188200328765645
73.73737373737374,0.0,5.44228839764387,13.81312181442304,1.672611233682894
74.74747474747475,0.0,13.295612398726604,23.0510749618689,1.85530261270276
75.75757575757576,0.0,13.198786733524893,0.917677110017816,2.107149535917065
76.76767676767678,0.0,4.259583799053288,5.951722934249747,1.129049966351473
77.77777777777779,0.0,2.869521202395364,10.38626964194918,1.456189877755389
78.7878787878788,0.0,2.860028355930291,12.73129707122687,1.252489706579803
79.7979797979798,0.0,4.234820436031808,16.2208889745206,1.242335887050064
80.80808080808082,0.0,5.589505414311172,12.31328032973087,1.818288827193814
81.81818181818183,0.0,3.35682227015649,6.366551965201585,1.491382663847933
82.82828282828284,0.0,3.2017737577496077,9.862324276412153,1.154608892712691
83.83838383838385,0.0,1.6535387015608958,14.22749954916265,3.600281373888682
84.84848484848486,0.0,3.041684649519737,14.44708734000631,2.140061660231416
85.85858585858587,0.0,1.061469819343446,13.04437479403617,0.8890945728681163
86.86868686868688,0.0,2.7987807919150662,12.38134190098855,1.93703224189767
87.87878787878789,0.0,4.000723519733093,17.03772028484261,0.629431946456821
88.8888888888889,0.0,4.007416329588,13.24699698450002,0.0
89.89898989898991,0.0,9.49384569458733,18.87189245680538,5.246284381351487
90.90909090909092,0.0,13.681434795441035,34.39438664983794,4.294152456204791
91.91919191919193,0.0,9.520911352793544,25.77027472992028,3.379772124767385
92.92929292929294,0.0,9.684886032313772,32.86628817089729,3.801903918459618
93.93939393939395,0.0,9.105591375856216,19.72174184546689,3.475049285634644
94.94949494949496,0.0,5.527760645781732,30.96218791443527,4.581713466268726
95.95959595959597,0.0,2.715313875750496,28.98157539552955,4.28846480771074
96.96969696969697,0.0,3.995503119626296,30.70956587709576,4.065976566478325
97.97979797979798,0.0,6.235299206582017,29.8268605262525,4.468852730310894
98.98989898989899,0.0,7.200378807259909,17.92115756804481,1.589991602209848
100.0,0.0,4.969271710649199,12.00481730509629,1.84873943733408
0.0,1.01010101010101,8.148706176988702,24.82847807368733,5.382403419393311
1.01010101010101,1.01010101010101,5.375411851939545,20.5509345505407,5.127517733070296
2.02020202020202,1.01010101010101,7.144124772666558,17.42520088563842,5.284743932551148
3.03030303030303,1.01010101010101,3.869211631187465,22.34933602402997,4.441884938053382
4.040404040404041,1.01010101010101,6.465227562675731,21.85419331518457,4.26613106445914
5.050505050505051,1.01010101010101,12.599093536722735,8.583886667259232,1.497699385494881
6.060606060606061,1.01010101010101,4.712759113202252,13.44265037815875,1.466651021362102
7.070707070707071,1.01010101010101,2.9461563119547556,15.41449316434158,2.187669280373537
8.080808080808081,1.01010101010101,10.288752713966346,20.63199560552941,2.078253172666281
9.090909090909092,1.01010101010101,5.172095686261553,12.36864586969036,1.642514622042396
10.1010101010101,1.01010101010101,3.1144508725830975,10.54979826522315,0.5717182823026591
11.11111111111111,1.01010101010101,8.056604958041104,6.362073296651412,1.760024758599967
12.12121212121212,1.01010101010101,6.3221559730182,19.47110384365494,0.8133337444971076
13.13131313131313,1.01010101010101,3.260217053240775,13.69202076896741,1.699527262615257
14.14141414141414,1.01010101010101,3.4306100179409458,15.18708160689949,1.858937644367281
15.15151515151515,1.01010101010101,3.0529243848057197,11.41663364048317,1.378978577475162
16.16161616161616,1.01010101010101,4.049226179433907,14.91199318832195,1.598000112979696
17.17171717171717,1.01010101010101,10.12968730161486,21.89097797611516,1.419034327650742
18.18181818181818,1.01010101010101,12.397962988434374,5.720333123450656,2.051046787372381
19.19191919191919,1.01010101010101,5.118224134827343,14.59285557229598,1.873470810558096
20.2020202020202,1.01010101010101,3.6287532856495255,16.934995918587,0.9633843243943697
21.21212121212121,1.01010101010101,5.1143660272185985,23.22510520195753,1.337097349318009
22.22222222222222,1.01010101010101,4.3118203780498945,19.92867795341598,1.155580869947807
23.23232323232324,1.01010101010101,2.976947599387883,17.49125309122514,1.476184043101453
24.24242424242424,1.01010101010101,1.6091747682619477,16.16266701442195,1.601092356307837
25.25252525252525,1.01010101010101,2.8150140722628754,17.8632526534591,1.821969483914065
26.26262626262626,1.01010101010101,5.969482413278656,22.37593629003145,1.300742687281203
27.27272727272727,1.01010101010101,6.99953614953929,18.0398660507776,3.728018627865691
28.28282828282828,1.01010101010101,8.967221010058083,29.06803338033031,4.118973624259885
29.29292929292929,1.01010101010101,5.755109893231676,20.4443862466184,4.178460167364625
30.3030303030303,1.01010101010101,4.596094917254961,17.71338616408182,4.932143084260398
31.31313131313131,1.01010101010101,7.266639808625702,22.27269135436167,3.327037619190579
32.32323232323233,1.01010101010101,3.1989924363075257,20.78800049542391,4.572055577628821
33.33333333333334,1.01010101010101,6.285347239239629,12.34778704970227,4.649174509702502
34.34343434343435,1.01010101010101,5.934763655512612,21.22851508547049,4.818293495684562
35.35353535353536,1.01010101010101,10.682132374845628,32.86305718006226,4.29450837281219
36.36363636363637,1.01010101010101,10.758290950950096,14.54916856087,0.5992597953640564
37.37373737373738,1.01010101010101,2.3251074434071124,14.56905934395649,1.397609656939257
38.38383838383839,1.01010101010101,1.9718665943363103,14.17169486841693,2.035321321730349
39.3939393939394,1.01010101010101,4.096705758251222,16.66171915801609,2.238740656498204
40.40404040404041,1.01010101010101,1.6392718360267855,17.26226261446307,1.161964484684538
41.41414141414142,1.01010101010101,3.1288664419562533,20.57471499775921,1.97416076046662
42.42424242424243,1.01010101010101,5.618211605380344,14.22927014424208,1.582930462843374
43.43434343434344,1.01010101010101,7.49919784837984,18.59037815493995,0.7844682891204744
44.44444444444445,1.01010101010101,4.609136169261772,15.14286036530042,1.239217007254161
45.45454545454546,1.01010101010101,6.783042915728791,21.99192435536904,1.255896653934954
46.46464646464647,1.01010101010101,5.446609627893074,23.12045148087059,0.8732653201971954
47.47474747474748,1.01010101010101,3.0211124579111717,16.28244823799659,1.993759946131308
48.48484848484848,1.01010101010101,3.3093404648658953,12.39189612719938,2.307764299626149
49.49494949494949,1.01010101010101,5.09915357872674,19.17599778222672,2.349046918174791
50.50505050505051,1.01010101010101,6.070443989754715,14.36884409524034,1.302278294244579
51.51515151515152,1.01010101010101,9.418839885094634,28.07604616723953,2.16538338652731
52.52525252525253,1.01010101010101,4.266937012250594,20.47829348350391,2.139336084235888
53.53535353535354,1.01010101010101,4.67714948277524,21.41686435161114,2.177357224021023
54.54545454545455,1.01010101010101,3.0162218148324142,19.29102288944567,1.008539769273261
55.55555555555556,1.01010101010101,4.8819774782989,14.40335685212761,1.518299052374588
56.56565656565657,1.01010101010101,8.61879739462008,6.924565848415988,1.68739344837638
57.57575757575758,1.01010101010101,10.39368021918914,16.49617297548854,1.766203040096472
58.58585858585859,1.01010101010101,21.497757830388817,1.640167668312109,4.210831039414045
59.5959595959596,1.01010101010101,22.41027741201899,33.27173731680943,4.248640664523413
60.60606060606061,1.01010101010101,10.599086930296009,17.20970311012519,4.990877686677695
61.61616161616162,1.01010101010101,15.602714364560862,3.692185970317416,4.496245420771726
62.62626262626263,1.01010101010101,10.2054740729701,18.16562242432689,4.323130279516991
63.63636363636364,1.01010101010101,9.996081503250867,29.67693212984423,4.480401508129773
64.64646464646465,1.01010101010101,10.001907879398972,14.83807881660659,4.858133151245039
65.65656565656566,1.01010101010101,7.00171374493447,18.36021102118138,4.928153530154821
66.66666666666667,1.01010101010101,11.470674631644002,31.9258885395006,4.289661906229495
67.67676767676768,1.01010101010101,6.4449442757351525,19.96997838379772,1.037950883439923
68.68686868686869,1.01010101010101,5.3215001539361575,14.18445092790861,1.47057006423415
69.6969696969697,1.01010101010101,3.7949573765418405,11.41364144613112,1.329861767286804
70.70707070707071,1.01010101010101,4.629968943736605,14.04669501356307,0.7530171021701372
71.71717171717172,1.01010101010101,9.475466762210932,20.58280446177594,1.14848005547776
72.72727272727273,1.01010101010101,11.154166968061219,3.433184810900556,1.035561823015699
73.73737373737374,1.01010101010101,5.4271167697895155,10.58338478262699,1.709490275183255
74.74747474747475,1.01010101010101,5.03517743577062,14.53558876498603,2.090523817087148
75.75757575757576,1.01010101010101,7.329832694744285,13.34659363450948,1.978361774765258
76.76767676767678,1.01010101010101,4.650290745274715,9.261881799478244,1.301101054386272
77.77777777777779,1.01010101010101,2.4686127047723736,8.55728017174021,1.472768651769321
78.7878787878788,1.01010101010101,4.092651464844911,15.47676280644632,1.95707054960294
79.7979797979798,1.01010101010101,5.298067062551999,10.91362821450864,1.714190946823271
80.80808080808082,1.01010101010101,7.001002060129723,19.22745956334537,1.687583337950298
81.81818181818183,1.01010101010101,6.29508218001982,6.9945180999312,0.9035673773611789
82.82828282828284,1.01010101010101,2.9561521954418954,8.117950587124396,1.187593248097417
83.83838383838385,1.01010101010101,5.314581868736727,14.60335259025118,1.009091498667174
84.84848484848486,1.01010101010101,6.821914993582061,21.94984095175172,2.224540351910944
85.85858585858587,1.01010101010101,4.551733471940454,11.92571077502359,1.884989295929661
86.86868686868688,1.01010101010101,3.118481326642752,15.45827299983207,0.9277486110345634
87.87878787878789,1.01010101010101,5.212930234108988,20.59278915984524,1.636187601933718
88.8888888888889,1.01010101010101,4.584617189135187,15.85362720061607,2.764496877321172
89.89898989898991,1.01010101010101,7.3820274492188505,26.20603987522945,5.678548267460078
90.90909090909092,1.01010101010101,8.48023960497391,17.49668837646506,4.809286954277376
91.91919191919193,1.01010101010101,10.226153580341009,12.92766603243432,3.78871865088387
92.92929292929294,1.01010101010101,7.161545918307513,24.05218984036339,4.423833166503901
93.93939393939395,1.01010101010101,6.84836714841487,16.78996011229702,4.491793798788303
94.94949494949496,1.01010101010101,5.859053975852426,27.59996456496417,4.924466885075835
95.95959595959597,1.01010101010101,4.25389053782544,24.54423676874999,2.891365168706569
96.96969696969697,1.01010101010101,4.029542547654626,21.33375235062634,5.25306057921758
97.97979797979798,1.01010101010101,6.197629423993094,23.9093712155574,3.774784528736423
98.98989898989899,1.01010101010101,8.88795735903588,14.14206436742129,4.768523848484227
100.0,1.01010101010101,4.841294480131698,16.02702046344617,1.131893773239843
0.0,2.02020202020202,6.2274122261478295,34.31259708716598,5.332642186864522
1.01010101010101,2.02020202020202,12.579015526944183,32.69217853144576,4.635538584881489
2.02020202020202,2.02020202020202,15.153738215840052,9.040061319724606,4.09128693340884
3.03030303030303,2.02020202020202,8.296826289323858,25.01687038355038,4.14394712096649
4.040404040404041,2.02020202020202,8.772539238261842,15.19702437634908,5.43478771215942
5.050505050505051,2.02020202020202,11.8709517222206,24.49654956672837,4.123984774312786
6.060606060606061,2.02020202020202,8.883709167807051,7.345528941074648,1.737246556341032
7.070707070707071,2.02020202020202,6.2208916795011415,17.54863582042542,1.315031124346479
8.080808080808081,2.02020202020202,8.317294551058543,7.40236435594246,1.106452182455875
9.090909090909092,2.02020202020202,2.989075068607223,14.61904867762545,1.677366218426445
10.1010101010101,2.02020202020202,3.807606404012486,16.45791729240837,1.41796927798272
11.11111111111111,2.02020202020202,4.300209340593295,13.15681684144885,2.180876164864082
12.12121212121212,2.02020202020202,2.199925132740708,18.65508872983643,1.349567394487094
13.13131313131313,2.02020202020202,4.527655449681357,17.57712493414405,1.962378641868057
14.14141414141414,2.02020202020202,4.066167447151736,9.116435353817776,2.075461872739348
15.15151515151515,2.02020202020202,2.5709655968382923,9.328357532797632,1.640403062016454
16.16161616161616,2.02020202020202,3.32982764030772,15.48974428600011,2.251329842623127
17.17171717171717,2.02020202020202,3.678977170546956,14.29455201608492,1.486811932233611
18.18181818181818,2.02020202020202,5.64297290538145,17.71314208469436,2.274950595849866
19.19191919191919,2.02020202020202,5.63639769852813,13.37519192447368,1.121343608465007
20.2020202020202,2.02020202020202,5.433498610352114,20.86306316788466,1.044096260214312
21.21212121212121,2.02020202020202,6.4638606601935695,18.60579031017735,1.649100948297327
22.22222222222222,2.02020202020202,4.145946984650157,20.83121463682016,2.100706722806416
23.23232323232324,2.02020202020202,5.632661697469604,11.30479483005954,1.653218302761476
24.24242424242424,2.02020202020202,2.496638294277891,14.51387213607239,1.383085416300157
25.25252525252525,2.02020202020202,1.9097262254389147,14.16823759006612,2.032300901875469
26.26262626262626,2.02020202020202,6.942738033887657,15.5761469630352,1.871322886646318
27.27272727272727,2.02020202020202,13.343287502710666,10.02465083175032,4.894426120881151
28.28282828282828,2.02020202020202,12.886371319904976,34.18084815546353,5.024560551804054
29.29292929292929,2.02020202020202,7.197380538768494,15.46320061962396,3.519650374940298
30.3030303030303,2.02020202020202,5.813289826112555,13.97001989713766,3.24640748760662
31.31313131313131,2.02020202020202,10.98076868392801,8.276202206475363,3.336739700831994
32.32323232323233,2.02020202020202,7.645709979012285,22.25935888058331,5.501833198827797
33.33333333333334,2.02020202020202,5.254933811019702,15.70882740046371,4.593974534711835
34.34343434343435,2.02020202020202,2.042346814211492,21.60284029029877,4.676724567996082
35.35353535353536,2.02020202020202,8.609979908197097,21.48190304813047,4.756282139624413
36.36363636363637,2.02020202020202,7.981627260314028,28.80814339345658,5.230357651427114
37.37373737373738,2.02020202020202,8.553664311255613,20.25515617866985,2.45834823699391
38.38383838383839,2.02020202020202,4.317510670265298,18.50306972862031,1.103256721147606
39.3939393939394,2.02020202020202,7.214370508003177,10.59592537287132,2.448441255641201
40.40404040404041,2.02020202020202,6.02264310212775,19.80869252538643,1.770983378406766
41.41414141414142,2.02020202020202,2.4412826809360917,23.29451219219496,1.046699598749558
42.42424242424243,2.02020202020202,6.166879108121787,20.59583304091453,1.574051054867415
43.43434343434344,2.02020202020202,8.408475784007372,8.789813746516648,1.291476766075843
44.44444444444445,2.02020202020202,4.574813354919938,11.38327261447437,1.169380356845677
45.45454545454546,2.02020202020202,4.100811690209561,10.23527923534839,1.112390018420084
46.46464646464647,2.02020202020202,5.756928702433951,11.54852407970169,1.134354591965586
47.47474747474748,2.02020202020202,3.558839960696947,17.24109149768189,0.748021438902346
48.48484848484848,2.02020202020202,3.748067526720645,11.87737633348281,1.809770516903439
49.49494949494949,2.02020202020202,3.894104556427654,11.64471209933062,0.5855296415144053
50.50505050505051,2.02020202020202,3.9916649662731967,18.02298436507962,1.683432089967128
51.51515151515152,2.02020202020202,4.899300540030985,17.126686775442,1.319388546728301
52.52525252525253,2.02020202020202,5.26062104889281,22.34572572191627,1.599346217457691
53.53535353535354,2.02020202020202,7.095392569710977,14.26540681561294,1.283871099786907
54.54545454545455,2.02020202020202,3.958769209879699,21.20521843539805,1.313883860097277
55.55555555555556,2.02020202020202,6.139179587589834,17.38776038122471,1.689240681619109
56.56565656565657,2.02020202020202,5.245800180497404,10.35783624996927,2.021219849207945
57.57575757575758,2.02020202020202,12.431717018359722,6.092482398515255,1.144007759492186
58.58585858585859,2.02020202020202,13.60300484782952,22.38340915746722,2.98953212586631
59.5959595959596,2.02020202020202,16.500402929165382,9.740295649632868,5.009065441255734
60.60606060606061,2.02020202020202,7.442008909692046,19.13378175101409,4.031786790482752
61.61616161616162,2.02020202020202,17.66190805446321,26.54836800764581,3.225914550781312
62.62626262626263,2.02020202020202,19.613018420455205,4.329709538236095,5.356827141913057
63.63636363636364,2.02020202020202,6.881987813312326,26.22783461685609,5.661498760374728
64.64646464646465,2.02020202020202,7.738648715005004,26.88307972315516,4.083625211569254
65.65656565656566,2.02020202020202,9.629316161217583,14.51391405640377,6.389523800484397
66.66666666666667,2.02020202020202,6.929586201899813,23.27946308803558,3.081382406964913
67.67676767676768,2.02020202020202,9.359111666401532,26.261380011903,4.038241841222523
68.68686868686869,2.02020202020202,14.963185347437584,2.308948868428832,2.158745725019821
69.6969696969697,2.02020202020202,9.403195989203855,17.32708214272047,0.4548309230136118
70.70707070707071,2.02020202020202,5.32762106795796,21.81220549119935,2.188508616004684
71.71717171717172,2.02020202020202,8.395419023244372,13.04221908605778,1.488380268544935
72.72727272727273,2.02020202020202,5.88810360929207,17.22927107071083,1.575208409075302
73.73737373737374,2.02020202020202,6.3419792682815705,17.95971087590353,0.6809607525589079
74.74747474747475,2.02020202020202,8.942435808757917,8.051564331622012,2.291051299236532
75.75757575757576,2.02020202020202,12.373347833148769,24.96330092348717,0.7759041535076774
76.76767676767678,2.02020202020202,8.62526476781126,19.76357245257934,2.073424457375026
77.77777777777779,2.02020202020202,5.6338218869770476,8.97865725817659,1.903413604304413
78.7878787878788,2.02020202020202,6.389200738849081,17.61928570396272,1.142682876174688
79.7979797979798,2.02020202020202,4.025756898492823,13.92166976393026,1.882745650989958
80.80808080808082,2.02020202020202,2.0286687889702564,18.68440336869188,2.302837808764515
81.81818181818183,2.02020202020202,5.148338685905562,18.1905067346735,2.091141357397869
82.82828282828284,2.02020202020202,3.824297294769658,10.58935118928424,2.134699327970055
83.83838383838385,2.02020202020202,7.405679966223183,7.552768521020124,1.03429886388458
84.84848484848486,2.02020202020202,8.684409137968508,19.53555312739756,0.2819477756805246
85.85858585858587,2.02020202020202,6.6057857057012175,8.394133307810963,0.4614179757714387
86.86868686868688,2.02020202020202,3.619495061026104,16.18818882273791,1.26838769476405
87.87878787878789,2.02020202020202,4.24626378642404,13.16981521765425,2.22799198394066
88.8888888888889,2.02020202020202,4.045842477361366,15.21336329403392,0.9796382448308248
89.89898989898991,2.02020202020202,5.747111313792354,23.07384167015589,4.973500103149422
90.90909090909092,2.02020202020202,2.8145388907484,21.24157468019269,5.138133599540612
91.91919191919193,2.02020202020202,4.5866243160214255,25.29612550435258,3.976573275991242
92.92929292929294,2.02020202020202,2.387437325073355,25.4975216470641,4.826279440806888
93.93939393939395,2.02020202020202,2.675723673786358,23.17941279205311,4.444419836889136
94.94949494949496,2.02020202020202,3.5888374436974715,21.3917042599069,5.074296092311429
95.95959595959597,2.02020202020202,3.5447853659379724,18.23222545856562,3.490585706987569
96.96969696969697,2.02020202020202,3.594259651093031,22.29000573172072,4.430672134211843
97.97979797979798,2.02020202020202,8.369115270412081,30.43947388776751,4.103087509497035
98.98989898989899,2.02020202020202,13.113408865163649,34.2625376587803,4.189027137377285
100.0,2.02020202020202,14.79453378610924,7.410296277425836,1.196049717271327
0.0,3.03030303030303,6.895597760605098,26.73489797792137,4.112005920669308
1.01010101010101,3.03030303030303,9.804290914567996,19.78989617201547,3.928393483943364
2.02020202020202,3.03030303030303,6.550280006305519,21.64094834162407,3.595304132446454
3.03030303030303,3.03030303030303,6.081141972689574,29.73998611029833,4.278908639168947
4.040404040404041,3.03030303030303,5.339655880593287,24.51064119298037,3.915061204636051
5.050505050505051,3.03030303030303,5.685059747772864,19.37595139334812,4.818808127268976
6.060606060606061,3.03030303030303,7.3703188294224855,9.42911667021426,0.3960039575762443
7.070707070707071,3.03030303030303,4.527326965909076,15.14859010233843,1.822141673802336
8.080808080808081,3.03030303030303,3.685571965926825,10.07895552442373,1.26552638159332
9.090909090909092,3.03030303030303,2.9923351380672,15.26939320765334,1.734015289267109
10.1010101010101,3.03030303030303,6.5040529289831515,20.64025481553065,2.032903564475705
11.11111111111111,3.03030303030303,5.508360717719232,11.55009536322021,1.558998166174346
12.12121212121212,3.03030303030303,5.461104640713318,20.06253846290079,1.721335108589257
13.13131313131313,3.03030303030303,6.925815625115001,12.89026067661391,2.025414135950852
14.14141414141414,3.03030303030303,3.4887983708729267,10.63784713003688,0.8441269474690479
15.15151515151515,3.03030303030303,4.92053221672591,7.506080185312336,2.014695678474132
16.16161616161616,3.03030303030303,3.8982260698405833,10.10476384556506,0.4930169521134534
17.17171717171717,3.03030303030303,4.545349889466548,16.80025239971787,1.860209681937995
18.18181818181818,3.03030303030303,3.4757774738391003,14.89059965324239,1.935251522834104
19.19191919191919,3.03030303030303,7.038390548653284,22.87729766713224,2.203195619753664
20.2020202020202,3.03030303030303,7.989163985733506,12.80228007689216,1.331265845705383
21.21212121212121,3.03030303030303,11.57646805230467,1.852359745533369,1.604335096551196
22.22222222222222,3.03030303030303,5.530443893002344,16.90180751502714,1.517449092919026
23.23232323232324,3.03030303030303,3.9799497247562985,14.91348624599889,1.606827381831154
24.24242424242424,3.03030303030303,5.736434336936744,9.730825689329505,1.194190206524855
25.25252525252525,3.03030303030303,6.542319179233349,11.97789167067879,1.59903056978515
26.26262626262626,3.03030303030303,19.649428470920594,1.564389658734777,3.406721965351958
27.27272727272727,3.03030303030303,11.571095038564888,25.67489216856762,3.847505957619462
28.28282828282828,3.03030303030303,7.466624015773716,30.62202251052962,4.2205514991829
29.29292929292929,3.03030303030303,9.158999941213741,19.06070888937763,3.510570915113179
30.3030303030303,3.03030303030303,8.146995622385278,26.29281452149512,5.297077584289016
31.31313131313131,3.03030303030303,7.956593746789552,18.52581342953085,5.071672713841477
32.32323232323233,3.03030303030303,11.21647853834117,30.8371522572455,5.078410529085487
33.33333333333334,3.03030303030303,4.894936572341372,20.92297792382642,3.206028981737431
34.34343434343435,3.03030303030303,6.604256323206139,23.3829522103131,4.586269671497998
35.35353535353536,3.03030303030303,9.906948845477373,37.09349096149266,4.330951386472569
36.36363636363637,3.03030303030303,10.645479865495805,30.59645004201327,4.200034123990846
37.37373737373738,3.03030303030303,15.92882843890224,2.031669433197031,1.625580477314863
38.38383838383839,3.03030303030303,5.16990987872589,15.22363271356103,1.537599348349603
39.3939393939394,3.03030303030303,5.064160176259199,16.26770211147516,2.450295863438432
40.40404040404041,3.03030303030303,8.413127579350558,10.96313684712243,2.185412096559028
41.41414141414142,3.03030303030303,7.192183805026351,22.43367748097531,1.274781768806576
42.42424242424243,3.03030303030303,3.5169768402092645,16.79957795077815,0.2795769430300679
43.43434343434344,3.03030303030303,4.901919144456012,18.22367431176723,1.202929143738583
44.44444444444445,3.03030303030303,7.329636238215533,22.18148603624437,1.950314191258738
45.45454545454546,3.03030303030303,7.731582778458486,8.049915818010078,1.703363818765898
46.46464646464647,3.03030303030303,4.288730275423967,7.098548933468281,2.081062801426676
47.47474747474748,3.03030303030303,4.716065994796475,15.02065749675868,1.513232916956687
48.48484848484848,3.03030303030303,6.381501181498559,20.75874724829755,0.9425928523297888
49.49494949494949,3.03030303030303,4.038949647826355,13.07890814224395,1.517093552820589
50.50505050505051,3.03030303030303,4.56163062790227,12.98503462521273,0.8849279536897257
51.51515151515152,3.03030303030303,3.386655930921681,14.59418054322748,2.156089953914337
52.52525252525253,3.03030303030303,4.612922594625783,16.47003161753499,2.119806088655809
53.53535353535354,3.03030303030303,5.4215228267695625,20.47538903237021,1.626270664094716
54.54545454545455,3.03030303030303,4.724377396431968,18.04160681579008,1.082559269178563
55.55555555555556,3.03030303030303,9.35589549091862,6.662827745391247,2.103545035344357
56.56565656565657,3.03030303030303,7.567266522401953,16.61248858769615,1.302935493683012
57.57575757575758,3.03030303030303,9.246974249088087,24.85937928457487,4.816841482629754
58.58585858585859,3.03030303030303,7.17937595839855,17.64867152209056,4.52138247098584
59.5959595959596,3.03030303030303,8.350369424512596,30.17386608990226,4.768387284561272
60.60606060606061,3.03030303030303,10.505776111159431,30.16966639088043,4.359213380406219
61.61616161616162,3.03030303030303,17.488932609935283,8.39016255316279,5.179065989297587
62.62626262626263,3.03030303030303,10.10866202969504,24.8290867859364,4.923005638677723
63.63636363636364,3.03030303030303,2.6265132950481673,24.70235106151399,5.299572832999454
64.64646464646465,3.03030303030303,4.3920216344334815,20.99789654273417,4.061287797387926
65.65656565656566,3.03030303030303,10.794401045808305,28.05016703811329,5.310465863398825
66.66666666666667,3.03030303030303,9.349359431024354,15.95500968740058,4.840381557935237
67.67676767676768,3.03030303030303,6.490587922143415,22.05068304174374,4.123797684253633
68.68686868686869,3.03030303030303,11.009067016812308,11.31562378093358,1.207620339716154
69.6969696969697,3.03030303030303,9.803107563455207,5.130995505264922,1.957522889048415
70.70707070707071,3.03030303030303,5.750393034769912,21.52234145062424,0.7456615944172914
71.71717171717172,3.03030303030303,11.939422482140753,26.12627141352249,1.729356400021647
72.72727272727273,3.03030303030303,7.580637158016518,12.39043468319857,0.1344056373159084
73.73737373737374,3.03030303030303,3.104328846174107,10.606706245528,1.267832003574822
74.74747474747475,3.03030303030303,1.0079966585177393,10.51739999714299,1.176722496331472
75.75757575757576,3.03030303030303,6.285018935732033,9.19808194264278,1.400111362455619
76.76767676767678,3.03030303030303,2.7452825505046023,11.74884769974598,1.289515783937494
77.77777777777779,3.03030303030303,4.072077739539391,11.66702407945952,1.588597645530632
78.7878787878788,3.03030303030303,8.19557540776007,6.543250031901387,1.517921853774577
79.7979797979798,3.03030303030303,5.065487038503775,18.55630626368585,2.019642387071748
80.80808080808082,3.03030303030303,2.7506327534041395,16.36941464624434,1.509104771624593
81.81818181818183,3.03030303030303,1.7629952625903376,16.88819280520119,1.343989687697966
82.82828282828284,3.03030303030303,5.077097135048692,12.77740155254965,0.8424418222251984
83.83838383838385,3.03030303030303,11.175493070192458,0.0,0.8857603416317904
84.84848484848486,3.03030303030303,5.729228315228323,10.33640882584172,1.400173328940868
85.85858585858587,3.03030303030303,3.9498489424313137,12.35022332888966,1.571464319495347
86.86868686868688,3.03030303030303,3.907110185011663,19.12382412392588,1.358043609097534
87.87878787878789,3.03030303030303,4.738644789379715,17.66997473969609,0.8244340024896689
88.8888888888889,3.03030303030303,5.609204087111298,9.574283743672247,4.736806395623719
89.89898989898991,3.03030303030303,5.991278859042511,12.9103399861452,5.378308940761864
90.90909090909092,3.03030303030303,7.97631734327601,19.61512323504981,4.23097462770104
91.91919191919193,3.03030303030303,4.537749117277158,23.57403467905655,5.091174244407248
92.92929292929294,3.03030303030303,9.54990872651386,31.0824341429343,4.603767764650039
93.93939393939395,3.03030303030303,4.515727457282193,22.97178816382097,5.733964428965512
94.94949494949496,3.03030303030303,6.338591574109496,24.59160639615202,3.778028884944408
95.95959595959597,3.03030303030303,3.434484155165996,18.88209653763676,3.67517150069882
96.96969696969697,3.03030303030303,4.010381972644682,21.07646893764486,4.514691602754167
97.97979797979798,3.03030303030303,10.95231855070687,15.46564740538888,3.976132961409655
98.98989898989899,3.03030303030303,9.049686836653695,32.60468064185198,4.192193838086455
100.0,3.03030303030303,9.02545292091005,16.32493206837875,1.625173744250466
0.0,4.040404040404041,9.244918818179107,20.57080561125659,3.997332283992567
1.01010101010101,4.040404040404041,13.753821658197271,37.30872349534267,5.725882592872205
2.02020202020202,4.040404040404041,6.579838646566545,25.29109140666382,4.234328016789112
3.03030303030303,4.040404040404041,5.28039010477497,23.4669166322802,4.898571052598824
4.040404040404041,4.040404040404041,3.7775749654794053,26.19161318177202,3.490441853739308
5.050505050505051,4.040404040404041,2.5666271455491394,21.91406768829322,5.164231393964123
6.060606060606061,4.040404040404041,7.682920542102415,21.16049610350656,4.890239975489797
7.070707070707071,4.040404040404041,12.677436741528412,10.22843596682799,1.307062381864759
8.080808080808081,4.040404040404041,2.790803160117058,11.88457995850545,1.152143926724413
9.090909090909092,4.040404040404041,4.782224765137768,14.51169647651935,1.77436408251031
10.1010101010101,4.040404040404041,2.8606226320735137,13.26740168290807,2.028235418732304
11.11111111111111,4.040404040404041,1.7262763844639855,14.37421420387748,1.668433984863402
12.12121212121212,4.040404040404041,4.4098853386662356,15.31029051907934,1.514552947552026
13.13131313131313,4.040404040404041,11.914872820079536,26.48196758667986,1.465313557647615
14.14141414141414,4.040404040404041,4.841884453512765,17.68744834600791,1.853224137827507
15.15151515151515,4.040404040404041,6.313631056131989,19.63548109975341,1.654793127311352
16.16161616161616,4.040404040404041,5.649736642264081,9.19101222104331,0.5947844084872979
17.17171717171717,4.040404040404041,5.955193614531964,9.729694526112917,1.222116351757231
18.18181818181818,4.040404040404041,3.678798474610766,16.07481635678149,1.884065946575568
19.19191919191919,4.040404040404041,3.9076440013328795,22.28755681930759,1.701021257227969
20.2020202020202,4.040404040404041,5.958976557723707,15.67321500723481,1.630868825873521
21.21212121212121,4.040404040404041,9.896208101006884,5.405433289255505,1.98249466591704
22.22222222222222,4.040404040404041,5.32541725868967,15.74720810333281,1.697621061430983
23.23232323232324,4.040404040404041,6.654651831317022,9.77336058861068,1.033787888268819
24.24242424242424,4.040404040404041,7.145672475573731,20.46379005231493,1.112190496922574
25.25252525252525,4.040404040404041,6.846349792299471,23.29625447493156,3.323683284806368
26.26262626262626,4.040404040404041,13.859407438265652,31.62634171633986,4.473599366569459
27.27272727272727,4.040404040404041,4.235651621850177,27.25139813421503,3.273768182979703
28.28282828282828,4.040404040404041,7.983175485072618,20.82279605548266,5.342493698698985
29.29292929292929,4.040404040404041,13.612996115608112,33.30578113120944,3.875738895634615
30.3030303030303,4.040404040404041,4.748912170660843,21.02673338039323,4.742933199063815
31.31313131313131,4.040404040404041,2.4400791911414457,20.02423727395465,4.752113408878552
32.32323232323233,4.040404040404041,9.100049378108,16.77454464167674,4.426524438788852
33.33333333333334,4.040404040404041,4.918413284527125,22.91442506992344,4.284376089846488
34.34343434343435,4.040404040404041,6.845814480407602,31.84935254545708,4.715490341678065
35.35353535353536,4.040404040404041,5.699130110800941,33.28486316360432,4.972962623020822
36.36363636363637,4.040404040404041,11.410164301726011,24.86465875688237,4.66818336730995
37.37373737373738,4.040404040404041,14.140804350912731,5.766752554152937,3.589790678094813
38.38383838383839,4.040404040404041,6.775363823899909,18.38780253512718,1.821863454303488
39.3939393939394,4.040404040404041,10.68981513329211,8.031472807309067,1.730586294640053
40.40404040404041,4.040404040404041,7.8213618061114225,18.99498558805505,1.695736395810431
41.41414141414142,4.040404040404041,5.738817533990888,11.63041713613959,1.848339839152085
42.42424242424243,4.040404040404041,2.693040244417966,13.58612157126371,1.672777770852226
43.43434343434344,4.040404040404041,6.650776922764245,13.43176638465998,1.603347756920878
44.44444444444445,4.040404040404041,6.7875701319277635,22.61243562462507,1.898457638037638
45.45454545454546,4.040404040404041,9.22988959186329,21.70794641172962,1.949432716216939
46.46464646464647,4.040404040404041,5.044845079208704,10.93001944109855,0.4201350228443371
47.47474747474748,4.040404040404041,2.4104028050236384,12.03702583332526,1.889632981732365
48.48484848484848,4.040404040404041,3.6738598173172674,17.53204229471052,1.696906349033481
49.49494949494949,4.040404040404041,6.162912525060492,20.02679806755122,1.95970090196323
50.50505050505051,4.040404040404041,11.720466308612774,24.49058796190895,2.086640813017228
51.51515151515152,4.040404040404041,10.820179074586475,7.065060044077535,1.742475655029558
52.52525252525253,4.040404040404041,3.397249942162454,9.77524383255587,0.5242548628194615
53.53535353535354,4.040404040404041,3.9576913415903676,11.43841957346458,1.624351792257425
54.54545454545455,4.040404040404041,4.812239795800856,16.12027013664914,1.599276582776352
55.55555555555556,4.040404040404041,5.355350174204968,12.03303716052853,0.7678132635404765
56.56565656565657,4.040404040404041,5.828552740512265,22.43035080039346,3.40869826253167
57.57575757575758,4.040404040404041,8.580937190221954,27.62278093550457,4.70729511863502
58.58585858585859,4.040404040404041,9.065092960467911,13.40180765416903,4.713782334338467
59.5959595959596,4.040404040404041,6.716637746096364,29.73535309895479,4.804704026356898
60.60606060606061,4.040404040404041,6.363523545037954,20.96615012284851,4.288738749141511
61.61616161616162,4.040404040404041,3.8100881352416294,21.96925946792966,4.479442357414654
62.62626262626263,4.040404040404041,4.256237951970703,21.45947587205256,4.079906667225353
63.63636363636364,4.040404040404041,3.514050003590091,19.55297167986565,5.600805451272669
64.64646464646465,4.040404040404041,3.431406156147598,20.07171819958017,4.739083296713109
65.65656565656566,4.040404040404041,7.518964998255079,17.55624368268142,4.111384287484086
66.66666666666667,4.040404040404041,6.780673733484356,27.83716330580712,4.105055230319737
67.67676767676768,4.040404040404041,5.122832824380299,26.97160514500482,5.317138418592068
68.68686868686869,4.040404040404041,11.000239008196846,29.42552939919924,4.093278637945564
69.6969696969697,4.040404040404041,12.340770651813024,9.571364900602227,1.745273010297286
70.70707070707071,4.040404040404041,8.722926728196196,23.23877364087121,1.536847914287395
71.71717171717172,4.040404040404041,11.144029972062047,9.792400505646352,1.512636543738302
72.72727272727273,4.040404040404041,8.417836921675049,22.3545817597579,1.677790651726536
73.73737373737374,4.040404040404041,4.28994093784685,13.79798231379332,1.794235736970258
74.74747474747475,4.040404040404041,2.4101269574966855,10.67492666280775,1.879507168033231
75.75757575757576,4.040404040404041,4.46333606689537,14.70285489312311,1.327000057626028
76.76767676767678,4.040404040404041,4.04751216586589,12.08266377154137,1.597570760185899
77.77777777777779,4.040404040404041,7.488531198856182,20.06137054848956,1.31939944349228
78.7878787878788,4.040404040404041,5.371872625586644,11.11268571153774,2.141745472121454
79.7979797979798,4.040404040404041,3.956034335908157,17.12894245865232,1.647908343670146
80.80808080808082,4.040404040404041,5.369084048447569,10.38754213147368,0.7928248605439082
81.81818181818183,4.040404040404041,3.4262882258812195,15.76809509592054,1.808335081900539
82.82828282828284,4.040404040404041,3.582708230785157,11.54525618082148,0.6587141138408703
83.83838383838385,4.040404040404041,5.997009270881707,14.03539338135834,1.944775225640656
84.84848484848486,4.040404040404041,5.415183968691304,8.968863195373926,1.304721488260824
85.85858585858587,4.040404040404041,4.075751737579999,15.40611377945206,1.711006082563106
86.86868686868688,4.040404040404041,3.5007861981856494,14.6584688643332,1.027216168779382
87.87878787878789,4.040404040404041,5.138562292550779,22.57485399491948,4.586620451235399
88.8888888888889,4.040404040404041,5.212737664510889,14.94027330325897,4.716285542559727
89.89898989898991,4.040404040404041,6.824217714030403,16.67111424692699,5.382209010516585
90.90909090909092,4.040404040404041,21.708538689500774,0.0,4.732945641592456
91.91919191919193,4.040404040404041,7.813772557472455,18.61243994312844,2.255192702089481
92.92929292929294,4.040404040404041,6.977275151748718,14.08675717574014,3.902091053773221
93.93939393939395,4.040404040404041,4.498840883397396,14.84696717436872,4.3359491065167
94.94949494949496,4.040404040404041,13.168529554979216,9.766470326805468,4.546825509498584
95.95959595959597,4.040404040404041,8.038888446444108,24.06627982070624,4.364199417519394
96.96969696969697,4.040404040404041,7.619474966502572,28.09926610188365,4.293547291014416
97.97979797979798,4.040404040404041,8.46896725407616,21.55124035711865,5.207584430703581
98.98989898989899,4.040404040404041,7.063610165906614,31.48257212210185,5.34479287444261
100.0,4.040404040404041,8.351264043894249,18.20690646668276,5.467912881876968
0.0,5.050505050505051,6.487976795303516,25.40355181504305,4.660176753397252
1.01010101010101,5.050505050505051,9.62182099964835,28.56781415864571,6.682338154460991
2.02020202020202,5.050505050505051,9.755143164123764,16.46368674849986,4.285310327901332
3.03030303030303,5.050505050505051,13.912516293979976,33.76653624948651,4.415978187637986
4.040404040404041,5.050505050505051,6.301824850129294,19.76452735161667,4.501901359801359
5.050505050505051,5.050505050505051,3.9202249997078926,19.21679247930722,4.320329426592359
6.060606060606061,5.050505050505051,12.431564378995613,13.84582508985443,4.717246148074293
7.070707070707071,5.050505050505051,25.14641927734808,43.42982466907517,2.733021548418669
8.080808080808081,5.050505050505051,12.714866252957865,16.9589076552006,1.56605445800917
9.090909090909092,5.050505050505051,15.25208767192287,0.0119054587274503,1.700084170950287
10.1010101010101,5.050505050505051,5.6392688454221975,14.98593176399885,1.517348693372161
11.11111111111111,5.050505050505051,3.6988558536612515,12.33611634285008,2.342704337838279
12.12121212121212,5.050505050505051,2.0830391982016847,14.53075049103823,1.227895068725137
13.13131313131313,5.050505050505051,7.443411156290734,12.38037952470014,1.762537475142929
14.14141414141414,5.050505050505051,2.5675411709095424,19.26283294967049,1.821756004642874
15.15151515151515,5.050505050505051,2.383961901867609,20.36810277738469,1.715486538057537
16.16161616161616,5.050505050505051,3.8600352260988022,19.89305598179818,1.053653566052134
17.17171717171717,5.050505050505051,4.779443720463089,19.59610697489764,1.080350780390173
18.18181818181818,5.050505050505051,3.5524316981634048,17.04793125849078,0.9206599845389691
19.19191919191919,5.050505050505051,7.698458177892344,24.50130970221558,0.6876372738201986
20.2020202020202,5.050505050505051,7.882919832922248,11.59036723673472,1.975964973940191
21.21212121212121,5.050505050505051,8.62014831728921,20.8276356175043,1.444376761565255
22.22222222222222,5.050505050505051,6.464238822600974,11.91576080906789,0.7394282643101806
23.23232323232324,5.050505050505051,7.31367129574146,4.959155899157186,1.253307698058657
24.24242424242424,5.050505050505051,5.583034392569191,16.13695839932631,5.379934759071678
25.25252525252525,5.050505050505051,4.701095982379278,18.39176977401137,5.312914404953539
26.26262626262626,5.050505050505051,7.777650734186069,18.95569484441546,4.123778318493292
27.27272727272727,5.050505050505051,5.42076866589385,22.68884327331893,3.313074203137063
28.28282828282828,5.050505050505051,5.159195783736971,24.04468438626701,2.795056116198086
29.29292929292929,5.050505050505051,8.09316142224105,17.86090173715181,4.465652894127006
30.3030303030303,5.050505050505051,2.8129902782287273,21.47475706467992,3.185785093200335
31.31313131313131,5.050505050505051,3.795295660379643,24.03394145538014,3.508384927536646
32.32323232323233,5.050505050505051,7.224688337270812,29.72256147801538,3.652375308985524
33.33333333333334,5.050505050505051,5.617969092788915,25.52182315815458,3.381876177096898
34.34343434343435,5.050505050505051,13.995533203372304,40.39577203826263,3.28668150972973
35.35353535353536,5.050505050505051,9.857721729897094,24.15268554315809,4.582603915330339
36.36363636363637,5.050505050505051,15.447754547973124,12.47390344456061,5.122964954294141
37.37373737373738,5.050505050505051,12.493110011113822,26.87593065314428,4.16120446857933
38.38383838383839,5.050505050505051,4.149918576663628,19.34770830036831,4.078421343102145
39.3939393939394,5.050505050505051,7.97666221405768,21.23466152774731,0.3157583134237173
40.40404040404041,5.050505050505051,4.741163033796131,14.06946833720343,1.319939686941857
41.41414141414142,5.050505050505051,4.2297309165341375,8.79868023205134,0.9602357818615183
42.42424242424243,5.050505050505051,7.322851522146731,8.137476594834137,0.7160994061032392
43.43434343434344,5.050505050505051,15.754788062083286,25.90794172204089,1.114697114279359
44.44444444444445,5.050505050505051,13.602471534298319,5.978263138155264,1.386106380904661
45.45454545454546,5.050505050505051,7.378388890725281,10.12883482152252,1.224462715230698
46.46464646464647,5.050505050505051,3.70245453126582,15.39299588744532,1.768856458215617
47.47474747474748,5.050505050505051,1.5785256975610173,12.09298253637442,1.176129293078802
48.48484848484848,5.050505050505051,7.173087720606125,14.05308021325444,1.067749769048807
49.49494949494949,5.050505050505051,17.05059907147028,30.77201257528749,1.090361082588065
50.50505050505051,5.050505050505051,13.3126683486288,11.00359387634322,0.9558859100004641
51.51515151515152,5.050505050505051,11.193540421341584,22.68094413696374,1.241754949672629
52.52525252525253,5.050505050505051,5.405278618330344,12.29609628683952,1.120301116582294
53.53535353535354,5.050505050505051,3.431184350262167,10.98964997010201,2.346101263317732
54.54545454545455,5.050505050505051,7.6632393682452165,7.561731171891825,1.555166002900922
55.55555555555556,5.050505050505051,9.157928983274429,13.59968182622558,0.9686802233766926
56.56565656565657,5.050505050505051,8.985197754769471,24.33695577476917,4.214106908491179
57.57575757575758,5.050505050505051,8.813436863841215,15.4758372419931,4.276215543687904
58.58585858585859,5.050505050505051,5.402834504318383,11.94281840634021,5.650232919423717
59.5959595959596,5.050505050505051,5.444915238982255,28.41006352640884,4.942743955543465
60.60606060606061,5.050505050505051,5.799400689037656,27.44441571378098,6.72464958480397
61.61616161616162,5.050505050505051,5.085844850901462,22.11762215317106,4.766258749476533
62.62626262626263,5.050505050505051,10.426533694291585,10.2204227661176,4.602477614350811
63.63636363636364,5.050505050505051,7.92911022475614,26.03454160067624,4.369882326469088
64.64646464646465,5.050505050505051,13.677765224695879,29.83694344440329,3.857431877988376
65.65656565656566,5.050505050505051,12.003071461150707,10.77070118511743,4.404357365522437
66.66666666666667,5.050505050505051,7.771948582635815,23.74309977420424,4.972348613679154
67.67676767676768,5.050505050505051,9.866118541652837,14.72067836574143,4.197442552860345
68.68686868686869,5.050505050505051,7.998541192205421,25.84256773746895,4.770276991693668
69.6969696969697,5.050505050505051,7.5084727697670415,20.97250487365102,4.571837680298791
70.70707070707071,5.050505050505051,4.164978237825556,17.17728079382723,1.389593874142031
71.71717171717172,5.050505050505051,5.563291732422112,12.026095096682,1.094738565823804
72.72727272727273,5.050505050505051,9.497389658546107,24.94300166982264,2.24170307090645
73.73737373737374,5.050505050505051,5.625966016453258,11.50914972762139,1.775024049270765
74.74747474747475,5.050505050505051,3.656170227625488,13.0069239458288,0.9235040980755891
75.75757575757576,5.050505050505051,7.636121896212774,20.40330685832716,0.5008514198243759
76.76767676767678,5.050505050505051,4.256113576856495,17.33999846467961,2.41618871185783
77.77777777777779,5.050505050505051,5.2110489667643325,15.42898383599488,1.186259095310451
78.7878787878788,5.050505050505051,3.836041596786464,9.159572472893917,1.456872158628798
79.7979797979798,5.050505050505051,4.298199038906872,15.48982599434644,0.4717647225767534
80.80808080808082,5.050505050505051,6.951634792120272,7.015031744079563,2.530274929194965
81.81818181818183,5.050505050505051,3.621539849843812,12.78643178122223,2.206203194802239
82.82828282828284,5.050505050505051,4.635908591481809,17.93096761659802,1.949873235853979
83.83838383838385,5.050505050505051,3.8187976145970004,11.63941706571112,2.39627420250022
84.84848484848486,5.050505050505051,5.590571276105864,17.7582726696088,1.994516151783319
85.85858585858587,5.050505050505051,4.629510355176103,21.46833478001266,1.272520564364351
86.86868686868688,5.050505050505051,5.443947863533401,13.78470937688842,1.482301967200567
87.87878787878789,5.050505050505051,5.334127730493245,22.47644990218654,4.850627863796167
88.8888888888889,5.050505050505051,3.922277154980628,21.05981276638727,4.299934301313036
89.89898989898991,5.050505050505051,6.01868208661429,21.8052556516718,4.075106253876216
90.90909090909092,5.050505050505051,13.289450552418927,31.93547733289786,5.146321269447926
91.91919191919193,5.050505050505051,4.071851254746141,21.76781272657341,4.885565824960499
92.92929292929294,5.050505050505051,4.002391859143991,19.71428804952397,4.840721334139966
93.93939393939395,5.050505050505051,6.735097523652456,18.87680287231422,3.926252848905254
94.94949494949496,5.050505050505051,11.200757744276995,28.23514613591175,4.506161195355626
95.95959595959597,5.050505050505051,6.601720115458358,15.42770509307747,4.677612851947289
96.96969696969697,5.050505050505051,6.893917650320409,15.22517542605456,5.235567017559032
97.97979797979798,5.050505050505051,9.737763080537258,10.24032180229198,4.727210447225695
98.98989898989899,5.050505050505051,13.160119530874834,27.55723739862781,4.255608347707338
100.0,5.050505050505051,13.317936730824643,8.31075438872311,4.139267966020666
0.0,6.060606060606061,6.984404343000475,13.93662997652162,4.653516850811287
1.01010101010101,6.060606060606061,4.696764318488815,14.08982925049778,3.643932200517471
2.02020202020202,6.060606060606061,2.3918633412121344,17.24987783569846,5.713311856494145
3.03030303030303,6.060606060606061,6.78194241698707,19.72094908962939,5.207847143492129
4.040404040404041,6.060606060606061,5.727052281870593,23.99499715179921,5.197211098025326
5.050505050505051,6.060606060606061,10.053271203154763,12.15186995122389,4.636428066506888
6.060606060606061,6.060606060606061,7.697532379593372,21.30244462351123,3.847875784615515
7.070707070707071,6.060606060606061,8.838725119071675,32.10045285502532,4.133360601318137
8.080808080808081,6.060606060606061,6.3314718291238865,19.32612575998919,5.854045366987485
9.090909090909092,6.060606060606061,6.108898147798334,14.59943662688248,1.980370118846796
10.1010101010101,6.060606060606061,5.28870126364505,18.20063533817669,0.8138716575616376
11.11111111111111,6.060606060606061,10.752887100481852,4.423240358569397,1.331518142767347
12.12121212121212,6.060606060606061,5.447118633911753,11.32313884079884,0.847537571181374
13.13131313131313,6.060606060606061,6.062583125951816,19.01961169657492,1.300067116046982
14.14141414141414,6.060606060606061,2.3515578550385254,18.55577612237945,1.982968855287048
15.15151515151515,6.060606060606061,4.438132525987135,13.14519347084624,1.127341241843606
16.16161616161616,6.060606060606061,2.4524260812351804,15.92695464064489,1.354137277305898
17.17171717171717,6.060606060606061,3.289640640687443,13.18986926513741,0.9331938195550598
18.18181818181818,6.060606060606061,3.3984857202155894,13.81287352767811,1.903508718000091
19.19191919191919,6.060606060606061,2.9852292249035965,16.28555078275985,1.411512566401316
20.2020202020202,6.060606060606061,4.701906243979448,16.89098795167318,1.980934990050062
21.21212121212121,6.060606060606061,4.91720299672251,19.91838786580224,0.5289466374897829
22.22222222222222,6.060606060606061,7.630878245191605,5.758732531276029,2.126125150045276
23.23232323232324,6.060606060606061,9.894754760132274,11.2652289825897,1.161052516941525
24.24242424242424,6.060606060606061,8.344124608455246,20.70965044176027,5.392003276843036
25.25252525252525,6.060606060606061,9.178165273453573,29.47293255751914,4.375610509753056
26.26262626262626,6.060606060606061,14.263032499453352,33.09857740992778,4.208100754113248
27.27272727272727,6.060606060606061,20.36994480831555,10.65731301249118,4.450837288816054
28.28282828282828,6.060606060606061,15.026243509984434,33.91995542836726,4.043646218589314
29.29292929292929,6.060606060606061,15.11267063069809,10.73077341888856,4.425775596198275
30.3030303030303,6.060606060606061,7.052746602779837,26.10565477507981,4.325783082574143
31.31313131313131,6.060606060606061,5.85142119071092,21.11026740862252,6.157699562388827
32.32323232323233,6.060606060606061,3.0706532473598243,23.66118330776681,4.61238981856365
33.33333333333334,6.060606060606061,2.145596444732827,24.73203207519891,4.228829308736228
34.34343434343435,6.060606060606061,8.379867365867977,24.07709409279155,4.80397811212316
35.35353535353536,6.060606060606061,4.7713823143877345,21.77584483771796,3.562675343418699
36.36363636363637,6.060606060606061,16.376372523577206,35.7933570169502,5.582805068740194
37.37373737373738,6.060606060606061,9.82860658576198,19.94291826903997,2.894083113439619
38.38383838383839,6.060606060606061,7.233054432549743,13.1231153391099,4.807449849433446
39.3939393939394,6.060606060606061,6.176704974607918,11.58334780987771,4.048442521232365
40.40404040404041,6.060606060606061,4.078502819364765,15.67262192584036,1.204768687639874
41.41414141414142,6.060606060606061,3.2198609887208107,16.95387525173035,1.152322632081667
42.42424242424243,6.060606060606061,4.153521641901065,13.54856894256753,1.098965033472115
43.43434343434344,6.060606060606061,6.379045331893828,13.06510852218103,1.012811271197196
44.44444444444445,6.060606060606061,6.061212287898448,19.67372652162585,1.618655149544916
45.45454545454546,6.060606060606061,4.386620217306727,18.64854604492649,1.591507680103814
46.46464646464647,6.060606060606061,2.623537192009153,17.17566314916813,0.9631414768202958
47.47474747474748,6.060606060606061,3.912413894816489,11.09494747713043,1.930617302055756
48.48484848484848,6.060606060606061,3.9804853050411415,7.518721451199095,1.331231766337914
49.49494949494949,6.060606060606061,12.907960983245966,9.802181858119967,1.166445799575982
50.50505050505051,6.060606060606061,5.90500507850386,19.3215042257279,2.053167270881282
51.51515151515152,6.060606060606061,4.926231324976784,15.58486465522834,1.310331818426949
52.52525252525253,6.060606060606061,5.241065728518711,19.70506413901552,1.673246978766525
53.53535353535354,6.060606060606061,3.337599842624067,19.53125265284041,1.738515306147554
54.54545454545455,6.060606060606061,7.754176838040839,20.19028022757144,1.300327045915464
55.55555555555556,6.060606060606061,18.284214726899958,31.8895284907489,3.865023965768223
56.56565656565657,6.060606060606061,13.229543319899886,9.90116221138665,4.072898585366126
57.57575757575758,6.060606060606061,11.580260100678943,26.18850363541753,4.436776617076578
58.58585858585859,6.060606060606061,12.353823407475515,11.79073359261702,2.676195366022699
59.5959595959596,6.060606060606061,11.514900205051628,31.43154197709542,3.778520531646507
60.60606060606061,6.060606060606061,8.37510070919306,17.01751992180061,5.268813710096055
61.61616161616162,6.060606060606061,6.60840086513092,19.14659838246999,4.338829921617957
62.62626262626263,6.060606060606061,7.187415766333604,12.97618621573689,3.080940881867051
63.63636363636364,6.060606060606061,14.540198508732653,31.65289190060452,3.837321383492272
64.64646464646465,6.060606060606061,17.712117003444362,7.759751893455808,5.465056858961169
65.65656565656566,6.060606060606061,9.248263861539808,19.9588036837836,3.864295177284133
66.66666666666667,6.060606060606061,5.280624810013184,28.742010575595,4.247827043548114
67.67676767676768,6.060606060606061,7.997212499873701,21.78991497289905,4.899099175228848
68.68686868686869,6.060606060606061,12.803353588492081,13.42331686592301,4.191711083870247
69.6969696969697,6.060606060606061,10.53565770735752,30.93996903602867,4.664927777650934
70.70707070707071,6.060606060606061,4.961365229272008,18.82929112111646,4.949958308762048
71.71717171717172,6.060606060606061,3.2358575606024584,13.97747516504893,1.640668015088434
72.72727272727273,6.060606060606061,3.517390059315858,15.89262146104484,0.8045605979509244
73.73737373737374,6.060606060606061,3.3457846509215607,16.79255504685383,1.17549234648687
74.74747474747475,6.060606060606061,3.593904076521197,9.608397449053669,1.873364477351246
75.75757575757576,6.060606060606061,8.356117920824914,6.018962544826016,1.162737698781384
76.76767676767678,6.060606060606061,4.085082577299658,10.54720187272415,2.375047075026303
77.77777777777779,6.060606060606061,4.977699211535599,7.397600673217923,1.441491901600387
78.7878787878788,6.060606060606061,4.623672221017507,9.950960736842465,1.653274240909866
79.7979797979798,6.060606060606061,3.912029834827411,14.74119407474423,2.423113197733437
80.80808080808082,6.060606060606061,6.226837345545631,17.20286623775699,2.03718808274711
81.81818181818183,6.060606060606061,4.082977020649447,12.19787156906375,1.25618745409534
82.82828282828284,6.060606060606061,4.920180942906006,17.20913107271002,1.421625449368235
83.83838383838385,6.060606060606061,3.657726396982325,11.17060907775492,0.7059302940509619
84.84848484848486,6.060606060606061,4.683353020952776,14.01431475372176,1.086956102045976
85.85858585858587,6.060606060606061,2.96835538109476,20.40620187339695,1.397483874679484
86.86868686868688,6.060606060606061,5.952892305288582,18.31137541515488,5.469572122044852
87.87878787878789,6.060606060606061,15.197267093074423,33.60617907032919,4.772944928783086
88.8888888888889,6.060606060606061,15.237278565165639,13.65232363067686,5.890478182897117
89.89898989898991,6.060606060606061,10.877707199683542,29.87017802687356,4.418312557694878
90.90909090909092,6.060606060606061,3.1662863250598763,31.01103874367052,3.484345814390128
91.91919191919193,6.060606060606061,6.875639593756509,20.85696977440771,3.953032205054222
92.92929292929294,6.060606060606061,5.882788371184971,27.20531475805691,3.451688906852739
93.93939393939395,6.060606060606061,6.197710393606413,31.59152882817126,3.075970148333188
94.94949494949496,6.060606060606061,4.8133539681597,24.06657527434187,5.730631091425017
95.95959595959597,6.060606060606061,3.9298013947181643,20.18604011742494,4.623966409936648
96.96969696969697,6.060606060606061,9.925929971718855,24.73937206072162,3.778987919817565
97.97979797979798,6.060606060606061,16.240159707670976,4.901957255068028,5.25948742893118
98.98989898989899,6.060606060606061,7.2316793906490044,15.40549260484304,6.060477590938135
100.0,6.060606060606061,5.827793798161409,19.12192949333269,4.773258674095555
0.0,7.070707070707071,8.296605875419662,23.26972189302546,3.602846497310086
1.01010101010101,7.070707070707071,3.3080670245844046,15.08565375712827,4.730269933217857
2.02020202020202,7.070707070707071,8.165307271730029,14.09973539718013,4.929962447073062
3.03030303030303,7.070707070707071,7.200403892111993,26.0580122816198,3.890884759135669
4.040404040404041,7.070707070707071,3.6840287955471833,26.5555612163539,4.14643099342432
5.050505050505051,7.070707070707071,4.455216167150822,24.30633036289695,3.619010990734968
6.060606060606061,7.070707070707071,3.3742964389970567,24.68737170442649,3.357259516438726
7.070707070707071,7.070707070707071,10.208961262371284,32.55364619071196,3.784750940274286
8.080808080808081,7.070707070707071,9.533282251176267,13.86847277642507,4.250559708062648
9.090909090909092,7.070707070707071,4.51544228994987,13.07926304824509,1.148448711825354
10.1010101010101,7.070707070707071,4.152201276749958,18.76214312767755,2.092723009267174
11.11111111111111,7.070707070707071,4.856854558213785,18.84461931437939,0.803332389523507
12.12121212121212,7.070707070707071,4.042167085981789,15.30763038820094,0.8120942889871566
13.13131313131313,7.070707070707071,7.054219197844398,9.568819794613983,2.03519231749496
14.14141414141414,7.070707070707071,6.418205718768624,21.38053248951383,1.541449854085664
15.15151515151515,7.070707070707071,2.6509797803541675,15.48247044692447,1.76696608417145
16.16161616161616,7.070707070707071,2.8278320965857855,15.60219820216359,2.795208268706151
17.17171717171717,7.070707070707071,6.881393714652839,9.797634050196049,1.236591444835165
18.18181818181818,7.070707070707071,8.00736615884685,21.07607716010536,1.952968580221343
19.19191919191919,7.070707070707071,3.776541939053775,15.63850722659626,0.9587476839048618
20.2020202020202,7.070707070707071,11.135425892176048,7.016820773736239,1.260375355998825
21.21212121212121,7.070707070707071,8.999983862460024,21.49089685233495,0.3097284202203106
22.22222222222222,7.070707070707071,11.205203403284155,10.4590654484107,0.9828995960828957
23.23232323232324,7.070707070707071,17.350290153513306,29.58725702920204,6.822508677241712
24.24242424242424,7.070707070707071,13.545964277015395,10.11354762530269,4.039662960614546
25.25252525252525,7.070707070707071,5.347278149802124,16.23036121538013,5.454023266451987
26.26262626262626,7.070707070707071,10.281788280972814,16.25623922747192,3.665014859085383
27.27272727272727,7.070707070707071,15.718277680626208,34.40165517161296,4.73034333604389
28.28282828282828,7.070707070707071,8.789063586486725,30.14207685588455,4.073703675298248
29.29292929292929,7.070707070707071,7.3681808780120654,25.48726425774772,4.422397008395893
30.3030303030303,7.070707070707071,5.717815002484401,22.89583479700889,3.356427738592258
31.31313131313131,7.070707070707071,14.585305737042258,34.045974859107,4.493222807760219
32.32323232323233,7.070707070707071,4.680014206330111,21.06171315515247,5.114932825444387
33.33333333333334,7.070707070707071,7.335308588021318,18.66522412906273,4.764672981107391
34.34343434343435,7.070707070707071,14.51827229627403,9.832489812271678,4.729166940233561
35.35353535353536,7.070707070707071,3.9420783108882347,21.38591771991299,5.133959582856209
36.36363636363637,7.070707070707071,10.009314351507925,23.47527142217344,4.713069498732592
37.37373737373738,7.070707070707071,13.336581766652456,10.23174598793666,4.180884500277251
38.38383838383839,7.070707070707071,10.507290189730925,27.4711696488882,4.993062751667732
39.3939393939394,7.070707070707071,8.076553709433696,21.00981234524494,4.648531486635435
40.40404040404041,7.070707070707071,8.013522824425955,25.01295217280985,4.665716074370964
41.41414141414142,7.070707070707071,3.196719359877081,16.91618595157892,0.7559483124302395
42.42424242424243,7.070707070707071,3.844111261448718,20.86279643288908,1.720152605434156
43.43434343434344,7.070707070707071,4.90311873270608,18.64637823006516,1.091030289221971
44.44444444444445,7.070707070707071,5.633770437678203,22.58931381360488,1.560743408478543
45.45454545454546,7.070707070707071,6.656328321137822,12.11983977156127,2.230500194599548
46.46464646464647,7.070707070707071,4.234749089117938,18.33354608768587,1.691944274283355
47.47474747474748,7.070707070707071,6.5504073268907685,16.08962629918336,0.9501232075481852
48.48484848484848,7.070707070707071,8.916599425394539,11.04661747645611,0.862268531991514
49.49494949494949,7.070707070707071,16.350185086858687,28.6614122994075,1.645392430456754
50.50505050505051,7.070707070707071,4.736550016808247,21.36765225225117,1.921061648094161
51.51515151515152,7.070707070707071,6.251711679701002,20.33687141911334,2.683506498826176
52.52525252525253,7.070707070707071,7.302065377875455,10.44378004707896,1.715655098054369
53.53535353535354,7.070707070707071,8.715625493081317,15.55529502598868,1.829175170613482
54.54545454545455,7.070707070707071,8.08575680971972,26.22016268614669,5.431384423035369
55.55555555555556,7.070707070707071,13.256001056011879,10.73013079021211,4.853073377218854
56.56565656565657,7.070707070707071,5.830541954641557,10.10783422421054,4.082546601947747
57.57575757575758,7.070707070707071,6.506242067918313,21.26524109295757,5.264661304044325
58.58585858585859,7.070707070707071,7.969131017438703,27.01536398151698,3.883253523897248
59.5959595959596,7.070707070707071,4.861747484041735,22.4482500473487,3.756889908976318
60.60606060606061,7.070707070707071,5.415388952703495,23.54792645062829,3.876860986351227
61.61616161616162,7.070707070707071,17.152800063865676,34.30968744489012,5.091285205346989
62.62626262626263,7.070707070707071,12.412420786532795,11.82940445162249,4.545156104325359
63.63636363636364,7.070707070707071,7.06071273905451,21.68029385761853,5.237409321692732
64.64646464646465,7.070707070707071,5.250398756425071,20.43883655880927,5.226233724799685
65.65656565656566,7.070707070707071,6.086777730224846,26.78149794913747,5.058887159701256
66.66666666666667,7.070707070707071,1.9485909477137104,28.35372463144037,3.764695953420652
67.67676767676768,7.070707070707071,8.133272168271565,31.39083465556424,3.071580561275481
68.68686868686869,7.070707070707071,10.282372670238077,26.33423007126369,4.288855011398955
69.6969696969697,7.070707070707071,6.758570129308979,33.48780561806323,3.519813308549053
70.70707070707071,7.070707070707071,8.72344405018226,20.06024783993552,4.753147409562993
71.71717171717172,7.070707070707071,7.827856569809806,9.752387243069464,4.89186468018151
72.72727272727273,7.070707070707071,3.7825895038180564,13.68852131436411,1.665315384901824
73.73737373737374,7.070707070707071,3.8556362357274625,16.80819714769848,1.481333540529502
74.74747474747475,7.070707070707071,5.000869112275844,9.404900141771828,1.370797413905417
75.75757575757576,7.070707070707071,5.926903080511302,16.94141568249874,1.76687417001385
76.76767676767678,7.070707070707071,2.46998049428544,12.41689506256296,0.4554304235992536
77.77777777777779,7.070707070707071,5.242527688071874,13.57405309345259,0.7908999973428263
78.7878787878788,7.070707070707071,8.776136797255049,20.31066795543764,2.115049924166273
79.7979797979798,7.070707070707071,8.29541347390651,22.38877599353714,2.294524371941003
80.80808080808082,7.070707070707071,10.825299140467873,9.95001818095789,1.955224920589685
81.81818181818183,7.070707070707071,6.9483545343710755,17.92496526716355,0.4979975094246786
82.82828282828284,7.070707070707071,5.978671357169443,9.300025343575367,0.997782336009362
83.83838383838385,7.070707070707071,6.781629130368614,16.45047900680608,2.005857365414758
84.84848484848486,7.070707070707071,11.193119144032071,8.260453381439726,1.380850620016917
85.85858585858587,7.070707070707071,6.426307338434974,22.73077691324302,3.689777046867693
86.86868686868688,7.070707070707071,2.7726355109204897,20.20664848462637,4.492639018415606
87.87878787878789,7.070707070707071,7.601949521538023,19.19549896100078,4.278995252271468
88.8888888888889,7.070707070707071,14.774775497803539,31.02223891977997,3.50652611975208
89.89898989898991,7.070707070707071,17.903469203011802,11.78298671633481,2.910799894990381
90.90909090909092,7.070707070707071,12.012505531820711,30.56526171871813,4.630983204138268
91.91919191919193,7.070707070707071,12.1977208525393,10.76766830445939,4.427441263881501
92.92929292929294,7.070707070707071,7.130252712225795,21.89974703561352,5.525503444024662
93.93939393939395,7.070707070707071,10.0469864532857,31.75647682279613,4.269526526904444
94.94949494949496,7.070707070707071,5.628983500089943,20.38721897401927,4.927383773080504
95.95959595959597,7.070707070707071,3.1282625148866376,22.71304357173652,4.96409380141537
96.96969696969697,7.070707070707071,7.717219642263096,18.94059555746354,3.841555692714246
97.97979797979798,7.070707070707071,21.111254614990983,34.18328138309938,4.655860858774357
98.98989898989899,7.070707070707071,5.419948744675631,17.96049313538963,6.589361943309923
100.0,7.070707070707071,5.7963749612524476,16.16616009194769,4.773328773308549
0.0,8.080808080808081,6.859210473253626,15.8970643191675,4.659828623198253
1.01010101010101,8.080808080808081,8.28978004946989,12.01919666126647,5.908182991535862
2.02020202020202,8.080808080808081,13.232962470838519,30.66662680119411,3.72188107796253
3.03030303030303,8.080808080808081,8.701543665650991,16.04928572433601,5.521838383564887
4.040404040404041,8.080808080808081,5.411071910213803,17.12678988691091,4.469204204198481
5.050505050505051,8.080808080808081,7.05173725706864,27.34246242484069,4.678954518585467
6.060606060606061,8.080808080808081,3.5819805165999306,22.82242885716853,4.659304735521213
7.070707070707071,8.080808080808081,8.203799133975064,18.72244237748582,4.131529622313953
8.080808080808081,8.080808080808081,7.046441249692212,27.06956565509915,4.012476861387807
9.090909090909092,8.080808080808081,5.248165384209014,23.14876882179474,2.841265521897419
10.1010101010101,8.080808080808081,8.947967438114073,29.04408417904222,6.105788912587831
11.11111111111111,8.080808080808081,5.797996828695222,17.45804515021453,1.332971418386181
12.12121212121212,8.080808080808081,3.3320844267685943,12.39925311144129,1.26145879846296
13.13131313131313,8.080808080808081,5.588050055710562,10.78438139554384,1.453879875488132
14.14141414141414,8.080808080808081,4.850038473781504,16.24224071906292,0.5955655912948676
15.15151515151515,8.080808080808081,2.7509237055407922,17.73132279443443,2.033568378340854
16.16161616161616,8.080808080808081,5.06045369024868,20.66447824281877,1.231893196239061
17.17171717171717,8.080808080808081,5.874653045267877,16.84796643198919,1.609206068424497
18.18181818181818,8.080808080808081,5.669379483630986,13.02582920056362,1.015239972020478
19.19191919191919,8.080808080808081,1.7873608336840876,15.23863941291387,1.530752387259964
20.2020202020202,8.080808080808081,5.776670817619219,18.58859463304476,1.077821381974671
21.21212121212121,8.080808080808081,6.708209893228931,12.56937787155052,0.9905751989240126
22.22222222222222,8.080808080808081,8.31539241783402,20.41952315969706,4.742986057884401
23.23232323232324,8.080808080808081,7.208928001682892,17.11002544645184,3.451728019323019
24.24242424242424,8.080808080808081,13.680512098325543,28.1107789229299,2.892661667349613
25.25252525252525,8.080808080808081,7.0063415760513,18.23421087028039,4.083982772996676
26.26262626262626,8.080808080808081,6.113468698701071,22.36976021267449,4.543369794956859
27.27272727272727,8.080808080808081,9.60933482065806,17.67788086809935,4.966034164661202
28.28282828282828,8.080808080808081,15.596018692005856,7.678091996285598,4.094113553577128
29.29292929292929,8.080808080808081,7.443320200048479,18.01727364343428,3.139103260675761
30.3030303030303,8.080808080808081,10.904746223141991,28.81570530603864,4.861957904289512
31.31313131313131,8.080808080808081,13.238832945065948,12.77486112747508,4.247037775999167
32.32323232323233,8.080808080808081,5.125116935966932,21.80154909781431,3.961453855052525
33.33333333333334,8.080808080808081,8.779374077427232,30.71042719213103,5.076744652762102
34.34343434343435,8.080808080808081,13.960873872219194,33.27481249241558,3.962123161610058
35.35353535353536,8.080808080808081,10.022936720207046,19.65031320406678,4.283062923166543
36.36363636363637,8.080808080808081,14.341484076740944,35.86156409693115,4.767130453656343
37.37373737373738,8.080808080808081,7.0707704338306705,23.38395167825486,3.799479213798617
38.38383838383839,8.080808080808081,3.964590379519117,23.4908441643376,5.683385400716062
39.3939393939394,8.080808080808081,14.318480968634162,33.42506551640432,5.561469512714284
40.40404040404041,8.080808080808081,10.45587905393958,14.39909717087136,4.200137515291043
41.41414141414142,8.080808080808081,3.591300537540052,17.62199738839473,5.148221296020938
42.42424242424243,8.080808080808081,4.035054199358587,18.96360756154984,1.844279679167369
43.43434343434344,8.080808080808081,9.085247939014899,10.77452679348861,0.450676421491762
44.44444444444445,8.080808080808081,3.58861146547034,17.38222898045442,1.203834459925406
45.45454545454546,8.080808080808081,3.1509745944742575,15.53326642457913,1.151087667806144
46.46464646464647,8.080808080808081,5.648249187124739,11.01005877435897,2.250519678466443
47.47474747474748,8.080808080808081,11.828817902504285,2.169604424902982,1.855279984419121
48.48484848484848,8.080808080808081,11.176876292760497,20.52731550709861,1.12852153140776
49.49494949494949,8.080808080808081,13.16583363710554,7.028457263367994,1.395843566458729
50.50505050505051,8.080808080808081,4.053229018016811,12.79214109183561,1.128478978483188
51.51515151515152,8.080808080808081,6.124008976460205,11.00590366936654,1.041980605920493
52.52525252525253,8.080808080808081,8.231877511368774,15.38615111570012,1.469278893863088
53.53535353535354,8.080808080808081,10.689909049489298,30.66545673239449,4.670619822419834
54.54545454545455,8.080808080808081,1.9084181538830922,26.37840791035773,4.650238219834481
55.55555555555556,8.080808080808081,6.8933281657969925,26.48240885178669,4.943518686810777
56.56565656565657,8.080808080808081,8.594071717529475,21.44362659520428,4.990372157227295
57.57575757575758,8.080808080808081,5.034973077183681,25.45941706486442,5.702501480133404
58.58585858585859,8.080808080808081,6.796045700401182,20.68070712338982,5.737522269712418
59.5959595959596,8.080808080808081,3.745572375603934,17.65134237837635,5.694575598361807
60.60606060606061,8.080808080808081,5.7572586446021505,20.27821456618341,5.586864124986024
61.61616161616162,8.080808080808081,14.149243162321948,14.10362023937702,3.906146165246404
62.62626262626263,8.080808080808081,12.430025710784067,28.0011334343756,4.506702051608521
63.63636363636364,8.080808080808081,9.091945301680585,14.50238764919178,4.347778004084243
64.64646464646465,8.080808080808081,3.4210317450641825,19.70044488759991,4.307795060310509
65.65656565656566,8.080808080808081,5.168818871957613,17.17196936622306,5.265193741588628
66.66666666666667,8.080808080808081,8.90966618423024,25.55698349116693,4.33247399266185
67.67676767676768,8.080808080808081,10.00791901822811,16.55238027356759,3.927344124828251
68.68686868686869,8.080808080808081,13.067154816413272,10.32583272675215,5.044820952325128
69.6969696969697,8.080808080808081,9.717710552821835,29.58249500778911,4.743736096628874
70.70707070707071,8.080808080808081,5.313722587141861,29.98764894685174,4.449861182484796
71.71717171717172,8.080808080808081,6.839355923768476,22.59473093216852,4.382354280636122
72.72727272727273,8.080808080808081,4.415120928424201,19.55896927832659,4.389356487751945
73.73737373737374,8.080808080808081,4.581187760409691,21.69212715050266,1.715481800498897
74.74747474747475,8.080808080808081,5.160743180189105,14.2650667369398,1.263387303658129
75.75757575757576,8.080808080808081,3.765347846670592,17.66553870620853,0.6698962928736572
76.76767676767678,8.080808080808081,5.270335999237412,10.08834492608542,1.481852928888837
77.77777777777779,8.080808080808081,11.157408820037888,20.47393853263074,1.867048935020797
78.7878787878788,8.080808080808081,13.426855213070434,4.380550885097174,2.019892765646376
79.7979797979798,8.080808080808081,9.335783459179,11.37156986738276,0.9078075219482332
80.80808080808082,8.080808080808081,13.44629030206579,25.58466178724537,2.381130431626882
81.81818181818183,8.080808080808081,7.8317456775913215,12.45852783757289,0.08350751349103125
82.82828282828284,8.080808080808081,3.4060219220177315,9.069839230851146,1.375701195647556
83.83838383838385,8.080808080808081,10.891148886491099,9.944311702979855,1.237619095962371
84.84848484848486,8.080808080808081,11.086824173109385,24.61871942811633,4.215509627114151
85.85858585858587,8.080808080808081,5.036460999840807,16.34457455976914,4.355106838005813
86.86868686868688,8.080808080808081,5.712695532179389,14.54665746265814,4.828344966969399
87.87878787878789,8.080808080808081,4.457631665622911,22.35472745541968,4.914906972341037
88.8888888888889,8.080808080808081,5.90709505224002,20.35904437989327,4.510539733209484
89.89898989898991,8.080808080808081,7.565563430623268,27.28814501201478,3.008440468700443
90.90909090909092,8.080808080808081,4.8918120461898305,21.54088503302974,4.612958983083758
91.91919191919193,8.080808080808081,5.955186671469498,18.5395780992554,4.713930936499177
92.92929292929294,8.080808080808081,5.226890352029127,24.12638164373657,3.698076390331082
93.93939393939395,8.080808080808081,15.733928228330866,12.95946664023768,4.619481880572644
94.94949494949496,8.080808080808081,6.234958549940556,25.52871422756233,4.061938132756511
95.95959595959597,8.080808080808081,1.8685130536133467,26.60081756498126,3.884550991673369
96.96969696969697,8.080808080808081,6.29224132013086,24.99556378334902,3.548674996911338
97.97979797979798,8.080808080808081,13.904505063146106,10.48506112451237,4.335227295133786
98.98989898989899,8.080808080808081,5.8056275368481645,19.06816629239388,3.607337281714806
100.0,8.080808080808081,9.739919356073715,28.8051825308781,4.83737377894661
0.0,9.090909090909092,5.604856693525986,25.22417050716939,4.989277314677823
1.01010101010101,9.090909090909092,7.6796874716767904,19.58656196545556,4.238073676636549
2.02020202020202,9.090909090909092,10.04131734208238,27.56643953863975,6.154437023899523
3.03030303030303,9.090909090909092,15.65754898473618,6.946682858448831,5.56565215731468
4.040404040404041,9.090909090909092,7.127869513603343,18.04912949781845,4.029008947258344
5.050505050505051,9.090909090909092,6.723707198598484,16.90735156411181,3.689500305507524
6.060606060606061,9.090909090909092,5.051862178396408,26.66538802895542,4.793123379071846
7.070707070707071,9.090909090909092,3.687274443639695,25.2593253428639,4.601479640820727
8.080808080808081,9.090909090909092,4.104308977947994,29.78631766427618,4.090287252436785
9.090909090909092,9.090909090909092,3.2845790642490815,22.04172524906022,3.352868827649117
10.1010101010101,9.090909090909092,4.237811248355943,21.01550986402576,4.358166097180936
11.11111111111111,9.090909090909092,6.935832164257967,22.61862723322963,4.337803941563355
12.12121212121212,9.090909090909092,11.356322799237992,8.652956435797254,1.360360652095266
13.13131313131313,9.090909090909092,13.125682535048082,24.8482889780397,1.167136892342694
14.14141414141414,9.090909090909092,8.20886258370309,8.9273199932784,1.667983699877933
15.15151515151515,9.090909090909092,3.4003578005934822,13.39871784353707,1.518239885353718
16.16161616161616,9.090909090909092,3.867057177695118,12.23461078169315,1.63099192292456
17.17171717171717,9.090909090909092,7.077365778372931,8.03833567496597,2.04335307187675
18.18181818181818,9.090909090909092,7.293319176590625,21.61815173177001,0.4344394362487425
19.19191919191919,9.090909090909092,2.2462889020619197,16.42544950148669,1.772312170156462
20.2020202020202,9.090909090909092,7.313044994095183,16.42285720350154,3.170941404608255
21.21212121212121,9.090909090909092,15.289841359039317,8.527419329060006,4.925609710122439
22.22222222222222,9.090909090909092,16.549842692257663,32.56099211835502,4.302554950790885
23.23232323232324,9.090909090909092,13.070369463441015,15.06179621219375,3.485212147466643
24.24242424242424,9.090909090909092,19.91447459704741,43.9582744894773,4.704285241680102
25.25252525252525,9.090909090909092,13.303359216952419,30.24361012454172,4.689924866697853
26.26262626262626,9.090909090909092,10.469739471797155,12.85683509004201,5.936484537804363
27.27272727272727,9.090909090909092,8.448035980856355,10.65598410536962,4.910319228976099
28.28282828282828,9.090909090909092,12.301687916418906,27.25921138574764,5.192864341056832
29.29292929292929,9.090909090909092,5.765299048933163,19.18295051956171,3.248190567279954
30.3030303030303,9.090909090909092,5.591755779536157,17.95586676366835,4.375698111908627
31.31313131313131,9.090909090909092,4.021118923944232,19.39154702720417,4.513655617498742
32.32323232323233,9.090909090909092,4.538813019311245,23.62661483436425,5.113492790923062
33.33333333333334,9.090909090909092,6.233190273527132,19.11139734009167,4.987252324454015
34.34343434343435,9.090909090909092,8.913657553030717,17.06252427231605,4.107133637746273
35.35353535353536,9.090909090909092,11.841487152029515,28.17070538783559,4.301877287798744
36.36363636363637,9.090909090909092,7.295352121690076,19.57078377626573,4.683803069944962
37.37373737373738,9.090909090909092,2.482057573612498,20.8375805380094,4.894482878042694
38.38383838383839,9.090909090909092,4.311068722514453,25.32776635971401,5.255532043426012
39.3939393939394,9.090909090909092,11.399644630086105,17.52658451062672,4.2839951130709
40.40404040404041,9.090909090909092,8.129915429676508,23.35988982163487,5.862352339805207
41.41414141414142,9.090909090909092,7.2171762408547835,26.71687771106065,4.031462082957198
42.42424242424243,9.090909090909092,7.088013299266555,14.25327057667107,3.808110899451501
43.43434343434344,9.090909090909092,9.545016840440514,24.44688415794461,2.015253087523722
44.44444444444445,9.090909090909092,3.189299837982358,16.69153269456462,2.505636946271903
45.45454545454546,9.090909090909092,3.4671964958778574,12.71496490579541,1.16154695985037
46.46464646464647,9.090909090909092,3.6447541992662686,12.91590620985488,0.7076051379072918
47.47474747474748,9.090909090909092,8.848905449099446,8.366688728988127,1.191431744217568
48.48484848484848,9.090909090909092,3.814504091187743,17.15707769262537,1.72697565180601
49.49494949494949,9.090909090909092,7.479015963037114,18.79629470355242,1.343335039389392
50.50505050505051,9.090909090909092,5.413517268597822,12.70465743112061,1.410360536182242
51.51515151515152,9.090909090909092,5.407944456710737,20.00448695665791,3.891384925306502
52.52525252525253,9.090909090909092,4.741348929114642,23.71173702952611,4.062012587021679
53.53535353535354,9.090909090909092,2.8089130537003424,22.58233667957423,3.826002422637377
54.54545454545455,9.090909090909092,3.125761746036062,23.29403028250212,4.264402684695276
55.55555555555556,9.090909090909092,8.422389440094824,19.80415744818467,3.963984811038826
56.56565656565657,9.090909090909092,10.829346334765917,35.42954836808589,5.157682819763644
57.57575757575758,9.090909090909092,4.286486269353948,32.61063299055755,3.722778206978101
58.58585858585859,9.090909090909092,10.741930631202592,33.72215838037931,4.596850312147307
59.5959595959596,9.090909090909092,8.648825548571741,22.1804872789992,1.772011757839239
60.60606060606061,9.090909090909092,7.704783800036998,31.23607074553368,4.473338698400882
61.61616161616162,9.090909090909092,12.567030117736449,30.42241816134674,5.020689411071426
62.62626262626263,9.090909090909092,5.271930455411855,21.84901855417484,5.457788356753156
63.63636363636364,9.090909090909092,6.673200761240259,24.99545962389542,5.216693509941759
64.64646464646465,9.090909090909092,5.552557687670729,24.9196474368623,4.871501444450047
65.65656565656566,9.090909090909092,6.9459936160626095,17.32422662481838,3.581540336081836
66.66666666666667,9.090909090909092,15.797224830412905,10.10467723706262,5.199719108375822
67.67676767676768,9.090909090909092,8.035583082387767,26.5144512000686,4.553939115701453
68.68686868686869,9.090909090909092,5.905235988793378,21.1028448200413,5.397022618074745
69.6969696969697,9.090909090909092,11.023283024020682,14.27877962687548,4.983883693989616
70.70707070707071,9.090909090909092,7.28849689189115,26.45823165894636,5.389952694651413
71.71717171717172,9.090909090909092,5.434334171852075,18.50833059471882,4.115851058185043
72.72727272727273,9.090909090909092,4.751228118369652,26.18008550204291,4.422539697629722
73.73737373737374,9.090909090909092,3.9850083499160487,25.57272990359831,3.83252407303264
74.74747474747475,9.090909090909092,8.855276440255263,19.22034047969666,1.285012490679047
75.75757575757576,9.090909090909092,4.1701021023218345,14.30593609262779,0.9338217585007689
76.76767676767678,9.090909090909092,1.4977704566290209,9.29833845228174,2.023039135039991
77.77777777777779,9.090909090909092,8.167497846285297,9.223169945736228,1.539564692414602
78.7878787878788,9.090909090909092,9.279537683625971,19.07344803721929,0.8308274851747303
79.7979797979798,9.090909090909092,2.8926452565952827,16.49338667579618,0.1233727051732245
80.80808080808082,9.090909090909092,5.962165186970077,14.77337005480477,0.8357791044408398
81.81818181818183,9.090909090909092,5.1643258859150265,21.80425056195329,1.441077659486414
82.82828282828284,9.090909090909092,7.211719569055766,18.2005797273474,1.463925956266011
83.83838383838385,9.090909090909092,14.663122775469976,31.45385974785284,4.559238895556432
84.84848484848486,9.090909090909092,5.723775791981161,19.57824137583906,4.632610757850093
85.85858585858587,9.090909090909092,4.160921749199965,20.0321542402003,3.93379938754944
86.86868686868688,9.090909090909092,4.763851969441444,22.13146147953493,4.322035078321572
87.87878787878789,9.090909090909092,6.200106289178686,27.22227255520447,4.589656444302927
88.8888888888889,9.090909090909092,9.554403531294533,16.31864241846781,4.628119653756046
89.89898989898991,9.090909090909092,5.326426113719226,25.20741019630823,5.102554115003722
90.90909090909092,9.090909090909092,2.389474174166023,23.33518961934129,4.653790889383651
91.91919191919193,9.090909090909092,3.608411596321644,26.00030451208188,4.770595696352586
92.92929292929294,9.090909090909092,2.5452343323039948,26.05358989574997,4.658867707658621
93.93939393939395,9.090909090909092,14.04718051081246,33.36200678017916,3.954890218545564
94.94949494949496,9.090909090909092,7.063659714803286,19.37172620608674,5.843565466797257
95.95959595959597,9.090909090909092,2.78509748241037,25.69189646282378,5.076178950583265
96.96969696969697,9.090909090909092,4.00012554679352,21.99732316917995,4.722448317026041
97.97979797979798,9.090909090909092,5.528684166202386,19.31125329179162,4.696544405927961
98.98989898989899,9.090909090909092,7.555719364408747,15.2734507083712,3.458673119405055
100.0,9.090909090909092,5.07520871938318,21.96146314007158,5.48409065811563
0.0,10.1010101010101,4.590398561898405,23.37431515630715,3.338141722951017
1.01010101010101,10.1010101010101,7.8461277606198205,29.12046043307561,5.419917042195642
2.02020202020202,10.1010101010101,10.970091413934174,19.1009916862397,3.470930759181719
3.03030303030303,10.1010101010101,12.057586532242926,28.75207261194584,4.435727559397645
4.040404040404041,10.1010101010101,14.08160299481109,33.39404336824803,4.389959858865658
5.050505050505051,10.1010101010101,7.435148355883032,22.46725509922662,4.454870625113438
6.060606060606061,10.1010101010101,3.37136500112027,21.46499763809181,5.048284140626891
7.070707070707071,10.1010101010101,4.512365351126032,22.980165541187,4.188693659152682
8.080808080808081,10.1010101010101,8.101023400787033,31.21521683026289,3.377423514316185
9.090909090909092,10.1010101010101,8.556752051829402,25.30219013307161,5.05766896208524
10.1010101010101,10.1010101010101,9.90919184001533,14.72217193985678,4.37182403577402
11.11111111111111,10.1010101010101,10.823091894733853,29.63258564061015,4.508023290172706
12.12121212121212,10.1010101010101,6.089465538147686,20.17094761743036,4.189733832313271
13.13131313131313,10.1010101010101,4.50582807510756,18.52576794734698,1.187382415773621
14.14141414141414,10.1010101010101,4.451710172492282,14.05548276728627,1.497547178091821
15.15151515151515,10.1010101010101,5.559740438567486,17.03203918291105,0.9015321228725831
16.16161616161616,10.1010101010101,6.859589163157095,13.9125898627769,2.168828503131385
17.17171717171717,10.1010101010101,8.134100194652317,6.314594482028682,1.214670233335938
18.18181818181818,10.1010101010101,8.004078341526059,23.42658761983876,0.9044230969460892
19.19191919191919,10.1010101010101,10.174576726529114,13.8223985100803,3.894388409856232
20.2020202020202,10.1010101010101,12.904121636770281,35.61126957791237,3.499045477352033
21.21212121212121,10.1010101010101,13.986414822515068,33.71581555899021,3.213550701564973
22.22222222222222,10.1010101010101,7.3661455286694455,20.0358590034386,6.559685799976357
23.23232323232324,10.1010101010101,3.4711444804215725,18.8993706482549,3.806436417464932
24.24242424242424,10.1010101010101,9.60477252929774,22.75901431005418,4.788408508235271
25.25252525252525,10.1010101010101,4.946962441570028,20.14101191042867,4.554257964580648
26.26262626262626,10.1010101010101,6.702390663131912,25.63524183542605,4.456174493261628
27.27272727272727,10.1010101010101,8.756955906137716,18.6221530010149,4.029655983427124
28.28282828282828,10.1010101010101,7.729776592757164,32.20535551539727,5.059687310134944
29.29292929292929,10.1010101010101,7.989107745735499,31.77512521708764,4.258269354434674
30.3030303030303,10.1010101010101,9.6123276220675,26.80028732001351,4.346442304422349
31.31313131313131,10.1010101010101,10.247127803872587,15.59450530185223,4.434221586961768
32.32323232323233,10.1010101010101,7.638509830370128,31.20651587362663,5.530515487874936
33.33333333333334,10.1010101010101,3.8665010214032574,25.88103802011264,4.457422959976832
34.34343434343435,10.1010101010101,6.26141920167824,23.34781208104424,4.776302809009452
35.35353535353536,10.1010101010101,13.243611182488463,9.03325169057574,4.166875360135888
36.36363636363637,10.1010101010101,7.0711723293411275,16.54687398348437,5.093884506862274
37.37373737373738,10.1010101010101,2.371072375571088,22.46245710876566,4.256483417524514
38.38383838383839,10.1010101010101,4.095776466266106,22.2117813358245,5.008058415076752
39.3939393939394,10.1010101010101,15.494656707898496,33.59219486509811,4.949388371047566
40.40404040404041,10.1010101010101,19.00826265575528,8.991313954126277,5.153498434893106
41.41414141414142,10.1010101010101,12.956523117149516,30.6701073279985,4.015277122940935
42.42424242424243,10.1010101010101,8.680869804605303,13.26877508014674,6.108526763131236
43.43434343434344,10.1010101010101,3.514296539590655,17.88813920529208,5.17677803517567
44.44444444444445,10.1010101010101,2.870512841487499,16.35694888067419,2.324989819347646
45.45454545454546,10.1010101010101,8.562463884723874,19.58794027769444,1.799969888221851
46.46464646464647,10.1010101010101,10.898694208401073,4.992895633211937,0.9165513308324877
47.47474747474748,10.1010101010101,13.317558652146023,24.22561977679677,1.059997504594607
48.48484848484848,10.1010101010101,9.400144148984294,15.69890511691193,0.8740609136933251
49.49494949494949,10.1010101010101,9.858738900161264,29.21366683215759,0.9045903828083106
50.50505050505051,10.1010101010101,5.13121675971405,20.87977604682779,4.925383183283278
51.51515151515152,10.1010101010101,4.192956712413374,21.63060189780399,4.259632664277986
52.52525252525253,10.1010101010101,4.319944612084408,17.90857764971361,4.067122040980384
53.53535353535354,10.1010101010101,6.913570070982996,21.27089847047289,4.776901221521009
54.54545454545455,10.1010101010101,7.734152822183949,28.51113320154542,3.938832184564069
55.55555555555556,10.1010101010101,4.942968947941132,27.70020005074328,4.97883840354049
56.56565656565657,10.1010101010101,8.77218317722813,24.54239109933339,5.460575010521156
57.57575757575758,10.1010101010101,17.346720234836635,38.67492137493011,3.520596615164242
58.58585858585859,10.1010101010101,14.867896383342195,16.44908360376031,4.708670834072985
59.5959595959596,10.1010101010101,8.69500020619104,12.71158455324968,3.244201253054729
60.60606060606061,10.1010101010101,11.172469797359913,21.24402777545738,5.408411175659952
61.61616161616162,10.1010101010101,21.26492818123195,5.860147803729503,4.707493953866687
62.62626262626263,10.1010101010101,9.310159315764498,25.06478481872902,3.954947321887937
63.63636363636364,10.1010101010101,8.805911940917369,12.01798181039173,4.477196988686989
64.64646464646465,10.1010101010101,8.539074856156759,15.59985223451881,3.781915057896506
65.65656565656566,10.1010101010101,9.800003890850736,30.14097363067382,4.061142119156322
66.66666666666667,10.1010101010101,15.37481763975414,34.21194695384819,5.362541825985881
67.67676767676768,10.1010101010101,5.605133812985533,26.15557014005182,3.075436509045736
68.68686868686869,10.1010101010101,3.9117684826697356,20.49458453135006,3.791823466856881
69.6969696969697,10.1010101010101,5.7771015563495425,24.06467911680787,4.862538703256598
70.70707070707071,10.1010101010101,4.888561515829847,20.96301447558556,4.520237568000006
71.71717171717172,10.1010101010101,4.025007116203277,16.47905021631185,4.241717189585321
72.72727272727273,10.1010101010101,5.43721621273702,22.07539975804931,4.723045568311045
73.73737373737374,10.1010101010101,6.767300215481943,20.47304427937602,5.388468099679733
74.74747474747475,10.1010101010101,19.592303463321315,38.41937868699033,6.054322543748404
75.75757575757576,10.1010101010101,12.148888151680296,17.70473986091947,0.4296672934021162
76.76767676767678,10.1010101010101,8.878404511152576,9.416647658102582,1.661393593240905
77.77777777777779,10.1010101010101,10.179663791585261,20.71694614595433,2.470703614691795
78.7878787878788,10.1010101010101,11.082773209393993,9.078533907743688,1.838552710827479
79.7979797979798,10.1010101010101,5.849914870549468,14.34470044024299,1.148205892643823
80.80808080808082,10.1010101010101,6.84157760052485,10.48689816750499,1.00560232045515
81.81818181818183,10.1010101010101,3.527560655620672,21.12722108442799,3.536298365172879
82.82828282828284,10.1010101010101,2.21728088663662,21.05976665196288,4.673047319427957
83.83838383838385,10.1010101010101,7.497722577817088,19.43981508336514,5.529661574849247
84.84848484848486,10.1010101010101,5.2837413143789185,14.0531474965667,4.171345698933897
85.85858585858587,10.1010101010101,12.076893384496712,9.629267027527467,4.921453673226438
86.86868686868688,10.1010101010101,9.016465802743042,26.41194702541975,3.359642835298893
87.87878787878789,10.1010101010101,7.237966265237199,23.28383371068071,5.259466246612734
88.8888888888889,10.1010101010101,10.574703217223925,30.7034566676434,4.573148545786872
89.89898989898991,10.1010101010101,8.004142592749472,16.74342891194524,3.367748967484359
90.90909090909092,10.1010101010101,5.123474896539093,20.10893297869628,5.724060695385655
91.91919191919193,10.1010101010101,4.890958832471967,21.74578481603046,4.138523420395345
92.92929292929294,10.1010101010101,4.411092668369026,26.94561670485527,4.205047463246704
93.93939393939395,10.1010101010101,7.067695794514973,18.8745223353924,3.883692839478607
94.94949494949496,10.1010101010101,2.9342280709327904,17.58452619917864,5.269073724570696
95.95959595959597,10.1010101010101,5.682641125781,25.90862173992691,4.039846171761146
96.96969696969697,10.1010101010101,9.544728674440238,28.6189415711528,4.466937214813852
97.97979797979798,10.1010101010101,12.278718562435065,12.74658125507007,4.358373814420117
98.98989898989899,10.1010101010101,11.960664853780695,30.97579756686271,4.857124250875923
100.0,10.1010101010101,3.892477190369777,23.65535747571422,6.530330502499787
0.0,11.11111111111111,6.689776573479975,29.54951021437167,4.428056366767575
1.01010101010101,11.11111111111111,6.373127687804197,23.03546188182075,5.299583360662287
2.02020202020202,11.11111111111111,14.986068314812115,34.84535981703429,5.162180601146091
3.03030303030303,11.11111111111111,11.040518372836997,16.62016791847948,5.232232118018999
4.040404040404041,11.11111111111111,19.365623207307618,7.98130428475684,5.104081528026015
5.050505050505051,11.11111111111111,12.954441495126257,34.71889925748772,5.180899489329163
6.060606060606061,11.11111111111111,6.225499792091923,27.23264188747928,4.637304348262735
7.070707070707071,11.11111111111111,5.1142111887286,16.96008313053085,4.031444880200187
8.080808080808081,11.11111111111111,6.950097944100797,14.38810037936864,5.656360580316356
9.090909090909092,11.11111111111111,11.044756511576313,10.82869170017149,3.86678421727451
10.1010101010101,11.11111111111111,6.7343726845379095,22.57516948178093,4.013473245669282
11.11111111111111,11.11111111111111,6.066838050149942,17.72622819298841,3.622624981844563
12.12121212121212,11.11111111111111,4.5029275730018785,21.90400089512483,3.957704381757261
13.13131313131313,11.11111111111111,4.62300910386851,24.11109436694041,5.038127297605816
14.14141414141414,11.11111111111111,5.316946345941642,19.28731908756204,4.392289922151218
15.15151515151515,11.11111111111111,9.47546731136316,29.54167386204809,4.956505852999505
16.16161616161616,11.11111111111111,8.796186303052682,28.95552273343916,3.744711163521725
17.17171717171717,11.11111111111111,9.56078263886601,12.41726554914237,4.736907199880201
18.18181818181818,11.11111111111111,3.3102329210065276,19.93489238937181,4.994864030577457
19.19191919191919,11.11111111111111,3.822797403782222,20.52459424719984,3.667189834661846
20.2020202020202,11.11111111111111,7.111889682453033,26.8675204919963,5.318738736110594
21.21212121212121,11.11111111111111,6.908107652638966,18.53396307333391,4.067187630446798
22.22222222222222,11.11111111111111,3.075227930587,17.91285491441254,4.830388290000736
23.23232323232324,11.11111111111111,6.009291388346229,13.84849917961274,2.907635675711856
24.24242424242424,11.11111111111111,8.089182920542065,12.01683043371113,3.466245527821611
25.25252525252525,11.11111111111111,4.516227018419272,18.5679926828845,4.845155184503303
26.26262626262626,11.11111111111111,3.9940197970617923,24.11140468769097,3.786572401895375
27.27272727272727,11.11111111111111,3.6371488446612723,25.08751638112696,4.91650966720045
28.28282828282828,11.11111111111111,7.2453936595942094,20.24582608671025,3.379755687095407
29.29292929292929,11.11111111111111,8.8724520140052,17.81593712705534,4.865936564339148
30.3030303030303,11.11111111111111,7.775157373434032,13.37601730332408,4.418624628324503
31.31313131313131,11.11111111111111,8.952341139794278,25.96818220205496,4.060419506095318
32.32323232323233,11.11111111111111,4.833900816104881,29.16986601669688,3.085763013722202
33.33333333333334,11.11111111111111,1.4786011609499043,25.04337840710297,4.256882396604333
34.34343434343435,11.11111111111111,3.6883921741387846,25.26041474949211,4.300271435992678
35.35353535353536,11.11111111111111,6.698131585365608,21.04206003989261,4.245558285266669
36.36363636363637,11.11111111111111,8.16902171000849,28.3784480898776,4.019574953023521
37.37373737373738,11.11111111111111,4.8517687989974565,20.76930307546001,4.54203156910301
38.38383838383839,11.11111111111111,2.578092260551421,23.84781287478465,4.920503833993918
39.3939393939394,11.11111111111111,5.582438216806625,23.66047282822095,5.292795897660633
40.40404040404041,11.11111111111111,8.27497835878514,24.37611442479476,3.298131818654983
41.41414141414142,11.11111111111111,12.84417748146361,39.46284455793473,4.863759322858193
42.42424242424243,11.11111111111111,11.465558101237189,24.98706242904652,3.121123875058172
43.43434343434344,11.11111111111111,7.026064474373351,16.54025244934522,3.98747172190632
44.44444444444445,11.11111111111111,6.147839642986741,22.74223471109561,4.954699924592221
45.45454545454546,11.11111111111111,11.55729287680695,29.13878440318815,4.343541785563536
46.46464646464647,11.11111111111111,9.758526329942821,6.836893102105952,4.273954320624116
47.47474747474748,11.11111111111111,11.64416793040597,14.57375501949099,4.015315103562407
48.48484848484848,11.11111111111111,10.261342094135882,29.79983276200517,5.149411389801408
49.49494949494949,11.11111111111111,6.411443726288677,22.04473586069316,4.157527060336282
50.50505050505051,11.11111111111111,6.0924801527493875,17.61474425998477,5.24234315553819
51.51515151515152,11.11111111111111,12.73526677025312,32.30346370724482,4.67374624232706
52.52525252525253,11.11111111111111,9.202413960571468,22.30085164938908,5.198188162758595
53.53535353535354,11.11111111111111,13.370531518835296,5.530611947474053,4.431417201406838
54.54545454545455,11.11111111111111,10.140238053993745,10.84279271372759,4.991147257708626
55.55555555555556,11.11111111111111,7.406988026696715,19.79310896374939,4.658249587719529
56.56565656565657,11.11111111111111,5.373567888771757,17.63115488617998,4.317417445232342
57.57575757575758,11.11111111111111,17.838426181185277,11.71069686672265,4.514937119868789
58.58585858585859,11.11111111111111,12.96059088648825,32.68425753882966,3.689031689766343
59.5959595959596,11.11111111111111,7.359682946548402,25.75274037954599,4.076774583147129
60.60606060606061,11.11111111111111,10.006758085092445,32.02554080088515,2.698222941298052
61.61616161616162,11.11111111111111,11.563283964903292,31.76907318431267,4.421534302352988
62.62626262626263,11.11111111111111,4.988794284949968,26.83821579389602,4.619068111416174
63.63636363636364,11.11111111111111,5.312170286528522,17.63547832809314,4.696005583921843
64.64646464646465,11.11111111111111,6.226416374278479,22.31336463652027,5.380356676995199
65.65656565656566,11.11111111111111,8.903296521497916,22.3697997924557,2.719951001796503
66.66666666666667,11.11111111111111,14.854706346876107,8.94729624858794,4.949423448651755
67.67676767676768,11.11111111111111,7.449715964387618,17.8112783706246,3.861181496964375
68.68686868686869,11.11111111111111,9.142810753979026,26.30231797917819,5.616568786462493
69.6969696969697,11.11111111111111,9.738302431927487,17.41393160802221,4.42570111810602
70.70707070707071,11.11111111111111,11.8558444360782,27.43641445504813,4.399339748172535
71.71717171717172,11.11111111111111,11.731256752658277,12.48861593091688,2.096279846837974
72.72727272727273,11.11111111111111,6.560482735749948,11.62992567150558,5.551913922471988
73.73737373737374,11.11111111111111,5.1314955127287725,18.05221892795814,4.467264695584764
74.74747474747475,11.11111111111111,9.628340299873404,17.91017627468391,3.757892150523794
75.75757575757576,11.11111111111111,13.504361214442081,33.89875767046123,3.377214611146668
76.76767676767678,11.11111111111111,7.883617265135284,25.2235658062234,4.390135342409731
77.77777777777779,11.11111111111111,4.862159828621626,27.00311438601488,4.032720138872444
78.7878787878788,11.11111111111111,6.171842085686155,26.51013384513411,4.722313029424197
79.7979797979798,11.11111111111111,6.025954684935476,26.47170488165037,6.114759979124186
80.80808080808082,11.11111111111111,7.807134923053224,19.06861149264361,3.984753020374913
81.81818181818183,11.11111111111111,4.338223376327078,23.85265687999727,4.840180714588465
82.82828282828284,11.11111111111111,4.600526533497346,25.38229727283103,3.804568843698771
83.83838383838385,11.11111111111111,9.71185319706839,30.41004157474961,3.837513039477444
84.84848484848486,11.11111111111111,9.860035168056763,19.85247081897234,5.415518072893084
85.85858585858587,11.11111111111111,11.455483031599085,26.32739288590997,4.087818006694237
86.86868686868688,11.11111111111111,10.300165763008604,38.28653137787578,3.979778314446011
87.87878787878789,11.11111111111111,12.567993026996211,37.74952365540402,4.870358684247605
88.8888888888889,11.11111111111111,6.4961874858107524,24.16910876058414,3.310741759849938
89.89898989898991,11.11111111111111,5.132197979546938,22.97048617613094,4.398642563145057
90.90909090909092,11.11111111111111,12.439836911989884,32.37422002012242,3.840852648527949
91.91919191919193,11.11111111111111,13.662152742861128,13.273152908353,5.875553725758221
92.92929292929294,11.11111111111111,6.816353253475976,23.46419909877214,4.987335748616511
93.93939393939395,11.11111111111111,5.986480135089097,14.45231410779589,4.147877197790567
94.94949494949496,11.11111111111111,5.969358952709545,17.92014679903967,3.801585889364003
95.95959595959597,11.11111111111111,16.035082081137766,37.38804559397362,5.85894723094485
96.96969696969697,11.11111111111111,12.248421825420463,15.64432542267331,4.602019423343022
97.97979797979798,11.11111111111111,4.826356979744625,21.19520684021342,3.920273148002733
98.98989898989899,11.11111111111111,6.02476865327683,24.38514141317257,4.886066835347776
100.0,11.11111111111111,5.884669483451667,26.31845462003242,4.44537526583902
0.0,12.12121212121212,7.543897087994964,22.16942388454718,4.431458333612667
1.01010101010101,12.12121212121212,2.5620260141469036,24.11902781401822,4.607050144234616
2.02020202020202,12.12121212121212,5.322914418732492,20.68054452234878,4.084810113497361
3.03030303030303,12.12121212121212,4.49687634571057,21.78628118408366,4.057540011075353
4.040404040404041,12.12121212121212,7.258589666904705,24.65459942404261,3.933441868083607
5.050505050505051,12.12121212121212,6.01716788685646,29.37662977798312,4.133062719502613
6.060606060606061,12.12121212121212,6.488225018499338,28.60818067950263,4.224391392133152
7.070707070707071,12.12121212121212,7.556289914847563,15.36786229438324,4.146929955092133
8.080808080808081,12.12121212121212,5.992518161287094,19.22998427451822,4.039672836099685
9.090909090909092,12.12121212121212,7.1795574050092865,25.22833285277004,4.060923816278519
10.1010101010101,12.12121212121212,3.18350991145637,20.0860953559554,3.977458344346119
11.11111111111111,12.12121212121212,7.261161153326119,21.06050895503749,4.469535575992498
12.12121212121212,12.12121212121212,9.28698505895442,12.01021005476379,4.073384316461373
13.13131313131313,12.12121212121212,6.588185230905157,18.23525312225375,5.589424503516771
14.14141414141414,12.12121212121212,2.692178109563038,20.24513809718842,4.829127082220896
15.15151515151515,12.12121212121212,10.664671006089748,14.98994519882747,2.789349291712051
16.16161616161616,12.12121212121212,5.818433579345199,25.93811870479641,2.920362757668286
17.17171717171717,12.12121212121212,4.175558984982564,20.50184101296649,5.800896671644053
18.18181818181818,12.12121212121212,3.7999699536844656,18.29298463387012,4.385961301583807
19.19191919191919,12.12121212121212,4.599516239764025,22.1809600225847,3.648948116695165
20.2020202020202,12.12121212121212,6.415145678291371,21.84019451155908,5.942015853299043
21.21212121212121,12.12121212121212,7.126025602849568,15.0380505260181,4.651546618867263
22.22222222222222,12.12121212121212,6.785230461467664,23.40529865401331,5.150239022760178
23.23232323232324,12.12121212121212,5.347785559440007,26.93876878365408,4.838036183304609
24.24242424242424,12.12121212121212,4.64320059556335,25.24854724446136,4.488545898132629
25.25252525252525,12.12121212121212,4.393839221117973,22.96530727503758,5.268441756246067
26.26262626262626,12.12121212121212,8.081553813156784,16.17868634542134,3.858344624854872
27.27272727272727,12.12121212121212,4.41462676075023,22.82208637044663,3.741413587376494
28.28282828282828,12.12121212121212,12.774798340816524,29.99629204232844,2.922454568273093
29.29292929292929,12.12121212121212,21.029557091305087,3.155125944453015,4.804190807645406
30.3030303030303,12.12121212121212,6.561887720490519,14.02029205790864,4.889436751744233
31.31313131313131,12.12121212121212,5.7345308391652505,16.32634325645338,5.197730100550113
32.32323232323233,12.12121212121212,5.05833480122366,19.19908403344293,3.516278480007488
33.33333333333334,12.12121212121212,5.510033456553652,25.77659948590987,5.192994595809813
34.34343434343435,12.12121212121212,6.734594090249879,16.85483977337348,4.415200703543716
35.35353535353536,12.12121212121212,3.64724897400943,24.27103527245368,4.243421529784458
36.36363636363637,12.12121212121212,3.6181687043219615,22.47946842063945,5.485230421561686
37.37373737373738,12.12121212121212,8.714276095512275,27.79556942440195,4.40761887270897
38.38383838383839,12.12121212121212,7.534491452829345,18.43732521742746,4.474595059204813
39.3939393939394,12.12121212121212,9.8598428995675,12.16542364100912,5.740716948649547
40.40404040404041,12.12121212121212,4.645232203444377,22.46337319003647,5.667938460708482
41.41414141414142,12.12121212121212,8.647059695291851,26.4413841240447,4.198035545689314
42.42424242424243,12.12121212121212,11.10838278943884,13.76570948158706,4.166502237627359
43.43434343434344,12.12121212121212,8.558167827935021,28.64783134944008,3.825692901659188
44.44444444444445,12.12121212121212,4.823049317441533,28.34977549877822,4.144913803242444
45.45454545454546,12.12121212121212,5.930682982905235,21.15889801462881,5.001183222927764
46.46464646464647,12.12121212121212,12.036646278929824,13.98824773451598,3.112091612479177
47.47474747474748,12.12121212121212,9.732366960014186,28.53562232390988,3.839207569360915
48.48484848484848,12.12121212121212,2.6203331848457694,25.83656667438107,4.317366754490903
49.49494949494949,12.12121212121212,7.172951805061395,28.33649129236304,3.988114678298009
50.50505050505051,12.12121212121212,4.166662686551765,15.62856648379868,3.449514640900567
51.51515151515152,12.12121212121212,8.73501868553343,16.72658994078897,4.884585497352989
52.52525252525253,12.12121212121212,5.920167991638558,27.94538173222871,5.553454174134065
53.53535353535354,12.12121212121212,7.02159604207972,21.19003103164784,3.222230139028172
54.54545454545455,12.12121212121212,6.542246028693904,19.47290742560941,4.029854784689458
55.55555555555556,12.12121212121212,10.434602701780424,9.184518271547628,4.326630244423804
56.56565656565657,12.12121212121212,7.452969338515001,24.13177813108686,5.374927246344654
57.57575757575758,12.12121212121212,7.208053890811725,29.20615839169196,5.332756579706018
58.58585858585859,12.12121212121212,6.096794728528104,24.9821457593367,4.158092116886675
59.5959595959596,12.12121212121212,10.854113163625112,28.94599875882045,4.045976212242792
60.60606060606061,12.12121212121212,14.62881382453386,9.309289523854789,5.67615941106581
61.61616161616162,12.12121212121212,10.50452130557534,16.6121877122718,4.554794650017778
62.62626262626263,12.12121212121212,10.627971121022227,30.88636710230936,4.389609091137337
63.63636363636364,12.12121212121212,9.32576135357165,15.88491747391047,3.614123350846901
64.64646464646465,12.12121212121212,10.22494087292769,35.77119626727016,5.821477827576549
65.65656565656566,12.12121212121212,11.87095082754132,36.73287334042605,4.811385892427255
66.66666666666667,12.12121212121212,10.301641360014017,20.81498526492769,3.659557857862995
67.67676767676768,12.12121212121212,7.552240590219011,13.7117280130916,5.403997504267617
68.68686868686869,12.12121212121212,8.451084938279017,12.91823439079979,3.914240837461783
69.6969696969697,12.12121212121212,12.718096175639888,30.8055246087646,4.754665696785545
70.70707070707071,12.12121212121212,21.06067860956321,11.45671806135507,4.077176193362655
71.71717171717172,12.12121212121212,25.32160047106011,39.61671987261247,5.384721123956724
72.72727272727273,12.12121212121212,10.12687799127798,20.14539901209778,4.612142005346721
73.73737373737374,12.12121212121212,11.55877875691337,29.59303971772856,4.253685706321594
74.74747474747475,12.12121212121212,5.901874388684161,19.78371101281956,3.240957194748455
75.75757575757576,12.12121212121212,5.047431749184798,20.73910388224981,4.793556345017082
76.76767676767678,12.12121212121212,3.97855613646972,19.95075533783239,3.339251779686471
77.77777777777779,12.12121212121212,5.332049153488065,16.11317243226117,4.214147841581624
78.7878787878788,12.12121212121212,3.3158050332611317,19.78577494414442,4.257783868137966
79.7979797979798,12.12121212121212,6.294020460636688,21.93641293580635,4.334750693316802
80.80808080808082,12.12121212121212,6.781020979977447,29.52829908335746,4.04908202832917
81.81818181818183,12.12121212121212,8.631040550809452,32.16642880954888,4.468800337068068
82.82828282828284,12.12121212121212,7.383255081933703,17.86010645446213,5.713426335693383
83.83838383838385,12.12121212121212,11.805851668420424,18.11817033555637,5.30748799997269
84.84848484848486,12.12121212121212,12.896696245504039,3.244146291865828,4.024565017685203
85.85858585858587,12.12121212121212,7.565511253728836,15.63764717679958,5.715900867176927
86.86868686868688,12.12121212121212,8.603784527242977,21.45659889273498,4.603179900441225
87.87878787878789,12.12121212121212,9.39588527653416,16.06066410943412,3.883982380821241
88.8888888888889,12.12121212121212,2.202654089685483,19.49774420367347,4.816023429689496
89.89898989898991,12.12121212121212,2.9183434991947435,19.27110795057357,4.313675673025266
90.90909090909092,12.12121212121212,6.959884629454984,23.38496036934993,4.227000543636823
91.91919191919193,12.12121212121212,10.172988607035858,30.15701866993148,4.369470900025901
92.92929292929294,12.12121212121212,6.585389086155814,18.88313487234676,4.684150787059461
93.93939393939395,12.12121212121212,3.957616995317107,21.49630873833574,4.634412974348903
94.94949494949496,12.12121212121212,5.969521683729404,18.52623052383909,3.742271719347287
95.95959595959597,12.12121212121212,10.088191699336086,25.93876008970354,4.880441121237087
96.96969696969697,12.12121212121212,16.5388943555062,6.919855858311365,2.369511114387467
97.97979797979798,12.12121212121212,6.32841544842467,19.07922049687753,3.609071587854051
98.98989898989899,12.12121212121212,7.442568249335002,11.99997073357439,4.180383371186918
100.0,12.12121212121212,8.748084029104797,13.26085652085547,5.951362453815601
0.0,13.13131313131313,14.755702535145266,35.47142488923654,4.346951938609894
1.01010101010101,13.13131313131313,8.078954625208308,20.34257691076856,4.363685874782844
2.02020202020202,13.13131313131313,6.061826249935336,23.26316694918891,4.44162273571295
3.03030303030303,13.13131313131313,11.950534881929528,12.93894396853939,4.240681713556177
4.040404040404041,13.13131313131313,9.023365107782826,29.4253143584762,5.326761828053463
5.050505050505051,13.13131313131313,7.299208997197953,16.14070716248288,3.408844271503721
6.060606060606061,13.13131313131313,9.909528116618173,18.03958688112851,4.254619626586229
7.070707070707071,13.13131313131313,11.991833067118652,26.89836075237151,3.43049508377097
8.080808080808081,13.13131313131313,10.830178039143089,9.962266082906222,4.23390688260066
9.090909090909092,13.13131313131313,6.171941582953562,22.05033046039791,3.720476841961342
10.1010101010101,13.13131313131313,6.983810284134859,24.21440978005862,4.084966554952101
11.11111111111111,13.13131313131313,13.665941892911444,36.74616030693709,4.08357153556108
12.12121212121212,13.13131313131313,9.940350330112064,23.98901748245677,4.020944361015601
13.13131313131313,13.13131313131313,7.114657379112635,30.47722475876309,3.62262873616837
14.14141414141414,13.13131313131313,8.695352818537446,22.79095365251857,4.01160237646608
15.15151515151515,13.13131313131313,16.627689221806623,3.086356242018979,4.242604326334355
16.16161616161616,13.13131313131313,6.439229039077683,22.06623961385722,6.094264807303309
17.17171717171717,13.13131313131313,3.7354213186681413,19.52931460778665,4.574457144243168
18.18181818181818,13.13131313131313,7.588564053106388,25.75412492529534,5.499212845629574
19.19191919191919,13.13131313131313,13.75013007156625,9.66800173865366,4.864474701380303
20.2020202020202,13.13131313131313,9.942586737409727,8.34984727539741,4.330979513685747
21.21212121212121,13.13131313131313,9.463064306648533,24.87684827656437,3.131588069945018
22.22222222222222,13.13131313131313,8.444424326581114,33.15305850264722,4.143426436069461
23.23232323232324,13.13131313131313,4.780650811962135,30.01594974853928,4.647996660219373
24.24242424242424,13.13131313131313,4.141969321158101,23.88092318157469,3.98035788737694
25.25252525252525,13.13131313131313,4.859268468404995,18.85712588175879,4.080221228101633
26.26262626262626,13.13131313131313,7.197611123940968,27.14216230113732,4.031690385855741
27.27272727272727,13.13131313131313,3.963275001506629,21.24661503503314,5.080884218504202
28.28282828282828,13.13131313131313,5.2918518649182875,22.66293640443778,3.572491927445286
29.29292929292929,13.13131313131313,17.691635142623788,34.90621091574,4.791797507701581
30.3030303030303,13.13131313131313,6.64203197237192,26.45235087328579,4.004109669281419
31.31313131313131,13.13131313131313,4.486023942767697,24.44383569197851,4.86071376349444
32.32323232323233,13.13131313131313,4.701317871310243,20.01138502562713,4.664692056030591
33.33333333333334,13.13131313131313,1.9688152986212568,19.96896190350549,4.087352857562601
34.34343434343435,13.13131313131313,4.6191130843168,19.04968594663778,4.024934079474575
35.35353535353536,13.13131313131313,4.3958556270323355,26.4232935850359,5.952398481562983
36.36363636363637,13.13131313131313,4.823061499649618,23.94549571311241,3.603573643414675
37.37373737373738,13.13131313131313,15.022216523413798,14.63907660203178,3.180219993827273
38.38383838383839,13.13131313131313,11.394441875439624,9.3399928468601,5.661489498198914
39.3939393939394,13.13131313131313,9.290142027566151,23.5398949266216,4.960605643769669
40.40404040404041,13.13131313131313,2.6869372239655682,24.85560028602011,4.993884231091311
41.41414141414142,13.13131313131313,9.542869620431595,31.3544768948562,4.742001324568709
42.42424242424243,13.13131313131313,5.371079388984677,19.4200911815723,4.995387497465016
43.43434343434344,13.13131313131313,6.8099651191099975,21.70291665630973,5.209772656317832
44.44444444444445,13.13131313131313,3.306298941905836,22.15405235150597,4.60797659659772
45.45454545454546,13.13131313131313,5.685471954761688,19.77758023582945,4.6209398213005
46.46464646464647,13.13131313131313,14.696142301205825,33.26545334831852,4.022617714797637
47.47474747474748,13.13131313131313,6.491459715249719,20.81445202719473,4.590719311497761
48.48484848484848,13.13131313131313,3.9093887418859454,24.51748029013287,5.912021707131387
49.49494949494949,13.13131313131313,6.813749477474342,21.14428893033367,4.660486637779172
50.50505050505051,13.13131313131313,4.472839825197173,14.75404177933236,4.468321087286614
51.51515151515152,13.13131313131313,8.290103831485848,23.7729756680368,3.922046991199203
52.52525252525253,13.13131313131313,4.569947964106378,27.88338234053472,3.422298635083532
53.53535353535354,13.13131313131313,8.261865828764591,17.23554025412205,5.365403452988714
54.54545454545455,13.13131313131313,6.615675128742364,25.00626406840299,5.130178454428052
55.55555555555556,13.13131313131313,6.92634408700224,15.07868937286655,4.037122193395453
56.56565656565657,13.13131313131313,6.50547315968589,20.84216414207807,5.922097755475603
57.57575757575758,13.13131313131313,7.204650024487024,31.24451953700919,3.998284583018458
58.58585858585859,13.13131313131313,7.494752897304984,16.48494425655626,4.080054610488304
59.5959595959596,13.13131313131313,11.016183465604927,12.32336671804388,3.544506584025621
60.60606060606061,13.13131313131313,5.868387527311656,18.16868612157719,3.284740669933512
61.61616161616162,13.13131313131313,2.4861946234108876,21.89630988407772,5.47118723286691
62.62626262626263,13.13131313131313,6.887371373773507,21.69826294507024,3.829552875114981
63.63636363636364,13.13131313131313,5.830787813185705,15.22016133556512,3.565490398725348
64.64646464646465,13.13131313131313,10.14393825347683,29.17722027282488,5.607429041957415
65.65656565656566,13.13131313131313,9.520659291583474,20.49170872688538,3.158300767712722
66.66666666666667,13.13131313131313,8.405359684046696,14.49725416854583,4.649558080506537
67.67676767676768,13.13131313131313,17.24707477053584,31.92438914230675,4.890117466361374
68.68686868686869,13.13131313131313,14.816903186803701,11.17876206631874,4.064523823724958
69.6969696969697,13.13131313131313,7.850187834994633,30.56082967232178,4.177875579656384
70.70707070707071,13.13131313131313,12.717511183400944,32.21092774724793,3.728613084637621
71.71717171717172,13.13131313131313,14.237961474751938,13.08974460183973,4.007646943508293
72.72727272727273,13.13131313131313,4.35248784167093,17.07232195372353,6.553984212749378
73.73737373737374,13.13131313131313,9.81814314937532,14.15571489038527,3.992207746292354
74.74747474747475,13.13131313131313,14.012237943413517,30.7529522550813,4.493642088046448
75.75757575757576,13.13131313131313,10.609713201694802,15.45277208756971,3.251709414394242
76.76767676767678,13.13131313131313,6.133122653872342,25.96623796533162,3.583550121896299
77.77777777777779,13.13131313131313,3.842799985299105,19.04124167500525,4.187576570108043
78.7878787878788,13.13131313131313,8.035104723287498,20.50139567265408,3.897943186090357
79.7979797979798,13.13131313131313,9.379976908540094,11.03814717831666,4.370011434134113
80.80808080808082,13.13131313131313,6.183462789414677,23.09391862790406,3.713190902318945
81.81818181818183,13.13131313131313,3.9609795132118073,22.90049061714086,4.211646778890049
82.82828282828284,13.13131313131313,6.274216638073901,25.30654972764705,4.946488109568024
83.83838383838385,13.13131313131313,18.14613095310259,37.91761784526005,5.477773249453565
84.84848484848486,13.13131313131313,13.019975719261792,10.95508181815118,4.942111812726181
85.85858585858587,13.13131313131313,11.047691866602468,14.27780047186378,5.630410065303191
86.86868686868688,13.13131313131313,9.341942298458179,27.82691801732983,3.855077622753722
87.87878787878789,13.13131313131313,4.581664808826489,23.12233079206066,4.457014530988198
88.8888888888889,13.13131313131313,2.071066693318902,19.97327965816548,5.146111969725208
89.89898989898991,13.13131313131313,3.9096747238294602,22.90461504991891,4.963009020531128
90.90909090909092,13.13131313131313,6.279833517667771,15.4205922216604,3.864019802290462
91.91919191919193,13.13131313131313,5.49748613527851,24.3948721015328,4.700074632167163
92.92929292929294,13.13131313131313,6.0970817047211465,26.75656932697093,3.319998696532433
93.93939393939395,13.13131313131313,5.345166098680721,24.69953000857869,4.788637983783944
94.94949494949496,13.13131313131313,11.715982541718303,31.41562575359619,4.296522270803615
95.95959595959597,13.13131313131313,7.010443727124358,23.4667125938859,4.771648183411989
96.96969696969697,13.13131313131313,13.586094132428979,33.17269484601589,6.950963639893613
97.97979797979798,13.13131313131313,9.43183756006838,15.12015944838404,3.847790746295405
98.98989898989899,13.13131313131313,7.40826243904664,21.044937500732,5.419682164590174
100.0,13.13131313131313,5.77706152182643,25.18662472171183,5.516060529364941
0.0,14.14141414141414,10.471064075072839,19.63516626695808,4.978281641010864
1.01010101010101,14.14141414141414,6.488001124847052,30.8325064914638,3.59845491472345
2.02020202020202,14.14141414141414,6.139326762985228,31.68303650302025,4.502634092749191
3.03030303030303,14.14141414141414,6.42329558166083,25.0831529101269,3.103012797065785
4.040404040404041,14.14141414141414,4.111171149011151,27.87354644770862,5.692875816581633
5.050505050505051,14.14141414141414,8.492825546803466,16.9181336211355,3.291177683030833
6.060606060606061,14.14141414141414,15.086548142609072,36.35145195933845,4.432955033071417
7.070707070707071,14.14141414141414,11.274797603478307,16.25639548259346,6.196464170243135
8.080808080808081,14.14141414141414,2.6541074302762073,14.9911010009096,5.147329659720289
9.090909090909092,14.14141414141414,7.446827676660563,14.79271021810819,4.515188912529259
10.1010101010101,14.14141414141414,4.78795861035838,15.10331291416159,3.510301180517109
11.11111111111111,14.14141414141414,9.7172135747483,23.05693743854971,4.18488116200416
12.12121212121212,14.14141414141414,7.866524911694952,32.52626127442541,4.87376426863162
13.13131313131313,14.14141414141414,7.846813127276192,28.43504526137273,5.279792043121096
14.14141414141414,14.14141414141414,5.9653633258228504,17.94622645044305,3.920103807974906
15.15151515151515,14.14141414141414,5.234881477794873,19.00904339009915,4.464057813552097
16.16161616161616,14.14141414141414,3.4980960670621783,21.69801092639449,5.148355469555344
17.17171717171717,14.14141414141414,2.4412753863346826,24.73673815370011,4.407741351745649
18.18181818181818,14.14141414141414,2.771143921606142,25.17194250844538,4.931801969934658
19.19191919191919,14.14141414141414,15.250383309800796,34.75128609108969,3.880389668749831
20.2020202020202,14.14141414141414,9.475681881581973,16.78469152445144,4.345360350660665
21.21212121212121,14.14141414141414,3.411317019193663,21.66660002776631,4.440925540530099
22.22222222222222,14.14141414141414,7.166985588994339,20.53644002514746,3.547695338136633
23.23232323232324,14.14141414141414,4.598748127020711,23.24266278664847,3.690086656265393
24.24242424242424,14.14141414141414,3.4896922203754475,19.83949382660945,4.905507048815874
25.25252525252525,14.14141414141414,3.6968614231182473,16.83706712061203,4.696870737935994
26.26262626262626,14.14141414141414,7.565113965562759,23.49577744657213,5.261547091170812
27.27272727272727,14.14141414141414,9.300657551060556,14.28085499992893,4.883546170524887
28.28282828282828,14.14141414141414,3.847737736925313,22.83739234551341,4.451966125992556
29.29292929292929,14.14141414141414,9.590688116658416,16.58788987028825,4.15730864680848
30.3030303030303,14.14141414141414,8.585002542456941,30.12604472363483,3.324806512421643
31.31313131313131,14.14141414141414,8.711273582243198,21.05819820409151,3.397033654363999
32.32323232323233,14.14141414141414,12.026270971244955,33.52948173021088,4.521780692797137
33.33333333333334,14.14141414141414,5.301128014383106,21.07488643659679,3.885756785602235
34.34343434343435,14.14141414141414,5.743043774752992,27.03840851537485,5.950596880840315
35.35353535353536,14.14141414141414,7.2958525023041085,32.00305227026141,6.797061708030666
36.36363636363637,14.14141414141414,13.162986158119685,17.90349398999102,4.530747302993895
37.37373737373738,14.14141414141414,26.264636009678846,46.96594700706449,4.642582855456894
38.38383838383839,14.14141414141414,12.79998956920096,26.32144214311806,4.307343093399467
39.3939393939394,14.14141414141414,14.414053063057061,13.26940554112948,4.309574532842783
40.40404040404041,14.14141414141414,6.396248436123853,25.39654011766414,4.186639813294585
41.41414141414142,14.14141414141414,6.807966892723909,16.52935350606132,4.141003901667836
42.42424242424243,14.14141414141414,8.076293826536036,17.80736651364016,5.154492535178028
43.43434343434344,14.14141414141414,18.082431192465577,39.2639012696857,3.089149885854569
44.44444444444445,14.14141414141414,5.785349633402202,26.3559171609843,4.865487933156192
45.45454545454546,14.14141414141414,4.637281029444449,25.27380504791125,5.087482157014325
46.46464646464647,14.14141414141414,7.230192338475225,19.69696419091063,3.421137784914798
47.47474747474748,14.14141414141414,3.9074202070913104,18.72381304697294,3.803970631636928
48.48484848484848,14.14141414141414,6.557774650702494,17.27523132957463,5.063901578341134
49.49494949494949,14.14141414141414,13.83295736946244,31.44364596740116,4.632535335755255
50.50505050505051,14.14141414141414,9.691562514678592,16.36169533594898,4.834573151269626
51.51515151515152,14.14141414141414,16.284008636296385,10.7882866305436,4.263293578182557
52.52525252525253,14.14141414141414,7.556144739242674,24.42383863471379,4.421316563064036
53.53535353535354,14.14141414141414,3.8184209502870603,27.90994689096101,3.421442812325308
54.54545454545455,14.14141414141414,5.124643682587449,28.23730943076148,4.238452211836764
55.55555555555556,14.14141414141414,5.527146568243708,21.19884515480863,4.011778911942012
56.56565656565657,14.14141414141414,9.922970749250982,14.27571565648594,4.117189689482601
57.57575757575758,14.14141414141414,9.237906519959973,32.86282781425601,4.588883042418277
58.58585858585859,14.14141414141414,7.629482967139587,19.04560152403045,4.76329653438658
59.5959595959596,14.14141414141414,11.237382970450149,29.75857159764132,5.788160259600357
60.60606060606061,14.14141414141414,4.837115673492968,23.20989646706757,4.108581858012577
61.61616161616162,14.14141414141414,4.089464692645859,22.63129550440734,4.373999420823814
62.62626262626263,14.14141414141414,11.668752188030558,33.38349573441255,4.85085920783407
63.63636363636364,14.14141414141414,5.295584567482112,17.44339590319771,4.361330666074402
64.64646464646465,14.14141414141414,4.254862365985027,17.8380137365621,4.730494837090633
65.65656565656566,14.14141414141414,4.525567661201205,13.33020227837121,3.295844819859511
66.66666666666667,14.14141414141414,3.028930018525335,18.37937227625028,5.476473504264566
67.67676767676768,14.14141414141414,8.21124619153843,19.32151323912747,3.953432171176857
68.68686868686869,14.14141414141414,11.075400815066367,28.57920780706144,5.107218139879095
69.6969696969697,14.14141414141414,6.728425508610676,20.43693894971526,4.230240352846883
70.70707070707071,14.14141414141414,6.28936535422746,22.86637391987136,4.953051530584948
71.71717171717172,14.14141414141414,5.9591834465658,20.41085473278274,4.383817136997637
72.72727272727273,14.14141414141414,8.245624643433839,24.51001184681094,4.174698990726193
73.73737373737374,14.14141414141414,7.920925738657283,9.834311548261566,4.344302583730737
74.74747474747475,14.14141414141414,8.111999088507636,17.57065925589659,5.34396566225255
75.75757575757576,14.14141414141414,8.408078099296517,26.79164705439532,5.315509617132935
76.76767676767678,14.14141414141414,3.2947465759020513,27.04478378523348,4.683195373599297
77.77777777777779,14.14141414141414,10.952571098489695,23.09922208548239,4.792910832610716
78.7878787878788,14.14141414141414,18.66848978790729,0.0,4.37613644340755
79.7979797979798,14.14141414141414,6.74423545696276,16.14076911106253,5.101907102545308
80.80808080808082,14.14141414141414,6.054739206986497,17.04364738604935,3.75805596021852
81.81818181818183,14.14141414141414,4.789632304385345,18.92199787797104,5.044359259830424
82.82828282828284,14.14141414141414,5.308440623824092,27.93984577863855,5.06447855928656
83.83838383838385,14.14141414141414,5.476759245459482,24.70614568727524,4.496402194975301
84.84848484848486,14.14141414141414,7.709472144882327,25.03879448809153,4.035953086883524
85.85858585858587,14.14141414141414,21.71681659157481,40.2368850341592,5.580035090580854
86.86868686868688,14.14141414141414,12.512876781183254,15.08317271882719,2.698581715588964
87.87878787878789,14.14141414141414,4.10313628145005,19.71097659854559,4.033012912483109
88.8888888888889,14.14141414141414,3.26071776107294,18.24493486503049,5.800206734385922
89.89898989898991,14.14141414141414,5.377074047936353,24.49444862587947,4.46800306123362
90.90909090909092,14.14141414141414,6.611454185847678,16.11725543651104,4.756830894652116
91.91919191919193,14.14141414141414,11.21208507218584,29.28669296893763,2.596165893126885
92.92929292929294,14.14141414141414,11.769562292577902,14.66041350654088,2.949769054828344
93.93939393939395,14.14141414141414,16.741755388483398,34.10383806964889,5.818651340619023
94.94949494949496,14.14141414141414,16.52126008328294,12.10609972120786,5.13166476419749
95.95959595959597,14.14141414141414,7.605682170009404,15.55188059304638,3.937659869043961
96.96969696969697,14.14141414141414,10.921210873206054,32.83967495376633,2.990133063495976
97.97979797979798,14.14141414141414,7.262860813729529,24.91113519018427,4.540758003949746
98.98989898989899,14.14141414141414,7.378585745190163,31.56655521643316,4.170442505788841
100.0,14.14141414141414,2.319659212810689,26.45035386535493,3.802622606622607
0.0,15.15151515151515,3.0207558691244167,24.01475964539242,3.855861992366571
1.01010101010101,15.15151515151515,7.075270314678598,27.418301808833,4.568271044919926
2.02020202020202,15.15151515151515,4.731229076229973,22.99601260936048,4.858543200709954
3.03030303030303,15.15151515151515,7.777934564825596,20.92445665554616,3.528934408119691
4.040404040404041,15.15151515151515,5.975000965215982,26.72643612658644,4.245455786105373
5.050505050505051,15.15151515151515,11.083037924023868,14.11298905735032,5.026922661324448
6.060606060606061,15.15151515151515,9.729111033512863,33.84549928206003,4.061728654343008
7.070707070707071,15.15151515151515,8.488029294815783,29.35326966829979,4.366973967329275
8.080808080808081,15.15151515151515,10.275418653725158,19.11501053952578,3.839811117466248
9.090909090909092,15.15151515151515,17.220864977602428,36.81340720360591,4.235584440383156
10.1010101010101,15.15151515151515,6.649876682579528,16.87982326925656,4.83442699867857
11.11111111111111,15.15151515151515,6.275078054111084,15.30025436820771,4.00666704271474
12.12121212121212,15.15151515151515,7.812825279662489,23.15794526854262,4.622923406207513
13.13131313131313,15.15151515151515,9.941300163419381,13.67000707364068,3.836991016305588
14.14141414141414,15.15151515151515,8.605193708996708,10.48113609981295,4.541814860606482
15.15151515151515,15.15151515151515,6.658939165650428,17.74398910295127,3.767401418476941
16.16161616161616,15.15151515151515,9.954089032742107,29.59447174357951,4.658313180781668
17.17171717171717,15.15151515151515,2.2384174498863194,23.65299173632573,4.927712741200088
18.18181818181818,15.15151515151515,6.368335181433577,24.68409717626035,4.479305515588187
19.19191919191919,15.15151515151515,5.331658949318759,26.3789753536051,3.500172259018516
20.2020202020202,15.15151515151515,5.4900433956474695,23.40407173177218,5.007965621750471
21.21212121212121,15.15151515151515,6.773435823651607,17.24364870572344,4.907425876313946
22.22222222222222,15.15151515151515,14.356861118482282,8.321498910789725,5.494218614786603
23.23232323232324,15.15151515151515,10.059753000150247,28.75497661130047,4.786973795741639
24.24242424242424,15.15151515151515,6.030479901645589,16.32774996610934,4.796375262237177
25.25252525252525,15.15151515151515,9.287501376624821,19.94331701998074,4.561697802568869
26.26262626262626,15.15151515151515,10.64456936784851,34.23621568165468,4.607327536777817
27.27272727272727,15.15151515151515,8.620597800722022,26.74626537683926,3.156288323965823
28.28282828282828,15.15151515151515,2.6859864061152603,22.42693715969743,4.778282655256112
29.29292929292929,15.15151515151515,2.9773516150106296,16.84466396289843,4.047244111058241
30.3030303030303,15.15151515151515,6.120691969035661,22.06572977704601,4.740047486835257
31.31313131313131,15.15151515151515,6.545170695893002,30.97852499951461,5.850079451851987
32.32323232323233,15.15151515151515,8.017585101756275,23.86837336954828,5.800092203715639
33.33333333333334,15.15151515151515,3.148419365376488,19.39441628454782,4.794080910565243
34.34343434343435,15.15151515151515,4.081363816963182,22.98312181876458,3.933198092575015
35.35353535353536,15.15151515151515,4.7082907977257955,27.46360298142745,3.619256126822732
36.36363636363637,15.15151515151515,3.2206605325904025,21.3514256020045,4.245910197877328
37.37373737373738,15.15151515151515,7.950887572005988,23.94123125440174,3.842472196361568
38.38383838383839,15.15151515151515,3.514528403348076,26.84340965772893,5.478660100183825
39.3939393939394,15.15151515151515,14.580425790129404,35.47595722934236,4.018200189685719
40.40404040404041,15.15151515151515,5.325273127132655,29.44627284237804,4.011067603438632
41.41414141414142,15.15151515151515,5.839037523174942,18.79089806898041,3.791323855637377
42.42424242424243,15.15151515151515,5.787716134868977,25.76526938822779,4.722417368069499
43.43434343434344,15.15151515151515,7.765971353588257,18.85967997794629,4.879411118071833
44.44444444444445,15.15151515151515,3.0950823179963347,21.40647965862827,5.406635082058971
45.45454545454546,15.15151515151515,5.4631584581762755,18.87985871228892,5.124675333017789
46.46464646464647,15.15151515151515,5.964073507627774,28.49925238646533,4.420291742823859
47.47474747474748,15.15151515151515,7.6001212846008785,29.84112203378039,4.498357593850719
48.48484848484848,15.15151515151515,6.25448798272066,20.64708461660153,3.500003978258302
49.49494949494949,15.15151515151515,11.736399161571208,15.6615387958976,4.300864890069697
50.50505050505051,15.15151515151515,16.236911588739837,32.86493250118917,3.583191141739588
51.51515151515152,15.15151515151515,25.156061417141935,43.73067142866038,3.259082018920035
52.52525252525253,15.15151515151515,17.48201133198417,14.78046364398143,4.916818851841072
53.53535353535354,15.15151515151515,6.911238384235123,27.12414052269942,3.534970462769983
54.54545454545455,15.15151515151515,11.220551551188585,38.13901198299946,4.756774265768412
55.55555555555556,15.15151515151515,4.623392772591038,23.22568187156584,4.267459987823167
56.56565656565657,15.15151515151515,5.770145521624028,21.89090851180498,3.973626320403545
57.57575757575758,15.15151515151515,8.852197850473353,35.79180716885345,4.515057293402653
58.58585858585859,15.15151515151515,6.304038592496871,22.47267976127818,4.521731098802092
59.5959595959596,15.15151515151515,5.415911191547453,19.50588979962279,5.091518324761726
60.60606060606061,15.15151515151515,5.827544148102673,16.02992021182006,4.554108553543412
61.61616161616162,15.15151515151515,4.865243908456455,26.92336746199572,5.163660939104387
62.62626262626263,15.15151515151515,5.159917689806805,25.08601983285267,5.685538589334999
63.63636363636364,15.15151515151515,3.31458216953508,20.06778194091434,5.646434364276876
64.64646464646465,15.15151515151515,1.6489469697814907,18.61582737268415,4.85434101581307
65.65656565656566,15.15151515151515,6.088267901094536,14.7139850185919,4.548314565811418
66.66666666666667,15.15151515151515,4.544376525844754,20.62166328189091,4.502102123407148
67.67676767676768,15.15151515151515,9.03606092103064,29.36378657129075,5.477101272115622
68.68686868686869,15.15151515151515,8.587540930153025,19.07801371281883,4.918183121437236
69.6969696969697,15.15151515151515,12.22843496071943,14.21883146538136,4.557274056651154
70.70707070707071,15.15151515151515,10.87387528269137,33.79432735215991,5.670793060573502
71.71717171717172,15.15151515151515,10.065011645501535,30.37180208698611,4.521487898350219
72.72727272727273,15.15151515151515,5.9340673741719225,17.74006057874057,5.194027529424786
73.73737373737374,15.15151515151515,6.025927522225187,14.7845631545826,4.310012038784152
74.74747474747475,15.15151515151515,5.999785899157765,19.87902710460867,5.417827369225244
75.75757575757576,15.15151515151515,8.87425858851671,13.97233415337175,5.423622843665816
76.76767676767678,15.15151515151515,8.723271896655298,19.14304173211639,5.19398674876672
77.77777777777779,15.15151515151515,15.713680925838432,35.80674228373055,4.628863490039049
78.7878787878788,15.15151515151515,10.839435019134376,14.93257228243016,4.355163672868473
79.7979797979798,15.15151515151515,6.728491827375812,20.97144162011835,4.316862229627285
80.80808080808082,15.15151515151515,10.578377781094664,32.43110420523212,3.361174153443799
81.81818181818183,15.15151515151515,5.294672318434706,23.2058359637534,3.931158226223652
82.82828282828284,15.15151515151515,3.661398563145627,21.5909273263645,4.405053792833569
83.83838383838385,15.15151515151515,4.343778041027674,19.57692975560172,3.818704482857735
84.84848484848486,15.15151515151515,3.971993485970674,23.81535792538653,4.813006085704955
85.85858585858587,15.15151515151515,11.487000186107903,19.68050609155508,4.940238015002505
86.86868686868688,15.15151515151515,4.543452143442653,22.60941835000715,4.850250930409236
87.87878787878789,15.15151515151515,7.206403457234022,26.61832191759722,3.705216500633311
88.8888888888889,15.15151515151515,10.842495429760142,14.6459641082378,5.208058328068422
89.89898989898991,15.15151515151515,10.474666991775997,29.78620429144691,5.353660467775226
90.90909090909092,15.15151515151515,8.046473294495733,11.91473262976599,3.330550466929763
91.91919191919193,15.15151515151515,6.082814845443449,17.12589054242244,4.541424663157056
92.92929292929294,15.15151515151515,2.222676915023057,15.57280283091768,3.971387794242071
93.93939393939395,15.15151515151515,9.356942230916465,17.98228748833452,5.491973416831579
94.94949494949496,15.15151515151515,20.225323251545433,33.43809480167175,5.308545849123046
95.95959595959597,15.15151515151515,5.251724621388855,17.32620203968601,5.283090342765184
96.96969696969697,15.15151515151515,8.67243162246639,14.70418547749367,3.873741243820869
97.97979797979798,15.15151515151515,4.047602970886308,20.23462746689733,4.308224448601702
98.98989898989899,15.15151515151515,5.26687946657686,24.34545132870078,4.032853798407366
100.0,15.15151515151515,1.7256678310448663,27.02940100906567,5.981461079107103
0.0,16.16161616161616,6.981562907426915,25.29389171089075,4.127914282216736
1.01010101010101,16.16161616161616,13.590908711148826,10.35725659566251,3.352554164660042
2.02020202020202,16.16161616161616,9.126921541656888,19.2519653513872,5.549859850425173
3.03030303030303,16.16161616161616,20.81083097348874,1.844950075679114,4.277423316657796
4.040404040404041,16.16161616161616,6.759758079617254,22.38896912712109,4.384478098387583
5.050505050505051,16.16161616161616,3.6841674546649235,23.29403889571478,4.14533908015767
6.060606060606061,16.16161616161616,5.1555766227844115,21.65974766375695,5.357899155425623
7.070707070707071,16.16161616161616,5.606002808691218,23.22851541727724,4.079514152691228
8.080808080808081,16.16161616161616,4.1603587953659735,28.15611982295609,4.181237954847662
9.090909090909092,16.16161616161616,7.56150120750773,27.58262487712341,4.399198057987796
10.1010101010101,16.16161616161616,4.572074642715053,20.1896668090815,3.696682762221561
11.11111111111111,16.16161616161616,5.15632478151271,23.20662371292629,4.066092181405251
12.12121212121212,16.16161616161616,5.0997883274497156,18.6205892510123,5.46453793643683
13.13131313131313,16.16161616161616,5.65184988516715,25.99336037085649,3.391949803452144
14.14141414141414,16.16161616161616,6.9307881037871155,26.98509660820363,3.119547160312865
15.15151515151515,16.16161616161616,4.586169605815395,24.00135583463854,4.779450606376573
16.16161616161616,16.16161616161616,10.186948599199528,15.46653907767812,3.096840406102791
17.17171717171717,16.16161616161616,9.774277167742525,24.55032967130823,4.651401144799047
18.18181818181818,16.16161616161616,25.005898457862642,2.42458539999044,4.12542198597753
19.19191919191919,16.16161616161616,13.27131890185936,34.66351861421788,4.930524175802574
20.2020202020202,16.16161616161616,4.7490707573864235,29.60953845915966,3.630022759022999
21.21212121212121,16.16161616161616,5.2703180991052045,24.83186785730454,4.195976296518903
22.22222222222222,16.16161616161616,5.184406552239861,24.17837477491665,4.396581070118737
23.23232323232324,16.16161616161616,4.8257886735893925,26.88898278105336,4.079882681537014
24.24242424242424,16.16161616161616,6.634817463467279,20.89513201312906,4.48702586668691
25.25252525252525,16.16161616161616,17.68443238740023,36.07860691156598,3.621188375836358
26.26262626262626,16.16161616161616,8.516219386801676,24.18122541183254,3.808769700051527
27.27272727272727,16.16161616161616,6.523817621979803,16.53856307281875,5.876655376260667
28.28282828282828,16.16161616161616,4.8716141308519205,22.85882618440166,3.157717780179462
29.29292929292929,16.16161616161616,3.3175305840599654,17.69395731938419,3.901314305619683
30.3030303030303,16.16161616161616,5.325299488934675,24.35432166998365,3.988795555668914
31.31313131313131,16.16161616161616,8.850700436405088,30.74111586380064,5.556720388909082
32.32323232323233,16.16161616161616,10.363555678439122,13.04325003815257,3.199336590406731
33.33333333333334,16.16161616161616,4.558189741823757,22.24496097478758,4.62491079458597
34.34343434343435,16.16161616161616,4.186667906108227,27.18410369312741,6.369799693165827
35.35353535353536,16.16161616161616,4.604664561384115,23.76254762144405,4.059020045127705
36.36363636363637,16.16161616161616,1.657617707074067,20.61869811547656,4.040174492402941
37.37373737373738,16.16161616161616,2.5400872283566134,20.65438077476497,5.110146930820767
38.38383838383839,16.16161616161616,4.4234971803361125,24.84198953388812,6.255820838391608
39.3939393939394,16.16161616161616,16.620961480915195,14.02303771561538,3.815468302179196
40.40404040404041,16.16161616161616,10.871039363191976,30.01257346583281,3.869010941063665
41.41414141414142,16.16161616161616,4.360934676641774,22.25575750611608,4.399357317602107
42.42424242424243,16.16161616161616,2.8045500743092537,24.45226845286839,5.097245033597107
43.43434343434344,16.16161616161616,6.523718956749993,17.65240494629615,4.274056522439627
44.44444444444445,16.16161616161616,4.359399989465573,23.76395080123625,4.705883929809169
45.45454545454546,16.16161616161616,2.108071888340051,22.19253158885594,4.466878811108525
46.46464646464647,16.16161616161616,2.881336013623912,24.4065098730004,4.087188496814316
47.47474747474748,16.16161616161616,6.415005929006744,21.09385294667825,4.975032396106116
48.48484848484848,16.16161616161616,5.463808846526343,28.11360002257448,4.615699504267272
49.49494949494949,16.16161616161616,6.57212851864228,24.63608874468337,6.138569888618202
50.50505050505051,16.16161616161616,10.450596311963459,12.4896559442328,4.029462377837562
51.51515151515152,16.16161616161616,17.211993078107312,15.86475727035956,4.483607066093697
52.52525252525253,16.16161616161616,14.19156633739592,33.77124931778881,5.114531578312668
53.53535353535354,16.16161616161616,5.958801380071525,23.62354169303855,3.500423730521763
54.54545454545455,16.16161616161616,10.466397704868964,29.08670990221677,4.211624587660307
55.55555555555556,16.16161616161616,3.109291048824282,23.4443127739783,3.98871506277996
56.56565656565657,16.16161616161616,4.070098474230836,21.66119129743724,3.958508444505984
57.57575757575758,16.16161616161616,4.706204578336904,30.53202118618123,4.319064289898508
58.58585858585859,16.16161616161616,9.36531240403123,27.97583852478727,4.893163673126322
59.5959595959596,16.16161616161616,6.160943093593172,14.53768638090963,4.618666093723795
60.60606060606061,16.16161616161616,7.522047974731652,17.79070371100485,4.587493686019912
61.61616161616162,16.16161616161616,4.621676475348391,24.48525866507699,4.021764675533664
62.62626262626263,16.16161616161616,8.379240000961419,30.57262916943863,6.244685667523288
63.63636363636364,16.16161616161616,8.680670997445638,15.90403176065917,3.935933040564919
64.64646464646465,16.16161616161616,6.985317606834623,18.15165005200268,3.788296005624258
65.65656565656566,16.16161616161616,8.132730628767296,27.87375326535809,4.030654051699578
66.66666666666667,16.16161616161616,4.839479318542471,19.33624973685137,4.46935273512009
67.67676767676768,16.16161616161616,5.000508132530107,22.28971236720323,3.775400508155349
68.68686868686869,16.16161616161616,5.842942977925533,28.78202823327893,5.347161569983031
69.6969696969697,16.16161616161616,9.685172240849157,32.47978568970916,4.379642612404178
70.70707070707071,16.16161616161616,7.341534259764241,24.22480080563533,5.342163935515774
71.71717171717172,16.16161616161616,9.22125261522682,16.12696963260268,4.695077939723046
72.72727272727273,16.16161616161616,5.0835309979342425,19.11913987495438,5.71435626717521
73.73737373737374,16.16161616161616,5.735587035089693,25.88806026297827,5.022715625601943
74.74747474747475,16.16161616161616,5.951286269435324,30.56864595126466,4.442299936410918
75.75757575757576,16.16161616161616,4.6070413428639645,25.57265507643346,4.09928293752616
76.76767676767678,16.16161616161616,1.940996019301993,24.29997913526169,4.449172414907687
77.77777777777779,16.16161616161616,5.606232548607773,23.19740933153953,2.516718770651356
78.7878787878788,16.16161616161616,7.19893797385745,16.44470073754892,4.850659797569778
79.7979797979798,16.16161616161616,5.31089820708244,25.55620449776382,5.324176935308529
80.80808080808082,16.16161616161616,6.368668747942602,26.18998072662871,4.702348755522827
81.81818181818183,16.16161616161616,6.354862302526264,29.26051027284225,3.910283184233252
82.82828282828284,16.16161616161616,5.364587661295352,26.25869691852128,3.934226384137317
83.83838383838385,16.16161616161616,9.862151861419026,13.58345926371213,4.375486608067523
84.84848484848486,16.16161616161616,8.373268568203315,30.10661530294797,4.229259919874751
85.85858585858587,16.16161616161616,15.631275282387211,38.00836380109906,4.474061010511872
86.86868686868688,16.16161616161616,7.1184378050065815,18.89967123345864,4.767144972943005
87.87878787878789,16.16161616161616,4.2646130053784885,20.68131478466226,5.451160214089371
88.8888888888889,16.16161616161616,10.67179981866411,27.30437707791714,4.298582159304252
89.89898989898991,16.16161616161616,10.125550610117095,33.38140474809343,4.286251530203781
90.90909090909092,16.16161616161616,7.795516410192596,16.8154734266665,5.39708583095051
91.91919191919193,16.16161616161616,8.954446837790162,11.71967921132504,3.869053502727367
92.92929292929294,16.16161616161616,4.71084156345309,19.58854879771151,3.533579358543233
93.93939393939395,16.16161616161616,5.203146086277566,14.5413611167371,3.330448226942523
94.94949494949496,16.16161616161616,18.016297039647743,5.436496951276886,4.088258692920681
95.95959595959597,16.16161616161616,5.688195812177534,17.82486975442372,5.661169842012683
96.96969696969697,16.16161616161616,4.321161713937316,23.10596393949057,3.99921616514182
97.97979797979798,16.16161616161616,4.755231734539274,22.10726577594851,4.220003454008626
98.98989898989899,16.16161616161616,10.240737814907801,31.3970917651075,4.197515236929664
100.0,16.16161616161616,5.76608157068759,25.1153943400067,3.980725529343887
0.0,17.17171717171717,3.2617252637681915,20.56497016933658,4.426957882739922
1.01010101010101,17.17171717171717,5.575194812109118,23.82850235613439,5.863019814431143
2.02020202020202,17.17171717171717,2.997349688768333,25.71388022860869,3.924122147321811
3.03030303030303,17.17171717171717,9.541662126830218,28.05773306261699,5.01911144621019
4.040404040404041,17.17171717171717,3.04897999166619,21.13649262815309,4.44316487715876
5.050505050505051,17.17171717171717,4.801678349435922,20.27777991597107,3.716005287608873
6.060606060606061,17.17171717171717,7.266300954852433,26.89324355111339,4.0728677145756
7.070707070707071,17.17171717171717,6.693421726477621,33.03140024182042,4.840354730546515
8.080808080808081,17.17171717171717,5.804341653251994,26.05689327643403,4.570245449854801
9.090909090909092,17.17171717171717,8.28770795515989,14.53385538744958,4.609162207781976
10.1010101010101,17.17171717171717,2.18227977722511,15.62112674993293,3.279151106043735
11.11111111111111,17.17171717171717,5.016451958930782,18.09068529735281,4.748512778299158
12.12121212121212,17.17171717171717,3.131061333190994,22.52358096152267,5.292005841333928
13.13131313131313,17.17171717171717,5.293510696174011,24.07382148459503,3.7168719535223
14.14141414141414,17.17171717171717,8.076409565574028,34.22881150404918,4.253061910742756
15.15151515151515,17.17171717171717,10.812884793283768,23.43260167358974,4.343365935682431
16.16161616161616,17.17171717171717,11.456387706362904,6.465284697371936,4.413773566308371
17.17171717171717,17.17171717171717,8.240896997696854,17.56009380026853,3.349159941669013
18.18181818181818,17.17171717171717,8.902599059530814,25.82398996962588,3.571322021804781
19.19191919191919,17.17171717171717,5.2907355800523765,27.15569963667888,6.203563040735598
20.2020202020202,17.17171717171717,10.859705386259503,32.56870400440454,5.10336944397399
21.21212121212121,17.17171717171717,11.752977486923864,16.76997829670783,5.549405338586148
22.22222222222222,17.17171717171717,6.536291569881274,25.69502403122457,4.378137571509972
23.23232323232324,17.17171717171717,8.797225678320462,18.15628069100391,3.704244314409594
24.24242424242424,17.17171717171717,4.8529679536936605,21.68969415361724,5.360406023182714
25.25252525252525,17.17171717171717,20.11531776492104,8.55702365172065,3.892216618943905
26.26262626262626,17.17171717171717,13.016589032054162,28.65106885046988,3.446611077113269
27.27272727272727,17.17171717171717,5.710538662339423,14.61392033951675,5.00920908942084
28.28282828282828,17.17171717171717,4.041295729741552,15.28939066229859,4.332248715168951
29.29292929292929,17.17171717171717,5.388549534999094,18.28955308352136,4.57581401368804
30.3030303030303,17.17171717171717,7.382783193823265,30.31976918836826,4.576946904253648
31.31313131313131,17.17171717171717,6.859805478912935,19.66038327335932,4.275819547461553
32.32323232323233,17.17171717171717,6.466982279502138,16.77277265823026,3.692044271636587
33.33333333333334,17.17171717171717,4.3787776194891626,23.48632159686801,4.584720370379309
34.34343434343435,17.17171717171717,7.537830189705884,31.3690946531743,4.971674308477081
35.35353535353536,17.17171717171717,8.316854637280393,15.61035031354184,4.782390358127619
36.36363636363637,17.17171717171717,4.5240048260856796,23.33690929198898,4.095995221150801
37.37373737373738,17.17171717171717,3.943318548041301,18.00417375938685,4.699422562822664
38.38383838383839,17.17171717171717,4.419824723066177,25.52799755399587,4.495104565629309
39.3939393939394,17.17171717171717,14.562409939641125,32.24547655705901,3.908921648295187
40.40404040404041,17.17171717171717,14.30532568855016,10.84106834645383,4.37795596401579
41.41414141414142,17.17171717171717,7.885775855050177,18.23020514315369,5.584835109388278
42.42424242424243,17.17171717171717,4.1740151871777975,23.54344354431532,3.754991246952107
43.43434343434344,17.17171717171717,11.273181243928871,29.62859638013365,5.688443001973124
44.44444444444445,17.17171717171717,8.49285291443173,16.36678705330234,3.993070910369837
45.45454545454546,17.17171717171717,2.2229471028634915,20.85831440858752,5.117804020261342
46.46464646464647,17.17171717171717,4.122058313599809,22.50054354243629,5.278886924436925
47.47474747474748,17.17171717171717,5.251186759481036,27.67420357338471,4.602895534364599
48.48484848484848,17.17171717171717,6.857670990995742,32.00506164891956,4.888052317857847
49.49494949494949,17.17171717171717,5.219157745883644,26.32610879212504,3.873743112535853
50.50505050505051,17.17171717171717,10.054842953993468,18.39523050855293,4.31595249615023
51.51515151515152,17.17171717171717,19.411648815508833,35.56522205093198,4.180829561487353
52.52525252525253,17.17171717171717,7.657269515891188,24.04996931419201,3.719694143765471
53.53535353535354,17.17171717171717,5.725266350059604,18.8998108363418,5.231624868844142
54.54545454545455,17.17171717171717,17.444158069545832,7.378986500940304,5.023228154712451
55.55555555555556,17.17171717171717,8.92662923881358,18.65129808587316,4.034905912560051
56.56565656565657,17.17171717171717,4.547297270443974,27.0579166147078,4.376925306514458
57.57575757575758,17.17171717171717,7.395777194795336,28.39400140564378,4.55250322829119
58.58585858585859,17.17171717171717,14.86704680521283,12.01208247744305,5.709203452340752
59.5959595959596,17.17171717171717,9.333656594846508,17.5220858625963,5.370655278044933
60.60606060606061,17.17171717171717,17.15482848467436,36.17053982657931,4.148698290121602
61.61616161616162,17.17171717171717,5.091693568839712,21.21858701903594,4.184117322429429
62.62626262626263,17.17171717171717,4.280744278205045,23.29824641532002,5.895587299647144
63.63636363636364,17.17171717171717,7.754383101748457,29.54674987006358,4.934730240470313
64.64646464646465,17.17171717171717,8.502278009721591,33.65902165396078,5.907816688429136
65.65656565656566,17.17171717171717,4.638848572695294,28.98530079179896,4.577420080116148
66.66666666666667,17.17171717171717,7.115121791701205,25.91778730712314,4.053562420637878
67.67676767676768,17.17171717171717,6.418176612243377,18.80753253759788,4.092440606220881
68.68686868686869,17.17171717171717,8.496352320224329,32.25971230201503,4.360538560241843
69.6969696969697,17.17171717171717,6.2654643870994855,23.9527932911444,4.504297557271903
70.70707070707071,17.17171717171717,3.959832731361831,20.78100637020943,5.503518922531217
71.71717171717172,17.17171717171717,6.469421414774368,27.67714622374218,4.688491278748489
72.72727272727273,17.17171717171717,3.717173563233424,28.31309394010195,5.271363063425718
73.73737373737374,17.17171717171717,1.80091498110958,25.49871530732545,4.334083352407045
74.74747474747475,17.17171717171717,4.061480286957401,27.12969628329694,4.466923643035626
75.75757575757576,17.17171717171717,1.1792095627705308,25.01347744404228,4.996302834634975
76.76767676767678,17.17171717171717,0.5786834169143455,24.06817820609295,5.247722144763404
77.77777777777779,17.17171717171717,3.0359950055269875,25.15772817606683,5.157500984117264
78.7878787878788,17.17171717171717,7.063054754972186,27.86411182365445,5.893093278693168
79.7979797979798,17.17171717171717,10.313624539250128,32.46975445936832,4.950171655912363
80.80808080808082,17.17171717171717,15.846891217943979,10.66073498854014,3.3534096225311
81.81818181818183,17.17171717171717,7.994158707021432,15.96807827236055,5.39825713582248
82.82828282828284,17.17171717171717,5.651213826476688,27.37222696241579,4.876852475698219
83.83838383838385,17.17171717171717,9.764552144813145,17.84020252345366,4.233899805980881
84.84848484848486,17.17171717171717,5.870182809157883,27.32970294508307,5.013362651434853
85.85858585858587,17.17171717171717,10.159387774153508,20.8215614468857,4.299811001097089
86.86868686868688,17.17171717171717,5.611261070970312,15.02600324882486,3.728597725227117
87.87878787878789,17.17171717171717,8.673918892150382,23.39805382878275,4.386319579331849
88.8888888888889,17.17171717171717,13.001911288057446,9.975680736371212,4.479435233898586
89.89898989898991,17.17171717171717,9.154436158113583,19.11736175587479,4.085565786803363
90.90909090909092,17.17171717171717,9.946473943820683,12.19587411956502,4.379311366582459
91.91919191919193,17.17171717171717,11.92993198979966,29.16659142966036,4.545298205696957
92.92929292929294,17.17171717171717,4.534098070684298,21.50011181736916,5.440609420856428
93.93939393939395,17.17171717171717,6.254531279871705,17.76096724381532,4.710443448630006
94.94949494949496,17.17171717171717,10.690971394459552,28.00685029086594,3.757556666177739
95.95959595959597,17.17171717171717,6.448152883222531,22.40951830018246,5.228797236541086
96.96969696969697,17.17171717171717,5.985879683530904,25.70903998463402,3.443166150355469
97.97979797979798,17.17171717171717,11.416207563516164,28.96703025235337,5.62462310048128
98.98989898989899,17.17171717171717,16.598340596319492,13.05730435614281,4.207014056581862
100.0,17.17171717171717,13.767565679341672,34.2179349579097,3.479993023885994
0.0,18.18181818181818,1.4747892498836184,22.35769223228917,5.510909422839448
1.01010101010101,18.18181818181818,4.070875697561508,20.14787892744191,4.919316993776568
2.02020202020202,18.18181818181818,2.19146331877207,24.41562705723945,4.163574605404095
3.03030303030303,18.18181818181818,4.61235650423589,25.3689608107062,4.672930590318372
4.040404040404041,18.18181818181818,7.43257659153606,17.97300230710225,4.685819265197695
5.050505050505051,18.18181818181818,9.991690125340781,28.99405798664671,4.035911607729408
6.060606060606061,18.18181818181818,10.105503169254748,15.81515594490945,4.754428362193105
7.070707070707071,18.18181818181818,6.790682206531808,29.17326181654654,5.301935970124048
8.080808080808081,18.18181818181818,3.6271550898977916,28.67748848854911,3.597800643393249
9.090909090909092,18.18181818181818,6.130137583280584,22.02560846694751,4.847640760757672
10.1010101010101,18.18181818181818,6.644050092340414,15.01737761008429,4.980968967084526
11.11111111111111,18.18181818181818,8.115520871903062,10.0432700887929,4.576649537259105
12.12121212121212,18.18181818181818,4.98347102330205,19.88546352651128,4.269723727885537
13.13131313131313,18.18181818181818,7.784313516357468,16.52454812868696,4.189995595414556
14.14141414141414,18.18181818181818,9.846100046651593,30.11808798751222,3.880590845179604
15.15151515151515,18.18181818181818,11.88032651512488,8.51334346818072,4.747846903371079
16.16161616161616,18.18181818181818,6.7373476389470515,15.22745506340296,5.54545751135231
17.17171717171717,18.18181818181818,4.973405690090485,24.1747406477623,4.697011208571168
18.18181818181818,18.18181818181818,3.68194709825623,23.20860413754841,3.743342988767511
19.19191919191919,18.18181818181818,11.85701675693955,34.06610894457073,4.575970566700332
20.2020202020202,18.18181818181818,15.209594523404977,13.30077808003377,4.89433372642235
21.21212121212121,18.18181818181818,14.208350466710161,30.99622724159313,3.431509654697368
22.22222222222222,18.18181818181818,11.37991454193078,17.53029608274479,4.480662577081548
23.23232323232324,18.18181818181818,16.495034783183847,33.54032451140232,4.004813691775523
24.24242424242424,18.18181818181818,7.654167338183313,19.73846844384069,4.151399196879402
25.25252525252525,18.18181818181818,12.15930759149234,28.26999575091368,3.094264838180683
26.26262626262626,18.18181818181818,8.593970765006185,15.18574987059293,4.027494340735158
27.27272727272727,18.18181818181818,4.326823406193764,20.81881342183747,5.088907272951874
28.28282828282828,18.18181818181818,3.7797373289000697,20.20950531515712,4.548647856020505
29.29292929292929,18.18181818181818,10.07715835434571,12.36132923373182,4.767032108837051
30.3030303030303,18.18181818181818,11.055004163166775,31.19585242542087,5.16116607354283
31.31313131313131,18.18181818181818,8.723254171089895,16.8488904782869,4.755900039959566
32.32323232323233,18.18181818181818,12.39240740008843,29.31001960239431,3.718158372389244
33.33333333333334,18.18181818181818,6.407386002239166,21.80889373593583,4.536900179424102
34.34343434343435,18.18181818181818,9.982274246455997,33.69390705601219,4.987434760645431
35.35353535353536,18.18181818181818,10.166464797146837,13.98043239040208,4.174668057971709
36.36363636363637,18.18181818181818,7.176624123508329,21.01839567520796,3.364845949112309
37.37373737373738,18.18181818181818,8.540915540254481,17.73766590981092,5.67229701288574
38.38383838383839,18.18181818181818,6.134501875822879,28.27998562848067,4.116167767381154
39.3939393939394,18.18181818181818,5.419454063991754,20.34016285360644,3.532299800570969
40.40404040404041,18.18181818181818,5.909559835703919,20.09732097397046,3.563874623932111
41.41414141414142,18.18181818181818,13.459214879581534,33.04538100253052,4.402649349385563
42.42424242424243,18.18181818181818,9.772124474240409,19.15459894113716,4.028614825840656
43.43434343434344,18.18181818181818,7.760359349609809,15.85902500090531,3.155642304447887
44.44444444444445,18.18181818181818,6.709295937121581,25.18769828097885,3.237598589945786
45.45454545454546,18.18181818181818,7.112299551651263,22.28212915063912,3.793950282643731
46.46464646464647,18.18181818181818,9.176446009890007,14.73416578339835,4.305991549042116
47.47474747474748,18.18181818181818,5.572675244681012,22.75432526865029,5.337590563013885
48.48484848484848,18.18181818181818,7.89744326702752,18.47565024361103,5.662457984055204
49.49494949494949,18.18181818181818,8.460048836091094,31.90288858785132,2.597735200749115
50.50505050505051,18.18181818181818,9.820598530165414,27.60815793425552,4.952646117604178
51.51515151515152,18.18181818181818,19.491675349139456,6.304335848588083,4.463253745496311
52.52525252525253,18.18181818181818,11.246425121881053,28.29235615956978,4.190766208423462
53.53535353535354,18.18181818181818,8.046921733643119,20.40616256663176,5.721570405558
54.54545454545455,18.18181818181818,11.714787369200014,32.65475945751281,3.852058934539902
55.55555555555556,18.18181818181818,5.3438268095870045,29.88587023925485,5.18574010451625
56.56565656565657,18.18181818181818,3.9157542824056923,24.00815616997308,4.732944816520763
57.57575757575758,18.18181818181818,11.730464186488177,18.6669161261366,4.240337659233363
58.58585858585859,18.18181818181818,16.249357162337333,33.62459133759617,4.634642486436961
59.5959595959596,18.18181818181818,6.779642787701344,27.7138554111594,4.808972215820725
60.60606060606061,18.18181818181818,11.179123663288774,19.5314687749827,4.27145943512989
61.61616161616162,18.18181818181818,2.2483891765312594,21.15009659354559,5.160926076901417
62.62626262626263,18.18181818181818,1.1319424887175273,21.77781490764609,4.670770057089192
63.63636363636364,18.18181818181818,3.4271281103981748,22.53271081111492,4.505480459320129
64.64646464646465,18.18181818181818,5.214157610152228,23.94327386309153,4.017462906695653
65.65656565656566,18.18181818181818,7.500018006326677,19.28268837429629,4.035893992575645
66.66666666666667,18.18181818181818,5.8192892202649364,14.21660596479117,5.308256487503961
67.67676767676768,18.18181818181818,5.379605547660605,20.43562462302362,3.903364591546718
68.68686868686869,18.18181818181818,5.28405889452022,23.51108586514161,5.228034539882318
69.6969696969697,18.18181818181818,3.8391950643459536,18.89663407311682,4.422108303434221
70.70707070707071,18.18181818181818,3.842290431292854,23.10861608576313,4.377531841754376
71.71717171717172,18.18181818181818,3.898811451534809,20.88172472567673,3.960966683335495
72.72727272727273,18.18181818181818,4.773923502851343,26.08868010145209,4.93790699212019
73.73737373737374,18.18181818181818,4.112065646126337,27.86767066736296,3.416491652630711
74.74747474747475,18.18181818181818,11.206057847094566,36.18946794793268,4.704717695437608
75.75757575757576,18.18181818181818,3.4656043264605154,23.91733490255533,4.896889882541164
76.76767676767678,18.18181818181818,2.613652348310337,24.02009467552752,3.986420929826881
77.77777777777779,18.18181818181818,7.86664686216,18.77000061604768,3.220139188126392
78.7878787878788,18.18181818181818,14.086619153241532,37.38489347413618,5.690727682390044
79.7979797979798,18.18181818181818,7.857004141792176,24.54346837051435,4.732342160900409
80.80808080808082,18.18181818181818,12.69605415354277,31.4026913675789,3.311307976474344
81.81818181818183,18.18181818181818,8.892384864422505,17.94078912608893,5.327162679848914
82.82828282828284,18.18181818181818,7.666914736262907,27.92737909541066,4.552807798001138
83.83838383838385,18.18181818181818,10.367560161514177,33.62014298237317,4.44361611181873
84.84848484848486,18.18181818181818,10.190508803592511,22.62352598614322,4.359457684416112
85.85858585858587,18.18181818181818,12.83387498025708,31.96861049302816,4.584420140922458
86.86868686868688,18.18181818181818,8.599560082792586,19.4297707700536,4.53008727616591
87.87878787878789,18.18181818181818,9.164660588979086,33.58256668089437,5.035263790896238
88.8888888888889,18.18181818181818,6.759284181763354,22.09057543513995,3.396721556155426
89.89898989898991,18.18181818181818,4.5289975196918215,25.40789474029713,4.261112647876666
90.90909090909092,18.18181818181818,3.908321581797163,23.46996564134117,3.444579074223566
91.91919191919193,18.18181818181818,4.404443510986788,23.53097261118358,3.912598223772809
92.92929292929294,18.18181818181818,3.2362926600786652,26.31931689460366,5.390480345510644
93.93939393939395,18.18181818181818,4.784499791490744,25.57445861561946,4.841180820923046
94.94949494949496,18.18181818181818,6.560414814394803,23.65653309035089,4.847330355881418
95.95959595959597,18.18181818181818,10.87996974983965,10.09840898818612,5.051059454456931
96.96969696969697,18.18181818181818,8.850705756226283,10.92610924782477,4.176562719303038
97.97979797979798,18.18181818181818,12.692810561473465,9.329680638623492,4.937240915365346
98.98989898989899,18.18181818181818,9.644898722174542,24.04052283447863,4.9698934189916
100.0,18.18181818181818,5.583415453765713,23.17840913955457,2.872326292865031
0.0,19.19191919191919,3.1723949613792666,21.93585985043817,3.612727076275601
1.01010101010101,19.19191919191919,10.462494223169848,14.02256100053316,4.427349182417372
2.02020202020202,19.19191919191919,5.3769403091317916,22.1691088367847,4.729194733093672
3.03030303030303,19.19191919191919,12.485727922147792,32.78032231866827,4.075177724371841
4.040404040404041,19.19191919191919,5.688269520608216,26.12280416904724,4.943125532273529
5.050505050505051,19.19191919191919,5.607655183858877,21.94353327724094,4.172196182239818
6.060606060606061,19.19191919191919,3.2094524332913803,18.62207310235015,4.922141940071944
7.070707070707071,19.19191919191919,4.640238528812541,19.72255061532771,3.592261611799141
8.080808080808081,19.19191919191919,5.42240586331698,23.93711669067205,4.053739740998267
9.090909090909092,19.19191919191919,7.9003133979891205,18.65692209178792,3.495253605203605
10.1010101010101,19.19191919191919,10.691945852483784,29.0074904614427,3.853545257752199
11.11111111111111,19.19191919191919,7.659495387905958,19.64163740883546,4.463199906776211
12.12121212121212,19.19191919191919,8.041449855854442,23.97812134916539,5.568900693202015
13.13131313131313,19.19191919191919,4.342285745274258,23.15807358155918,3.705224423138186
14.14141414141414,19.19191919191919,7.271613976934874,30.19348027942487,3.778642858765762
15.15151515151515,19.19191919191919,8.406603843705465,12.79653520871748,4.960616306461958
16.16161616161616,19.19191919191919,5.40216111302838,17.75327807357856,5.00041410827395
17.17171717171717,19.19191919191919,6.559437591546001,27.54029446605724,5.28279112446238
18.18181818181818,19.19191919191919,3.2418431316418843,22.91984289383717,4.428924288379738
19.19191919191919,19.19191919191919,6.1737877348686965,25.17128689626366,4.617920536798941
20.2020202020202,19.19191919191919,5.4135605116551,16.41045022318659,4.299600866552562
21.21212121212121,19.19191919191919,6.2115883070980304,19.55045464004548,3.394665453998281
22.22222222222222,19.19191919191919,7.141780427770646,25.40926671448227,6.010878048938078
23.23232323232324,19.19191919191919,15.337142730031468,12.7561136952845,5.407611345904015
24.24242424242424,19.19191919191919,7.4913153140624615,26.07052871216278,4.048673987283446
25.25252525252525,19.19191919191919,4.853295884052162,20.96151067153109,2.761362547435919
26.26262626262626,19.19191919191919,2.264734160288136,17.37900451917543,4.522667964016822
27.27272727272727,19.19191919191919,5.02763610311003,15.95878453730802,3.822003099168835
28.28282828282828,19.19191919191919,3.7473790226779204,18.46815484052102,4.716294016346376
29.29292929292929,19.19191919191919,5.851388118353942,20.05903952821077,4.494252728499367
30.3030303030303,19.19191919191919,3.5099811115638335,21.03340414862941,4.113120867842677
31.31313131313131,19.19191919191919,9.172317834690036,22.12232329633268,4.644238593346421
32.32323232323233,19.19191919191919,24.74577817565638,46.38014726801809,5.654252881526405
33.33333333333334,19.19191919191919,13.171291794678643,17.24291677444619,5.46572756438911
34.34343434343435,19.19191919191919,6.956710351047623,27.68811045871258,4.595217235071891
35.35353535353536,19.19191919191919,6.1788265231702955,26.26493570543368,4.575483627839943
36.36363636363637,19.19191919191919,10.51768482843002,37.08768550225734,5.321108941616482
37.37373737373738,19.19191919191919,13.640018293936086,37.81177073718613,5.251239959965291
38.38383838383839,19.19191919191919,8.6318695820143,24.97610869321793,4.362550883277675
39.3939393939394,19.19191919191919,4.700205134013092,21.93000075161068,3.55105611656323
40.40404040404041,19.19191919191919,4.82066522941084,18.90623616686745,5.350227902057578
41.41414141414142,19.19191919191919,7.860655569814628,20.86253943353463,4.009900197209212
42.42424242424243,19.19191919191919,18.557516838073866,36.66789623329542,4.571721420629104
43.43434343434344,19.19191919191919,6.874889031442983,20.50664379981082,4.040608728010534
44.44444444444445,19.19191919191919,5.762324114771292,19.40566817058231,3.995887358113136
45.45454545454546,19.19191919191919,13.676741009085866,5.710278183666166,4.234619802570021
46.46464646464647,19.19191919191919,10.67529587461307,28.10544921142773,4.408129735376065
47.47474747474748,19.19191919191919,4.1601826131552695,27.82631343234872,3.802349718585004
48.48484848484848,19.19191919191919,3.428970612645765,18.83009853713304,5.141394639773291
49.49494949494949,19.19191919191919,8.72805266592733,21.36144203704931,3.793859538506882
50.50505050505051,19.19191919191919,12.372254689129107,32.07907188995135,4.348316868663174
51.51515151515152,19.19191919191919,9.658321487470472,11.71830864615288,3.563919375861642
52.52525252525253,19.19191919191919,6.1103803663087835,17.42325642134306,4.93191123926526
53.53535353535354,19.19191919191919,9.078689750960411,9.859617846168314,3.671965128603836
54.54545454545455,19.19191919191919,7.244142026474402,26.08886904642427,4.67883502491178
55.55555555555556,19.19191919191919,5.499098391746535,31.38000203668145,4.659685085453428
56.56565656565657,19.19191919191919,6.455012938924922,25.40245874174288,5.360117076148958
57.57575757575758,19.19191919191919,18.383023005736195,35.56277233728607,5.16709807863503
58.58585858585859,19.19191919191919,15.911497978521215,11.10808268629631,6.075360211684255
59.5959595959596,19.19191919191919,8.30685958947646,24.8801763715306,3.837595990944331
60.60606060606061,19.19191919191919,11.522241021967236,37.80787792180159,5.206820951980407
61.61616161616162,19.19191919191919,5.474931225003682,27.82881674151689,3.853789408533018
62.62626262626263,19.19191919191919,3.0946868342957288,23.40253913727294,4.914791026391913
63.63636363636364,19.19191919191919,4.202479357582664,18.00369638391632,3.981071343683112
64.64646464646465,19.19191919191919,5.244546987369248,18.87353975412372,4.259563360060004
65.65656565656566,19.19191919191919,8.885873444377562,8.711896664792615,4.962807971284581
66.66666666666667,19.19191919191919,3.7363822262922124,14.50748043578137,5.305344299943358
67.67676767676768,19.19191919191919,7.838893767825523,9.839774418157385,5.086075242256437
68.68686868686869,19.19191919191919,5.228363337111668,18.81338975807693,3.422038618384247
69.6969696969697,19.19191919191919,2.3506820142661535,20.37082130780196,4.634378594379829
70.70707070707071,19.19191919191919,3.711923141621342,16.50593744887813,3.616726036141484
71.71717171717172,19.19191919191919,6.667718805076989,19.51574715346471,4.665100244821677
72.72727272727273,19.19191919191919,11.927362064042342,35.97401433252137,5.383050708326627
73.73737373737374,19.19191919191919,8.588732453434682,23.88915128937571,3.831061042612095
74.74747474747475,19.19191919191919,5.538831619841493,21.01893855013721,6.15233964216715
75.75757575757576,19.19191919191919,3.9918297314384796,24.3087168485609,4.272814261410159
76.76767676767678,19.19191919191919,6.683254341896543,29.07376670575141,4.246969725059584
77.77777777777779,19.19191919191919,5.302790297555443,19.9838735871002,4.612870614007285
78.7878787878788,19.19191919191919,5.906082529999935,22.0155164733621,3.319102482695397
79.7979797979798,19.19191919191919,1.7692042835761512,20.74238599288599,4.52233539081876
80.80808080808082,19.19191919191919,4.608067486379338,21.6815563710011,4.387878843297431
81.81818181818183,19.19191919191919,9.627687956735606,28.08912551923887,5.168651469623335
82.82828282828284,19.19191919191919,12.747469503841778,13.49422613963814,5.013535591498579
83.83838383838385,19.19191919191919,10.269785195889487,24.61922367842842,4.761252476354106
84.84848484848486,19.19191919191919,18.230272937856775,38.33768273845853,3.451644340080678
85.85858585858587,19.19191919191919,17.133687461082054,13.66408384800179,4.979793198475752
86.86868686868688,19.19191919191919,6.550257708815193,22.73260794617988,4.476823694319018
87.87878787878789,19.19191919191919,7.2779769183630405,32.75322433368483,4.504590335883838
88.8888888888889,19.19191919191919,3.8265102599563168,21.97764395776687,3.778215021467001
89.89898989898991,19.19191919191919,5.691362192345853,18.83768605006533,3.765234884985557
90.90909090909092,19.19191919191919,5.413092916699781,25.8302243779553,4.725735538556973
91.91919191919193,19.19191919191919,9.805644859452098,14.3981686389757,5.418429024528036
92.92929292929294,19.19191919191919,12.310691452546461,30.91207989527954,3.964658702215386
93.93939393939395,19.19191919191919,5.895014155909764,16.91273462571339,6.207456336567025
94.94949494949496,19.19191919191919,4.634657439266232,17.24124066072007,4.214948995549555
95.95959595959597,19.19191919191919,10.90972319304176,26.92135431374496,5.346409122140374
96.96969696969697,19.19191919191919,7.260910389511201,29.12187266708073,5.255182585272227
97.97979797979798,19.19191919191919,8.810888835197682,24.15630246573105,4.342072220348935
98.98989898989899,19.19191919191919,12.602761987338802,36.06394335406178,4.315643208920903
100.0,19.19191919191919,10.432867713546514,18.32980229153662,4.483702162440967
0.0,20.2020202020202,4.864690802079505,23.11791350281996,4.201394324508498
1.01010101010101,20.2020202020202,13.458374223621165,33.68737328014725,4.280790309616746
2.02020202020202,20.2020202020202,7.143851751500945,21.66562713884739,3.984167273061685
3.03030303030303,20.2020202020202,20.584831298059566,7.517503769543762,4.415145170651277
4.040404040404041,20.2020202020202,10.086890742998209,22.35631698998669,3.737159824773329
5.050505050505051,20.2020202020202,8.286249016403694,14.06416831790829,5.046797077878066
6.060606060606061,20.2020202020202,6.530949024365087,24.23102799020662,4.80066038746414
7.070707070707071,20.2020202020202,4.825160262412936,15.92735128961827,4.603959123581525
8.080808080808081,20.2020202020202,7.21666005273352,16.48262570950966,3.988404212864799
9.090909090909092,20.2020202020202,10.015526414440075,31.2587263400459,4.370303576206154
10.1010101010101,20.2020202020202,7.051966911958853,19.94624132512799,4.837673800364641
11.11111111111111,20.2020202020202,10.560282650145357,26.97891464747956,3.387206832700581
12.12121212121212,20.2020202020202,21.60054560872321,1.061511456337882,5.935184614100539
13.13131313131313,20.2020202020202,7.7334266446282625,20.27791051880627,4.102710500975729
14.14141414141414,20.2020202020202,7.3175020661449155,25.6147684321711,6.159210279263046
15.15151515151515,20.2020202020202,4.340832231126143,19.78607090743411,4.935431657767011
16.16161616161616,20.2020202020202,5.190229273575188,22.09234025817672,3.099031343261752
17.17171717171717,20.2020202020202,4.549981090487318,19.07556588286693,4.305015006552226
18.18181818181818,20.2020202020202,2.969878900914215,17.11312718562743,4.473285736701588
19.19191919191919,20.2020202020202,4.988558588093307,20.3832386805995,4.532907408446368
20.2020202020202,20.2020202020202,5.0304674292520195,23.05417903671821,4.650514314333028
21.21212121212121,20.2020202020202,6.044180396442535,15.14869050449669,5.48876874095279
22.22222222222222,20.2020202020202,4.613289935020072,23.23308072877173,3.351766763370812
23.23232323232324,20.2020202020202,7.045977062480537,27.3529057632165,4.014674789271282
24.24242424242424,20.2020202020202,6.961656958334195,31.28029664258057,3.753408772195835
25.25252525252525,20.2020202020202,5.420940940562948,17.54833640769238,4.542860624712879
26.26262626262626,20.2020202020202,4.935994489694445,15.51604866082846,4.316816061507334
27.27272727272727,20.2020202020202,5.891372558982978,27.27970978013828,5.156262832122517
28.28282828282828,20.2020202020202,4.395961508699922,27.61606546569385,3.875422440825847
29.29292929292929,20.2020202020202,8.73893591043783,33.2016323990392,4.653923301571425
30.3030303030303,20.2020202020202,5.183414595986427,22.84759654997137,4.05567721574242
31.31313131313131,20.2020202020202,5.321477207613476,16.053227895007,5.235490810523933
32.32323232323233,20.2020202020202,11.665963421168005,17.86221669627367,4.807694333103692
33.33333333333334,20.2020202020202,7.6183279067966945,25.77968281383283,5.198213588725486
34.34343434343435,20.2020202020202,7.288759265844543,17.73543408936699,3.841600807788228
35.35353535353536,20.2020202020202,3.8726031274622024,26.08005747788665,4.840429147195006
36.36363636363637,20.2020202020202,6.53338287873919,22.63307104733908,4.569250800938932
37.37373737373738,20.2020202020202,9.84987040814026,16.88554966771399,4.77442775896314
38.38383838383839,20.2020202020202,15.440937017158692,9.634277285998923,4.428542563989407
39.3939393939394,20.2020202020202,12.56734339837199,33.07111086330833,3.976920355852671
40.40404040404041,20.2020202020202,9.529369594922368,32.01774442599739,4.453243127740786
41.41414141414142,20.2020202020202,6.591833336003297,22.36066007736928,4.299841259305941
42.42424242424243,20.2020202020202,14.288319189730798,11.91773540640361,4.985363113178401
43.43434343434344,20.2020202020202,5.791488777967052,14.91693453565751,4.789845730730812
44.44444444444445,20.2020202020202,6.603818559351343,21.87656890312628,5.815193978594973
45.45454545454546,20.2020202020202,12.131300046511452,7.754830238358966,4.308371485209013
46.46464646464647,20.2020202020202,14.917876907430916,34.76104247501006,3.37090034989646
47.47474747474748,20.2020202020202,4.220105061344949,25.53292181772076,3.978588314214807
48.48484848484848,20.2020202020202,5.305257940440637,20.66397429906214,4.2744343762343
49.49494949494949,20.2020202020202,12.824328136388914,32.48323279713831,3.53375308726528
50.50505050505051,20.2020202020202,9.698850810077353,18.13936018583126,5.431136567088243
51.51515151515152,20.2020202020202,5.360291393110473,18.87191077948132,4.553105084459939
52.52525252525253,20.2020202020202,2.627774069381301,17.11942104469957,4.392594381281982
53.53535353535354,20.2020202020202,7.907024982996578,11.83494235411581,5.265467681830596
54.54545454545455,20.2020202020202,6.527797857398077,25.19857554212834,3.908737755005887
55.55555555555556,20.2020202020202,6.861085581482234,22.14641655231766,4.996419896139616
56.56565656565657,20.2020202020202,14.745102025447709,33.69035103519101,4.464960256851291
57.57575757575758,20.2020202020202,11.366369448059421,13.54153977202371,4.301972687123531
58.58585858585859,20.2020202020202,6.868615902131063,14.01078261285726,3.987918414844267
59.5959595959596,20.2020202020202,10.910588322699946,28.57414045430236,4.889474197701345
60.60606060606061,20.2020202020202,6.94888141115745,32.90208571130723,4.975102810713629
61.61616161616162,20.2020202020202,3.415761043093939,27.01315077400211,3.645666238860095
62.62626262626263,20.2020202020202,2.202800688658474,22.47363638731744,3.976400972012372
63.63636363636364,20.2020202020202,4.769735015719087,24.01591326348436,4.730746004352035
64.64646464646465,20.2020202020202,7.9274952286398,13.99657237315304,4.895022119472842
65.65656565656566,20.2020202020202,3.9346200162128415,17.72737187247934,4.593228870934569
66.66666666666667,20.2020202020202,2.6893003088048175,18.69884508134728,6.100218429031792
67.67676767676768,20.2020202020202,4.152287022908643,16.95817792704971,3.470785876605995
68.68686868686869,20.2020202020202,6.696007138358284,24.49810010981435,4.612162143979496
69.6969696969697,20.2020202020202,5.608278063178973,17.86459589407135,3.801679376534254
70.70707070707071,20.2020202020202,2.654219866420953,17.87625781496808,3.7870130074266
71.71717171717172,20.2020202020202,4.348742239879903,25.3525679179174,3.426596029327682
72.72727272727273,20.2020202020202,9.62909392148435,26.69303052962361,5.362576723882392
73.73737373737374,20.2020202020202,15.25340127961838,8.467816636008394,4.217325729820063
74.74747474747475,20.2020202020202,5.519477518971863,21.84374459404553,3.795639458903187
75.75757575757576,20.2020202020202,6.244544623020128,16.78760802442675,3.959810141456555
76.76767676767678,20.2020202020202,8.78433222900646,21.24936434423085,3.349323500605962
77.77777777777779,20.2020202020202,8.661442771284255,28.85962580135634,3.261121755688715
78.7878787878788,20.2020202020202,6.814834929252728,26.96569622584975,2.74692513530448
79.7979797979798,20.2020202020202,4.244883347199735,21.80581989097101,4.257163637724592
80.80808080808082,20.2020202020202,1.3931593666794377,20.31716094841443,4.306435156562578
81.81818181818183,20.2020202020202,4.609981555802308,20.72917861328488,4.93904428514956
82.82828282828284,20.2020202020202,5.98549998050242,24.33105428084172,3.85830835380805
83.83838383838385,20.2020202020202,4.08981372557229,17.38445879763561,3.913274684643701
84.84848484848486,20.2020202020202,7.952426183640325,19.52280568983361,2.913288242868929
85.85858585858587,20.2020202020202,9.108081366905598,30.15218405866881,4.260706169577777
86.86868686868688,20.2020202020202,5.606318602090709,26.54166111963134,4.265743213263804
87.87878787878789,20.2020202020202,4.5376943536917285,25.26685577086511,5.978644657629727
88.8888888888889,20.2020202020202,3.877826632562856,20.70007267893418,6.307272246997353
89.89898989898991,20.2020202020202,4.6931499391838365,24.90042989362543,4.765675860287701
90.90909090909092,20.2020202020202,3.244792832625702,24.96270551463988,3.321791944782951
91.91919191919193,20.2020202020202,5.6172169218859445,16.54197710929278,4.393046033220731
92.92929292929294,20.2020202020202,6.133651144581637,16.77533361163957,4.802288606908064
93.93939393939395,20.2020202020202,1.466186853593452,17.50321595487355,3.761874871789018
94.94949494949496,20.2020202020202,2.2311971735124048,15.12652302131753,3.921935282553267
95.95959595959597,20.2020202020202,11.530405591036237,11.98603887349742,4.468495515988749
96.96969696969697,20.2020202020202,8.935397389862079,25.44008308297734,5.564499112528636
97.97979797979798,20.2020202020202,1.830938624986234,27.70002488973381,5.36184873104864
98.98989898989899,20.2020202020202,10.329979001165913,27.3180978751456,4.483492885687427
100.0,20.2020202020202,15.264314509809713,9.613947061440184,4.56569972184558
0.0,21.21212121212121,3.405135059122929,20.27535452629052,4.86859144389063
1.01010101010101,21.21212121212121,4.902062284225664,22.10989458390382,4.012040978070361
2.02020202020202,21.21212121212121,6.182498118192514,19.76357134138441,4.471118788873136
3.03030303030303,21.21212121212121,15.150365934206054,35.60707382291096,4.11245084423212
4.040404040404041,21.21212121212121,10.347069117554003,35.80643089039765,3.586041770943172
5.050505050505051,21.21212121212121,8.586199878654298,20.87079107981369,5.59758869640965
6.060606060606061,21.21212121212121,5.468044381083134,26.27533282692382,3.776266985684985
7.070707070707071,21.21212121212121,4.549937218343757,22.57384189308084,4.666980225136671
8.080808080808081,21.21212121212121,5.432922036656033,22.56339988885372,3.840817837714221
9.090909090909092,21.21212121212121,8.661150874608769,29.88701057599773,4.347210942176871
10.1010101010101,21.21212121212121,4.890409446620373,19.14478115087677,4.981964598049962
11.11111111111111,21.21212121212121,3.4057061166327696,25.02513779903548,4.131338951282374
12.12121212121212,21.21212121212121,8.06344553651504,19.41328174479315,4.527028969958289
13.13131313131313,21.21212121212121,5.193934670345164,23.77819705873319,1.537597190133634
14.14141414141414,21.21212121212121,9.604491825282182,12.08902745294703,1.482573802611943
15.15151515151515,21.21212121212121,4.362312670893422,17.54724455712577,1.531490185052595
16.16161616161616,21.21212121212121,5.280562817133072,10.99352907452653,0.648887924194968
17.17171717171717,21.21212121212121,4.5141621280241875,14.31958317665726,1.056262516369196
18.18181818181818,21.21212121212121,7.547482373991556,17.95337688886298,1.07883101310162
19.19191919191919,21.21212121212121,12.563850800780253,29.60837296621779,4.017220626702998
20.2020202020202,21.21212121212121,4.712927105606397,20.15246702158198,3.915266657078683
21.21212121212121,21.21212121212121,4.6734330454483075,18.93376919822148,5.132430182819707
22.22222222222222,21.21212121212121,5.6161452511578185,27.30583922442166,3.364144696160925
23.23232323232324,21.21212121212121,5.069713207722059,21.8130054950352,5.766275182177793
24.24242424242424,21.21212121212121,7.685968458716101,26.30278785391384,5.449593881662173
25.25252525252525,21.21212121212121,7.600126545109829,15.04199489103141,4.371501721189022
26.26262626262626,21.21212121212121,6.753028204823792,19.60112189508553,4.394498007588346
27.27272727272727,21.21212121212121,2.752410955684585,27.42425796837454,3.996144712011349
28.28282828282828,21.21212121212121,5.870273915056239,30.13007825641979,4.491940860405228
29.29292929292929,21.21212121212121,5.4644029828162495,27.32808441052948,4.625880593164407
30.3030303030303,21.21212121212121,1.692815766137958,24.61865802854292,4.334227967817006
31.31313131313131,21.21212121212121,5.364359759444782,22.66668386790419,4.049684209837292
32.32323232323233,21.21212121212121,8.07663889056564,26.28168489037544,4.995339921630363
33.33333333333334,21.21212121212121,4.793970992492544,19.8048520680577,4.422921221037449
34.34343434343435,21.21212121212121,6.210888617821402,20.54892267041407,5.455872436905049
35.35353535353536,21.21212121212121,5.631541912738032,29.5939819411212,6.238483734855834
36.36363636363637,21.21212121212121,5.567040677366782,25.11748029720492,4.308668521153213
37.37373737373738,21.21212121212121,8.452029271252004,11.41108286596525,4.756254124583856
38.38383838383839,21.21212121212121,11.062890857203458,25.36808798839021,4.867172717968286
39.3939393939394,21.21212121212121,9.862492026818131,18.43304739613835,3.829177354967359
40.40404040404041,21.21212121212121,6.448887372811181,17.72222509137691,3.634281275777749
41.41414141414142,21.21212121212121,8.83287523394713,27.12986375795403,4.862406276509199
42.42424242424243,21.21212121212121,9.454588474147887,30.87872753821542,4.150755438358827
43.43434343434344,21.21212121212121,5.593983901765984,22.53434688664974,4.522776100049058
44.44444444444445,21.21212121212121,6.101549700949925,24.7395693757516,1.685569992982858
45.45454545454546,21.21212121212121,5.48941492926785,13.10752746829357,2.402005155239221
46.46464646464647,21.21212121212121,11.107566064286146,17.97946100280911,1.258867710858845
47.47474747474748,21.21212121212121,7.50715710170878,25.04296136291684,1.357187180303367
48.48484848484848,21.21212121212121,6.887176088867774,17.96502431596348,1.186392320462551
49.49494949494949,21.21212121212121,7.428491185106034,18.47084212105486,2.520418579431774
50.50505050505051,21.21212121212121,14.814720434314017,8.360091854599045,5.246932224124577
51.51515151515152,21.21212121212121,12.936718867103814,30.67443389016297,4.524859907448096
52.52525252525253,21.21212121212121,5.473526657712252,20.28971352021578,5.335196023264158
53.53535353535354,21.21212121212121,7.016805550321549,22.83960589955834,5.74522862836836
54.54545454545455,21.21212121212121,4.699264578645131,16.39346979465517,4.291279348238342
55.55555555555556,21.21212121212121,6.708469277209883,18.53175318343654,4.844647956083448
56.56565656565657,21.21212121212121,8.743566260228782,14.69058097288894,4.173866541692037
57.57575757575758,21.21212121212121,10.03479518820542,10.71534864904923,4.446397301403977
58.58585858585859,21.21212121212121,11.03531803376709,23.54994561254191,5.234739333086209
59.5959595959596,21.21212121212121,17.061407999735614,7.517054344724309,3.704436615033082
60.60606060606061,21.21212121212121,7.987060578914169,20.22923247148178,3.396706710090618
61.61616161616162,21.21212121212121,4.845725033905448,24.59422189313092,5.093629265748416
62.62626262626263,21.21212121212121,5.3625043492850795,20.67312764549063,5.505895772367957
63.63636363636364,21.21212121212121,2.0534390660588837,25.52101868029443,4.736179580072108
64.64646464646465,21.21212121212121,7.422538273282528,27.07944551708394,4.386375460994191
65.65656565656566,21.21212121212121,4.576799155899925,19.74810402144974,5.283853213219572
66.66666666666667,21.21212121212121,3.5385553697998153,14.84514885485943,4.669017441271545
67.67676767676768,21.21212121212121,1.8926481670406843,17.16833317272975,4.836436292262678
68.68686868686869,21.21212121212121,6.320295602625635,17.57220830662627,5.240375289193707
69.6969696969697,21.21212121212121,12.89579906194281,31.1463165964169,5.287341084369872
70.70707070707071,21.21212121212121,5.308104013854644,19.63484489071589,4.693152704892707
71.71717171717172,21.21212121212121,3.3245248310677873,22.61119243750601,5.725505848203793
72.72727272727273,21.21212121212121,6.920061964238331,17.0233151519054,4.80132364623617
73.73737373737374,21.21212121212121,6.320354513906969,22.45894524946224,3.871058848868511
74.74747474747475,21.21212121212121,5.676528815003273,24.66478409836875,4.144645654032511
75.75757575757576,21.21212121212121,9.22962916805907,24.72678480295023,5.37272485613434
76.76767676767678,21.21212121212121,12.519972666182898,6.008455566655162,1.630164728023392
77.77777777777779,21.21212121212121,7.279117237649605,12.59379796310754,2.513818712214472
78.7878787878788,21.21212121212121,5.581807770989874,11.71034217171182,1.038737632208296
79.7979797979798,21.21212121212121,6.250546591915015,12.53825567769241,2.156042572156087
80.80808080808082,21.21212121212121,5.319936730567752,22.62472638511848,1.824983262434961
81.81818181818183,21.21212121212121,8.092771178288203,27.79526459811283,3.615558910155849
82.82828282828284,21.21212121212121,4.4322331007751075,26.88775491088487,3.674640296499082
83.83838383838385,21.21212121212121,6.810865589866958,17.34491115154337,4.014900580635312
84.84848484848486,21.21212121212121,3.908542799281304,19.29570326493043,3.818612770680399
85.85858585858587,21.21212121212121,6.700816661326721,24.44786010958611,4.650316142617273
86.86868686868688,21.21212121212121,12.720500106214558,12.81076817252366,4.115766248310472
87.87878787878789,21.21212121212121,7.988637613662164,30.08967618211515,4.253910364666434
88.8888888888889,21.21212121212121,7.743199914846689,26.16666762373074,5.603503825028214
89.89898989898991,21.21212121212121,6.385849228342572,16.45320681615588,4.932525302371713
90.90909090909092,21.21212121212121,4.144280345099444,21.33405707381404,3.458533496183455
91.91919191919193,21.21212121212121,10.582858020173642,28.21295141882559,4.469524097399834
92.92929292929294,21.21212121212121,15.534101397527152,7.33871416253376,5.902687828812919
93.93939393939395,21.21212121212121,5.383709825201032,19.6729067632972,4.947290193516245
94.94949494949496,21.21212121212121,5.933860126223864,13.83362904804658,4.504129357236447
95.95959595959597,21.21212121212121,12.903006202667724,26.5778174400948,5.063027959205843
96.96969696969697,21.21212121212121,16.115156630026213,41.78589704208587,4.232621541236017
97.97979797979798,21.21212121212121,7.8068474350297254,26.56186163513632,5.348512663014605
98.98989898989899,21.21212121212121,13.11204704305121,12.83010517769176,3.98565788548645
100.0,21.21212121212121,14.974179710776975,28.98688454706747,4.383282935182499
0.0,22.22222222222222,7.257568835573642,25.81366066951657,4.60666931509973
1.01010101010101,22.22222222222222,6.491072509649545,18.2599874433773,3.540910055988798
2.02020202020202,22.22222222222222,5.05802856218539,15.1254603901233,3.918878097354733
3.03030303030303,22.22222222222222,6.664064743516581,19.13803968846719,5.083107941818309
4.040404040404041,22.22222222222222,6.272524900413027,23.00326519866324,5.490871318300498
5.050505050505051,22.22222222222222,6.884451034360379,28.06878627483139,4.528885529471378
6.060606060606061,22.22222222222222,10.163283524313645,15.55349282026159,4.796569422670741
7.070707070707071,22.22222222222222,8.837571078190182,30.4151672249232,4.310920111027738
8.080808080808081,22.22222222222222,6.258936652723402,30.88026116476266,4.299290749110246
9.090909090909092,22.22222222222222,13.821364469411368,14.6799629538758,3.98971585757817
10.1010101010101,22.22222222222222,3.1753471398915534,17.00718961192617,4.961965220747236
11.11111111111111,22.22222222222222,6.218084810548756,25.20197271472144,4.158874305923318
12.12121212121212,22.22222222222222,7.014127070923072,15.48804125537063,1.792965893560252
13.13131313131313,22.22222222222222,7.13486225437725,24.99956428046072,1.807068007549866
14.14141414141414,22.22222222222222,3.7711768350758246,19.83386706488679,1.74141577870068
15.15151515151515,22.22222222222222,4.771539362536685,20.74573630361314,1.447094009657866
16.16161616161616,22.22222222222222,5.373997914899013,10.8498585743744,1.361197832302884
17.17171717171717,22.22222222222222,3.410603553338313,7.978765185106631,0.9170611982631167
18.18181818181818,22.22222222222222,10.3436903775644,3.892486885692836,1.465321638647385
19.19191919191919,22.22222222222222,11.318938202735286,9.689006070705686,1.42747115708207
20.2020202020202,22.22222222222222,7.621635788399519,25.42785966087503,4.774891200436908
21.21212121212121,22.22222222222222,3.1623096318396753,24.25165483672924,4.853921457667734
22.22222222222222,22.22222222222222,3.6225245436715072,22.77892047102696,5.02733172553607
23.23232323232324,22.22222222222222,5.995718691252757,26.56934196947703,4.3286701970894
24.24242424242424,22.22222222222222,7.9143370001040125,16.28699812947724,4.212219763745227
25.25252525252525,22.22222222222222,13.469014618251247,27.1162395878732,5.176520300194057
26.26262626262626,22.22222222222222,16.835606950089215,9.05634538739056,5.238939529494112
27.27272727272727,22.22222222222222,10.321444270168683,27.76039724154236,6.064575397956282
28.28282828282828,22.22222222222222,8.530295771905074,14.67080952085633,4.595734577125069
29.29292929292929,22.22222222222222,7.644722122511924,16.85544069565107,5.549316871792684
30.3030303030303,22.22222222222222,5.788459042918873,24.95745907189791,4.343364096116756
31.31313131313131,22.22222222222222,8.092602202311438,13.38967598613223,4.72135220297748
32.32323232323233,22.22222222222222,12.910569218257942,12.48643136700365,4.176358476968656
33.33333333333334,22.22222222222222,10.33114984008725,25.78500186757863,3.859035632920158
34.34343434343435,22.22222222222222,17.236345650734798,8.307986653239041,6.259663603743107
35.35353535353536,22.22222222222222,6.8441557640019495,24.10329966802703,3.993495390476484
36.36363636363637,22.22222222222222,6.163552186102448,26.71833468165026,5.106282822285472
37.37373737373738,22.22222222222222,9.711217798465011,12.08133059555989,4.437858065476162
38.38383838383839,22.22222222222222,9.965335971112612,32.99379500013593,4.697692592679646
39.3939393939394,22.22222222222222,12.89930166615281,35.59908913922759,4.201075016792568
40.40404040404041,22.22222222222222,7.144390331942787,19.10379427666259,4.496645770834869
41.41414141414142,22.22222222222222,14.985095399622985,9.724068949588773,4.11499927200219
42.42424242424243,22.22222222222222,8.050597710737604,24.11461020526275,5.717745559697197
43.43434343434344,22.22222222222222,4.53761504974155,18.32542677124557,1.294133631764497
44.44444444444445,22.22222222222222,4.41775393728883,17.03363544113711,1.882207141141694
45.45454545454546,22.22222222222222,6.9056891277754655,13.00654042313034,1.255186730489987
46.46464646464647,22.22222222222222,10.307025311911797,2.266212112488742,0.6521745566802367
47.47474747474748,22.22222222222222,8.920928042421602,9.645730817946731,0.7438612626516619
48.48484848484848,22.22222222222222,13.96143504038025,0.699024795635791,2.238541578157913
49.49494949494949,22.22222222222222,9.065926738261352,13.38583612826137,1.468839234143468
50.50505050505051,22.22222222222222,11.010001555822946,25.41461295860315,1.454267475934305
51.51515151515152,22.22222222222222,8.300920839932322,23.42914393794048,3.55601018392572
52.52525252525253,22.22222222222222,8.368222804611516,14.50051211417273,5.19327495950523
53.53535353535354,22.22222222222222,10.71899311560185,30.90613607115628,4.800014227092881
54.54545454545455,22.22222222222222,10.445914618012058,14.98593672123235,3.553555617004652
55.55555555555556,22.22222222222222,13.156410837548082,35.77151132406598,4.668958668090214
56.56565656565657,22.22222222222222,7.772647661530111,22.84867141711469,3.772417701527309
57.57575757575758,22.22222222222222,11.427222264298432,31.21850899156403,5.223837470593693
58.58585858585859,22.22222222222222,9.477796001207047,17.81532470846849,2.917536557772608
59.5959595959596,22.22222222222222,8.849533639533128,25.96053083951364,3.923749289715808
60.60606060606061,22.22222222222222,3.1724730548897258,22.42745399890639,4.855882259817735
61.61616161616162,22.22222222222222,9.285475017329006,15.91633430766975,4.367434307113687
62.62626262626263,22.22222222222222,8.463425046776557,31.55365101836005,5.110649447969679
63.63636363636364,22.22222222222222,4.565189493403202,25.21868570446227,5.251900229759151
64.64646464646465,22.22222222222222,5.992816799218145,19.36193390030844,4.945901582387375
65.65656565656566,22.22222222222222,4.924546667138266,23.80027183385453,6.265762110040584
66.66666666666667,22.22222222222222,3.6418162760832105,17.91953462311021,4.428846410955856
67.67676767676768,22.22222222222222,5.477808790300985,12.53495520201389,6.269084442544375
68.68686868686869,22.22222222222222,5.7464840873672705,21.94951549025358,5.253996154369026
69.6969696969697,22.22222222222222,7.386839199143765,17.93042104648284,4.396814605079546
70.70707070707071,22.22222222222222,7.632374100669267,14.64883516353625,5.368161072220065
71.71717171717172,22.22222222222222,2.9751756648844725,20.61869342603698,3.810811071147196
72.72727272727273,22.22222222222222,5.0566064368682095,24.01034024798307,4.078499801908639
73.73737373737374,22.22222222222222,9.863706508621352,26.10776574517292,3.763160834644667
74.74747474747475,22.22222222222222,15.318112440615696,7.047547896166869,1.868038722801176
75.75757575757576,22.22222222222222,6.031531875166565,14.52777485011399,1.151270605163079
76.76767676767678,22.22222222222222,4.187272144014749,15.54376582106361,1.275142359182786
77.77777777777779,22.22222222222222,3.1240068555881852,17.97564088760906,1.126621358035278
78.7878787878788,22.22222222222222,6.044780994237557,17.07084990415708,2.038186005247464
79.7979797979798,22.22222222222222,8.400898283588031,7.718017736717607,1.610125415934246
80.80808080808082,22.22222222222222,6.45432112191298,18.90955381997194,2.405484092271896
81.81818181818183,22.22222222222222,15.368063808902157,8.568313770010281,2.214930288180804
82.82828282828284,22.22222222222222,10.256644290284378,31.60963323737269,4.783824525107168
83.83838383838385,22.22222222222222,12.25089558793156,33.05518999219041,4.002491779789898
84.84848484848486,22.22222222222222,4.790046407507721,27.59982307910973,4.406628123190691
85.85858585858587,22.22222222222222,4.268769904885092,28.75755402409217,4.91770163835635
86.86868686868688,22.22222222222222,6.830048740981872,21.04587570362028,4.672038979494193
87.87878787878789,22.22222222222222,5.788840968188475,24.15986270669243,5.615912335755662
88.8888888888889,22.22222222222222,9.333180606237518,14.29693227509981,4.774326278154199
89.89898989898991,22.22222222222222,5.516799221873775,18.9550695868236,3.725898578332056
90.90909090909092,22.22222222222222,4.505660847202352,22.52278541071627,5.075339185155776
91.91919191919193,22.22222222222222,7.922854865339201,31.12027758868397,5.152419018727354
92.92929292929294,22.22222222222222,11.104550428027327,26.83007044648129,4.993779628235456
93.93939393939395,22.22222222222222,3.700047656068218,20.86458493966362,4.711858004394974
94.94949494949496,22.22222222222222,2.6488168161714474,17.69270947237225,4.831136310822592
95.95959595959597,22.22222222222222,4.326578650646809,17.50983919006058,4.034399315971154
96.96969696969697,22.22222222222222,10.249785475505476,24.10319949003017,3.824547323619872
97.97979797979798,22.22222222222222,4.347775540587561,27.69529625626362,4.980657137019733
98.98989898989899,22.22222222222222,4.674925033795104,20.90176482562249,5.27301758822371
100.0,22.22222222222222,4.158710659723361,19.59406226973954,5.186984075823903
0.0,23.23232323232324,8.190885322325935,17.13293353216096,3.455705383882688
1.01010101010101,23.23232323232324,9.914164530172119,29.68617006205569,3.728519054520626
2.02020202020202,23.23232323232324,9.097224213140343,23.57235733600585,4.03201072862392
3.03030303030303,23.23232323232324,3.1596318635662595,16.82861965738458,4.987955462298825
4.040404040404041,23.23232323232324,6.506076263669438,19.64707787510974,5.083294025200424
5.050505050505051,23.23232323232324,6.0305158830203895,25.30979186314552,5.920757548588911
6.060606060606061,23.23232323232324,7.501569212840003,12.99916658890065,4.141523782298743
7.070707070707071,23.23232323232324,8.338397249145942,18.2329765885059,4.212290489016669
8.080808080808081,23.23232323232324,6.7222668633606615,30.933754349021,5.465460080904935
9.090909090909092,23.23232323232324,14.350559440013372,36.2308483404621,4.62363062775731
10.1010101010101,23.23232323232324,6.958780259973415,17.04897687169614,3.951281408875206
11.11111111111111,23.23232323232324,2.6817351426009024,18.41518295035845,1.105103437039985
12.12121212121212,23.23232323232324,6.234445142816868,20.3938545651995,1.163377797298376
13.13131313131313,23.23232323232324,7.868905494249255,12.35870272534327,1.83598350923444
14.14141414141414,23.23232323232324,4.681358694810225,18.57156579082353,1.411290394208983
15.15151515151515,23.23232323232324,6.168728636558111,15.66581756791886,1.682060651415237
16.16161616161616,23.23232323232324,6.427073772115952,19.43520861531181,0.7187386814126923
17.17171717171717,23.23232323232324,6.616925061062412,8.32298971822769,1.527703192788471
18.18181818181818,23.23232323232324,16.80269352475881,21.32356090835365,1.418063072240761
19.19191919191919,23.23232323232324,9.055933489525309,5.867992930458837,1.303026497051165
20.2020202020202,23.23232323232324,7.473718888437663,17.13176756088513,1.356644025957844
21.21212121212121,23.23232323232324,2.339783550526957,19.56924113772637,5.114968769584478
22.22222222222222,23.23232323232324,3.7718784178804796,18.07889691388798,4.57736016078485
23.23232323232324,23.23232323232324,4.691067113791258,21.41556901735769,4.99134894691709
24.24242424242424,23.23232323232324,2.762239332592535,15.75702515189354,5.179853143572202
25.25252525252525,23.23232323232324,8.812211154954992,14.20356147058859,4.422603397845142
26.26262626262626,23.23232323232324,13.248478360169948,29.09005062541801,4.459957335273645
27.27272727272727,23.23232323232324,5.280640940824945,18.60439900887328,3.952951634094009
28.28282828282828,23.23232323232324,3.2053548411124,18.0585049774324,3.933048104107614
29.29292929292929,23.23232323232324,9.309526195296723,26.67503591977877,4.246077402598336
30.3030303030303,23.23232323232324,7.12416759307244,28.10269273820589,3.252353805839866
31.31313131313131,23.23232323232324,9.685820880747846,24.01204920871176,4.357780916812917
32.32323232323233,23.23232323232324,14.745870656724724,36.13163959696006,4.673716759997896
33.33333333333334,23.23232323232324,3.762022480041602,30.35386571349213,4.557909066388119
34.34343434343435,23.23232323232324,12.427144948025463,31.74010500987563,3.979216326409797
35.35353535353536,23.23232323232324,6.810772295443043,20.62770691352462,4.906262004515332
36.36363636363637,23.23232323232324,4.150643051861702,20.9170194213994,4.922984315899605
37.37373737373738,23.23232323232324,8.332052600092798,14.70648556915889,5.650102987550666
38.38383838383839,23.23232323232324,6.644629631373307,24.2759166710989,4.244424385576476
39.3939393939394,23.23232323232324,8.598353625041513,20.26851321936223,3.463927013880772
40.40404040404041,23.23232323232324,4.321337677819718,17.78282232381594,3.060103861974275
41.41414141414142,23.23232323232324,13.52219186442993,28.48838915696766,4.376984705268398
42.42424242424243,23.23232323232324,6.953167465444988,18.85606138495616,1.033946266787357
43.43434343434344,23.23232323232324,5.114713090216993,11.46486145180918,2.420554047695094
44.44444444444445,23.23232323232324,4.922558251549993,12.38743997471151,1.261024492273678
45.45454545454546,23.23232323232324,13.785606092317753,25.76088656042061,1.305596967226231
46.46464646464647,23.23232323232324,8.62101271059677,9.661217453715972,1.701554784163574
47.47474747474748,23.23232323232324,3.4772534573868987,13.6059877148941,1.693551808254496
48.48484848484848,23.23232323232324,6.116771359247638,17.64524808189258,1.639898359172865
49.49494949494949,23.23232323232324,6.41343419007278,19.84894892554593,1.571309376444741
50.50505050505051,23.23232323232324,8.492163592733412,12.44337369031993,2.525178811452506
51.51515151515152,23.23232323232324,8.982344301474104,8.384851374864098,1.422657187914489
52.52525252525253,23.23232323232324,7.070295241999284,12.15107808252101,1.306926847794295
53.53535353535354,23.23232323232324,10.823040866300282,28.4225170872543,5.127141682979844
54.54545454545455,23.23232323232324,7.435251985831947,18.6562881671002,4.153754648823048
55.55555555555556,23.23232323232324,12.29409734393851,34.09404062428803,4.16906599546128
56.56565656565657,23.23232323232324,5.746621303110758,21.20884869662063,4.755383450682411
57.57575757575758,23.23232323232324,5.24123823511823,27.78580213442998,4.035855928521545
58.58585858585859,23.23232323232324,6.664048386301418,28.44349739508257,6.737608979220527
59.5959595959596,23.23232323232324,6.132862212246713,20.68415574782286,4.493609141865949
60.60606060606061,23.23232323232324,1.9123415456249981,22.87492815919679,5.809727121042389
61.61616161616162,23.23232323232324,5.834843838665654,22.23191038959766,6.110302554354984
62.62626262626263,23.23232323232324,6.60315316789308,32.55454580800878,5.212159469906818
63.63636363636364,23.23232323232324,8.515796368784008,19.45197782473323,5.493125344632918
64.64646464646465,23.23232323232324,4.67124614738721,25.3205997427056,4.925442681408661
65.65656565656566,23.23232323232324,3.1819536649078124,18.47332812199667,3.893999063035331
66.66666666666667,23.23232323232324,3.4138932338515797,18.14709732735163,4.319339889020675
67.67676767676768,23.23232323232324,5.459472406599884,15.01367268316596,4.089982872836634
68.68686868686869,23.23232323232324,4.699990523911822,27.12448992408492,5.283881459137188
69.6969696969697,23.23232323232324,3.7107338298243704,26.96120196640651,4.778515597886456
70.70707070707071,23.23232323232324,10.22612126736334,30.94087769358635,5.194640536081337
71.71717171717172,23.23232323232324,4.565947573567065,20.07199486241494,3.109829992255727
72.72727272727273,23.23232323232324,4.801207028531712,16.26001191572384,4.221523860472266
73.73737373737374,23.23232323232324,9.885450784286462,11.45940355259409,2.020120645821717
74.74747474747475,23.23232323232324,13.93733055535197,24.1623166534746,1.205395765928649
75.75757575757576,23.23232323232324,9.16118041650964,9.09687522718071,1.626563144902667
76.76767676767678,23.23232323232324,5.727320876468911,19.30967810521909,2.064518711012491
77.77777777777779,23.23232323232324,7.126161521279428,21.75315933546285,1.453170733557454
78.7878787878788,23.23232323232324,8.489752902880273,8.50985681054356,2.166541696416171
79.7979797979798,23.23232323232324,4.670911510416836,15.95700467940112,1.748141594294528
80.80808080808082,23.23232323232324,2.5055435317634025,18.34021803068255,1.177348314488297
81.81818181818183,23.23232323232324,3.9994644351047266,17.43105866019229,1.543657283234783
82.82828282828284,23.23232323232324,6.919559057936024,19.79181062490313,2.105000923518705
83.83838383838385,23.23232323232324,15.915443090268734,6.662810149009593,1.360397122470435
84.84848484848486,23.23232323232324,6.551041355613053,23.35685512132126,3.862218506859689
85.85858585858587,23.23232323232324,4.32456368041528,24.86157758451219,3.202999492697143
86.86868686868688,23.23232323232324,8.188541258923632,29.30529781290711,5.904706709014097
87.87878787878789,23.23232323232324,6.285871441456185,19.91122974402602,4.572809282289681
88.8888888888889,23.23232323232324,9.359672945817543,25.23885160810254,4.723971918414658
89.89898989898991,23.23232323232324,14.631230927012755,7.615588605612683,5.36061123402541
90.90909090909092,23.23232323232324,11.38249725978373,27.19149246076308,4.433007970427322
91.91919191919193,23.23232323232324,9.013135794643091,15.22388361735592,5.746877582250637
92.92929292929294,23.23232323232324,7.82857949860104,12.15891766733986,5.645287010267519
93.93939393939395,23.23232323232324,7.345952754539667,25.33573641346103,5.293181999154442
94.94949494949496,23.23232323232324,4.604251290085408,21.07415056312933,4.02876531523752
95.95959595959597,23.23232323232324,3.4071117373052715,16.04773341978883,5.133767666994665
96.96969696969697,23.23232323232324,12.217903026510893,10.97221220626701,5.01628893542003
97.97979797979798,23.23232323232324,10.370111903395218,33.56733560061198,4.861386338663686
98.98989898989899,23.23232323232324,5.224578387057784,23.42857132634809,3.159423714441726
100.0,23.23232323232324,1.7887929175327872,21.36966941569874,4.941633989883946
0.0,24.24242424242424,6.964207110572963,20.47162583188842,5.057431934012667
1.01010101010101,24.24242424242424,8.068482046509017,20.12274381599018,5.014177931578341
2.02020202020202,24.24242424242424,13.534404545125378,8.487907833998138,4.668982017019636
3.03030303030303,24.24242424242424,7.501038596763831,17.59553118422057,3.838302337129359
4.040404040404041,24.24242424242424,14.613203287343593,33.83402340047305,3.195967063983384
5.050505050505051,24.24242424242424,5.047073877941973,21.92006200503048,4.339827609488937
6.060606060606061,24.24242424242424,4.645869415666349,22.9066819350496,5.401313670393832
7.070707070707071,24.24242424242424,3.9112889465665956,21.46978718855202,4.819594103771702
8.080808080808081,24.24242424242424,3.9694903750910493,22.0960518317929,3.976676360757808
9.090909090909092,24.24242424242424,6.734756675438124,24.85846142720198,3.443274186990207
10.1010101010101,24.24242424242424,4.1958017826018645,24.29423310439156,1.222557193284225
11.11111111111111,24.24242424242424,4.95499368286824,19.01045606289571,0.8378674080640618
12.12121212121212,24.24242424242424,7.911275187442213,10.37571075845818,1.369482902356765
13.13131313131313,24.24242424242424,5.84018135569524,16.94544824188635,1.288441134122322
14.14141414141414,24.24242424242424,8.980296617140205,10.22704357403082,1.237545262333285
15.15151515151515,24.24242424242424,11.779696960869224,2.74596102767832,2.253102375104149
16.16161616161616,24.24242424242424,6.380139024161996,17.19387351226249,1.053009130765181
17.17171717171717,24.24242424242424,7.132625167071004,10.3336753421462,2.053311500873495
18.18181818181818,24.24242424242424,15.812129580446591,0.0,1.949855047116989
19.19191919191919,24.24242424242424,6.300579256494921,11.55137113999212,0.9566569681059993
20.2020202020202,24.24242424242424,5.395656607994434,9.234232314391912,1.22659992249838
21.21212121212121,24.24242424242424,5.242662768048534,18.82033843530104,1.547962153153648
22.22222222222222,24.24242424242424,6.535747954120083,12.51842312681314,1.901936969367307
23.23232323232324,24.24242424242424,10.422555064688726,26.03084855146952,5.22653454567922
24.24242424242424,24.24242424242424,7.239352700790531,12.4500483458762,4.586813216118071
25.25252525252525,24.24242424242424,4.874455096318875,20.09977513698959,4.500256068960877
26.26262626262626,24.24242424242424,3.0763633403728,21.50198319413981,6.79502738677345
27.27272727272727,24.24242424242424,3.1325912678882952,19.53941889151837,4.716370051119657
28.28282828282828,24.24242424242424,3.2768102314401926,17.78720604334612,5.10904558518509
29.29292929292929,24.24242424242424,11.28186184544559,9.300714123493076,6.511210585072472
30.3030303030303,24.24242424242424,10.728384801441198,8.269556380145351,4.374926753128126
31.31313131313131,24.24242424242424,5.5947110792419945,12.10137282604234,4.177130745609539
32.32323232323233,24.24242424242424,14.491734459971717,18.69072947173382,4.28138480473556
33.33333333333334,24.24242424242424,10.641956000816775,33.6690786078936,6.527164955184714
34.34343434343435,24.24242424242424,13.876476509801421,17.96228096714488,4.77111103564373
35.35353535353536,24.24242424242424,12.004341430103441,32.99349273656859,4.95333907838394
36.36363636363637,24.24242424242424,4.511036888677433,25.21843000848006,4.166121570705008
37.37373737373738,24.24242424242424,7.750319244981414,29.62957604175056,4.874916803117663
38.38383838383839,24.24242424242424,7.919663413015485,19.99211102831939,3.768040676201353
39.3939393939394,24.24242424242424,12.83262839365754,32.83825745237996,4.285951797967723
40.40404040404041,24.24242424242424,8.767482533059258,15.00970129408173,5.417516604450529
41.41414141414142,24.24242424242424,9.220134317259713,13.50183651179005,1.151951821674084
42.42424242424243,24.24242424242424,7.59019905065441,24.38665472127104,1.70877938174121
43.43434343434344,24.24242424242424,4.8423652483250255,16.74937003719145,2.194385548525035
44.44444444444445,24.24242424242424,2.940414197238794,11.63942754354857,1.402312742313023
45.45454545454546,24.24242424242424,5.984454822661368,12.8459240208536,1.774826130028925
46.46464646464647,24.24242424242424,3.027489527563473,16.70582358699305,1.52218763937918
47.47474747474748,24.24242424242424,1.7263185393877776,15.57071401931772,1.179029548685297
48.48484848484848,24.24242424242424,5.386044061933233,18.92314902197451,1.351119439969841
49.49494949494949,24.24242424242424,8.105582932526147,10.26760104141872,1.905248468858389
50.50505050505051,24.24242424242424,12.350734233641191,2.910056138351331,1.842691628788345
51.51515151515152,24.24242424242424,9.717310060215588,21.44518699457139,0.9627601489943369
52.52525252525253,24.24242424242424,5.377413218869187,18.04515930647623,2.056475039553471
53.53535353535354,24.24242424242424,6.4615431310020295,13.65164053084254,3.061381620203384
54.54545454545455,24.24242424242424,3.8232776548473084,19.52296328721821,4.331523179515072
55.55555555555556,24.24242424242424,9.026430868744333,14.91806633316717,4.338455323561794
56.56565656565657,24.24242424242424,5.888309383663316,23.09336582309286,4.739341865966517
57.57575757575758,24.24242424242424,6.918010387778906,17.48820474955305,4.276298053814577
58.58585858585859,24.24242424242424,6.704843530664903,20.83251344440328,5.57397629640212
59.5959595959596,24.24242424242424,7.568937286832744,29.98911544648529,5.159159437906309
60.60606060606061,24.24242424242424,9.732869792309693,18.50682631796026,5.293149890886194
61.61616161616162,24.24242424242424,6.542538590068346,16.17376430487321,3.920871729735543
62.62626262626263,24.24242424242424,7.173717494548038,30.56803132777187,3.789646385837378
63.63636363636364,24.24242424242424,4.777125971692417,28.7772655188923,4.265817346086545
64.64646464646465,24.24242424242424,3.0428721263010496,25.31017453423522,4.800762655645051
65.65656565656566,24.24242424242424,5.396773542208252,18.24595958957725,3.384472838571811
66.66666666666667,24.24242424242424,8.157349417592767,28.11545211968582,3.905536203325119
67.67676767676768,24.24242424242424,7.67369394672313,19.1286029433088,5.083306251370262
68.68686868686869,24.24242424242424,6.884485247794909,28.4753723873035,4.795027495234097
69.6969696969697,24.24242424242424,5.521903450390585,28.63039268092207,4.830888989555381
70.70707070707071,24.24242424242424,5.732328839717329,21.17699371253435,3.304687693761043
71.71717171717172,24.24242424242424,2.427360443992865,23.10822081519865,4.228245260033568
72.72727272727273,24.24242424242424,3.9463937066341317,19.10192038777061,0.8975594881965189
73.73737373737374,24.24242424242424,4.469548513222904,18.84932303315085,1.225643508055055
74.74747474747475,24.24242424242424,5.202332552534605,13.29611771654886,1.145715832864529
75.75757575757576,24.24242424242424,3.301425808263837,15.03245296595372,1.618458400505861
76.76767676767678,24.24242424242424,2.4713050167761166,12.82259099178106,1.179362048816724
77.77777777777779,24.24242424242424,3.952024332735418,12.71281545336198,1.214655057271588
78.7878787878788,24.24242424242424,2.4969290373771305,13.21742493467428,1.605500780602036
79.7979797979798,24.24242424242424,3.8744197815769175,16.57130255824596,1.11802090029101
80.80808080808082,24.24242424242424,7.979000385500186,24.50068364667508,1.100329705936573
81.81818181818183,24.24242424242424,5.403983946924649,13.56585714515649,2.484516567149346
82.82828282828284,24.24242424242424,4.386790866124715,20.16247180357329,1.505509183708879
83.83838383838385,24.24242424242424,4.983109767469172,14.10915721869852,1.54513312747791
84.84848484848486,24.24242424242424,5.788136818779903,19.59442509216011,1.202260137057321
85.85858585858587,24.24242424242424,3.1758113304292195,17.4077419940169,5.0200145707392
86.86868686868688,24.24242424242424,5.38017768285456,18.64834318377542,3.73096992884348
87.87878787878789,24.24242424242424,6.012199054226119,26.08439261422674,4.299342695530375
88.8888888888889,24.24242424242424,7.08623137416067,28.78473919180361,4.525781007304987
89.89898989898991,24.24242424242424,7.25443949277984,17.60186447481253,4.117854312351812
90.90909090909092,24.24242424242424,7.096388990353649,17.87372317023253,4.902606492547826
91.91919191919193,24.24242424242424,7.824838130934773,20.34745803117702,3.946689925676973
92.92929292929294,24.24242424242424,6.182722850770907,12.56029818646536,5.453992005138292
93.93939393939395,24.24242424242424,5.87392121506254,17.86148146555265,3.556064086128303
94.94949494949496,24.24242424242424,6.880385152933661,26.82171163904168,4.246513422536027
95.95959595959597,24.24242424242424,4.574840660597109,18.11213624187585,5.476505479903786
96.96969696969697,24.24242424242424,5.7296893131376105,19.04219242068062,4.96245484469785
97.97979797979798,24.24242424242424,12.022074974324813,30.69281499998834,4.24777159534141
98.98989898989899,24.24242424242424,7.457101880876049,17.2547304637558,5.24652094353516
100.0,24.24242424242424,3.8585829320580927,22.90153911168855,5.235912826801505
0.0,25.25252525252525,16.874085586672262,37.67667284798161,4.755652685369621
1.01010101010101,25.25252525252525,7.567778370579817,30.84952775807045,4.021112417278879
2.02020202020202,25.25252525252525,8.964007604509142,26.79861718027746,4.065738059340632
3.03030303030303,25.25252525252525,4.201913607443938,21.48665847796499,4.802410820194567
4.040404040404041,25.25252525252525,5.966034505230333,17.72060938815704,3.947611857133697
5.050505050505051,25.25252525252525,2.6906516315012574,18.02207767683932,3.486577883165467
6.060606060606061,25.25252525252525,8.14649012182459,16.65423429504986,5.253780247330066
7.070707070707071,25.25252525252525,10.30521708757215,31.81497298503382,3.408523175622324
8.080808080808081,25.25252525252525,8.72936387898099,25.74763657627903,4.233805953059097
9.090909090909092,25.25252525252525,11.168728824540914,12.61845955692911,0.9903855374778467
10.1010101010101,25.25252525252525,4.820687133124975,20.60428757098579,1.524423296185366
11.11111111111111,25.25252525252525,5.6945154094201,13.70427678989339,1.332183879477025
12.12121212121212,25.25252525252525,6.4207528253663035,16.79818491362001,1.895901371939987
13.13131313131313,25.25252525252525,7.253794153003807,11.45961048693217,0.8420078908240195
14.14141414141414,25.25252525252525,11.566572892225075,23.6042206115909,2.483332423243436
15.15151515151515,25.25252525252525,6.487493846619236,15.01589729997801,1.400131712697547
16.16161616161616,25.25252525252525,3.4936387774642714,19.16498385116069,1.414989181128501
17.17171717171717,25.25252525252525,3.1366997687116873,19.65961687424922,1.395494144328387
18.18181818181818,25.25252525252525,11.192256195918716,20.03991093129439,1.622130264749525
19.19191919191919,25.25252525252525,8.030279463281236,5.900942289138048,1.550214001319808
20.2020202020202,25.25252525252525,3.8893628654137995,7.452386075416733,1.762375423434884
21.21212121212121,25.25252525252525,3.1936570581332013,14.48661149492926,1.99904794773951
22.22222222222222,25.25252525252525,6.688725366135827,13.28660042307435,1.766517203676474
23.23232323232324,25.25252525252525,16.24995784540081,36.0125636458629,4.312021648180713
24.24242424242424,25.25252525252525,13.437907235708119,16.86995534631427,5.454376801281852
25.25252525252525,25.25252525252525,6.23695186508758,24.64944700760048,4.836885682773189
26.26262626262626,25.25252525252525,2.2768242132201895,22.85459676458115,5.209634747909016
27.27272727272727,25.25252525252525,5.993784839997476,27.41998692963277,5.451943583353213
28.28282828282828,25.25252525252525,4.3768774177627225,20.38444326699532,3.733358150307988
29.29292929292929,25.25252525252525,8.574813059598364,27.53619004578897,3.659976184948239
30.3030303030303,25.25252525252525,10.102727743255688,26.48698503860489,5.336435565207197
31.31313131313131,25.25252525252525,11.768493086406712,12.05437798333225,5.109118039186612
32.32323232323233,25.25252525252525,23.076959767941606,37.64905140454318,4.033267867590253
33.33333333333334,25.25252525252525,8.404713785983763,25.10161427593648,4.10177310523976
34.34343434343435,25.25252525252525,9.717239916703878,28.95235355344738,4.476883039097036
35.35353535353536,25.25252525252525,11.579915495306848,20.14818733671104,3.511529250683394
36.36363636363637,25.25252525252525,3.3654396837028973,23.66190180221002,4.030596282154518
37.37373737373738,25.25252525252525,3.8392465299111835,27.60000058111825,3.999860607003273
38.38383838383839,25.25252525252525,2.558842753783485,24.90334760011007,5.415017355942358
39.3939393939394,25.25252525252525,7.075025053988003,24.75219069312635,5.631837031942058
40.40404040404041,25.25252525252525,8.31809379292607,27.97008945599464,1.253715652252379
41.41414141414142,25.25252525252525,6.409894056442822,23.00313814387863,0.6484644655686598
42.42424242424243,25.25252525252525,3.3048017301660932,18.07855474852886,1.739916447625137
43.43434343434344,25.25252525252525,4.483550901613982,18.08709526738681,0.7725172405337406
44.44444444444445,25.25252525252525,8.267504472085715,6.942222156704246,0.9819814163607956
45.45454545454546,25.25252525252525,7.0541892211275865,18.80238472848758,1.511145367943358
46.46464646464647,25.25252525252525,1.2909790539361894,16.63548074383101,1.556886691137838
47.47474747474748,25.25252525252525,2.7440343231865483,16.02371730211309,1.091355028350563
48.48484848484848,25.25252525252525,5.122848917397343,10.66485669753609,1.004714400154101
49.49494949494949,25.25252525252525,4.444920223485206,17.09549200377292,0.5071709410252965
50.50505050505051,25.25252525252525,5.637574154042638,16.88699976166004,0.8132800529600844
51.51515151515152,25.25252525252525,4.225596940449693,17.57144091773155,1.792031673336391
52.52525252525253,25.25252525252525,6.481461481685805,10.22313411868355,1.870370438222063
53.53535353535354,25.25252525252525,2.719863135996386,12.84118609525554,1.577868818105131
54.54545454545455,25.25252525252525,3.0214261564445573,15.5727474983737,1.507690363600854
55.55555555555556,25.25252525252525,7.207856151657252,19.06761907304691,4.391542582130437
56.56565656565657,25.25252525252525,9.77466058748838,30.98162566780839,5.512195624589259
57.57575757575758,25.25252525252525,8.841401398536865,25.9131791474017,5.111210819014266
58.58585858585859,25.25252525252525,10.882674320504561,14.1250339693552,4.784365845660068
59.5959595959596,25.25252525252525,8.421625358506564,29.65721712842378,3.298174122836011
60.60606060606061,25.25252525252525,19.93409470265329,39.25485250435042,3.874370247645747
61.61616161616162,25.25252525252525,11.361593640600365,12.78908506530999,4.16816022583865
62.62626262626263,25.25252525252525,6.650917680195197,20.04470866159486,4.604608174672691
63.63636363636364,25.25252525252525,2.682955811688532,24.25190611981835,5.153252752426079
64.64646464646465,25.25252525252525,3.4050682429085324,23.68041716681645,4.109814975863657
65.65656565656566,25.25252525252525,8.664258542644168,13.8199414279302,3.612505368970297
66.66666666666667,25.25252525252525,7.930648420099845,24.31075094813453,3.679983205628788
67.67676767676768,25.25252525252525,7.220992718821107,10.88237603693084,4.286040021666063
68.68686868686869,25.25252525252525,7.704798587892018,11.79010359695572,5.050366260279218
69.6969696969697,25.25252525252525,8.705275237930707,15.82038885588158,3.711994303411771
70.70707070707071,25.25252525252525,6.869801820804913,24.95779901929965,4.32962424579703
71.71717171717172,25.25252525252525,5.1197090732763195,23.84390910829406,1.676154655596764
72.72727272727273,25.25252525252525,8.466876031233115,10.41715181532865,1.933232726447039
73.73737373737374,25.25252525252525,4.208144870797867,14.16685113203774,1.615770983801016
74.74747474747475,25.25252525252525,3.8587104113186843,10.64252700934303,1.690118662824482
75.75757575757576,25.25252525252525,6.196889300520629,18.35638123665854,1.491907638230753
76.76767676767678,25.25252525252525,3.1399688975470474,13.90108643285576,2.260448454295559
77.77777777777779,25.25252525252525,5.489445912778407,18.8661838824714,2.159420778021504
78.7878787878788,25.25252525252525,3.0144144943334004,11.79576401418046,1.553971004492558
79.7979797979798,25.25252525252525,4.382166406924701,12.97118002278393,1.487882874477476
80.80808080808082,25.25252525252525,5.529718904434866,17.60935531061457,1.367991662784972
81.81818181818183,25.25252525252525,2.1068144938330695,13.34656403242908,1.131104699142775
82.82828282828284,25.25252525252525,3.6276615358479978,15.63589876103616,1.454249530881154
83.83838383838385,25.25252525252525,3.5818957359545145,15.05666676054992,1.641769593382073
84.84848484848486,25.25252525252525,10.258249172253704,7.876258817806453,1.987019438624784
85.85858585858587,25.25252525252525,4.5808646393245676,19.22986743733675,1.411645783604776
86.86868686868688,25.25252525252525,3.4110215210752637,16.46123770169871,3.118781626721945
87.87878787878789,25.25252525252525,5.24717377609668,18.34515527555117,2.975079335789041
88.8888888888889,25.25252525252525,4.806348949477522,17.86892257342995,5.244182669402782
89.89898989898991,25.25252525252525,7.031418377631407,25.17861316432096,3.021481769810352
90.90909090909092,25.25252525252525,9.259664889106126,34.19591628475209,5.313874087286024
91.91919191919193,25.25252525252525,10.115718598391732,36.26234143543886,3.742567021819437
92.92929292929294,25.25252525252525,10.051197284646898,23.80146594662454,4.753780729287296
93.93939393939395,25.25252525252525,6.90394699114286,19.62149792531811,4.265918993971101
94.94949494949496,25.25252525252525,10.304760006508644,30.92588560420911,4.586631974914176
95.95959595959597,25.25252525252525,4.266639920571626,24.70746448620666,4.93679953542642
96.96969696969697,25.25252525252525,5.2373666243324895,21.31029070070496,4.12494148661746
97.97979797979798,25.25252525252525,13.40720187650159,10.56774281885299,5.439913819649937
98.98989898989899,25.25252525252525,7.017503339055883,21.82440394050241,5.349374163588909
100.0,25.25252525252525,3.533059965689168,18.50446865943683,4.563139817809205
0.0,26.26262626262626,22.340123207535452,11.08660819396916,5.593808327342977
1.01010101010101,26.26262626262626,9.974214959570352,22.1832538855356,4.047397843489446
2.02020202020202,26.26262626262626,10.411888060758645,34.98106897192925,3.609315206582292
3.03030303030303,26.26262626262626,5.551417297064184,25.3251778218759,4.985092021886476
4.040404040404041,26.26262626262626,3.0721642935918174,21.40381601827213,4.805180899771636
5.050505050505051,26.26262626262626,5.0713498186780255,23.21738820418145,4.882988632963414
6.060606060606061,26.26262626262626,4.6197248554063,26.45916507057506,4.229212746427027
7.070707070707071,26.26262626262626,8.060025133838048,22.16736552996577,3.687055230000369
8.080808080808081,26.26262626262626,10.023812487330188,13.67827923294591,1.662625256124599
9.090909090909092,26.26262626262626,8.729490476145395,23.93836795141329,1.704718997447992
10.1010101010101,26.26262626262626,3.8846651242547785,21.31125177493084,1.260998757448416
11.11111111111111,26.26262626262626,7.135142402591618,21.18224024975245,1.694168604507445
12.12121212121212,26.26262626262626,9.188952151059478,5.97013031773108,2.119569283131387
13.13131313131313,26.26262626262626,3.4517084210531737,5.413456181217691,2.049632707027953
14.14141414141414,26.26262626262626,5.894593452199082,11.4480395165223,1.146442698841743
15.15151515151515,26.26262626262626,1.6770066374875725,14.07326804859633,1.335714957226927
16.16161616161616,26.26262626262626,5.264659775830562,11.80525865447302,2.076954801444969
17.17171717171717,26.26262626262626,4.229236231333475,17.31368641163919,1.456155142490628
18.18181818181818,26.26262626262626,7.405169751916276,9.830059778115427,2.048892972607431
19.19191919191919,26.26262626262626,6.491513134706998,16.68121886297389,2.129513595888857
20.2020202020202,26.26262626262626,2.901709413516077,12.64232209230554,1.0493617019684
21.21212121212121,26.26262626262626,2.149781121042488,14.69327629572285,1.893557444551541
22.22222222222222,26.26262626262626,2.716615536168768,15.34735029671299,1.483326017077211
23.23232323232324,26.26262626262626,10.500883040625645,22.86301888099021,1.640314017814319
24.24242424242424,26.26262626262626,15.927544529615304,39.27957732787384,4.860449830293534
25.25252525252525,26.26262626262626,12.234615552134736,35.47324069303437,4.429687949125084
26.26262626262626,26.26262626262626,7.442666368877428,24.24903963894962,5.238370996570842
27.27272727272727,26.26262626262626,2.04474846665601,22.92634943544634,4.565959400141684
28.28282828282828,26.26262626262626,4.038935018275108,21.10742527296591,4.286228607162322
29.29292929292929,26.26262626262626,3.15601034988493,19.67336551566914,5.671924264738619
30.3030303030303,26.26262626262626,3.119113117516263,19.77531478649839,5.089732736485758
31.31313131313131,26.26262626262626,7.185382406597425,19.05407500976544,3.592293174086767
32.32323232323233,26.26262626262626,21.751477520043963,2.441644815403741,4.113620337272513
33.33333333333334,26.26262626262626,6.9731185602048225,16.44839987007615,4.057910949396121
34.34343434343435,26.26262626262626,13.458612620252671,13.72837196718161,5.270510050416568
35.35353535353536,26.26262626262626,22.616211263535725,41.30466323584556,5.00034681119893
36.36363636363637,26.26262626262626,8.608210889434915,19.20848451807568,3.403914349609293
37.37373737373738,26.26262626262626,5.966857853481435,20.90734168202223,4.6148402332083
38.38383838383839,26.26262626262626,11.488138611984363,27.37967215546143,5.386042638453547
39.3939393939394,26.26262626262626,12.913429741274397,7.907212906279961,1.536967811122812
40.40404040404041,26.26262626262626,6.023524982089397,15.84295252118756,1.239030887796679
41.41414141414142,26.26262626262626,3.1654953555051506,16.7563982576617,1.963343544588212
42.42424242424243,26.26262626262626,2.718696492916582,16.10057171481439,0.9351702684105405
43.43434343434344,26.26262626262626,2.625274820416087,12.64403052066676,1.308006648309526
44.44444444444445,26.26262626262626,2.7620360327425137,12.30999897573689,1.55890396138912
45.45454545454546,26.26262626262626,4.700365594673254,10.56915510805112,1.531662228613434
46.46464646464647,26.26262626262626,3.569302300523427,14.32057479762278,0.4982591588410242
47.47474747474748,26.26262626262626,4.727051417048051,11.47120733845719,1.963278854118642
48.48484848484848,26.26262626262626,5.775429974151292,10.22124926319897,1.564007032393556
49.49494949494949,26.26262626262626,6.083913451200634,21.40815438700983,2.231084556665921
50.50505050505051,26.26262626262626,6.20345309368868,24.56741935633749,1.820320141780053
51.51515151515152,26.26262626262626,5.992013177703429,12.57554718789213,0.8071243559417195
52.52525252525253,26.26262626262626,6.2328140054574925,18.3605960820141,1.432211441257509
53.53535353535354,26.26262626262626,5.736678739118562,8.121801366547146,1.028462743994463
54.54545454545455,26.26262626262626,6.898077625217441,13.66369163923135,1.655203619890403
55.55555555555556,26.26262626262626,13.198813371072113,28.34061277036148,3.893034039059457
56.56565656565657,26.26262626262626,9.346358106941363,16.75369627773857,4.669358375551677
57.57575757575758,26.26262626262626,5.816006632693495,15.82913964955608,5.305582939457961
58.58585858585859,26.26262626262626,5.840767710540013,23.62792343921029,4.714500163261541
59.5959595959596,26.26262626262626,5.481625973330879,21.43243254745425,5.207612331619194
60.60606060606061,26.26262626262626,12.896754388802297,16.32990269509449,5.971640381465527
61.61616161616162,26.26262626262626,14.981534072888973,4.448780777797045,5.392894937324002
62.62626262626263,26.26262626262626,7.778864938672737,24.66223566169028,5.371636728631498
63.63636363636364,26.26262626262626,3.9812050251730637,22.82412868336356,4.07717089956677
64.64646464646465,26.26262626262626,3.1316430232563945,25.23896807914366,5.250573103456814
65.65656565656566,26.26262626262626,5.821191282494078,23.69967217776924,3.837619330440003
66.66666666666667,26.26262626262626,3.8902870225749435,20.31204287069446,5.01665348428155
67.67676767676768,26.26262626262626,6.043309448130615,17.18401753460874,5.810830109400715
68.68686868686869,26.26262626262626,5.4528366948070826,20.98601633922527,5.602707515258511
69.6969696969697,26.26262626262626,9.445469855157393,24.66379056021999,6.211461833325521
70.70707070707071,26.26262626262626,8.643172480998466,11.51069711726896,1.401125380572505
71.71717171717172,26.26262626262626,4.525983873801203,18.64140831225519,1.681155655775963
72.72727272727273,26.26262626262626,5.055505689287244,18.42343075814465,2.574386117142661
73.73737373737374,26.26262626262626,5.436781234230598,9.290766989363185,1.67698591035397
74.74747474747475,26.26262626262626,4.242774838896975,12.18559959740172,1.681364732542649
75.75757575757576,26.26262626262626,7.44333521145027,9.061901336399128,0.9362265306682162
76.76767676767678,26.26262626262626,2.979088074216651,15.96207432855083,1.504680259326408
77.77777777777779,26.26262626262626,3.521688156957935,15.09728597837377,1.745657523601214
78.7878787878788,26.26262626262626,5.821951929956276,14.18592519412583,1.809663584775106
79.7979797979798,26.26262626262626,10.434912430306053,21.08613181858659,1.308064644463426
80.80808080808082,26.26262626262626,6.817208763561087,11.28277459495175,1.601739650158869
81.81818181818183,26.26262626262626,3.754250812086805,15.00240288824138,1.023308978061029
82.82828282828284,26.26262626262626,4.4492863768433395,8.520392389274617,1.36051347569997
83.83838383838385,26.26262626262626,6.265990856470756,9.436233301812967,1.993888411541971
84.84848484848486,26.26262626262626,5.958511216856001,18.65707267019385,2.409088651075914
85.85858585858587,26.26262626262626,5.448101852591303,16.85077267852667,2.031754258391629
86.86868686868688,26.26262626262626,9.175829446283519,9.656804408964867,1.068397078347495
87.87878787878789,26.26262626262626,12.293347998917792,29.23446276528864,3.851063600638206
88.8888888888889,26.26262626262626,6.85964161816709,18.39257845995414,4.93266231764101
89.89898989898991,26.26262626262626,5.482073924156772,29.40054427401602,4.870050626014558
90.90909090909092,26.26262626262626,4.556435271191477,24.56317811396504,4.631405940760313
91.91919191919193,26.26262626262626,8.790400789616836,26.24165108563488,4.305268724949363
92.92929292929294,26.26262626262626,14.974596250287588,11.47868807831688,5.14461345105541
93.93939393939395,26.26262626262626,15.246954517046388,29.99291372992666,3.377519268516739
94.94949494949496,26.26262626262626,15.588502158273746,11.33382834023541,4.86642477072601
95.95959595959597,26.26262626262626,4.257232741686325,23.85182795175512,4.9852409907537
96.96969696969697,26.26262626262626,4.521135111429115,25.85193725065691,4.286988662947341
97.97979797979798,26.26262626262626,6.218099089883859,22.07226914022261,5.243798339125802
98.98989898989899,26.26262626262626,9.16732327434587,12.90066046374049,4.416173812314534
100.0,26.26262626262626,4.363302260937206,21.38664282318704,4.951783788630887
0.0,27.27272727272727,20.120964112307714,40.42026747099663,3.792088121238822
1.01010101010101,27.27272727272727,7.860696606067956,29.51937907332207,4.205334993806987
2.02020202020202,27.27272727272727,7.181073854205833,23.96967475699345,4.194979544665545
3.03030303030303,27.27272727272727,5.64298781683204,30.11507471256461,4.045433646138959
4.040404040404041,27.27272727272727,9.405100341736262,18.53329946353304,4.422602180176518
5.050505050505051,27.27272727272727,11.174047261485306,33.25212789924849,4.676066785527254
6.060606060606061,27.27272727272727,7.014955965978628,25.31877283147796,3.579336811876614
7.070707070707071,27.27272727272727,8.794462660283067,12.35575828731078,1.971605140939056
8.080808080808081,27.27272727272727,7.6573898203185085,4.401561642445521,2.366301614944139
9.090909090909092,27.27272727272727,7.1906828566803025,13.22751933626572,1.465033114844427
10.1010101010101,27.27272727272727,6.488117105165157,9.23568318351762,1.017529613583166
11.11111111111111,27.27272727272727,3.63485751793106,15.4607555564448,0.859917061013188
12.12121212121212,27.27272727272727,5.137519921593508,16.1291002575453,2.248208558661877
13.13131313131313,27.27272727272727,5.956694799483055,6.582878087897905,1.505411474440457
14.14141414141414,27.27272727272727,3.0905566225658516,14.21042036287139,1.762598552772521
15.15151515151515,27.27272727272727,2.412121987975732,14.9454274209676,1.305223668818571
16.16161616161616,27.27272727272727,2.66309455220128,17.72773540981812,1.344286833643735
17.17171717171717,27.27272727272727,4.18601798964589,18.89264648367313,0.8331910775537896
18.18181818181818,27.27272727272727,2.9241680801598533,14.90610191421934,1.766416027926476
19.19191919191919,27.27272727272727,2.33407770690443,12.38549875350855,1.529679060310857
20.2020202020202,27.27272727272727,3.7537623853526734,12.96937275539538,1.498026308377381
21.21212121212121,27.27272727272727,6.530645546868069,20.38070777469176,0.8820673793201214
22.22222222222222,27.27272727272727,2.9246376020163107,14.71138061094392,1.174791476970311
23.23232323232324,27.27272727272727,2.8515643650287927,17.94125851452117,0.9433276736575152
24.24242424242424,27.27272727272727,7.434469388903319,18.20191627269529,1.408643772985488
25.25252525252525,27.27272727272727,14.708555813866807,12.38910985885354,5.012014646666499
26.26262626262626,27.27272727272727,20.566576865031912,40.07837098250283,4.046052935659592
27.27272727272727,27.27272727272727,8.113407905123578,22.38260742899244,5.950483012074577
28.28282828282828,27.27272727272727,13.515538010118103,33.28719942031855,4.33122507258652
29.29292929292929,27.27272727272727,6.00351641520208,22.89857335696301,3.941863131859641
30.3030303030303,27.27272727272727,9.826173613056643,14.83372161610204,3.949216579458457
31.31313131313131,27.27272727272727,7.123816277073138,23.4622376386273,3.937522757083864
32.32323232323233,27.27272727272727,8.28628632186949,23.62096305740604,4.278724464403474
33.33333333333334,27.27272727272727,4.521088639720776,18.96087674746816,4.177540072045565
34.34343434343435,27.27272727272727,5.1353949291801175,22.04252169036804,4.089975626973401
35.35353535353536,27.27272727272727,6.427494629864783,21.66876406727101,4.95135108664582
36.36363636363637,27.27272727272727,4.060121499467718,25.39287490996456,3.655854034928544
37.37373737373738,27.27272727272727,13.840047422011697,29.9109265594662,4.250333978796965
38.38383838383839,27.27272727272727,10.87386087134508,9.84823198549601,1.797168042510103
39.3939393939394,27.27272727272727,4.548324437186924,15.30775522044209,2.065226273964537
40.40404040404041,27.27272727272727,1.854060467399615,12.72517487901879,1.432349868229393
41.41414141414142,27.27272727272727,3.7558919181627797,11.91042900117948,2.203047331268252
42.42424242424243,27.27272727272727,3.576827330855282,11.31613651385747,2.031487551101927
43.43434343434344,27.27272727272727,2.1844643839306994,13.91149231653356,1.387616735834356
44.44444444444445,27.27272727272727,2.97540419979107,15.91549087505866,1.490191272691021
45.45454545454546,27.27272727272727,4.3688517820011175,15.64512430905025,1.257238754378745
46.46464646464647,27.27272727272727,3.3203752570265848,19.68209090477101,2.021997615688723
47.47474747474748,27.27272727272727,11.696804060700009,21.72757750856968,1.310187946433671
48.48484848484848,27.27272727272727,16.142926012969713,0.0,1.372373783746404
49.49494949494949,27.27272727272727,9.050907034116069,15.73133305858272,1.165672806134991
50.50505050505051,27.27272727272727,8.242880281393262,26.54967499864174,1.451880841270993
51.51515151515152,27.27272727272727,6.68884157659729,13.7707851062991,0.8606363838792218
52.52525252525253,27.27272727272727,3.598340871083227,17.59064563310361,2.132334371691568
53.53535353535354,27.27272727272727,5.493624174358516,10.56844660616184,1.432556341131285
54.54545454545455,27.27272727272727,9.557774604446884,19.12813487714443,1.157990198498914
55.55555555555556,27.27272727272727,9.024388861403487,11.08219060714064,1.631307338969239
56.56565656565657,27.27272727272727,6.832513200392071,6.107666360848336,3.891785192662325
57.57575757575758,27.27272727272727,5.781701159711833,11.37249303446442,3.442179160139881
58.58585858585859,27.27272727272727,6.065443769587707,19.76201674831557,3.647427299799766
59.5959595959596,27.27272727272727,8.031324293994764,27.83613111569244,4.998599906130448
60.60606060606061,27.27272727272727,5.722857306542531,28.00831867139054,4.258116123398575
61.61616161616162,27.27272727272727,8.284495490991048,23.94003598064931,4.681306766949914
62.62626262626263,27.27272727272727,6.773377022689811,20.2158647693147,4.169740792442595
63.63636363636364,27.27272727272727,12.131402816862773,33.06822497349421,4.225936151488334
64.64646464646465,27.27272727272727,6.569195485333875,18.22508219559981,4.645088851754624
65.65656565656566,27.27272727272727,5.851424420709057,15.22156300608117,4.606269724489834
66.66666666666667,27.27272727272727,4.977096797976877,25.35882824039366,4.093709621734162
67.67676767676768,27.27272727272727,6.303455781609499,28.12558968875105,4.576358711115284
68.68686868686869,27.27272727272727,6.0710072143751095,26.1216773505728,3.915929087730023
69.6969696969697,27.27272727272727,10.145966571380196,12.55618050787458,0.9336013203624642
70.70707070707071,27.27272727272727,3.980873258590032,10.66891373324305,1.590071412704833
71.71717171717172,27.27272727272727,5.397550584651723,13.08866236218602,1.231768823190835
72.72727272727273,27.27272727272727,2.419775943498545,15.55832826670368,1.238724670764076
73.73737373737374,27.27272727272727,3.717191719332824,14.13431140679102,1.496299979164428
74.74747474747475,27.27272727272727,9.057995721240562,21.5950954958898,1.728714688636906
75.75757575757576,27.27272727272727,3.972319283383955,19.5168910287865,1.151644750204656
76.76767676767678,27.27272727272727,4.316084005137624,18.0524773873936,1.835779895214711
77.77777777777779,27.27272727272727,11.672297146336014,23.63899156768288,1.441390704079826
78.7878787878788,27.27272727272727,10.339582080766284,1.099846062954799,1.437779541234709
79.7979797979798,27.27272727272727,9.696871053315624,4.164997741260644,1.179948847539442
80.80808080808082,27.27272727272727,6.092896357493844,18.70204341660881,1.864964724798374
81.81818181818183,27.27272727272727,2.82559548750816,18.16192848851991,1.043613283134885
82.82828282828284,27.27272727272727,4.813795285873805,11.80418011338132,0.4709830423257069
83.83838383838385,27.27272727272727,6.800658841463672,18.74308298803981,0.8448132075111592
84.84848484848486,27.27272727272727,8.968363757894213,20.6831643251824,2.289766178155836
85.85858585858587,27.27272727272727,9.281109083202486,6.437728288200519,1.547740994467704
86.86868686868688,27.27272727272727,6.370104670193696,12.78406227547952,1.367491867901038
87.87878787878789,27.27272727272727,7.816780826090719,21.36992092101321,4.682134253959958
88.8888888888889,27.27272727272727,4.009090513265051,23.45763892670193,4.782246666883005
89.89898989898991,27.27272727272727,5.9606802706128725,31.26157688683519,5.001038687511775
90.90909090909092,27.27272727272727,5.140363429235258,22.486014331707,4.433647279531299
91.91919191919193,27.27272727272727,8.695595099728134,17.54217425595936,5.217811447231314
92.92929292929294,27.27272727272727,8.141744734301767,25.7771065522318,3.597243152615776
93.93939393939395,27.27272727272727,8.38046246669472,16.54982250765068,4.10534255034907
94.94949494949496,27.27272727272727,7.936154512930501,22.91869470814574,6.030730861133325
95.95959595959597,27.27272727272727,2.370955680960922,22.19664242988286,3.105466381211856
96.96969696969697,27.27272727272727,6.43772224051879,18.08882076422849,4.956232146973119
97.97979797979798,27.27272727272727,3.783706503055975,21.65567588897321,3.886059809746919
98.98989898989899,27.27272727272727,4.0139946128145825,22.98861904843338,4.35790113584996
100.0,27.27272727272727,1.4474683981816827,23.1083930828019,3.639007207040211
0.0,28.28282828282828,12.668795633849465,20.2919228087755,3.855340740227443
1.01010101010101,28.28282828282828,14.647180497503292,37.17544759580424,4.684747347016224
2.02020202020202,28.28282828282828,12.486388605808417,17.9518778270057,6.195594902573744
3.03030303030303,28.28282828282828,10.806790310065946,30.16995388460133,4.369352714261163
4.040404040404041,28.28282828282828,11.396014848076959,10.0840183360741,4.653836573182527
5.050505050505051,28.28282828282828,10.341400613183698,21.24286205186029,3.938998338968318
6.060606060606061,28.28282828282828,3.102636068688427,19.29571081859826,1.887896924010772
7.070707070707071,28.28282828282828,4.687688823736607,16.80479049675561,1.184214636285294
8.080808080808081,28.28282828282828,6.345568406237429,8.974248994533706,1.316931377954441
9.090909090909092,28.28282828282828,6.344890925147146,18.46160830127106,1.750174817575517
10.1010101010101,28.28282828282828,2.491214662115595,12.89567448708975,1.034052543781765
11.11111111111111,28.28282828282828,1.77583096598378,13.53622725205589,0.9853507763313363
12.12121212121212,28.28282828282828,1.9971394972934542,16.30564313335722,1.481479353222758
13.13131313131313,28.28282828282828,5.408817424827978,12.06647093452903,1.723186672077787
14.14141414141414,28.28282828282828,3.7397065535310516,15.44771667371601,1.523251147819112
15.15151515151515,28.28282828282828,5.922771099506397,9.686413888382674,1.500646128446875
16.16161616161616,28.28282828282828,6.269810838964211,18.51041780057261,0.9640541818401237
17.17171717171717,28.28282828282828,8.906869954876734,8.878990240432309,1.278184304667975
18.18181818181818,28.28282828282828,3.201927913390243,15.01958436859026,1.842428472311265
19.19191919191919,28.28282828282828,2.791306867077466,14.32161230906331,0.3878363892308684
20.2020202020202,28.28282828282828,8.031720646282306,6.276582898257738,1.255895054462635
21.21212121212121,28.28282828282828,5.240137663881013,13.02621924923262,2.093285660691769
22.22222222222222,28.28282828282828,2.8020622742086805,16.874756265915,1.76629111116292
23.23232323232324,28.28282828282828,6.174229433946693,14.94729708262641,2.126638940034518
24.24242424242424,28.28282828282828,6.688732867929406,20.78866860111415,1.147789390245865
25.25252525252525,28.28282828282828,4.066037583199456,14.6371347426489,2.526892791320443
26.26262626262626,28.28282828282828,6.761839267831407,19.02641954308808,4.821989994126139
27.27272727272727,28.28282828282828,3.596937348525243,19.07307335978853,4.302166424791528
28.28282828282828,28.28282828282828,9.032076517612207,12.69803958188044,3.896105166129177
29.29292929292929,28.28282828282828,9.808232347873766,20.56319334166507,5.136215670154026
30.3030303030303,28.28282828282828,10.351813558687237,32.50345513454603,4.489728387109377
31.31313131313131,28.28282828282828,10.764839100153816,38.76209867675399,5.491222490532935
32.32323232323233,28.28282828282828,9.400030051140847,30.76797837416508,4.532766981010543
33.33333333333334,28.28282828282828,13.158671551890206,11.13073031881483,5.008601343830271
34.34343434343435,28.28282828282828,10.802509923480045,30.81454911790517,3.64608015078723
35.35353535353536,28.28282828282828,6.374134729303737,19.69255318217701,3.449631136012005
36.36363636363637,28.28282828282828,11.598598761921666,27.20680802375136,4.453777220383405
37.37373737373738,28.28282828282828,14.505158078655834,8.135067972335216,1.353927516827382
38.38383838383839,28.28282828282828,3.746733082932236,10.29001749199464,1.409344668221725
39.3939393939394,28.28282828282828,2.2081555828576325,12.5571033622259,1.329599968595225
40.40404040404041,28.28282828282828,2.4834416676440076,13.62631288718587,0.9495323875777519
41.41414141414142,28.28282828282828,5.024695702612467,20.67898905218706,2.386456077449163
42.42424242424243,28.28282828282828,7.206717938618942,17.64936234632358,1.969988087093445
43.43434343434344,28.28282828282828,8.743138566599256,11.04045093787875,1.631455745351276
44.44444444444445,28.28282828282828,11.052106482887451,21.93725065036766,1.636166365248023
45.45454545454546,28.28282828282828,11.894436865600996,7.553019543774077,1.994950037739212
46.46464646464647,28.28282828282828,6.486186922832493,17.84455918333233,2.07740348523806
47.47474747474748,28.28282828282828,10.99431570000827,8.969795548250488,1.412697884340266
48.48484848484848,28.28282828282828,7.500461675430293,16.89154422152748,1.020987524427395
49.49494949494949,28.28282828282828,5.931206646757216,19.70846486797814,1.997022791764332
50.50505050505051,28.28282828282828,3.9537475782522646,19.15764134777461,1.887578702328742
51.51515151515152,28.28282828282828,5.754377427078469,22.73216307513414,2.110063924337348
52.52525252525253,28.28282828282828,4.3325064866348715,14.80929215142747,1.550380841805253
53.53535353535354,28.28282828282828,4.225916681458424,14.51441076605685,1.081497101938143
54.54545454545455,28.28282828282828,13.398687541750359,2.967112238256353,0.8646488194349835
55.55555555555556,28.28282828282828,4.860172541058527,5.263525841043625,1.738444272515781
56.56565656565657,28.28282828282828,6.734321297570199,12.552338325618,1.053981441843248
57.57575757575758,28.28282828282828,4.503090708379114,16.38830067075286,4.050140261872732
58.58585858585859,28.28282828282828,6.836200378239485,23.69424705454366,3.546594607629487
59.5959595959596,28.28282828282828,13.494632036812181,10.36083443102654,4.055679343392516
60.60606060606061,28.28282828282828,9.263318225503243,21.0357756679558,4.245715912974525
61.61616161616162,28.28282828282828,7.6194947565232996,29.7943088396854,4.419002311603199
62.62626262626263,28.28282828282828,4.375760028698063,26.28647055218424,4.116035751888168
63.63636363636364,28.28282828282828,6.24238957535187,22.48221297824768,4.46887429620895
64.64646464646465,28.28282828282828,4.646949112821965,19.64131628597842,5.101909554826952
65.65656565656566,28.28282828282828,6.329363599434627,17.0083670933982,4.802226957626095
66.66666666666667,28.28282828282828,3.5165222045972797,23.40125310085523,4.7233171164517
67.67676767676768,28.28282828282828,5.210737288440897,18.624012502991,3.91996860748978
68.68686868686869,28.28282828282828,5.134242534748135,22.54271868529636,2.258001043629684
69.6969696969697,28.28282828282828,7.6432650268731805,25.57967312372021,0.469298482271986
70.70707070707071,28.28282828282828,7.793789498309869,21.44360798000277,1.336430136443834
71.71717171717172,28.28282828282828,7.683951487277367,24.23670421726311,1.843858051906218
72.72727272727273,28.28282828282828,4.3116818837284345,18.47864678482657,1.383357546089529
73.73737373737374,28.28282828282828,4.159097137917879,12.993889895899,1.477943262060338
74.74747474747475,28.28282828282828,13.966352803439111,4.311597065617707,1.560048565367251
75.75757575757576,28.28282828282828,6.661574053817377,21.40856036143875,0.835809946556687
76.76767676767678,28.28282828282828,10.221652825951775,26.17548252741915,1.795495120581972
77.77777777777779,28.28282828282828,8.88678670771408,13.61716825666529,1.863418693533603
78.7878787878788,28.28282828282828,5.997930301206136,3.76779807181498,2.110626161951068
79.7979797979798,28.28282828282828,6.98338307056138,8.429150523543182,2.321378788637591
80.80808080808082,28.28282828282828,2.845302449642034,16.82688741172756,2.066292179076527
81.81818181818183,28.28282828282828,2.1014328480247064,16.91693544199329,2.261701156574316
82.82828282828284,28.28282828282828,3.952980531507287,14.47892228297276,1.9042880398308
83.83838383838385,28.28282828282828,7.653145678400816,9.726281520213046,1.578883813147188
84.84848484848486,28.28282828282828,8.711750292617221,3.021318322718573,2.128577813015395
85.85858585858587,28.28282828282828,7.121774668479129,12.55735020642343,1.614849034009392
86.86868686868688,28.28282828282828,6.962140285299283,20.20503045692696,1.383043862044099
87.87878787878789,28.28282828282828,11.432053826307625,8.640916112148172,1.941704159485479
88.8888888888889,28.28282828282828,6.989115988907624,22.37799330621149,3.95080551672091
89.89898989898991,28.28282828282828,2.6855953559791574,25.85938893246432,4.629041211159929
90.90909090909092,28.28282828282828,5.929729161039923,27.25090163551416,4.553602292179893
91.91919191919193,28.28282828282828,8.662560820032915,30.44630545317629,4.393323076686315
92.92929292929294,28.28282828282828,5.855156591632788,26.58345067467039,5.515915005333419
93.93939393939395,28.28282828282828,8.240543685699807,12.06722010822396,4.508942517945954
94.94949494949496,28.28282828282828,8.385272726566326,9.849867503092002,4.284382931877992
95.95959595959597,28.28282828282828,7.3244560789160325,25.19540568793704,5.526557486038413
96.96969696969697,28.28282828282828,5.340530627483685,28.40191644947614,4.436111193241408
97.97979797979798,28.28282828282828,6.758116312003888,31.47411036574282,4.458202635646355
98.98989898989899,28.28282828282828,7.221010123142212,27.50392172117013,4.21346403030378
100.0,28.28282828282828,3.9667258578588296,20.60751218224023,0.991103155570487
0.0,29.29292929292929,3.805091882667467,21.28644026107402,4.174319469211909
1.01010101010101,29.29292929292929,6.443127344938703,22.34988868410054,4.211579556624996
2.02020202020202,29.29292929292929,7.936795679483103,30.43798949385744,4.786488061106839
3.03030303030303,29.29292929292929,6.82859351513628,19.30168342249713,3.258686690772435
4.040404040404041,29.29292929292929,9.995761978711439,15.97401733660958,4.146359699298987
5.050505050505051,29.29292929292929,19.67345839568648,37.49320370815866,5.545762913922421
6.060606060606061,29.29292929292929,9.11970797157089,17.34630011182893,2.16766170408957
7.070707070707071,29.29292929292929,6.3133084572866744,20.78505175819265,0.7778812835907603
8.080808080808081,29.29292929292929,10.600897590822441,5.482563530631435,1.878429612373096
9.090909090909092,29.29292929292929,3.466490403128839,13.36942668660648,0.7405964177525443
10.1010101010101,29.29292929292929,2.5495526892207496,12.99405525283255,1.633280269877518
11.11111111111111,29.29292929292929,3.288040726787462,15.30505416533463,1.485673049530558
12.12121212121212,29.29292929292929,2.9544086529678477,17.1090701665896,1.363870552073071
13.13131313131313,29.29292929292929,6.348526305427215,20.59772984919465,1.488870777483771
14.14141414141414,29.29292929292929,5.280808024517045,10.86873529495674,2.435946740857228
15.15151515151515,29.29292929292929,3.838938963848016,13.53317805630006,1.205651304021174
16.16161616161616,29.29292929292929,3.293145015114393,12.6692883078005,1.598682691158458
17.17171717171717,29.29292929292929,4.628761603969248,18.72079212840017,1.446810841595672
18.18181818181818,29.29292929292929,5.424166386945492,20.87524738009541,1.464550232820212
19.19191919191919,29.29292929292929,2.7101690349001606,13.83549986664073,1.701737519066295
20.2020202020202,29.29292929292929,5.647024291540417,16.91600986446886,0.9065823863094522
21.21212121212121,29.29292929292929,6.573424120163464,10.01833048682497,2.412728766567746
22.22222222222222,29.29292929292929,10.84493002373095,20.14363350780767,1.899623110804506
23.23232323232324,29.29292929292929,13.664819269061503,1.013171480510728,1.427845885434185
24.24242424242424,29.29292929292929,6.033941982407562,8.613394834768378,1.960885634179021
25.25252525252525,29.29292929292929,5.288374849310513,11.16182795255086,0.8900442796720356
26.26262626262626,29.29292929292929,4.694475685001464,20.58588655785932,5.412120927906767
27.27272727272727,29.29292929292929,5.875539797849948,14.41654562950001,4.393453802646458
28.28282828282828,29.29292929292929,8.405647463141847,11.39908088756244,4.684806919824674
29.29292929292929,29.29292929292929,15.851945410005172,37.6553271651966,3.99605550755054
30.3030303030303,29.29292929292929,8.23916343104031,38.04207051576206,4.007752455042494
31.31313131313131,29.29292929292929,7.818186831280808,25.2553671590623,4.165104877704341
32.32323232323233,29.29292929292929,6.513853209954923,27.94624184429989,4.140921365149872
33.33333333333334,29.29292929292929,9.210359618919894,16.61420324328174,3.810363479132712
34.34343434343435,29.29292929292929,14.849368086929918,34.44674664946972,4.678683209089289
35.35353535353536,29.29292929292929,9.377586999456023,14.80847592735857,3.737335468812545
36.36363636363637,29.29292929292929,10.458739530251934,9.21234098284199,3.156868212214442
37.37373737373738,29.29292929292929,9.111038658444844,23.153152128752,1.9597805980285
38.38383838383839,29.29292929292929,6.117782864675125,20.41312892733427,0.7262614093491155
39.3939393939394,29.29292929292929,4.390860092547598,15.30277844024901,1.326258253136524
40.40404040404041,29.29292929292929,5.359126190685773,12.71556991473808,1.645005394796427
41.41414141414142,29.29292929292929,5.892117170896828,19.43106916360944,2.331788613495464
42.42424242424243,29.29292929292929,17.229765445580032,4.794254538622235,2.236100277101276
43.43434343434344,29.29292929292929,15.391082552296751,25.63625270468723,0.7444101828449025
44.44444444444445,29.29292929292929,12.422268294040395,9.031615313209345,1.707988806065465
45.45454545454546,29.29292929292929,11.227173048182864,22.36289149475006,1.77251350658232
46.46464646464647,29.29292929292929,6.446157861595806,12.90364648808113,1.50976465331346
47.47474747474748,29.29292929292929,10.279309587159215,23.39276407960554,1.098457189546539
48.48484848484848,29.29292929292929,6.885841036420458,19.26317738199352,1.017414500571582
49.49494949494949,29.29292929292929,15.046097328951433,3.328514256998887,2.272044855190951
50.50505050505051,29.29292929292929,8.382548582224047,14.86002993319574,1.179950958381542
51.51515151515152,29.29292929292929,7.2103835235337455,20.1734239867215,2.13898228153502
52.52525252525253,29.29292929292929,6.378545850314748,8.478371995641412,0.7711738649873077
53.53535353535354,29.29292929292929,4.88723086192889,15.62993341882442,1.805585061699241
54.54545454545455,29.29292929292929,16.63915401050489,26.55712763578194,1.288467312946362
55.55555555555556,29.29292929292929,10.037274222313416,9.30032515181907,2.071092553591396
56.56565656565657,29.29292929292929,10.806047463234904,21.9201767214199,2.357471951098907
57.57575757575758,29.29292929292929,6.767267289538108,14.5336542024505,2.23407224807037
58.58585858585859,29.29292929292929,10.481535756025457,26.46745925396559,4.464847304351022
59.5959595959596,29.29292929292929,6.984837208781237,22.85571203316298,2.916015889474489
60.60606060606061,29.29292929292929,10.532692705570293,31.68303115787517,4.59524949013289
61.61616161616162,29.29292929292929,7.892304804103418,17.43697413185905,4.471566188226674
62.62626262626263,29.29292929292929,9.609484911357786,22.16613208169925,5.9333121342419
63.63636363636364,29.29292929292929,9.746472934339696,14.74382093829255,5.110526362111494
64.64646464646465,29.29292929292929,8.32469028900383,31.33903276203819,4.514330362855139
65.65656565656566,29.29292929292929,9.490099201487721,31.51318220378243,4.706135405544469
66.66666666666667,29.29292929292929,2.946099788789887,22.4628660273258,5.297142495508846
67.67676767676768,29.29292929292929,5.491529497301473,21.26943769082495,3.795029646720019
68.68686868686869,29.29292929292929,6.077282682473795,12.54036783230947,1.531469458222358
69.6969696969697,29.29292929292929,6.9260915137849075,15.2031252142144,0.8170296001965598
70.70707070707071,29.29292929292929,6.709126448748407,7.97230561450079,0.9079824561863431
71.71717171717172,29.29292929292929,5.21514614872024,13.20009379292761,1.259967409670211
72.72727272727273,29.29292929292929,3.05953108688552,15.39505208939983,0.675256327371352
73.73737373737374,29.29292929292929,2.645904958499982,14.32280721746963,1.617608904247979
74.74747474747475,29.29292929292929,5.849604290377661,17.11425372299972,0.589140541766709
75.75757575757576,29.29292929292929,4.8378281109399,18.51781894062293,1.3040881329916
76.76767676767678,29.29292929292929,8.942294981713324,10.73711280037185,1.180364447708138
77.77777777777779,29.29292929292929,5.355982931987831,16.73480732089985,1.887339145027868
78.7878787878788,29.29292929292929,5.7591983338726465,10.58084463120083,1.957488374435863
79.7979797979798,29.29292929292929,6.630953155939466,19.03944068359358,1.256633418898898
80.80808080808082,29.29292929292929,2.984106207690715,15.80861853649078,1.90471886237824
81.81818181818183,29.29292929292929,6.723208716391203,21.54961259827924,1.475027125632484
82.82828282828284,29.29292929292929,8.275832490951064,8.532396248315298,1.946083039053133
83.83838383838385,29.29292929292929,10.679242087424015,19.86445880573536,1.230817251323755
84.84848484848486,29.29292929292929,10.431123245811456,3.965478409524299,0.9689817799793212
85.85858585858587,29.29292929292929,5.137143562734236,17.74111482790865,0.6520805527112002
86.86868686868688,29.29292929292929,1.3797185031825956,18.98923209245958,2.032626032171503
87.87878787878789,29.29292929292929,4.24111414704036,16.33893506967153,1.540835525613921
88.8888888888889,29.29292929292929,6.8158255877113145,12.71964779138758,0.2656851000739255
89.89898989898991,29.29292929292929,8.835042718013488,26.32667407270741,5.109846198493967
90.90909090909092,29.29292929292929,14.879590424973813,12.8837888158736,5.186939543782255
91.91919191919193,29.29292929292929,9.647549692726125,15.75845196642958,4.116031716103439
92.92929292929294,29.29292929292929,3.797633633918584,22.34825377553016,4.718253076607152
93.93939393939395,29.29292929292929,6.653562611437201,23.81320928001808,3.025573035504464
94.94949494949496,29.29292929292929,4.901760155371424,12.75924041432657,4.558843090922165
95.95959595959597,29.29292929292929,5.248924771956905,17.44839357671123,3.592345268950913
96.96969696969697,29.29292929292929,5.988976288880953,23.63159430259483,3.853595681310773
97.97979797979798,29.29292929292929,5.790859921245469,21.30246215533625,4.063410721221274
98.98989898989899,29.29292929292929,6.962082390295265,14.00178208484062,4.85556166181941
100.0,29.29292929292929,3.58013152908625,18.10462504815531,1.631330905744769
0.0,30.3030303030303,9.304637654053584,11.92913048839666,4.47577038479859
1.01010101010101,30.3030303030303,5.152814017086861,20.55448744883285,4.537841875954761
2.02020202020202,30.3030303030303,6.801272251783373,30.40132532389398,3.75111838830455
3.03030303030303,30.3030303030303,5.084228070056897,21.28381486369019,4.894737978825431
4.040404040404041,30.3030303030303,9.06387539822682,25.22021379348322,4.546527415044491
5.050505050505051,30.3030303030303,10.827613556208398,16.71580174958991,1.831287253952892
6.060606060606061,30.3030303030303,10.883078213035287,6.402534175008149,1.256411235110786
7.070707070707071,30.3030303030303,7.12024392742746,18.25331906440793,1.587032788422814
8.080808080808081,30.3030303030303,6.8531925870627,21.20511704648267,1.852735181275435
9.090909090909092,30.3030303030303,5.050993153927481,12.85788127850468,1.909386545052031
10.1010101010101,30.3030303030303,7.905694838555828,20.40751489769674,1.230389410504851
11.11111111111111,30.3030303030303,6.1010896525083815,8.036733085220572,1.88603205187005
12.12121212121212,30.3030303030303,3.8402523593790066,11.38753827181061,1.649131844091913
13.13131313131313,30.3030303030303,3.0276820562583118,16.95253777899437,1.023478820753881
14.14141414141414,30.3030303030303,3.260229021327299,15.01954869868442,1.436452883967102
15.15151515151515,30.3030303030303,6.920790433734973,21.51383723393186,1.902501046698704
16.16161616161616,30.3030303030303,4.198538900877128,13.08534530638673,1.021963630831013
17.17171717171717,30.3030303030303,3.51661787041075,18.25350667278595,2.153558395556276
18.18181818181818,30.3030303030303,2.9220023371305746,14.22844760896851,1.769391285911269
19.19191919191919,30.3030303030303,2.9434261743921404,13.60119368074548,2.034376886978703
20.2020202020202,30.3030303030303,5.920685634388844,18.88649068894738,0.6049219070936561
21.21212121212121,30.3030303030303,9.889212059458947,3.755505167205351,1.858639931664166
22.22222222222222,30.3030303030303,6.941779142361874,9.28855570305619,1.59800749138512
23.23232323232324,30.3030303030303,7.443011055747083,15.00763757308647,1.487829750826088
24.24242424242424,30.3030303030303,4.36830069702323,10.42523252601272,1.209677243009355
25.25252525252525,30.3030303030303,5.968132079841353,16.86752883660393,2.696418300028866
26.26262626262626,30.3030303030303,4.260444899137875,22.21092274942616,0.2748866301583627
27.27272727272727,30.3030303030303,5.347322381816561,24.0753714203144,4.156816266936226
28.28282828282828,30.3030303030303,5.705738231863759,14.44900102624009,5.243827876273104
29.29292929292929,30.3030303030303,9.7649110015377,17.98266897690707,4.877214407200609
30.3030303030303,30.3030303030303,10.35156907274473,23.79747888008208,4.712089916432908
31.31313131313131,30.3030303030303,7.5755590619950794,27.54380492455648,5.055044711737263
32.32323232323233,30.3030303030303,5.893951256232899,18.73547882060113,3.975463688234536
33.33333333333334,30.3030303030303,1.5728340885054921,18.80758678728827,4.321444119917089
34.34343434343435,30.3030303030303,9.073292200969373,16.15228596161374,4.387610884389217
35.35353535353536,30.3030303030303,9.423410389957475,22.20034100373649,4.602597595858721
36.36363636363637,30.3030303030303,11.29148686827755,4.908795993170214,2.318009195501003
37.37373737373738,30.3030303030303,6.01832595514133,18.40791599871715,1.985073901404994
38.38383838383839,30.3030303030303,5.39252081663693,13.91548259247639,1.571396549810959
39.3939393939394,30.3030303030303,4.8083623704519844,22.4229847198201,1.366524648859799
40.40404040404041,30.3030303030303,8.02256135648486,23.93862393065109,1.580586272675825
41.41414141414142,30.3030303030303,3.567540403612613,18.46283424245831,1.647953602028062
42.42424242424243,30.3030303030303,12.537430874054342,25.37939572218882,1.096002995202547
43.43434343434344,30.3030303030303,6.443267088312478,16.11435981985159,1.285255933153224
44.44444444444445,30.3030303030303,2.0026498266274815,15.87913957919401,2.13232009085651
45.45454545454546,30.3030303030303,5.010435129407172,15.05459244120423,1.592232487425018
46.46464646464647,30.3030303030303,2.55948695748248,12.00829033514245,1.546427467419094
47.47474747474748,30.3030303030303,4.728250040761493,11.31719855146017,1.36409045858724
48.48484848484848,30.3030303030303,3.7039603878128626,14.15569621938438,2.265866056687365
49.49494949494949,30.3030303030303,12.245945151454462,19.66677416063388,1.269278032599321
50.50505050505051,30.3030303030303,14.675265349783169,2.472356748601041,1.60002618517743
51.51515151515152,30.3030303030303,6.135565433529987,10.899075025605,1.029207957078333
52.52525252525253,30.3030303030303,2.753261306363129,8.815021826851252,0.03401638539534452
53.53535353535354,30.3030303030303,2.798845465471097,15.27528826401696,1.649428734481218
54.54545454545455,30.3030303030303,7.240816795074552,11.77452369220836,1.711836080685691
55.55555555555556,30.3030303030303,5.9026301024716945,15.53596867673359,1.598757983318349
56.56565656565657,30.3030303030303,10.78067245910855,8.070199352852407,0.5794490894402958
57.57575757575758,30.3030303030303,10.090123279929376,20.42774932181608,1.756499398478541
58.58585858585859,30.3030303030303,19.712331640254373,2.860080701603394,4.820268767351945
59.5959595959596,30.3030303030303,9.01912445605721,19.85030714568927,5.212288171004172
60.60606060606061,30.3030303030303,8.209206503565426,23.27289197624168,4.132356950719968
61.61616161616162,30.3030303030303,7.6643210791927405,17.67364366459005,4.985986699250351
62.62626262626263,30.3030303030303,20.078041527729454,0.0,4.459732299180074
63.63636363636364,30.3030303030303,10.346302767259147,7.513844208041234,4.925866277676194
64.64646464646465,30.3030303030303,9.861948605853623,26.50734934757252,4.696630869658486
65.65656565656566,30.3030303030303,10.852034475771159,17.28206612641665,4.587245894674203
66.66666666666667,30.3030303030303,5.753239340222177,21.86059845865316,5.170370274322126
67.67676767676768,30.3030303030303,6.1585552192188295,11.87124308446934,1.732328703577914
68.68686868686869,30.3030303030303,3.3096232186379706,9.625415195821592,1.964559326463449
69.6969696969697,30.3030303030303,4.802338000170844,7.768884050199123,1.332015346825382
70.70707070707071,30.3030303030303,2.3639140436295616,8.878901265852004,1.114728207778587
71.71717171717172,30.3030303030303,5.450957390312896,10.79886609728119,1.40224273728073
72.72727272727273,30.3030303030303,4.871411709603521,21.28237857311275,1.511282883519096
73.73737373737374,30.3030303030303,3.8198927053967178,19.71381835243864,1.324815163655748
74.74747474747475,30.3030303030303,5.757728979633636,23.51500250397505,1.063715736682694
75.75757575757576,30.3030303030303,8.32465524583818,11.24151927555344,1.679228167906828
76.76767676767678,30.3030303030303,6.949381770344953,17.28952233939877,1.469417408613473
77.77777777777779,30.3030303030303,3.972647231774751,10.58017186741011,1.566323590312977
78.7878787878788,30.3030303030303,3.802457961601276,8.969656597187864,1.288566272733174
79.7979797979798,30.3030303030303,3.870524994642879,14.81533641938166,0.7997766186432712
80.80808080808082,30.3030303030303,2.31601271603714,13.86227878985596,1.313933884701339
81.81818181818183,30.3030303030303,7.414175683211263,18.04766530075278,1.23329232470908
82.82828282828284,30.3030303030303,4.85388052403777,11.33992127007809,1.99470949513866
83.83838383838385,30.3030303030303,3.6934435661630993,14.51671069519274,1.421211027851875
84.84848484848486,30.3030303030303,3.942979226776189,15.07119449136898,0.4283849050940264
85.85858585858587,30.3030303030303,3.7722211998328166,17.40005888139221,1.191080102835383
86.86868686868688,30.3030303030303,1.6601659702259184,19.3938934533836,1.930065810847982
87.87878787878789,30.3030303030303,2.8266417911384236,19.33578839923761,0.8544881535042599
88.8888888888889,30.3030303030303,3.648320227486828,13.09829106780515,2.030463113838557
89.89898989898991,30.3030303030303,9.860125626347989,18.50369987905018,3.219084358287644
90.90909090909092,30.3030303030303,20.328705234258255,41.7174892887385,4.006621396279057
91.91919191919193,30.3030303030303,11.152336254785734,30.19633229093081,3.673678204246091
92.92929292929294,30.3030303030303,5.1170803397865114,25.24883409847577,4.81838608881842
93.93939393939395,30.3030303030303,4.7330392966716195,21.46387237624282,5.405578072978868
94.94949494949496,30.3030303030303,6.601602234673919,11.80469473215161,3.469799416913399
95.95959595959597,30.3030303030303,6.707189768843118,15.07206048837768,4.75438126817065
96.96969696969697,30.3030303030303,13.837491987865782,34.30484443809515,5.875213161268413
97.97979797979798,30.3030303030303,7.205164308302744,24.66444141215735,3.818652994132637
98.98989898989899,30.3030303030303,3.4170515034566322,16.94444897588185,5.169594883708856
100.0,30.3030303030303,3.6627585794615865,13.96996055829617,1.936543021716026
0.0,31.31313131313131,4.312758181888509,21.86037671744386,4.652605156527915
1.01010101010101,31.31313131313131,4.967852167108258,20.89814744641529,3.743405510086698
2.02020202020202,31.31313131313131,14.993957504224522,38.60540182579909,4.718745705380933
3.03030303030303,31.31313131313131,9.190354929613607,15.98294341465248,4.120563936307887
4.040404040404041,31.31313131313131,8.284929656693787,10.65171963113592,4.861271540044673
5.050505050505051,31.31313131313131,3.85667431619718,13.00042910180014,1.142398595071308
6.060606060606061,31.31313131313131,8.437325502379661,16.82702862634698,0.9334696412057215
7.070707070707071,31.31313131313131,9.1296865619901,7.106658919957333,2.81976833724212
8.080808080808081,31.31313131313131,4.6917748765729,20.81393396413584,1.505301163664313
9.090909090909092,31.31313131313131,3.4063075016877833,16.65343909894275,1.50765479274096
10.1010101010101,31.31313131313131,3.0615802039971918,16.11861062000584,0.7821961068444693
11.11111111111111,31.31313131313131,3.752239095875118,9.451183616073834,2.134230134194136
12.12121212121212,31.31313131313131,2.1146994176578513,12.11121112077385,1.825818831708445
13.13131313131313,31.31313131313131,3.0411963046672073,15.98499021165511,1.921557898029933
14.14141414141414,31.31313131313131,1.2146547546308115,15.48237376470855,1.767795782225841
15.15151515151515,31.31313131313131,3.304305555192314,16.73411513941634,1.402459147787974
16.16161616161616,31.31313131313131,4.521541616608924,15.86679061736466,1.392325671048113
17.17171717171717,31.31313131313131,7.513436719558227,22.65947226859807,1.838137684300593
18.18181818181818,31.31313131313131,4.668725066183234,13.83955102361358,1.321395107463525
19.19191919191919,31.31313131313131,8.284190908489226,7.974346105497099,1.801175824672854
20.2020202020202,31.31313131313131,3.231727552236925,17.59051150581445,1.560195615852131
21.21212121212121,31.31313131313131,7.090880005912167,16.38549202782865,1.071209869010645
22.22222222222222,31.31313131313131,12.384376882215015,3.628649344241293,1.265209945921688
23.23232323232324,31.31313131313131,8.702292585321452,20.48372878639503,1.844484364575046
24.24242424242424,31.31313131313131,5.716052967547462,15.06189626519634,1.875174433035179
25.25252525252525,31.31313131313131,3.770585930779423,10.48639162470503,1.254514882275034
26.26262626262626,31.31313131313131,8.164070443937888,14.00202192815197,1.540464958197264
27.27272727272727,31.31313131313131,3.8940172142947254,23.8357267488251,3.648700316263345
28.28282828282828,31.31313131313131,6.978937810979354,21.06199547027618,3.158584679432584
29.29292929292929,31.31313131313131,11.416472846934138,7.944161012887793,4.590638782703254
30.3030303030303,31.31313131313131,9.657426263495903,6.196930172432548,4.627981893898389
31.31313131313131,31.31313131313131,8.617949733261241,12.08465859050009,4.534050244131135
32.32323232323233,31.31313131313131,7.541916607499373,24.22008675119148,4.390008089023326
33.33333333333334,31.31313131313131,7.421401690582309,17.4370427696345,5.840755107774332
34.34343434343435,31.31313131313131,10.65046159892557,25.44763820983797,6.385723356087233
35.35353535353536,31.31313131313131,5.466036782382517,15.23816457297354,5.331681184545968
36.36363636363637,31.31313131313131,4.983664850870902,14.98053346049543,1.811439404880124
37.37373737373738,31.31313131313131,2.269232716607132,17.07140171997438,1.105857352428121
38.38383838383839,31.31313131313131,2.297902077485057,15.98798399058176,1.057472527961562
39.3939393939394,31.31313131313131,5.749480004875476,20.33288285575795,2.025901250199821
40.40404040404041,31.31313131313131,9.359152231608892,10.06286141964843,1.70918510158829
41.41414141414142,31.31313131313131,3.566784551860948,17.55325871708228,1.972303771201014
42.42424242424243,31.31313131313131,6.5886146490838735,11.99641079160578,0.5618488541098434
43.43434343434344,31.31313131313131,8.095708501512645,9.36344049443213,1.855358163147869
44.44444444444445,31.31313131313131,5.378515886137917,15.77583191731611,2.10283261225805
45.45454545454546,31.31313131313131,10.108759499249953,6.192000221172931,1.952906739544457
46.46464646464647,31.31313131313131,5.667355008038834,17.61348812238963,1.612813890290264
47.47474747474748,31.31313131313131,2.4411739998428197,14.62504373475428,0.9164233533045314
48.48484848484848,31.31313131313131,2.479407851808416,12.79691143991578,1.912466247560649
49.49494949494949,31.31313131313131,7.745885916658596,9.726748811733376,2.193339919645063
50.50505050505051,31.31313131313131,11.656923004235928,23.16460927410222,1.351986195530729
51.51515151515152,31.31313131313131,6.08802686523668,15.65621632285074,0.8165753483020441
52.52525252525253,31.31313131313131,6.142473183273568,6.682946068528032,1.632989887461801
53.53535353535354,31.31313131313131,4.25336490669155,16.15499396211958,1.501056574283451
54.54545454545455,31.31313131313131,6.810789257842818,18.69297737259916,1.782502975518567
55.55555555555556,31.31313131313131,8.037778810587264,9.388306100167746,1.537086013728916
56.56565656565657,31.31313131313131,5.424147060741649,17.51959252787426,1.037172838541177
57.57575757575758,31.31313131313131,4.007902802722823,15.88656991064052,1.103594476584157
58.58585858585859,31.31313131313131,9.959330219142311,23.54413364596013,3.809290885493541
59.5959595959596,31.31313131313131,11.246949797994256,32.50858880780611,5.964772287984967
60.60606060606061,31.31313131313131,13.247057201166198,38.67774566666586,4.941598173601613
61.61616161616162,31.31313131313131,7.325364939631444,24.82136647238833,4.463318762348655
62.62626262626263,31.31313131313131,22.146974538753284,32.95854615658729,4.749039832949539
63.63636363636364,31.31313131313131,12.669297511215195,15.16172919925398,5.13347503201458
64.64646464646465,31.31313131313131,7.62688176010696,20.11002669931085,4.890880314692054
65.65656565656566,31.31313131313131,10.541852046426849,32.65527239874313,4.514077935138255
66.66666666666667,31.31313131313131,8.083513524651014,29.7034005444489,4.723882164912672
67.67676767676768,31.31313131313131,7.786138359908861,8.870400076781202,2.04974295023831
68.68686868686869,31.31313131313131,5.860522289460935,15.84659639961538,1.452153149247657
69.6969696969697,31.31313131313131,3.7757959699802095,16.57744652559187,1.666968292689462
70.70707070707071,31.31313131313131,5.316451628460326,14.39797974193697,1.66857080929131
71.71717171717172,31.31313131313131,11.757432437409516,3.799741538936773,1.462469709633807
72.72727272727273,31.31313131313131,6.614764898540438,19.73613091491726,1.82155984035064
73.73737373737374,31.31313131313131,5.743453724664764,15.1950030380313,1.182572161271421
74.74747474747475,31.31313131313131,5.993786807688256,24.07050226157624,1.854316848831378
75.75757575757576,31.31313131313131,7.161236776319002,18.94235430156973,2.033913156009015
76.76767676767678,31.31313131313131,7.796233445864246,8.801758332879864,1.122937501212192
77.77777777777779,31.31313131313131,4.029569459382249,11.99625959880847,1.688459933704468
78.7878787878788,31.31313131313131,4.414036158218304,15.11210531716396,2.421377635463027
79.7979797979798,31.31313131313131,5.344734921436091,19.27459468202176,1.339032173084499
80.80808080808082,31.31313131313131,5.140846858591711,11.68301181276474,2.164320536427485
81.81818181818183,31.31313131313131,13.631184976999474,2.786040407005696,1.791034185001253
82.82828282828284,31.31313131313131,6.337187672898548,18.06338488867704,0.8702014479824195
83.83838383838385,31.31313131313131,4.131229806094595,20.21146362801163,1.678635672128401
84.84848484848486,31.31313131313131,4.023267435205428,16.85404713042959,1.825183486916795
85.85858585858587,31.31313131313131,8.14540902444802,6.974928990592004,1.76095159963034
86.86868686868688,31.31313131313131,3.830428545017944,15.20983055954133,0.7431236722161835
87.87878787878789,31.31313131313131,3.1840611910064878,17.32167694982845,1.230885669642429
88.8888888888889,31.31313131313131,3.924295903173882,10.5265595769529,1.085629849717451
89.89898989898991,31.31313131313131,4.178908436475611,15.5053697882488,4.893168942161692
90.90909090909092,31.31313131313131,8.72982869621506,23.97131523206638,4.571002722755125
91.91919191919193,31.31313131313131,5.709345503117218,16.49352278655184,3.785629357359442
92.92929292929294,31.31313131313131,5.552146953256849,16.41355297696332,3.463788631323743
93.93939393939395,31.31313131313131,4.774440598535739,18.32519145965576,4.277255007852688
94.94949494949496,31.31313131313131,8.487914513174886,24.33001458835505,4.436805853485771
95.95959595959597,31.31313131313131,3.700789519732245,17.02433676947306,5.126680182169119
96.96969696969697,31.31313131313131,5.297690774381573,18.50131359778762,5.229313189011219
97.97979797979798,31.31313131313131,6.604135484511657,16.56615889798077,5.33956649072191
98.98989898989899,31.31313131313131,2.5404893750616706,16.97550724480597,1.920591365868693
100.0,31.31313131313131,6.702356494043943,10.09083772735623,1.596851887731985
0.0,32.32323232323233,1.451699950815699,19.8155776718541,4.991872724318594
1.01010101010101,32.32323232323233,4.371951474320763,20.03988242597707,6.475244317976568
2.02020202020202,32.32323232323233,12.081723560342411,27.16336110133653,4.46957674621533
3.03030303030303,32.32323232323233,8.584768342231705,12.47607733989893,4.107722131795809
4.040404040404041,32.32323232323233,7.283261722385074,21.54301084138299,4.153897193159998
5.050505050505051,32.32323232323233,7.032686584237612,18.53644472358803,1.440645060236436
6.060606060606061,32.32323232323233,8.808814117117914,7.049190299103653,1.021509930965451
7.070707070707071,32.32323232323233,6.675652640169747,5.16221756701568,1.711921134304486
8.080808080808081,32.32323232323233,6.765127879809877,20.30578744956266,0.9338177677001696
9.090909090909092,32.32323232323233,7.5915595886583285,11.51909025675969,1.104185082868136
10.1010101010101,32.32323232323233,4.875271722756274,16.87377167543479,1.421263676842778
11.11111111111111,32.32323232323233,10.44187034612694,5.184132272058647,1.136797259298839
12.12121212121212,32.32323232323233,3.9936389314039396,13.31252934686074,1.803167408050478
13.13131313131313,32.32323232323233,6.408380733094964,9.164148098153358,0.9164707498197806
14.14141414141414,32.32323232323233,5.972240075460464,18.12380989555332,1.085600451827746
15.15151515151515,32.32323232323233,4.245036708231021,10.41568090992207,0.7679316503544857
16.16161616161616,32.32323232323233,6.517513360143212,8.222075635191983,0.2443299906186256
17.17171717171717,32.32323232323233,5.588004528755696,12.62429388239518,0.9930793730090594
18.18181818181818,32.32323232323233,3.4736332909366885,17.44042853989062,1.473226919427885
19.19191919191919,32.32323232323233,8.197268546800476,20.00289184577179,1.552288502918496
20.2020202020202,32.32323232323233,1.2865138136274865,18.40025765332607,1.061925349570091
21.21212121212121,32.32323232323233,2.556054147825734,18.15716302928086,1.702017719737141
22.22222222222222,32.32323232323233,5.304387340940718,17.89432838854536,1.753457976904198
23.23232323232324,32.32323232323233,7.374157936856289,13.42756162177021,2.486526171343594
24.24242424242424,32.32323232323233,9.196184457567316,23.29210723451257,1.651175405326141
25.25252525252525,32.32323232323233,9.1676258773837,9.87632005742449,1.494278908089477
26.26262626262626,32.32323232323233,10.588350732847012,25.10006775850926,1.455446299469853
27.27272727272727,32.32323232323233,4.187529097830451,26.56471483529265,3.675942870068488
28.28282828282828,32.32323232323233,10.896760495337283,15.65080440633216,3.708698605581526
29.29292929292929,32.32323232323233,12.422941396303234,28.70647913876143,4.849359837508223
30.3030303030303,32.32323232323233,8.688188877042922,19.59112726024384,3.628988716981072
31.31313131313131,32.32323232323233,6.490492265944116,13.07415461072974,4.456899568001076
32.32323232323233,32.32323232323233,7.166021236981612,18.45550039403271,4.925408254869222
33.33333333333334,32.32323232323233,13.437230791635695,30.95846609254951,5.034411541738127
34.34343434343435,32.32323232323233,22.30236460401326,40.53406328024813,4.744573597926133
35.35353535353536,32.32323232323233,12.035963135326337,10.80329862354896,4.378694573967715
36.36363636363637,32.32323232323233,7.349743533756694,22.49495602469676,1.459241789677981
37.37373737373738,32.32323232323233,5.974838716296849,12.50527112116019,1.78026474904548
38.38383838383839,32.32323232323233,4.087151072820265,17.67877430784781,1.759377817168965
39.3939393939394,32.32323232323233,4.424709343572587,14.03998500160391,0.5772813941995105
40.40404040404041,32.32323232323233,3.3212382554261275,15.86328910153796,1.404271240062805
41.41414141414142,32.32323232323233,0.8982172457796964,17.24294125792487,0.9895403806108571
42.42424242424243,32.32323232323233,4.106948084621992,16.77806623470808,2.298740632531665
43.43434343434344,32.32323232323233,10.873356866692134,25.94999345500562,1.316027705751341
44.44444444444445,32.32323232323233,8.948941124708348,21.19036468096272,1.691847160321573
45.45454545454546,32.32323232323233,5.303851407746071,16.75912640078156,1.071036720807043
46.46464646464647,32.32323232323233,1.8475772050308645,14.95919816633352,1.192719334162011
47.47474747474748,32.32323232323233,1.2030600660124766,16.2653178683576,0.8796997524679832
48.48484848484848,32.32323232323233,2.1451137208235673,16.45746314465994,1.730049548231414
49.49494949494949,32.32323232323233,3.3004178120169687,14.26224403891601,1.223531396190023
50.50505050505051,32.32323232323233,4.046984330155748,18.17542319628001,2.306665137032366
51.51515151515152,32.32323232323233,5.2860493731249685,12.54291336472395,1.851775469951951
52.52525252525253,32.32323232323233,2.7753452495507793,10.67544489538483,2.400315660966938
53.53535353535354,32.32323232323233,2.1411481796012977,12.03127133752713,1.700286204953438
54.54545454545455,32.32323232323233,7.092394627712238,10.21092870452968,1.21057848127713
55.55555555555556,32.32323232323233,4.669531510308193,17.95580106581303,1.770065893921142
56.56565656565657,32.32323232323233,3.4277163372461317,20.00247855087875,1.505192647230797
57.57575757575758,32.32323232323233,4.572562041487414,13.68672446347814,1.74639091388273
58.58585858585859,32.32323232323233,5.49354883340937,21.01288461091322,5.626376176312439
59.5959595959596,32.32323232323233,8.80945007104246,15.31268329865166,4.495686756452138
60.60606060606061,32.32323232323233,6.817344060139173,21.1199066055625,4.035855474254871
61.61616161616162,32.32323232323233,7.755902764391783,24.66118840013732,4.238453650556623
62.62626262626263,32.32323232323233,24.693258042585022,3.2631907996937,4.578989838417009
63.63636363636364,32.32323232323233,17.636762193866726,35.44591979551184,4.369575811037195
64.64646464646465,32.32323232323233,6.3777913021195625,26.72668789198787,4.184687925366233
65.65656565656566,32.32323232323233,8.295924567586907,21.35818803908872,4.701596344461909
66.66666666666667,32.32323232323233,10.228886278028256,30.40978023529529,4.878410057352108
67.67676767676768,32.32323232323233,12.105217144352832,8.53588643533577,1.64126713327677
68.68686868686869,32.32323232323233,7.842445708753199,6.332734894376101,2.227994975251184
69.6969696969697,32.32323232323233,5.108164467383258,13.19314203069517,1.167248186279446
70.70707070707071,32.32323232323233,1.8981408763993248,17.36700279303821,1.7255503700522
71.71717171717172,32.32323232323233,4.1731043254511,17.29571915124973,1.20450364796155
72.72727272727273,32.32323232323233,3.7227948832288007,15.30083623181745,1.091872328454526
73.73737373737374,32.32323232323233,4.112352251758551,10.15663055421048,0.1317537101733332
74.74747474747475,32.32323232323233,5.144104412045111,14.65450197197586,1.745346637469724
75.75757575757576,32.32323232323233,4.657948226540569,13.26698615100639,0.7231930381767528
76.76767676767678,32.32323232323233,5.642042339188674,18.16383087519947,1.038598144462195
77.77777777777779,32.32323232323233,5.245460158801794,20.38810272065501,1.704727995712113
78.7878787878788,32.32323232323233,3.831459661479457,19.34746614684779,1.192113468398877
79.7979797979798,32.32323232323233,3.1780566721849626,14.10898549303232,1.941045212121378
80.80808080808082,32.32323232323233,3.252268306356337,13.5785779950243,1.878420307959431
81.81818181818183,32.32323232323233,6.500830697004175,17.87483953382612,1.893726994984759
82.82828282828284,32.32323232323233,2.4135010174233673,16.86352103668773,1.701121498142989
83.83838383838385,32.32323232323233,2.509467304715598,14.88679257336877,0.9699045743154882
84.84848484848486,32.32323232323233,3.8304621131458965,15.78036466608811,1.767551732323618
85.85858585858587,32.32323232323233,4.839625961716486,11.01741548879697,1.248801266544948
86.86868686868688,32.32323232323233,4.102477911103868,14.41892723254827,0.6460076913672737
87.87878787878789,32.32323232323233,3.534072863449082,15.50650739837433,1.711082844405152
88.8888888888889,32.32323232323233,2.135617817817422,11.87808411462473,1.415237989753309
89.89898989898991,32.32323232323233,4.256579306044893,15.23282178826122,4.556860163886113
90.90909090909092,32.32323232323233,4.921138317785321,22.74191239321038,3.839540927143429
91.91919191919193,32.32323232323233,6.4691945295375675,18.07033303953868,4.267031344024773
92.92929292929294,32.32323232323233,6.2378036914422825,27.79525137619731,4.388809596015587
93.93939393939395,32.32323232323233,8.68147876442567,26.36781132581993,4.715658789111401
94.94949494949496,32.32323232323233,8.98471568626308,16.21417733944022,3.95170801156268
95.95959595959597,32.32323232323233,4.716903782597324,21.09256392011011,4.868042488759944
96.96969696969697,32.32323232323233,3.7717419840538584,20.47641432688497,3.212938457708965
97.97979797979798,32.32323232323233,12.40558580730327,32.53991527521877,4.15552243334484
98.98989898989899,32.32323232323233,11.821215234687845,14.13862587775835,1.382455213484361
100.0,32.32323232323233,8.006119426646881,19.43411486109838,1.724688832903735
0.0,33.33333333333334,5.657530109619519,17.72958161911973,3.502323949879252
1.01010101010101,33.33333333333334,10.92139271744379,29.32163987333947,4.229322300934703
2.02020202020202,33.33333333333334,11.637781369925554,12.08927002122651,5.038671582359532
3.03030303030303,33.33333333333334,7.984579076283765,19.55406737115054,3.418679061795869
4.040404040404041,33.33333333333334,4.7800488388223,27.7112669013972,5.795813612364965
5.050505050505051,33.33333333333334,4.43900606036644,26.63735489647125,5.523648013711921
6.060606060606061,33.33333333333334,6.540993801221284,19.13238128375963,1.379217065131762
7.070707070707071,33.33333333333334,6.363476051526308,12.88984416011806,1.818871669668428
8.080808080808081,33.33333333333334,5.15143734976878,22.92788537887904,1.765976434200734
9.090909090909092,33.33333333333334,5.304937775748635,22.60960115773187,1.443444267645828
10.1010101010101,33.33333333333334,5.923779671606287,15.17216666188988,1.217702201538623
11.11111111111111,33.33333333333334,11.139135735192673,22.86652583437299,1.863807920361761
12.12121212121212,33.33333333333334,5.165983415615566,10.81607017084135,2.083139798533725
13.13131313131313,33.33333333333334,3.1073893563124977,14.86878587092412,0.7087130662160009
14.14141414141414,33.33333333333334,2.992300601080687,13.54407650758744,0.9054182538346689
15.15151515151515,33.33333333333334,5.220642635743328,9.65570256685359,1.509720380519153
16.16161616161616,33.33333333333334,10.797566698645701,20.05159057165887,0.6550547513991051
17.17171717171717,33.33333333333334,6.953995081257017,9.525807058273923,0.6670322638976595
18.18181818181818,33.33333333333334,7.5274169402775595,14.52537085579751,1.043182386559896
19.19191919191919,33.33333333333334,11.479174389163592,3.407460897171469,2.354298819701714
20.2020202020202,33.33333333333334,6.617053848705293,15.90967736281867,1.780264839844284
21.21212121212121,33.33333333333334,5.1874544464772425,10.21054670421084,0.7315191524529904
22.22222222222222,33.33333333333334,3.8566969510009055,15.67205947659721,1.071487871442117
23.23232323232324,33.33333333333334,7.7404685575314325,21.53671382505303,1.359776325794209
24.24242424242424,33.33333333333334,3.3171840841057882,18.01791316338998,1.190069764126769
25.25252525252525,33.33333333333334,4.774737438637482,17.2972171215059,1.551316889095629
26.26262626262626,33.33333333333334,10.776151968127387,10.53310543534667,2.275015108125586
27.27272727272727,33.33333333333334,6.072359649154824,24.92214403618228,4.524803159103168
28.28282828282828,33.33333333333334,6.5282236746039075,29.85707016234751,3.144848428653403
29.29292929292929,33.33333333333334,6.817516439433482,35.46489998715387,3.686490950975167
30.3030303030303,33.33333333333334,12.47568535684302,25.31736115257255,3.797343714186023
31.31313131313131,33.33333333333334,21.581533301337004,0.0,4.54865072930293
32.32323232323233,33.33333333333334,11.450607061565687,23.47068750298062,4.66646061283082
33.33333333333334,33.33333333333334,8.979169625671695,12.80952913513716,5.151463772353194
34.34343434343435,33.33333333333334,17.04434322517201,5.717391779003026,4.742780347545495
35.35353535353536,33.33333333333334,7.607856626452889,13.08986315758277,4.792092441276994
36.36363636363637,33.33333333333334,6.977868753448076,22.69816529083784,4.145511032225817
37.37373737373738,33.33333333333334,7.168999407456544,8.335234945011173,0.9190995759777125
38.38383838383839,33.33333333333334,4.576107486777619,11.83325282676432,1.557550792961986
39.3939393939394,33.33333333333334,4.978302857694343,8.096138887645552,0.8838722716046656
40.40404040404041,33.33333333333334,4.889214194757935,11.58172001804394,2.303862875935883
41.41414141414142,33.33333333333334,3.137699989076602,15.80491691356719,1.333842652288735
42.42424242424243,33.33333333333334,2.9926675010037864,18.78740088657942,0.8768251693215824
43.43434343434344,33.33333333333334,10.419383807915569,12.97467494315102,1.531705128671242
44.44444444444445,33.33333333333334,15.612794360553274,0.0,2.420355921547858
45.45454545454546,33.33333333333334,6.491899205212243,12.34201346403511,1.213783788112401
46.46464646464647,33.33333333333334,1.2133745231045676,13.32922723873829,1.355196113334143
47.47474747474748,33.33333333333334,2.253859155201435,14.59161671623743,0.5319259055236012
48.48484848484848,33.33333333333334,1.8019313892333453,13.9249243481561,1.652392700486478
49.49494949494949,33.33333333333334,3.965268373475897,16.82002179669332,1.55552328365269
50.50505050505051,33.33333333333334,3.1237501464851753,16.52236094239929,1.729687488443828
51.51515151515152,33.33333333333334,8.830063769471181,23.07382959820185,1.792764564161772
52.52525252525253,33.33333333333334,7.225791605693912,14.56103215524973,1.071928515136081
53.53535353535354,33.33333333333334,6.349017623967246,10.76657031885414,1.618832053726756
54.54545454545455,33.33333333333334,8.518252092426433,20.53324355302835,1.317078702894519
55.55555555555556,33.33333333333334,2.1689843558246853,17.63671983657461,0.9485451894940516
56.56565656565657,33.33333333333334,3.0666959703456325,17.13693079736504,1.268580702238696
57.57575757575758,33.33333333333334,7.0613466692388,11.23823597952655,1.918899782335133
58.58585858585859,33.33333333333334,5.590469705332357,14.59629977201929,3.618639068419428
59.5959595959596,33.33333333333334,4.507234554899325,21.84715345449465,5.331047559476361
60.60606060606061,33.33333333333334,3.8119430772198974,21.48293868353018,4.850270243072166
61.61616161616162,33.33333333333334,9.476238661972832,30.585341990435,4.376888614215136
62.62626262626263,33.33333333333334,10.80078187552327,18.76014101687844,4.216202500335529
63.63636363636364,33.33333333333334,7.315301792533701,26.08502251564491,4.273981618047139
64.64646464646465,33.33333333333334,10.134491935834305,31.53346015136598,5.718946396698351
65.65656565656566,33.33333333333334,10.724161402650834,13.89166617750122,5.886127999890333
66.66666666666667,33.33333333333334,9.03892356111581,21.12610081019475,4.821724344010492
67.67676767676768,33.33333333333334,17.09717136295586,32.54519603038248,4.09419814569565
68.68686868686869,33.33333333333334,7.9738796162936545,19.12509754687088,1.950055420742326
69.6969696969697,33.33333333333334,2.3840110881326,19.20722750666939,1.426271524293469
70.70707070707071,33.33333333333334,0.8823205828695277,17.74539884340275,0.9903093326866467
71.71717171717172,33.33333333333334,3.564954069737181,18.42599227952041,1.960544962838895
72.72727272727273,33.33333333333334,3.521783561484077,11.98403997904131,2.240119736706449
73.73737373737374,33.33333333333334,2.128496112997169,8.387671126369442,1.484131882581207
74.74747474747475,33.33333333333334,5.867676169128705,9.379471852130644,1.367827230825005
75.75757575757576,33.33333333333334,8.695982269821403,19.93905036144278,1.237974886185898
76.76767676767678,33.33333333333334,4.936431240288878,12.078850630413,1.257313670240736
77.77777777777779,33.33333333333334,5.748245426288898,11.06301362655713,1.297140211516924
78.7878787878788,33.33333333333334,3.417025962310515,14.53610555823648,1.972374862592159
79.7979797979798,33.33333333333334,3.375736462250523,15.88671484095924,1.460909527559076
80.80808080808082,33.33333333333334,5.434888694001881,19.86541600138025,2.113637030615054
81.81818181818183,33.33333333333334,3.6646478814610677,12.26789590857005,2.009179664619006
82.82828282828284,33.33333333333334,4.209681232782851,11.39742777944092,1.330834032368653
83.83838383838385,33.33333333333334,4.664709757085287,16.72969018155,0.5428923951496977
84.84848484848486,33.33333333333334,11.187061292958052,7.188719947856481,0.7930242176807557
85.85858585858587,33.33333333333334,9.339469143144669,18.16897191641551,1.242453296354054
86.86868686868688,33.33333333333334,15.003588106697915,3.289010824703216,1.659936045006008
87.87878787878789,33.33333333333334,12.740757608340687,23.11162585114088,1.431760972448248
88.8888888888889,33.33333333333334,8.415818881299238,12.0858698908365,2.104319568244114
89.89898989898991,33.33333333333334,8.51290450608186,21.12276273386756,4.824906163252073
90.90909090909092,33.33333333333334,6.100016172834259,16.46743191954596,4.759925348267976
91.91919191919193,33.33333333333334,8.217172453049454,27.97380321437178,3.636395451573146
92.92929292929294,33.33333333333334,6.894180539474956,25.37809339669818,5.171624972337456
93.93939393939395,33.33333333333334,13.297946792666794,11.26559017103851,5.196209208627834
94.94949494949496,33.33333333333334,13.339117189802373,29.00518226852811,4.562236547723939
95.95959595959597,33.33333333333334,12.160543293577526,11.78771211425289,4.527186445118193
96.96969696969697,33.33333333333334,4.53087443147179,20.90863099244412,3.979583522594436
97.97979797979798,33.33333333333334,6.433702268782649,29.3561187690379,3.227671665725524
98.98989898989899,33.33333333333334,18.55391647662936,34.88982706866167,6.613647408325337
100.0,33.33333333333334,11.565508452444588,10.05452269823991,1.743552019494232
0.0,34.34343434343435,7.949109942085765,14.43504559721528,4.393593325555156
1.01010101010101,34.34343434343435,4.954580773133685,23.74225455725941,3.976418313210765
2.02020202020202,34.34343434343435,6.701276447901298,18.86913721878171,2.600746115700686
3.03030303030303,34.34343434343435,6.931687470120951,28.7923967648633,3.39990886294882
4.040404040404041,34.34343434343435,7.603058146325019,23.99043914129481,5.877563551502125
5.050505050505051,34.34343434343435,3.7749888537652883,25.56112644552628,4.424990693225612
6.060606060606061,34.34343434343435,3.5030906437496174,19.4656547676356,2.672265841404669
7.070707070707071,34.34343434343435,3.141543407331962,14.33554343071836,1.988973971053488
8.080808080808081,34.34343434343435,4.547277267765307,15.30055934902845,1.358171296611115
9.090909090909092,34.34343434343435,4.888116859408852,20.23607967269867,1.395135392888615
10.1010101010101,34.34343434343435,6.296311386115334,22.03388666644502,1.472473314480631
11.11111111111111,34.34343434343435,5.743948887504853,15.73719129193139,2.013347092700764
12.12121212121212,34.34343434343435,1.4989298373984226,12.88037329366981,1.304318339798373
13.13131313131313,34.34343434343435,2.3204373133063894,13.52129128186434,1.648971096041565
14.14141414141414,34.34343434343435,2.3035726058100177,11.3676907953011,2.016502672363005
15.15151515151515,34.34343434343435,5.471087911963144,15.49403282121929,1.480897725988719
16.16161616161616,34.34343434343435,8.287111542575072,9.612510231733184,1.800808420043129
17.17171717171717,34.34343434343435,10.815401898307844,18.7179532482722,0.7885057837318458
18.18181818181818,34.34343434343435,12.164258674252038,3.448234534930006,2.159059166874835
19.19191919191919,34.34343434343435,4.823537570286459,9.108601080952269,1.093527732675037
20.2020202020202,34.34343434343435,2.266155494373002,10.13338938275993,0.9109548165046667
21.21212121212121,34.34343434343435,5.983628567917842,8.56798867436609,1.478963970332546
22.22222222222222,34.34343434343435,3.248742745563422,13.79370770538393,1.719584208959
23.23232323232324,34.34343434343435,11.287472644153087,8.067446808328993,1.297602316308061
24.24242424242424,34.34343434343435,7.484137538501992,21.77295872514341,2.386400307592652
25.25252525252525,34.34343434343435,7.081998473201132,13.10397215908069,1.049628303946119
26.26262626262626,34.34343434343435,4.741660177631852,17.91760069769878,4.724519292720982
27.27272727272727,34.34343434343435,4.57138094351785,21.5992409656742,3.641709890903251
28.28282828282828,34.34343434343435,6.127040211296382,31.2209431537762,4.671889019768286
29.29292929292929,34.34343434343435,12.882243469347447,40.22117623710768,3.948867267791232
30.3030303030303,34.34343434343435,11.323142571759458,16.60575360468305,3.085469593689909
31.31313131313131,34.34343434343435,13.39594364254933,24.46392993906511,5.903354363328836
32.32323232323233,34.34343434343435,11.528367879530173,30.12608276947138,3.242911868895735
33.33333333333334,34.34343434343435,11.066665529898852,12.82397495643399,4.245049812199054
34.34343434343435,34.34343434343435,8.730162545005783,24.61348444373209,4.371052994872028
35.35353535353536,34.34343434343435,4.728894058832948,24.2539516175257,3.966966336272168
36.36363636363637,34.34343434343435,6.144683525207786,26.43519855940733,4.155684694004863
37.37373737373738,34.34343434343435,8.211314665457824,14.98024817110852,1.385055658049584
38.38383838383839,34.34343434343435,5.779269235928597,6.609476181609254,1.764988456703635
39.3939393939394,34.34343434343435,5.363868058759412,14.84280913494741,1.635909395397918
40.40404040404041,34.34343434343435,5.855322786593627,19.14822968766002,1.391559650982084
41.41414141414142,34.34343434343435,5.760259048630528,11.89782217015394,2.227865935561222
42.42424242424243,34.34343434343435,3.7819509623055643,17.62127545087624,1.748351269506857
43.43434343434344,34.34343434343435,7.187095920686715,22.88949077637928,1.391849279954517
44.44444444444445,34.34343434343435,7.559154722412843,15.94412435406424,2.738389213747169
45.45454545454546,34.34343434343435,7.385754047216625,20.56327010939934,1.556397222520387
46.46464646464647,34.34343434343435,4.2165007212127215,12.35530332611757,0.9230957775730441
47.47474747474748,34.34343434343435,3.6268768608341464,9.178963093132328,0.9439441295552009
48.48484848484848,34.34343434343435,5.492882909000314,15.03832129196709,1.425995671106127
49.49494949494949,34.34343434343435,8.31610115030234,6.709484363398301,1.136814531063331
50.50505050505051,34.34343434343435,8.393408273377323,20.51516976436267,1.082395584127806
51.51515151515152,34.34343434343435,9.054068729922355,13.34875685254971,1.244328051149457
52.52525252525253,34.34343434343435,10.33850068072256,27.27135203881277,0.8477772423458427
53.53535353535354,34.34343434343435,9.950621836639625,21.33680472548033,1.950357399940348
54.54545454545455,34.34343434343435,7.906201588301608,9.445746982449238,1.890782216023764
55.55555555555556,34.34343434343435,5.276112105697308,12.6761763981776,1.303253985427239
56.56565656565657,34.34343434343435,5.784122885494686,20.1396830681858,1.15020832684996
57.57575757575758,34.34343434343435,9.651093406385876,27.77837556219893,3.886494132089995
58.58585858585859,34.34343434343435,5.058605372082606,19.93267627948669,5.948099596408749
59.5959595959596,34.34343434343435,4.387069820566446,25.72655306480913,4.950317630242004
60.60606060606061,34.34343434343435,9.633114718810813,26.9010608365728,3.926635322949507
61.61616161616162,34.34343434343435,8.501576862323049,19.53214521330274,4.735317566671164
62.62626262626263,34.34343434343435,7.001783380833896,27.31623582946375,5.572398341457384
63.63636363636364,34.34343434343435,4.856395943787067,18.95803175986458,2.934419870403448
64.64646464646465,34.34343434343435,4.631212711034664,18.8924962769927,4.818774654730177
65.65656565656566,34.34343434343435,5.774533207577698,24.44556131995877,4.338654318917303
66.66666666666667,34.34343434343435,7.801558717643553,29.34458577667619,4.457482843175397
67.67676767676768,34.34343434343435,13.229119651434193,13.00501387730508,5.387519242811648
68.68686868686869,34.34343434343435,4.867728413500653,13.52417017750115,1.212336123502957
69.6969696969697,34.34343434343435,2.683993467291206,17.22922725317836,1.803495160214255
70.70707070707071,34.34343434343435,1.87217660178317,16.73693466167348,0.9846729243734116
71.71717171717172,34.34343434343435,2.9965602730613177,12.41899486543913,0.5408113704647844
72.72727272727273,34.34343434343435,3.009162857428289,12.71605681905051,1.694469483127475
73.73737373737374,34.34343434343435,6.753505390475619,6.230815680654872,1.917889515412732
74.74747474747475,34.34343434343435,9.013906921207653,16.02376717372691,1.334453257907775
75.75757575757576,34.34343434343435,8.206563334460938,10.24696373293548,1.6371986131329
76.76767676767678,34.34343434343435,3.9655150384735203,16.86355861189639,1.058070287983841
77.77777777777779,34.34343434343435,7.990397519401491,20.24197730207962,2.141131170096712
78.7878787878788,34.34343434343435,6.64111982902687,10.50306351200784,1.504865948164478
79.7979797979798,34.34343434343435,7.85125383811001,22.28262089889064,2.003047487690572
80.80808080808082,34.34343434343435,5.91701487114182,15.98892048495989,1.146794883324532
81.81818181818183,34.34343434343435,2.76663897940061,11.68423622992118,1.464451761368101
82.82828282828284,34.34343434343435,5.875569129901045,6.22752663679454,1.346426460569407
83.83838383838385,34.34343434343435,6.621291822586855,14.78698139719269,0.9515545047537038
84.84848484848486,34.34343434343435,6.7784836088040725,22.82409819920451,1.95043181478157
85.85858585858587,34.34343434343435,3.719396579028146,22.51507900110432,0.4599582174980806
86.86868686868688,34.34343434343435,7.6723853561434385,17.47087072549986,1.872193683002225
87.87878787878789,34.34343434343435,9.459543825828282,10.60208485728672,1.768028086424589
88.8888888888889,34.34343434343435,13.108078974124414,25.47871083648624,5.027157887375469
89.89898989898991,34.34343434343435,15.282114919528194,6.653309312499126,5.86598891226557
90.90909090909092,34.34343434343435,6.221578637038736,14.50354981102077,4.334279699768094
91.91919191919193,34.34343434343435,4.341598717227052,19.11066468950649,4.725046747998413
92.92929292929294,34.34343434343435,4.247032556895167,16.92674226163076,5.366945617625035
93.93939393939395,34.34343434343435,8.218423630285876,17.50306086377499,4.207199431097743
94.94949494949496,34.34343434343435,11.536851886897715,34.61358384688489,6.038832534603277
95.95959595959597,34.34343434343435,11.042917454656822,24.78664445023933,4.956089672105752
96.96969696969697,34.34343434343435,4.949163383467574,21.03150539798712,4.595977606279003
97.97979797979798,34.34343434343435,5.529807057077298,20.78630227630572,3.558640577013589
98.98989898989899,34.34343434343435,8.970971667088193,11.79437502309306,4.670286401505845
100.0,34.34343434343435,5.46789577912469,9.572893874186374,2.125676368065322
0.0,35.35353535353536,5.01442116789242,25.68063044152399,4.352025864498272
1.01010101010101,35.35353535353536,3.45870430703726,23.80086603519226,3.538171212489324
2.02020202020202,35.35353535353536,7.759212362735134,13.64027550929101,4.816703651268704
3.03030303030303,35.35353535353536,9.42313669664689,25.02919344774234,4.63826560746622
4.040404040404041,35.35353535353536,22.294254157604335,3.671679243897086,4.232553546196582
5.050505050505051,35.35353535353536,13.496842016452131,31.91869442752031,5.818856071196082
6.060606060606061,35.35353535353536,6.762338557118853,21.91916084395018,4.95754142752476
7.070707070707071,35.35353535353536,9.418668692492867,9.310196327218142,0.9426897843480464
8.080808080808081,35.35353535353536,2.022328635686181,10.63931254979812,0.8092035467685372
9.090909090909092,35.35353535353536,3.7950023015562704,9.790461037513031,2.11834336462741
10.1010101010101,35.35353535353536,7.243687451204451,11.80486349479881,1.590023716431921
11.11111111111111,35.35353535353536,5.05300650866197,9.044243657128785,1.703159174798565
12.12121212121212,35.35353535353536,3.903066544594496,12.44669305336069,1.281768259613736
13.13131313131313,35.35353535353536,6.155031618697048,8.381555092456331,1.926344744757428
14.14141414141414,35.35353535353536,4.5342857893671145,10.6097285968288,1.091056812318731
15.15151515151515,35.35353535353536,5.964196788614031,21.53218959930187,1.724909759319017
16.16161616161616,35.35353535353536,5.640167328505276,17.33491045608267,1.625144511398752
17.17171717171717,35.35353535353536,10.305438322180688,9.023653574920305,1.086815887701448
18.18181818181818,35.35353535353536,8.69764712220993,20.0980476517062,1.962792964477512
19.19191919191919,35.35353535353536,4.428148440183612,16.01645633048738,1.326534566450655
20.2020202020202,35.35353535353536,7.61740192474657,9.435244395528162,1.939589930626614
21.21212121212121,35.35353535353536,11.447327558409714,24.06882517678103,1.334724685505057
22.22222222222222,35.35353535353536,4.957585498050078,13.6290684224163,1.60133766437077
23.23232323232324,35.35353535353536,6.201674345110586,20.31629755434795,1.857369023032989
24.24242424242424,35.35353535353536,3.0226000692761152,17.96595261576601,1.462125173152107
25.25252525252525,35.35353535353536,6.95510695421074,23.7561059847792,4.319475733342249
26.26262626262626,35.35353535353536,1.9381936460849971,21.00447733928057,3.970846462140372
27.27272727272727,35.35353535353536,4.052160711108556,19.9399627181883,5.202337108144306
28.28282828282828,35.35353535353536,6.593474128630651,26.69859057145284,5.637014232699116
29.29292929292929,35.35353535353536,6.443117018386556,26.06413432542781,3.548387556651757
30.3030303030303,35.35353535353536,5.705128943792352,21.71311737702469,4.692668343953475
31.31313131313131,35.35353535353536,8.877880462028632,8.864414472721231,5.211088994511378
32.32323232323233,35.35353535353536,12.7585482485514,13.63226716128511,4.855102632283389
33.33333333333334,35.35353535353536,9.530446059899871,27.98457395439708,4.698293484187272
34.34343434343435,35.35353535353536,3.2703206004350953,20.73796924194252,4.282779075137046
35.35353535353536,35.35353535353536,2.9678307522198404,19.04324361022486,3.433112557188944
36.36363636363637,35.35353535353536,7.362768615530078,19.22969505732611,5.626401208974211
37.37373737373738,35.35353535353536,6.83411931604952,8.605725113172655,5.756658061780865
38.38383838383839,35.35353535353536,5.056452760543067,7.898671537331149,1.714301650062116
39.3939393939394,35.35353535353536,2.3038572565061504,12.67276065326239,1.67463869769695
40.40404040404041,35.35353535353536,3.9680297850029476,14.84927628112028,0.778224675377565
41.41414141414142,35.35353535353536,3.3618022278104704,18.05790282303442,1.112289522344663
42.42424242424243,35.35353535353536,2.5361858437984113,20.59128525816998,1.8879966857369
43.43434343434344,35.35353535353536,3.7548850704961243,16.26950467467876,1.56693205552393
44.44444444444445,35.35353535353536,4.014225209765586,18.67210671200123,1.299888727556929
45.45454545454546,35.35353535353536,5.1391171846231725,12.06862310451394,1.630261558914742
46.46464646464647,35.35353535353536,3.247593166459187,7.84753137015442,2.133840372418896
47.47474747474748,35.35353535353536,2.9481173039598723,9.119807704720849,1.730861587796273
48.48484848484848,35.35353535353536,4.066683439679414,8.368381727180378,1.384416062912492
49.49494949494949,35.35353535353536,5.158015248696988,5.690139525017126,1.048713459125165
50.50505050505051,35.35353535353536,5.950723624701535,11.90644380559409,2.084793022418863
51.51515151515152,35.35353535353536,7.3051804062348555,7.946562776588455,1.977480442768225
52.52525252525253,35.35353535353536,8.215347135816629,18.48481169908106,1.137949600333632
53.53535353535354,35.35353535353536,7.392991263389186,9.930156841911549,1.837546364897862
54.54545454545455,35.35353535353536,3.849825840862211,14.86156960631711,1.931763378225916
55.55555555555556,35.35353535353536,4.1460000024491315,18.12614529683326,1.2861435874684
56.56565656565657,35.35353535353536,7.7558461927079945,15.10814296104915,4.645539351873504
57.57575757575758,35.35353535353536,13.649568171632673,34.35821782834468,5.174165462266755
58.58585858585859,35.35353535353536,8.430161815699584,18.67420736665835,5.099675296127202
59.5959595959596,35.35353535353536,17.445672279618357,32.42704817967432,4.784562337742527
60.60606060606061,35.35353535353536,25.433095328011404,2.330147509405905,5.658165811710155
61.61616161616162,35.35353535353536,10.069723806308126,27.33224964603161,4.676833389485425
62.62626262626263,35.35353535353536,5.061728241529019,24.00749180447366,4.319449489153255
63.63636363636364,35.35353535353536,6.8334362799025925,15.08317829296769,3.968197465429172
64.64646464646465,35.35353535353536,1.9517619372754953,19.15778272092012,3.987497727644941
65.65656565656566,35.35353535353536,5.658253659588591,22.35341313178902,5.174240136897144
66.66666666666667,35.35353535353536,6.509096313641312,31.09373932468043,3.545790287659816
67.67676767676768,35.35353535353536,8.160011023806753,29.52258213039728,4.924996467400584
68.68686868686869,35.35353535353536,7.7357803961565725,23.16994308626075,4.64598220348521
69.6969696969697,35.35353535353536,6.320786030367482,12.66860330468666,1.535230102369915
70.70707070707071,35.35353535353536,6.148749525786359,18.40694449933766,1.657550863942827
71.71717171717172,35.35353535353536,4.723436979750784,11.05475293712087,1.558799875586037
72.72727272727273,35.35353535353536,3.611391979478565,17.23838831674745,1.161090942515643
73.73737373737374,35.35353535353536,6.572476756736209,14.8097891653751,1.547120311003237
74.74747474747475,35.35353535353536,11.324198440318767,2.182189744356034,1.523980837861721
75.75757575757576,35.35353535353536,10.685284219409006,20.98773212251959,1.947799873065205
76.76767676767678,35.35353535353536,6.147256055920867,15.78122000862984,2.206067059088509
77.77777777777779,35.35353535353536,6.161895058807621,10.57668338025115,2.290372940960377
78.7878787878788,35.35353535353536,3.73907337687855,11.5160296049321,0.7196415776164586
79.7979797979798,35.35353535353536,5.773460507257063,15.34676940519556,1.205655086759095
80.80808080808082,35.35353535353536,7.419361652221385,6.79574118578243,2.062067788567249
81.81818181818183,35.35353535353536,2.890360471223775,10.96273383913296,1.000349533934924
82.82828282828284,35.35353535353536,5.26895948385719,10.54373766022755,1.430941359495678
83.83838383838385,35.35353535353536,9.698259502806817,22.73286834077283,1.86830389724922
84.84848484848486,35.35353535353536,2.7732895003598994,19.69167801544826,1.556288010865407
85.85858585858587,35.35353535353536,4.357792108374417,17.33682724338519,1.656482021581347
86.86868686868688,35.35353535353536,3.5538178013158217,12.87618334554035,0.6977558402823721
87.87878787878789,35.35353535353536,9.295648588552783,14.18530731933303,1.290556026918474
88.8888888888889,35.35353535353536,11.247347333415636,30.81615828414752,5.022711267810094
89.89898989898991,35.35353535353536,7.1664166738824955,26.63667354673471,4.16238223889678
90.90909090909092,35.35353535353536,7.033656834331067,24.96862687364316,5.480903294169108
91.91919191919193,35.35353535353536,2.2681266032121377,20.82288372718796,4.633462164153678
92.92929292929294,35.35353535353536,5.285130819202826,22.70328032412405,5.023838044046454
93.93939393939395,35.35353535353536,5.740429222199902,26.45244310692788,3.740987155925265
94.94949494949496,35.35353535353536,8.350788066057024,21.01204025740628,5.292773860925711
95.95959595959597,35.35353535353536,11.393849279394727,7.195985416496253,4.804011257545831
96.96969696969697,35.35353535353536,16.458083766663155,5.358068443593437,5.126350909130693
97.97979797979798,35.35353535353536,10.180633518304065,25.09858363698867,4.157968199973253
98.98989898989899,35.35353535353536,8.307800715321171,10.21934880242824,4.039976127435911
100.0,35.35353535353536,10.442950131796099,23.27347123860022,4.519570186430421
0.0,36.36363636363637,2.556526425239477,27.59854469456081,3.380128993515076
1.01010101010101,36.36363636363637,4.508403654850078,25.53671685317547,2.761149836362683
2.02020202020202,36.36363636363637,5.554558438986387,17.89875478638827,4.224834419139998
3.03030303030303,36.36363636363637,4.095354102041694,26.21210477491236,4.241562938795409
4.040404040404041,36.36363636363637,6.632402585850077,22.92540658944821,5.764062663508393
5.050505050505051,36.36363636363637,5.356685743330971,22.53544311089917,2.71179953088855
6.060606060606061,36.36363636363637,4.272056886651984,19.93181079209152,5.62563270851191
7.070707070707071,36.36363636363637,13.684240853598329,28.02144325437738,4.524447682370558
8.080808080808081,36.36363636363637,7.567780865240104,9.389212541148794,0.6647992237393081
9.090909090909092,36.36363636363637,5.3873321301494865,11.66159763898161,1.795247196876444
10.1010101010101,36.36363636363637,13.289716823696265,25.7755678330146,1.826004659576219
11.11111111111111,36.36363636363637,6.996723452001097,16.40025282307213,1.551150370609622
12.12121212121212,36.36363636363637,5.622723060374898,20.15769163429329,1.211587457842805
13.13131313131313,36.36363636363637,5.793131189235573,21.56863391255969,1.237206478294065
14.14141414141414,36.36363636363637,6.536088065134345,14.83827504897942,2.278678612324104
15.15151515151515,36.36363636363637,5.294703136939425,18.83329936862059,1.725210538394076
16.16161616161616,36.36363636363637,3.317426706629731,15.00517739079262,1.769331916760779
17.17171717171717,36.36363636363637,6.342363710324177,21.1654562323429,2.162374894399493
18.18181818181818,36.36363636363637,3.3485836488589915,23.08283762576501,2.118914200430532
19.19191919191919,36.36363636363637,4.840853528132927,15.87452107546608,1.092294205483308
20.2020202020202,36.36363636363637,3.9645490220826516,17.99191439107059,0.8628781749024309
21.21212121212121,36.36363636363637,2.4384997923484493,18.85368898117471,2.3293052605084
22.22222222222222,36.36363636363637,2.187213027814755,16.1677852453526,0.8699815257851456
23.23232323232324,36.36363636363637,2.389423321477828,16.79602499043816,1.259372422680186
24.24242424242424,36.36363636363637,1.7521811862020082,17.82305675563408,1.920785339447987
25.25252525252525,36.36363636363637,4.977603080914809,15.12959400814657,4.967816417886032
26.26262626262626,36.36363636363637,4.907661966337756,21.85423201544787,4.555616997792411
27.27272727272727,36.36363636363637,6.5743861586947165,26.66618484077982,3.954624096971377
28.28282828282828,36.36363636363637,13.426334115931786,12.24013073854317,5.797400194300781
29.29292929292929,36.36363636363637,4.173268463021294,19.4341813579896,3.686234111488971
30.3030303030303,36.36363636363637,7.661975669718547,22.22654952714588,4.952077743566327
31.31313131313131,36.36363636363637,16.53862656352556,6.568963683817922,3.87283454703482
32.32323232323233,36.36363636363637,10.91247725506847,29.05248506562859,5.043956309296009
33.33333333333334,36.36363636363637,4.57217655855892,29.34684769046694,5.179923916934007
34.34343434343435,36.36363636363637,3.1721460374255352,20.47353238616393,4.423826380103554
35.35353535353536,36.36363636363637,4.837228857196487,23.82268153298447,4.246741478696374
36.36363636363637,36.36363636363637,11.528874711883443,30.6648446261105,4.309069716434791
37.37373737373738,36.36363636363637,7.944058631697806,18.23665579943991,5.009357202037193
38.38383838383839,36.36363636363637,7.915111350203717,21.35414453200877,4.960968203468568
39.3939393939394,36.36363636363637,5.817157777409298,12.76753645381284,1.097980709044614
40.40404040404041,36.36363636363637,6.265750755694457,21.0372998448203,0.8013943112550703
41.41414141414142,36.36363636363637,2.724775777138028,16.51278354172272,1.880010279855365
42.42424242424243,36.36363636363637,2.76873469959283,20.91085580744311,1.765115908776556
43.43434343434344,36.36363636363637,2.5135099079462426,17.94467623414905,1.318601216628663
44.44444444444445,36.36363636363637,3.0093503042356726,14.34927387568564,1.768882301381302
45.45454545454546,36.36363636363637,2.9543278272740694,10.83137671275346,0.6382332619147991
46.46464646464647,36.36363636363637,2.8627185523833973,10.83676401110207,1.610049161764795
47.47474747474748,36.36363636363637,5.952527075046712,18.82941922004196,1.414156496742561
48.48484848484848,36.36363636363637,3.5044672344402485,14.5355077414076,2.656993027935032
49.49494949494949,36.36363636363637,4.734253223709485,16.40830919868369,0.7484549611247263
50.50505050505051,36.36363636363637,1.8721267710492797,16.92442703604905,1.314208852173014
51.51515151515152,36.36363636363637,4.072744330230323,17.26696037406838,1.281348615084691
52.52525252525253,36.36363636363637,2.5811812472499773,13.50286727520837,1.684186457658251
53.53535353535354,36.36363636363637,4.11094963241416,14.60940639032444,2.370810053541993
54.54545454545455,36.36363636363637,1.5555486378470724,13.07407732165785,0.9102183829966094
55.55555555555556,36.36363636363637,4.8792269293945765,13.27469221199266,1.019072273296833
56.56565656565657,36.36363636363637,5.791338062786272,11.38437550043346,3.732982445282587
57.57575757575758,36.36363636363637,9.398520690955369,21.27387273694158,4.676168650295069
58.58585858585859,36.36363636363637,5.12852574794244,21.69953444192605,4.540105916390692
59.5959595959596,36.36363636363637,10.74400265106321,13.19459565935047,4.36194918084478
60.60606060606061,36.36363636363637,11.486749473725872,24.39261268739049,2.971662320881278
61.61616161616162,36.36363636363637,3.9256838632213116,23.18031883171163,4.115206964843196
62.62626262626263,36.36363636363637,3.568530806414736,28.69658939253572,3.478762612937608
63.63636363636364,36.36363636363637,5.192284105223397,25.54315200622277,5.275605589478084
64.64646464646465,36.36363636363637,7.222479403237517,19.42930918727335,4.38638908449013
65.65656565656566,36.36363636363637,11.11157188218093,30.95832297821332,4.525884140598579
66.66666666666667,36.36363636363637,10.930073608373775,17.11799100529399,4.967061306454891
67.67676767676768,36.36363636363637,3.9181740546466672,21.32390252668215,3.95907493757936
68.68686868686869,36.36363636363637,2.408176554058313,18.72657323610468,3.815491024647627
69.6969696969697,36.36363636363637,5.609908493795666,17.1514425014398,5.020308332912509
70.70707070707071,36.36363636363637,8.05776518493756,8.572488990724187,0.9218571999487448
71.71717171717172,36.36363636363637,3.0138101992683257,15.04843198596238,0.9231745458845901
72.72727272727273,36.36363636363637,1.702778112508073,15.92738642752906,1.873001097646663
73.73737373737374,36.36363636363637,6.0075758364198055,17.46452413520829,1.406318370949916
74.74747474747475,36.36363636363637,9.221616444613275,2.204264277077606,1.328456051586129
75.75757575757576,36.36363636363637,7.852366207992667,12.99941812652098,1.666862848419886
76.76767676767678,36.36363636363637,13.193393271009349,2.685583130481366,1.370971606075063
77.77777777777779,36.36363636363637,8.641397546045171,19.41508684059353,0.8786155469280085
78.7878787878788,36.36363636363637,5.137535624094754,20.68927099457763,0.8151982655975434
79.7979797979798,36.36363636363637,4.836032622247201,19.12299192085214,0.4104019100435174
80.80808080808082,36.36363636363637,4.4834511759350795,14.56198762272685,1.476687301939906
81.81818181818183,36.36363636363637,3.953588772009619,17.2166845009839,1.284455662341577
82.82828282828284,36.36363636363637,4.927645375073798,14.69523771277261,2.263345816477202
83.83838383838385,36.36363636363637,11.98093021749914,7.116038278995545,1.631539846986147
84.84848484848486,36.36363636363637,5.619997001307881,17.12698129515255,1.317468423344564
85.85858585858587,36.36363636363637,4.3555556875106785,11.89940523751456,1.733842864300996
86.86868686868688,36.36363636363637,10.159794196434737,9.025367391874095,1.209189632909547
87.87878787878789,36.36363636363637,16.33745927780694,29.84470427289068,3.815493843462372
88.8888888888889,36.36363636363637,17.1896238471315,11.97455210037356,5.169522592797156
89.89898989898991,36.36363636363637,6.762547396607867,23.80190249594467,5.468909942733094
90.90909090909092,36.36363636363637,9.89436200914424,13.11286641848803,4.099605126427474
91.91919191919193,36.36363636363637,7.134301295383539,22.15703135896375,4.03141484425366
92.92929292929294,36.36363636363637,12.183838899329443,12.96885448954596,3.989144959914241
93.93939393939395,36.36363636363637,11.922758228800763,31.27521212024917,4.924087039219899
94.94949494949496,36.36363636363637,5.063008962431059,21.55719124172414,3.986031162648564
95.95959595959597,36.36363636363637,10.75954155634329,19.52675168651924,6.369850302359115
96.96969696969697,36.36363636363637,16.957847037005294,33.93853438955433,2.581284578932756
97.97979797979798,36.36363636363637,5.469929599001315,23.30808095241103,4.710260602954583
98.98989898989899,36.36363636363637,6.9532602751728225,13.94216817231569,4.235434385343622
100.0,36.36363636363637,10.765705402458556,27.84762183340269,4.784374671936815
0.0,37.37373737373738,3.8061948572213047,23.90870751326454,4.615199776919778
1.01010101010101,37.37373737373738,6.029865887483943,18.93874295993091,5.285157026854612
2.02020202020202,37.37373737373738,4.025039637970313,19.90719720992527,3.444234026171395
3.03030303030303,37.37373737373738,6.830831000306151,29.81056168192088,4.791588823658188
4.040404040404041,37.37373737373738,8.78732689515336,19.32618525561222,4.719292468131737
5.050505050505051,37.37373737373738,7.181733257488886,31.58533897024522,4.220157280333155
6.060606060606061,37.37373737373738,6.340153405661468,24.33942350574729,4.107497650650347
7.070707070707071,37.37373737373738,6.392775340994516,18.71758994265775,4.468164737182823
8.080808080808081,37.37373737373738,4.397193611361872,17.50562018239848,2.259301583421428
9.090909090909092,37.37373737373738,2.8645098473022177,14.95343426624517,1.100896312007654
10.1010101010101,37.37373737373738,8.972484341494255,10.07669008042078,1.759998182164103
11.11111111111111,37.37373737373738,4.325950143203599,8.902122002174714,0.5815010349850438
12.12121212121212,37.37373737373738,8.995454886456912,10.54617906321386,1.526341505195269
13.13131313131313,37.37373737373738,6.961392571448068,23.41277870755195,1.127430137378817
14.14141414141414,37.37373737373738,11.016404597793994,26.02869767414474,1.906651401222746
15.15151515151515,37.37373737373738,10.207191614055711,8.176523349013307,0.4621033987205965
16.16161616161616,37.37373737373738,5.221162473260637,14.053604448942,1.383927926393804
17.17171717171717,37.37373737373738,7.386317948205809,26.31544818124462,1.632869594470794
18.18181818181818,37.37373737373738,6.085641500141404,21.79899094810889,0.8762703833137921
19.19191919191919,37.37373737373738,13.142791868706926,5.978752083859114,0.8203879251200985
20.2020202020202,37.37373737373738,8.863394965528954,22.31427257815014,1.17430124406409
21.21212121212121,37.37373737373738,2.803712235645362,17.86250433331346,1.817688692324703
22.22222222222222,37.37373737373738,4.601617296845907,13.27179343793755,1.106454292783958
23.23232323232324,37.37373737373738,8.655756827810471,21.1781742021582,2.054878177340717
24.24242424242424,37.37373737373738,7.653586388021338,14.67772238364141,4.428676049112368
25.25252525252525,37.37373737373738,6.480287438428006,13.26379441590877,4.759307642177061
26.26262626262626,37.37373737373738,8.912132574314107,29.09853437199834,3.630605144864979
27.27272727272727,37.37373737373738,2.09317807959862,26.99950042539857,4.815944844859972
28.28282828282828,37.37373737373738,8.854825238466805,29.86690264767757,4.413587467612521
29.29292929292929,37.37373737373738,6.887345301529201,19.35747926194534,3.541763817038056
30.3030303030303,37.37373737373738,9.542667682406714,33.91106604341464,4.747162668362429
31.31313131313131,37.37373737373738,11.104513235522013,32.28691192387824,4.927834411583095
32.32323232323233,37.37373737373738,5.310288751061374,23.60067795634721,4.090694218989752
33.33333333333334,37.37373737373738,3.697943175635433,21.58809312144248,4.446202609268596
34.34343434343435,37.37373737373738,1.0105353206777918,20.67521522896394,5.885584257362366
35.35353535353536,37.37373737373738,4.27302737493919,19.4445162669047,3.301439502513775
36.36363636363637,37.37373737373738,7.427489530307308,15.25484726715774,4.393044050454948
37.37373737373738,37.37373737373738,6.362794613588944,11.63702951815539,4.588392270587023
38.38383838383839,37.37373737373738,5.232375417853245,14.85326893663632,4.035062311051659
39.3939393939394,37.37373737373738,6.234711107726552,19.08502029369619,4.393979813685784
40.40404040404041,37.37373737373738,3.7531391635733957,14.95660007984753,2.426981751665033
41.41414141414142,37.37373737373738,3.571547654135981,16.08138828330028,2.202508121280972
42.42424242424243,37.37373737373738,3.781230272454759,17.51973939735937,1.248137903823145
43.43434343434344,37.37373737373738,3.547567290561526,19.76196237470626,1.269117973945592
44.44444444444445,37.37373737373738,3.2375377245621455,13.74800501645413,2.516099070371543
45.45454545454546,37.37373737373738,6.982397704262187,17.88815716880847,0.7400330095879549
46.46464646464647,37.37373737373738,3.6986251952945572,11.30036307239951,1.171597007598868
47.47474747474748,37.37373737373738,4.430890237861664,17.01548912275047,1.771977988536581
48.48484848484848,37.37373737373738,2.64648082850245,16.21953772903092,1.520402082391697
49.49494949494949,37.37373737373738,4.970916993532885,10.57838527215376,1.065604013288076
50.50505050505051,37.37373737373738,2.074547064978235,15.31255435769158,1.101465807092425
51.51515151515152,37.37373737373738,4.161783703651645,14.40300708750635,1.440213635523571
52.52525252525253,37.37373737373738,4.068786892970793,13.03071892405723,2.194387000769074
53.53535353535354,37.37373737373738,8.875501209098195,23.73208718778553,1.369775147724685
54.54545454545455,37.37373737373738,7.114258666965986,15.77283562938548,0.4978453237487478
55.55555555555556,37.37373737373738,13.712488659215264,25.84921524283635,3.888509324959366
56.56565656565657,37.37373737373738,12.53207063656506,3.722604657971385,5.085951693594108
57.57575757575758,37.37373737373738,15.023842541728284,7.079294006015795,4.288299892341869
58.58585858585859,37.37373737373738,13.423079424828112,30.25770987086806,4.564136706982874
59.5959595959596,37.37373737373738,7.836663391301282,17.23519793266386,4.612853414891476
60.60606060606061,37.37373737373738,8.695812967444141,12.91839085419046,5.020046377291626
61.61616161616162,37.37373737373738,5.059964032564693,28.00255905377395,4.367533029337961
62.62626262626263,37.37373737373738,1.5438136630076151,27.78127170207588,4.650457401362537
63.63636363636364,37.37373737373738,1.91700282317215,26.58503450859891,4.77555264780586
64.64646464646465,37.37373737373738,6.927869927629998,30.4048437239808,5.723816838895968
65.65656565656566,37.37373737373738,9.011074283482518,20.4862910597732,4.430438731365081
66.66666666666667,37.37373737373738,10.7131262528167,28.81629362509516,4.961232651065124
67.67676767676768,37.37373737373738,3.165182839426542,20.65312672377624,2.54410857016881
68.68686868686869,37.37373737373738,2.0198748711790495,19.74344957693951,4.889345911328643
69.6969696969697,37.37373737373738,5.89791215875737,24.95415303448883,4.497812006592918
70.70707070707071,37.37373737373738,5.174664563388671,15.91419771590715,5.233652983911609
71.71717171717172,37.37373737373738,1.5639914440778004,15.7550962973893,1.825117086369349
72.72727272727273,37.37373737373738,3.3849097339927727,19.01140483909705,1.154999611898437
73.73737373737374,37.37373737373738,6.735904343769785,22.04269494524441,1.729253612876596
74.74747474747475,37.37373737373738,8.333399155294314,13.01324181523508,1.398994077874515
75.75757575757576,37.37373737373738,1.521519255005825,15.31158011701005,1.764953882896968
76.76767676767678,37.37373737373738,4.851118203027191,15.3201806302185,1.214829005582166
77.77777777777779,37.37373737373738,3.102365035133015,11.69158798085149,0.6970277976821587
78.7878787878788,37.37373737373738,2.921320561113008,12.15283311555373,1.087261557360115
79.7979797979798,37.37373737373738,5.381501381669198,9.682367319370695,2.414015733463259
80.80808080808082,37.37373737373738,1.9397325664241913,11.61013053231329,1.761940106911851
81.81818181818183,37.37373737373738,6.2805243203804695,12.8324237412647,1.262542186710662
82.82828282828284,37.37373737373738,5.425823093899984,20.15367293853439,1.129336761361065
83.83838383838385,37.37373737373738,6.8239449475763445,21.83278663728076,1.193290313868397
84.84848484848486,37.37373737373738,3.419107398498096,21.80375350629337,1.605704520882541
85.85858585858587,37.37373737373738,5.029943467525142,15.78259207840819,1.634981498454065
86.86868686868688,37.37373737373738,7.051234307817819,22.12035349728974,3.504572630363857
87.87878787878789,37.37373737373738,9.520179346414066,18.84375316875429,4.449652000478103
88.8888888888889,37.37373737373738,13.995175891826054,32.19393873703737,4.659626706903593
89.89898989898991,37.37373737373738,6.559337704649533,25.50093455855835,4.325799369435726
90.90909090909092,37.37373737373738,6.959680858534574,21.1013529819775,5.628426542733791
91.91919191919193,37.37373737373738,10.240718386251999,31.12774709882861,3.988007413843791
92.92929292929294,37.37373737373738,7.945679622430208,24.47524975216464,5.477872319009277
93.93939393939395,37.37373737373738,9.354466751651064,16.43132672759564,4.277706435482602
94.94949494949496,37.37373737373738,11.39427790101091,29.51561567340059,4.275251136604536
95.95959595959597,37.37373737373738,18.13126816461682,5.261573989409056,4.11666362926328
96.96969696969697,37.37373737373738,11.970217769925112,19.72984832767242,5.367371416318528
97.97979797979798,37.37373737373738,4.394737727504187,23.21523145822205,5.352589534128572
98.98989898989899,37.37373737373738,3.1114101749889547,13.12331288269419,5.643239028086317
100.0,37.37373737373738,7.90060269794396,14.0301098819165,4.501982272263986
0.0,38.38383838383839,11.553686858173423,21.14992467623053,5.722017226787686
1.01010101010101,38.38383838383839,9.269840685493872,30.52181381329413,3.537481004699749
2.02020202020202,38.38383838383839,3.762481675489263,23.12709461627955,3.547117277648258
3.03030303030303,38.38383838383839,3.395777465108651,26.47343548600907,5.44491263576743
4.040404040404041,38.38383838383839,4.780574366235698,28.132741361448,3.765995874730252
5.050505050505051,38.38383838383839,5.18586659358745,31.75730696172378,3.722408761861145
6.060606060606061,38.38383838383839,10.53979907056258,16.25417162434466,5.043933643611465
7.070707070707071,38.38383838383839,8.00030618612038,28.15103467156737,4.514841711361977
8.080808080808081,38.38383838383839,4.658901389708035,23.2138313101837,4.777739064786177
9.090909090909092,38.38383838383839,4.764244683363422,15.69070692621278,1.626391164459998
10.1010101010101,38.38383838383839,10.7336557484068,24.21643742973352,1.264091360735903
11.11111111111111,38.38383838383839,7.127825710630021,15.88916661480648,2.167176520897543
12.12121212121212,38.38383838383839,8.877122729567976,22.40582933258484,1.83565143320306
13.13131313131313,38.38383838383839,7.1036196241207,12.89387182768282,1.420506148270409
14.14141414141414,38.38383838383839,3.6108031246912673,13.62159519985831,1.45232257756428
15.15151515151515,38.38383838383839,3.607067342721193,14.61925836056874,1.817618465156155
16.16161616161616,38.38383838383839,3.605281471048787,15.84775656790262,2.039373602183843
17.17171717171717,38.38383838383839,5.222299784867978,18.69846930276145,0.7537670716829845
18.18181818181818,38.38383838383839,2.5219027390731705,19.0769677225849,1.074386089224372
19.19191919191919,38.38383838383839,5.361516200324872,16.49839120853905,1.749415980118956
20.2020202020202,38.38383838383839,6.150127487405082,11.97033964224157,1.402890777143117
21.21212121212121,38.38383838383839,5.135315083830067,19.04368948782107,2.002322023430398
22.22222222222222,38.38383838383839,10.859524265207497,10.25840771756553,1.868630274965112
23.23232323232324,38.38383838383839,16.137568789883275,37.0122197189426,4.932078810211727
24.24242424242424,38.38383838383839,13.169762438242852,34.23235377748466,5.245352675559512
25.25252525252525,38.38383838383839,15.97929755798587,6.457112178256759,4.448375639242035
26.26262626262626,38.38383838383839,9.545528935640663,18.62808033398172,4.595498176205532
27.27272727272727,38.38383838383839,3.9465928735901823,23.92653986050161,4.546866981572435
28.28282828282828,38.38383838383839,3.673482929454818,25.45119921095597,5.07512445364756
29.29292929292929,38.38383838383839,5.354016862481604,16.94781031907433,4.166902212072012
30.3030303030303,38.38383838383839,9.499849288668102,23.60265273106225,4.889668654597718
31.31313131313131,38.38383838383839,5.4042786809284635,23.89719530891794,3.00728764951189
32.32323232323233,38.38383838383839,6.523502324951513,18.51014886381886,4.810753418474588
33.33333333333334,38.38383838383839,4.264774015129481,25.69564852757648,3.477787594945219
34.34343434343435,38.38383838383839,3.936345925068906,22.37209681433732,4.062244224289647
35.35353535353536,38.38383838383839,5.4159802328936975,26.73809253877549,3.784454982145164
36.36363636363637,38.38383838383839,3.7142004511834426,21.7473212806849,4.077183282106431
37.37373737373738,38.38383838383839,9.78054844658776,23.65452452374337,4.806824464551224
38.38383838383839,38.38383838383839,7.91527455624327,21.83390423713605,5.435762267093859
39.3939393939394,38.38383838383839,8.472543096005793,29.34620931381052,4.778465021981725
40.40404040404041,38.38383838383839,10.33829557714053,18.63524855186693,1.022037802683954
41.41414141414142,38.38383838383839,9.991382542500878,4.789732242690635,1.156382838943596
42.42424242424243,38.38383838383839,8.764985284844217,9.466508809030053,1.417539296019592
43.43434343434344,38.38383838383839,9.154726064837998,23.87876506079613,0.006195159465490291
44.44444444444445,38.38383838383839,7.1270611231184375,15.94277754486473,0.4972756429339285
45.45454545454546,38.38383838383839,6.584753962213201,7.743293056578029,1.500274849440189
46.46464646464647,38.38383838383839,3.664542197204398,13.32834464552038,1.829916929805316
47.47474747474748,38.38383838383839,8.518592734305194,7.61693571266581,1.622121201012725
48.48484848484848,38.38383838383839,6.144747743934731,18.68432720482069,1.847338490047737
49.49494949494949,38.38383838383839,2.8223884068761023,14.25680777734039,0.8952337396948703
50.50505050505051,38.38383838383839,3.440054684190533,14.26995513185916,0.8896027693226201
51.51515151515152,38.38383838383839,13.705398766715044,25.90435318191655,1.842532287654928
52.52525252525253,38.38383838383839,7.648499338423246,9.301376130502621,1.270153549509333
53.53535353535354,38.38383838383839,7.695755188578345,16.0133829709822,1.369134520756869
54.54545454545455,38.38383838383839,6.879876292998072,23.49548081767087,3.327763206801979
55.55555555555556,38.38383838383839,8.428981798912044,15.77677383513482,4.51273158570396
56.56565656565657,38.38383838383839,7.905194142499418,20.70581642886017,4.714765349258745
57.57575757575758,38.38383838383839,7.991477843303704,26.44498022910647,5.187550915314461
58.58585858585859,38.38383838383839,7.467645342275068,21.32449540355408,3.615435570122324
59.5959595959596,38.38383838383839,10.86718133342152,27.201930207878,3.852898918373855
60.60606060606061,38.38383838383839,14.579947592315618,9.01033609567081,5.174951433198012
61.61616161616162,38.38383838383839,6.840218981991082,27.89039869685906,4.187020573102898
62.62626262626263,38.38383838383839,3.8987802386436865,31.62368411847146,5.043214697215645
63.63636363636364,38.38383838383839,6.92091234907241,24.97495212714531,4.620174363850121
64.64646464646465,38.38383838383839,7.869885570110067,33.40242701820385,3.963160667222213
65.65656565656566,38.38383838383839,7.28704310201729,27.8100010457336,3.842581247586774
66.66666666666667,38.38383838383839,12.218737678580867,14.15526070027041,5.565903361855917
67.67676767676768,38.38383838383839,4.954869406405899,23.57023823042085,5.421040425279439
68.68686868686869,38.38383838383839,4.932736169341258,18.80120703744419,3.504614539785501
69.6969696969697,38.38383838383839,4.011599139177584,26.49243236033828,4.842094210199695
70.70707070707071,38.38383838383839,7.862782854327326,20.07209050717934,4.600973613200335
71.71717171717172,38.38383838383839,4.067251361134625,13.62120479273062,3.440244848979711
72.72727272727273,38.38383838383839,3.701851175822492,14.84338296254906,2.365541316108416
73.73737373737374,38.38383838383839,7.8448722163086835,11.73799161635808,1.862648325925185
74.74747474747475,38.38383838383839,11.205507682157014,1.816414163999597,1.106701368582446
75.75757575757576,38.38383838383839,4.214294936974756,13.84460390245924,1.259523136474704
76.76767676767678,38.38383838383839,1.5419439416611032,12.18749848042233,1.000566908191845
77.77777777777779,38.38383838383839,1.4398848084294507,11.09546448413072,1.050061084039023
78.7878787878788,38.38383838383839,2.5145311828956687,11.93569968101087,1.697497941514713
79.7979797979798,38.38383838383839,5.975057493968994,17.36951923544041,1.376514755273331
80.80808080808082,38.38383838383839,6.981168642295234,13.26714728570249,1.952384533265161
81.81818181818183,38.38383838383839,11.509230773555707,25.02671785684628,2.376294948111424
82.82828282828284,38.38383838383839,5.969925953192849,12.90917868471229,2.995778343533744
83.83838383838385,38.38383838383839,8.181240900299173,10.96190203499435,0.851161563314599
84.84848484848486,38.38383838383839,2.9652770295957738,18.85429068231437,1.614464125809754
85.85858585858587,38.38383838383839,4.430116333788959,19.6602562608484,4.077766645587727
86.86868686868688,38.38383838383839,3.793451668682782,27.61594287572837,3.8899748498442
87.87878787878789,38.38383838383839,6.846967250029165,29.29673355345563,4.788864012035503
88.8888888888889,38.38383838383839,9.436311518078284,16.47581155315907,5.94399050302327
89.89898989898991,38.38383838383839,10.408798848666823,12.05520155763377,4.835569040706273
90.90909090909092,38.38383838383839,7.6993880163893085,26.52561415919436,5.731641947023371
91.91919191919193,38.38383838383839,9.691916984211552,15.81448075720056,5.957841305311273
92.92929292929294,38.38383838383839,2.657610901906665,18.89534689629546,4.42592153523182
93.93939393939395,38.38383838383839,4.556811292699646,17.87709637117241,5.307040487752193
94.94949494949496,38.38383838383839,5.976029254460627,29.23525913082988,4.792938147048144
95.95959595959597,38.38383838383839,12.295795990701048,24.79915292851125,5.055257851626581
96.96969696969697,38.38383838383839,20.529680809762006,4.011320778666869,4.917519945456641
97.97979797979798,38.38383838383839,10.714142438130157,27.12403116797233,3.124963181208736
98.98989898989899,38.38383838383839,6.319441562034485,13.75138271827834,5.924493857581218
100.0,38.38383838383839,8.762370001310247,23.00760902503988,4.465685323445917
0.0,39.3939393939394,21.292984094345695,43.68031327665319,4.795358104317978
1.01010101010101,39.3939393939394,11.567468514839609,21.79213025876005,5.41229386088166
2.02020202020202,39.3939393939394,2.491460589904312,24.21606384513822,4.127652692238097
3.03030303030303,39.3939393939394,4.119824494540576,21.23309856665473,3.425694409556171
4.040404040404041,39.3939393939394,3.669091174034536,23.1008714780557,4.559139075568446
5.050505050505051,39.3939393939394,5.871903270679002,30.31350951650744,4.318158013748037
6.060606060606061,39.3939393939394,6.475026068584573,22.92811764059052,4.726981466571778
7.070707070707071,39.3939393939394,3.590638928455463,22.41732106460185,4.991728903742468
8.080808080808081,39.3939393939394,1.8639777236195272,23.68089799587603,5.408077753789629
9.090909090909092,39.3939393939394,5.232700238928558,17.9615581122072,4.117270277397656
10.1010101010101,39.3939393939394,10.969534471285053,12.27456310386684,2.162035674477386
11.11111111111111,39.3939393939394,7.249519518441974,22.5694913119894,1.079287512361382
12.12121212121212,39.3939393939394,5.925046995009664,14.7856089063643,1.758688522825074
13.13131313131313,39.3939393939394,5.684607120767987,20.54976256721898,2.008867287098227
14.14141414141414,39.3939393939394,5.347220158789904,13.93231869145103,1.144224278778914
15.15151515151515,39.3939393939394,6.92018986061783,20.37863135185377,1.805394255219759
16.16161616161616,39.3939393939394,9.686622820675,7.299993744860801,1.238132920237385
17.17171717171717,39.3939393939394,5.034895619674284,8.655460196454985,1.692277748173638
18.18181818181818,39.3939393939394,3.8668332769691585,14.66845492568551,0.8453263785638837
19.19191919191919,39.3939393939394,6.017992243792699,12.67859361226283,1.223484050824768
20.2020202020202,39.3939393939394,4.125086080317321,9.315164040406794,1.716372725519254
21.21212121212121,39.3939393939394,3.4679301010613965,15.54224592284345,1.802231502347268
22.22222222222222,39.3939393939394,4.558996432394912,15.14402528639089,4.078168087537179
23.23232323232324,39.3939393939394,10.437828460205642,17.82966801902892,4.945335386355353
24.24242424242424,39.3939393939394,13.797411122728615,36.80166459592697,3.496627112278689
25.25252525252525,39.3939393939394,11.054707045782955,23.62141041759536,5.502101678825927
26.26262626262626,39.3939393939394,8.357856600022753,28.8703143562829,4.067569091036521
27.27272727272727,39.3939393939394,7.159183553905003,18.03624780801209,4.231689856506856
28.28282828282828,39.3939393939394,3.8816037866236606,25.2010191721943,5.497609804954025
29.29292929292929,39.3939393939394,9.107680517379883,20.79597752226017,3.897910553113005
30.3030303030303,39.3939393939394,24.438375269709624,44.34425158353865,5.332660874315216
31.31313131313131,39.3939393939394,12.763662647306834,16.35138622311916,5.726099734684022
32.32323232323233,39.3939393939394,6.469340644898068,26.94108296223986,3.341647514659168
33.33333333333334,39.3939393939394,4.113999388898879,23.25315925018934,3.742724506492792
34.34343434343435,39.3939393939394,5.272390913482149,28.73105149156223,4.040042121407279
35.35353535353536,39.3939393939394,5.354587874882235,21.72451486160025,4.481332700730086
36.36363636363637,39.3939393939394,8.915202130619049,20.28096799062735,3.507871237918515
37.37373737373738,39.3939393939394,26.441849105960774,0.27764927264609,4.063913349899551
38.38383838383839,39.3939393939394,22.424315837738007,37.18144179832761,4.876426242569434
39.3939393939394,39.3939393939394,8.100297355958379,23.94049178851973,3.739953514828193
40.40404040404041,39.3939393939394,9.490959527739662,31.75330531728976,3.111390935863011
41.41414141414142,39.3939393939394,11.150847419105524,14.94131349656878,4.749746089987619
42.42424242424243,39.3939393939394,4.711511330855961,17.38418654197211,0.5168260474228566
43.43434343434344,39.3939393939394,7.3120439139599345,13.72490725523149,1.389853700082237
44.44444444444445,39.3939393939394,9.433233586910763,5.764777585019685,2.044620420288577
45.45454545454546,39.3939393939394,3.4581742460365916,10.15290871597134,1.234785060524134
46.46464646464647,39.3939393939394,4.529709554210658,11.99461795162058,0.7084954842787209
47.47474747474748,39.3939393939394,5.271926379124826,15.51395281479248,1.349104987470479
48.48484848484848,39.3939393939394,3.4043068737646647,12.06503662450671,1.526714987284733
49.49494949494949,39.3939393939394,1.8718178777989594,11.08634343702168,1.561216068954525
50.50505050505051,39.3939393939394,1.9421550554980724,13.19988102550561,1.322519936163127
51.51515151515152,39.3939393939394,6.708779097738251,10.8214793109379,2.014953184140691
52.52525252525253,39.3939393939394,8.11373160223813,12.85104679874749,2.039032833136964
53.53535353535354,39.3939393939394,6.562683380097288,24.883594821324,5.872660336985619
54.54545454545455,39.3939393939394,3.1469478765512076,28.09153597215305,4.293730658067992
55.55555555555556,39.3939393939394,3.8195410201198903,26.77251004682007,3.755694744022876
56.56565656565657,39.3939393939394,2.8561286630240943,24.67517483399741,4.391757459127739
57.57575757575758,39.3939393939394,2.729926387812485,24.70440370478102,4.052919842908087
58.58585858585859,39.3939393939394,10.536012437795769,31.26394267546407,4.312048765540925
59.5959595959596,39.3939393939394,11.232497060621052,17.76896606593717,4.272695257686768
60.60606060606061,39.3939393939394,8.345380888115558,26.35041499301819,3.985764802873107
61.61616161616162,39.3939393939394,5.490384925111831,23.25503114861027,4.805421438784822
62.62626262626263,39.3939393939394,8.25383621224077,32.99437524371208,3.58657276116555
63.63636363636364,39.3939393939394,11.628509385815793,35.97231225959666,5.358437850525291
64.64646464646465,39.3939393939394,10.223926550032807,18.94036889551543,4.836548739235665
65.65656565656566,39.3939393939394,2.65846650853023,25.23270494155828,5.041457578541155
66.66666666666667,39.3939393939394,3.9859466264387047,25.2994606141555,5.207019002295389
67.67676767676768,39.3939393939394,4.616762400722718,20.85188083456896,5.228394976350756
68.68686868686869,39.3939393939394,7.65055920865614,12.47276141544523,3.738927858554343
69.6969696969697,39.3939393939394,15.43173810491328,26.88898241514613,4.316480160320687
70.70707070707071,39.3939393939394,13.10653633563354,5.650079448749887,5.601354930672757
71.71717171717172,39.3939393939394,6.550764461216312,7.159154737117959,4.408126823160445
72.72727272727273,39.3939393939394,7.7068676502276805,8.5315696518165,4.977668717828095
73.73737373737374,39.3939393939394,8.08205737865087,19.78580835415702,0.9959827291994636
74.74747474747475,39.3939393939394,6.680610796254778,13.49185005057404,1.499226745140089
75.75757575757576,39.3939393939394,3.5546254894428975,15.5495122753109,2.064382928386851
76.76767676767678,39.3939393939394,2.4106438428576222,12.47345267894205,1.077792303369252
77.77777777777779,39.3939393939394,2.884175993830906,14.32661102795599,2.570512513796014
78.7878787878788,39.3939393939394,3.4830303173944963,8.368763135280746,0.8572126604830657
79.7979797979798,39.3939393939394,7.143326685738924,10.69263267980161,1.621951216144644
80.80808080808082,39.3939393939394,9.269492209183744,23.67286258061252,1.918840174798616
81.81818181818183,39.3939393939394,6.749578007581174,15.06119862148281,2.125917433973695
82.82828282828284,39.3939393939394,3.2717512017105226,15.47957242180966,1.783014049832044
83.83838383838385,39.3939393939394,8.518175589974993,22.97631573686667,1.853524838359168
84.84848484848486,39.3939393939394,2.535277675091219,19.06758175086442,5.027340347559113
85.85858585858587,39.3939393939394,4.6599727146679815,24.74140522015003,5.199178312932858
86.86868686868688,39.3939393939394,1.7201966329229883,27.5742028720431,4.450803308698946
87.87878787878789,39.3939393939394,4.004666726170737,26.86355761606414,4.385825986886434
88.8888888888889,39.3939393939394,3.575050109497239,21.26139844577204,4.830424834199911
89.89898989898991,39.3939393939394,5.935035341198816,21.3536413542906,4.309921179379562
90.90909090909092,39.3939393939394,4.098287340719351,26.71735904398034,4.907463129900915
91.91919191919193,39.3939393939394,5.375207520697083,25.47688281133001,5.001154520037962
92.92929292929294,39.3939393939394,3.32658018813902,19.84677098383499,4.908870688567801
93.93939393939395,39.3939393939394,6.594646040398577,13.47203412873112,4.926962181236649
94.94949494949496,39.3939393939394,5.749873601195045,21.40576761753418,3.274368425448531
95.95959595959597,39.3939393939394,3.1898990683037693,20.37748625697226,4.289914091516344
96.96969696969697,39.3939393939394,8.471358722307167,26.51097392955949,5.002301202093654
97.97979797979798,39.3939393939394,6.443167233997801,29.58644237174322,4.814193508924811
98.98989898989899,39.3939393939394,8.731955551495634,15.7722043743766,5.18803367873933
100.0,39.3939393939394,5.69352339079018,14.95422447099406,4.875686688262984
0.0,40.40404040404041,13.590629485085737,24.2199326119319,6.037050447073781
1.01010101010101,40.40404040404041,14.35408912391389,8.564056358207,3.795194419285699
2.02020202020202,40.40404040404041,7.189729544907452,20.7460895792413,3.703566289155024
3.03030303030303,40.40404040404041,6.297493310960105,14.84487569773123,5.466547080509375
4.040404040404041,40.40404040404041,4.290325752612093,22.53678761516257,4.917069544524344
5.050505050505051,40.40404040404041,6.6107121125735,22.86772379337643,5.809612797616102
6.060606060606061,40.40404040404041,12.269329776358418,11.59814783440368,4.291122180951053
7.070707070707071,40.40404040404041,8.528640812401083,29.27178966419533,4.059322205655485
8.080808080808081,40.40404040404041,2.217605737761099,23.6868253897188,5.01914194392173
9.090909090909092,40.40404040404041,6.619454745687081,25.21517298991782,4.505563562105932
10.1010101010101,40.40404040404041,6.673254861388869,28.22890344667745,3.041519619296434
11.11111111111111,40.40404040404041,4.8241505038783155,26.80843407482672,4.494289650329327
12.12121212121212,40.40404040404041,5.4490909040942626,17.31754039370264,0.5887726781036269
13.13131313131313,40.40404040404041,2.95535052421715,17.84882236030582,1.872916759883888
14.14141414141414,40.40404040404041,6.473444949475633,21.94671929884724,1.199928752499687
15.15151515151515,40.40404040404041,3.946141403189375,17.98219516806319,1.464808512346778
16.16161616161616,40.40404040404041,10.790486866970646,23.06461814593183,1.605333156899511
17.17171717171717,40.40404040404041,5.021404845963304,11.38357238802095,2.254284493526158
18.18181818181818,40.40404040404041,6.437490213109674,11.61249065736147,1.197624336774533
19.19191919191919,40.40404040404041,12.250627990415083,27.57747410587869,1.588617994899879
20.2020202020202,40.40404040404041,6.277210999985112,13.56982130554861,4.471975264999967
21.21212121212121,40.40404040404041,4.779723082071748,19.2872202432222,5.215974577802781
22.22222222222222,40.40404040404041,7.959995567922655,25.41053007805459,4.619435612306991
23.23232323232324,40.40404040404041,3.2335792254203533,18.74079085040172,5.096985186690364
24.24242424242424,40.40404040404041,7.613248444052978,16.33358167868449,5.516530255385888
25.25252525252525,40.40404040404041,5.04243985941424,14.99603859082129,4.982199199185271
26.26262626262626,40.40404040404041,5.841522030863965,21.76409246545142,4.522388105764385
27.27272727272727,40.40404040404041,7.024328124488172,13.28864355733462,3.896845683120585
28.28282828282828,40.40404040404041,4.587313598291945,21.49459707857767,4.042265403701355
29.29292929292929,40.40404040404041,6.398958814298118,25.42521667738125,4.182544763955015
30.3030303030303,40.40404040404041,9.382712184558292,18.87348877887452,3.519731590303682
31.31313131313131,40.40404040404041,3.3701616201945823,21.27766562700753,3.905659197168008
32.32323232323233,40.40404040404041,2.662351375634148,23.77227493223981,4.68771742326371
33.33333333333334,40.40404040404041,4.84163484138423,28.10085157497431,4.32301380572066
34.34343434343435,40.40404040404041,2.342278967270535,30.97723159693105,4.3998485749118
35.35353535353536,40.40404040404041,7.64402712253132,29.67920518301907,4.843293770018575
36.36363636363637,40.40404040404041,7.117948683910943,33.02855763409183,4.766312711090185
37.37373737373738,40.40404040404041,12.198155895273924,25.76105920172912,3.122450518966965
38.38383838383839,40.40404040404041,15.203556662728928,12.97645854405656,4.694274385754301
39.3939393939394,40.40404040404041,12.495567156770894,29.88220014848454,4.615825053389508
40.40404040404041,40.40404040404041,6.124366354723984,31.97428131333456,3.399006787843669
41.41414141414142,40.40404040404041,9.59723855030602,30.13825705298842,4.81717922421294
42.42424242424243,40.40404040404041,10.962766572111395,12.55797128363427,4.389032524922546
43.43434343434344,40.40404040404041,4.342462212329052,21.19981614855416,1.94714994818415
44.44444444444445,40.40404040404041,7.004787850192094,20.97145117165423,1.349499886521483
45.45454545454546,40.40404040404041,4.973237495817623,15.3461496741235,1.3432518960857
46.46464646464647,40.40404040404041,8.813728795798593,23.41868537574227,0.8706946141089537
47.47474747474748,40.40404040404041,8.747800317873125,9.291515453877516,1.358322663159955
48.48484848484848,40.40404040404041,2.9011315390123036,14.63536416148059,1.279470614209458
49.49494949494949,40.40404040404041,2.25052236878474,12.31091983192985,1.469023708832603
50.50505050505051,40.40404040404041,4.075679033163302,15.40648783809271,0.6401406810845407
51.51515151515152,40.40404040404041,5.476849580977692,18.16575262853495,0.6469474509320128
52.52525252525253,40.40404040404041,6.880069656453348,27.69418702906904,4.380311986706001
53.53535353535354,40.40404040404041,2.6875389461526185,27.02362731796579,4.565910437413576
54.54545454545455,40.40404040404041,6.300743702915303,31.55630524771367,4.066784327626489
55.55555555555556,40.40404040404041,2.916070590293395,27.63857677745874,2.760043002807825
56.56565656565657,40.40404040404041,6.441531337566507,30.00376699735028,4.85693747806362
57.57575757575758,40.40404040404041,9.2605323321742,22.11404251932319,4.236258308024639
58.58585858585859,40.40404040404041,18.406469377686474,43.41402957452721,5.244788827787093
59.5959595959596,40.40404040404041,9.969375817836816,31.18956462987263,4.579073214233995
60.60606060606061,40.40404040404041,4.915968151247374,21.98580310939228,4.151883075998104
61.61616161616162,40.40404040404041,4.09358515247421,18.76358693592146,4.008980088821733
62.62626262626263,40.40404040404041,7.778364789425172,14.06700263097601,4.643941797685351
63.63636363636364,40.40404040404041,8.373442024659685,20.46551522875066,4.667398562412242
64.64646464646465,40.40404040404041,2.4503333531929465,22.04973756283416,4.926168395335243
65.65656565656566,40.40404040404041,5.739178059665578,26.93018315286381,5.029262610149956
66.66666666666667,40.40404040404041,1.7305176262554358,25.01420947446953,4.360474204286926
67.67676767676768,40.40404040404041,4.746387651873038,23.77387384289767,2.877389545602432
68.68686868686869,40.40404040404041,7.883192144812899,13.9512122092462,4.056070111891284
69.6969696969697,40.40404040404041,22.07013649530627,1.213704016398003,3.451208811536048
70.70707070707071,40.40404040404041,12.31559983673746,20.90623547809028,5.039610838256747
71.71717171717172,40.40404040404041,6.504241019200822,24.01867232330393,4.313481756424687
72.72727272727273,40.40404040404041,8.105881593538879,20.4205733249556,4.168446275488114
73.73737373737374,40.40404040404041,6.342429904569272,13.05359258327598,4.67266374238287
74.74747474747475,40.40404040404041,6.480794917398393,20.18723682069887,1.480660017737713
75.75757575757576,40.40404040404041,7.559149366486104,22.92938403912512,1.643324993020503
76.76767676767678,40.40404040404041,6.901150013053956,8.04604945141407,1.815029659589617
77.77777777777779,40.40404040404041,4.154197265266635,14.82116221776516,1.80967540469444
78.7878787878788,40.40404040404041,3.8852725656236164,10.4522304219325,0.8015397577784527
79.7979797979798,40.40404040404041,5.558380777280359,17.28495342178673,1.720528476771643
80.80808080808082,40.40404040404041,5.397344299695419,18.5925028987282,0.4862627618191721
81.81818181818183,40.40404040404041,9.384342950080459,7.058443585978141,1.680464674257022
82.82828282828284,40.40404040404041,8.277731284962742,18.08106637617052,1.20835063379773
83.83838383838385,40.40404040404041,9.269411423880852,12.32350437989828,3.910401968372687
84.84848484848486,40.40404040404041,5.9997352998902755,18.72231957433745,4.043534365772654
85.85858585858587,40.40404040404041,5.901696921994979,19.68928444195841,4.399804483430902
86.86868686868688,40.40404040404041,7.602873261219087,30.86980649217775,3.703426641879833
87.87878787878789,40.40404040404041,7.348468684848045,19.59087107504374,3.192133240604016
88.8888888888889,40.40404040404041,6.51450790035641,25.08160991233737,3.886910532505091
89.89898989898991,40.40404040404041,10.130805121762874,12.36790038436046,4.249078678961261
90.90909090909092,40.40404040404041,9.035363490515296,17.12014848822899,4.913414574706777
91.91919191919193,40.40404040404041,8.882105090757541,30.44472277984354,3.638970492960507
92.92929292929294,40.40404040404041,6.90491544555701,20.19681896625265,4.647621959376585
93.93939393939395,40.40404040404041,5.115716389025135,21.13708570397721,4.713844115786364
94.94949494949496,40.40404040404041,7.249556682877718,27.61375565965368,5.244188668142272
95.95959595959597,40.40404040404041,4.837732715120765,21.5536468254992,3.875173705667524
96.96969696969697,40.40404040404041,6.977394455887152,28.68779955312458,4.679220659095547
97.97979797979798,40.40404040404041,6.06428436649246,36.00699366441318,3.273700410675799
98.98989898989899,40.40404040404041,8.243664259842692,34.04698702351172,4.337142390718292
100.0,40.40404040404041,9.522394439876498,23.16343018593624,4.080971861694997
0.0,41.41414141414142,6.155711353559011,29.87556414874292,4.583068004350413
1.01010101010101,41.41414141414142,7.59852758587993,24.91442947855032,4.589491693231037
2.02020202020202,41.41414141414142,6.272060518763539,27.95178639042982,5.868439704651252
3.03030303030303,41.41414141414142,7.341536269345493,20.05350027370674,5.447224754246528
4.040404040404041,41.41414141414142,9.220514328609399,31.11115866707261,4.446788062760703
5.050505050505051,41.41414141414142,9.106413155782358,15.47117320340005,3.57824703767692
6.060606060606061,41.41414141414142,8.391532785647271,20.40227934488611,3.133082512182672
7.070707070707071,41.41414141414142,8.792724708077616,33.273278209938,3.939418628137822
8.080808080808081,41.41414141414142,8.027741829720217,25.43800907224487,3.757111637058746
9.090909090909092,41.41414141414142,15.499102381050488,39.89729903799687,4.879682471283628
10.1010101010101,41.41414141414142,8.280263292547495,34.53338272081196,5.025044729649686
11.11111111111111,41.41414141414142,6.1513482406256665,22.66213787512559,5.188549367409584
12.12121212121212,41.41414141414142,7.325825717258708,26.55979687501409,3.763560079755569
13.13131313131313,41.41414141414142,6.9474030835958835,13.35753937549498,1.625613073346907
14.14141414141414,41.41414141414142,3.7023299234502676,12.12976117766638,0.9816301315652334
15.15151515151515,41.41414141414142,2.8031808272871723,13.64101284774896,0.885917210682464
16.16161616161616,41.41414141414142,5.480212164375258,12.4307638148998,1.419240116510867
17.17171717171717,41.41414141414142,4.9613023660607745,16.8311155530568,1.263713856963909
18.18181818181818,41.41414141414142,4.3612000212271145,18.11258552361839,1.866101157170583
19.19191919191919,41.41414141414142,4.8972356707398585,23.44647888668152,4.412034899985471
20.2020202020202,41.41414141414142,7.484137198177153,14.69895630234357,4.640298210596438
21.21212121212121,41.41414141414142,7.32791001163994,22.82042947862446,4.106641934515348
22.22222222222222,41.41414141414142,11.943632098982604,34.19095849559625,3.666095661841566
23.23232323232324,41.41414141414142,7.783271942839025,21.68703652134023,4.7969377690341
24.24242424242424,41.41414141414142,9.769739363956514,10.09342307929549,6.070285336820995
25.25252525252525,41.41414141414142,3.6057768490548776,18.43482923921085,5.148901503826434
26.26262626262626,41.41414141414142,2.3030021546036124,20.74772901557397,5.278032080299145
27.27272727272727,41.41414141414142,3.917672936341982,19.95694937524999,5.575883376836739
28.28282828282828,41.41414141414142,4.270357944950165,18.98833789907315,4.538182155674594
29.29292929292929,41.41414141414142,4.380608222072396,14.94096807262017,5.803671755527581
30.3030303030303,41.41414141414142,3.6764952127894404,15.76930759194522,4.116288450642412
31.31313131313131,41.41414141414142,4.050566335812164,17.62208470348286,4.924561123821456
32.32323232323233,41.41414141414142,2.4160661281043936,23.11486340767005,3.896100303961886
33.33333333333334,41.41414141414142,8.124683410327094,20.7869611989136,4.242041089598331
34.34343434343435,41.41414141414142,7.971803398670918,28.02870226908644,4.699001563774601
35.35353535353536,41.41414141414142,16.413860370833753,11.70516587929735,3.685769279052855
36.36363636363637,41.41414141414142,7.839463435467968,27.92120342534802,3.830687105199326
37.37373737373738,41.41414141414142,3.3697301092247818,22.50394463975172,5.329126144149667
38.38383838383839,41.41414141414142,7.415555724503366,19.89535967860069,4.962080363318689
39.3939393939394,41.41414141414142,16.203142054650627,4.839462650643778,3.636788965248168
40.40404040404041,41.41414141414142,13.073591845440355,11.62589731567959,5.398327994030547
41.41414141414142,41.41414141414142,5.660241250811646,26.36255643788427,4.181918727220815
42.42424242424243,41.41414141414142,6.424615760445394,25.36069167946797,5.523774336829562
43.43434343434344,41.41414141414142,5.1022088984930205,22.22454626272788,3.822482550320072
44.44444444444445,41.41414141414142,8.90537100149269,14.01263983195106,1.768813362212581
45.45454545454546,41.41414141414142,4.406673137199505,16.34802150009233,0.9789053546868585
46.46464646464647,41.41414141414142,3.7279366939493626,21.78754324015312,2.049533924803586
47.47474747474748,41.41414141414142,4.862443947320287,18.58926073498722,1.507019445862836
48.48484848484848,41.41414141414142,4.455066665647578,13.26945857955907,1.032665104117594
49.49494949494949,41.41414141414142,4.824876184580599,14.66842057644704,2.293659480720986
50.50505050505051,41.41414141414142,15.274285419475422,7.165211314631703,5.208531876046221
51.51515151515152,41.41414141414142,8.876149953638212,20.44117844387234,3.463325342190851
52.52525252525253,41.41414141414142,4.8579552697473245,30.17233131292354,4.045570120047631
53.53535353535354,41.41414141414142,8.038476599991615,30.43051296508334,4.291401832711968
54.54545454545455,41.41414141414142,10.813500829482972,18.26850611161589,4.218003229855666
55.55555555555556,41.41414141414142,3.9985234226566275,23.1232798370703,4.955901783476527
56.56565656565657,41.41414141414142,6.109948950825909,19.82114850835575,5.031920775207367
57.57575757575758,41.41414141414142,4.592003272180767,16.85198590931533,4.472800471813866
58.58585858585859,41.41414141414142,12.831297780295476,15.46269096270307,5.253622136187366
59.5959595959596,41.41414141414142,13.863953096180829,36.2182428721495,4.839001149609148
60.60606060606061,41.41414141414142,6.332954865460967,24.85908613680469,4.960585410517223
61.61616161616162,41.41414141414142,6.91837428825129,14.7994910171297,4.850647755842854
62.62626262626263,41.41414141414142,8.549238016822741,12.97601298873149,4.39547826120604
63.63636363636364,41.41414141414142,13.232609437252158,30.46975136468525,4.581618824280601
64.64646464646465,41.41414141414142,8.940342602359006,21.82244074149425,5.221866879070908
65.65656565656566,41.41414141414142,11.747206699174809,12.46736839393095,3.537454378011953
66.66666666666667,41.41414141414142,9.113372802050652,28.49471952983917,4.039648027775369
67.67676767676768,41.41414141414142,5.993542187760014,28.77443417683778,4.466134749273474
68.68686868686869,41.41414141414142,8.792125450291863,21.44536016819716,4.753742233698132
69.6969696969697,41.41414141414142,17.140821385755846,31.38893194433448,3.769605285672937
70.70707070707071,41.41414141414142,16.121862528223858,9.704960467386758,4.854970015169767
71.71717171717172,41.41414141414142,5.956900453399426,21.5717616762486,3.892696846223536
72.72727272727273,41.41414141414142,11.842971067672469,29.99001628594407,4.794428955519358
73.73737373737374,41.41414141414142,10.822715720942817,17.19047145156952,2.987297056056591
74.74747474747475,41.41414141414142,11.530466714533194,29.53923826431847,5.208345629231037
75.75757575757576,41.41414141414142,7.278028857846307,17.69814014313223,1.306193542522794
76.76767676767678,41.41414141414142,9.161805509410435,6.527299980788367,1.124033788089481
77.77777777777779,41.41414141414142,7.081367680200134,19.79935552683878,1.686786244213469
78.7878787878788,41.41414141414142,3.1567128981237236,12.70819860208832,2.198880417599886
79.7979797979798,41.41414141414142,6.802971563291294,9.784023531446117,1.485327349844439
80.80808080808082,41.41414141414142,8.551842962231643,22.25991162593403,1.403390041842719
81.81818181818183,41.41414141414142,9.62369775034859,14.03637824785287,4.224184097927838
82.82828282828284,41.41414141414142,10.048826870193828,31.81031277519601,5.081790829280164
83.83838383838385,41.41414141414142,8.568622791895995,26.59196152774189,3.760136862222346
84.84848484848486,41.41414141414142,11.877013321043894,35.01021853531145,3.968052524626409
85.85858585858587,41.41414141414142,4.555216017666083,26.09646443390641,4.463222923900552
86.86868686868688,41.41414141414142,5.896307661300288,26.21337453478941,4.652518619581352
87.87878787878789,41.41414141414142,4.436005471664845,24.94238501898788,4.363961634487519
88.8888888888889,41.41414141414142,5.18513364015655,29.11498168192714,3.856815942497374
89.89898989898991,41.41414141414142,4.819940727369126,26.43942226963638,4.643858820132816
90.90909090909092,41.41414141414142,4.76081032665285,25.58756949905574,5.326885969825462
91.91919191919193,41.41414141414142,5.630035122093026,23.45662049053235,5.452387245491778
92.92929292929294,41.41414141414142,14.454072928660569,36.27826221474758,4.204676103756338
93.93939393939395,41.41414141414142,8.79495580480813,15.75620841652379,3.076845367166289
94.94949494949496,41.41414141414142,3.326272208121952,17.36029576009326,5.528389191080167
95.95959595959597,41.41414141414142,3.3862117761585537,16.57313809532294,4.479139009001769
96.96969696969697,41.41414141414142,6.788277853377212,17.40839419205504,4.993786266619354
97.97979797979798,41.41414141414142,7.876413786768253,27.44960824330336,5.210653355863545
98.98989898989899,41.41414141414142,14.596298098737135,35.90329793527042,4.540605667316256
100.0,41.41414141414142,19.46705621781847,13.6890094188244,3.831790177866072
0.0,42.42424242424243,4.234166170269514,22.02519629506951,4.557412324691874
1.01010101010101,42.42424242424243,8.998008364444821,18.86918383744602,5.080075330110229
2.02020202020202,42.42424242424243,12.093137265283218,34.89868862569288,4.690727437415924
3.03030303030303,42.42424242424243,7.071653865122429,25.25507626502425,4.051090940421886
4.040404040404041,42.42424242424243,7.2367415076028,29.50111626158348,4.846474105541784
5.050505050505051,42.42424242424243,6.7508122140795175,23.92918363139448,3.751950621084588
6.060606060606061,42.42424242424243,4.61209388041092,27.36217397045482,5.630573959784922
7.070707070707071,42.42424242424243,5.489174824614494,22.81013592611522,3.722913056392524
8.080808080808081,42.42424242424243,5.126632070857117,17.37278453933521,4.763888378765091
9.090909090909092,42.42424242424243,12.661587983835991,12.40622184481089,3.832327480844918
10.1010101010101,42.42424242424243,9.974053923854889,24.95196998762777,4.157823957893681
11.11111111111111,42.42424242424243,7.443694916458613,17.97194495789892,4.536594002633371
12.12121212121212,42.42424242424243,8.429082232168765,29.52092676332986,4.186455723881344
13.13131313131313,42.42424242424243,6.016240460369073,22.22583302771996,4.205724148430832
14.14141414141414,42.42424242424243,4.636582430485891,14.38309288237541,3.445234321472274
15.15151515151515,42.42424242424243,3.1920179331510297,17.79105313365168,1.015709823673487
16.16161616161616,42.42424242424243,3.6492172071842526,18.10715737036264,1.105117115487262
17.17171717171717,42.42424242424243,7.91461925302111,25.54696014354546,3.858607341093639
18.18181818181818,42.42424242424243,11.04822155619599,13.78324363859157,4.005751206594596
19.19191919191919,42.42424242424243,6.460247532055675,22.06994737032033,4.78790563293119
20.2020202020202,42.42424242424243,7.579879304322464,26.63737433763838,5.366811798723611
21.21212121212121,42.42424242424243,10.598618984528548,16.53400086071964,6.330682515430769
22.22222222222222,42.42424242424243,9.05403327593029,19.0713095084353,3.292236391619437
23.23232323232324,42.42424242424243,5.054008693584769,25.77634320545706,3.531818665854882
24.24242424242424,42.42424242424243,6.7496186684463195,22.99720233377245,3.480876701496813
25.25252525252525,42.42424242424243,2.79429114374553,18.76484005076232,4.236006317081939
26.26262626262626,42.42424242424243,6.389851557423613,15.65576326372407,5.272189495918846
27.27272727272727,42.42424242424243,6.8149235841178,27.19994418620173,4.769390920181376
28.28282828282828,42.42424242424243,9.243096473521936,28.54752919673947,4.319520987228403
29.29292929292929,42.42424242424243,11.559347564229077,12.7784931348697,4.486186326540298
30.3030303030303,42.42424242424243,6.986136249319525,24.68999062531099,3.36005350887312
31.31313131313131,42.42424242424243,5.020438421644371,22.82321330748201,4.443042385368203
32.32323232323233,42.42424242424243,4.611460063169383,21.92869133276588,3.409578795763625
33.33333333333334,42.42424242424243,13.784321925629728,36.40216118523197,4.160349576446116
34.34343434343435,42.42424242424243,6.761138363876835,22.65529546220931,4.75465938036927
35.35353535353536,42.42424242424243,6.267663427641299,26.84699412307089,5.817987625692875
36.36363636363637,42.42424242424243,4.658178845759643,23.30400022386693,4.362367159395468
37.37373737373738,42.42424242424243,4.0474659969469755,24.69990676792612,3.394014644785408
38.38383838383839,42.42424242424243,5.759006403360825,14.8165199042393,3.119278999531272
39.3939393939394,42.42424242424243,7.5589861834873915,22.76696167841279,5.48520670463146
40.40404040404041,42.42424242424243,4.2634632423450585,22.04878691254555,3.565094148857817
41.41414141414142,42.42424242424243,5.042474996727548,23.23581593036281,3.784852040240474
42.42424242424243,42.42424242424243,4.502642203642058,16.60295920867648,4.44219319482145
43.43434343434344,42.42424242424243,9.264846633845728,14.18849263044643,5.317119879438183
44.44444444444445,42.42424242424243,10.939094825762607,32.12802439930056,4.627169173614695
45.45454545454546,42.42424242424243,6.49860004078041,25.19793881471946,6.246818640079046
46.46464646464647,42.42424242424243,4.203635408386504,17.14474284517151,1.631443972747585
47.47474747474748,42.42424242424243,3.173429160723325,16.95531488740983,2.286242015952196
48.48484848484848,42.42424242424243,5.920560757925296,23.00505550791174,4.624016397333566
49.49494949494949,42.42424242424243,8.627316446086404,22.70825331154894,4.282182030340678
50.50505050505051,42.42424242424243,19.40393591274753,39.24190007801642,4.201647056422889
51.51515151515152,42.42424242424243,6.93682185395427,30.66323244479596,2.904488416777542
52.52525252525253,42.42424242424243,12.518990199484264,37.13667358684734,4.667417763739689
53.53535353535354,42.42424242424243,18.023843727398624,14.10368071786169,4.181927230924638
54.54545454545455,42.42424242424243,11.4844626291394,31.21792971452813,4.360295544757541
55.55555555555556,42.42424242424243,6.111104340171309,19.80138814100119,4.292766756230748
56.56565656565657,42.42424242424243,10.664406597357768,27.80703189490989,5.123231623851722
57.57575757575758,42.42424242424243,11.612628655581247,8.104486976252804,3.391678991223713
58.58585858585859,42.42424242424243,6.014550693494524,14.233685309404,5.834566045333133
59.5959595959596,42.42424242424243,7.133007604996113,17.9058173744943,5.270393954948729
60.60606060606061,42.42424242424243,3.880745199399013,23.81930155739304,4.6895443345802
61.61616161616162,42.42424242424243,5.1792320109404075,26.6258191032699,4.288775977992864
62.62626262626263,42.42424242424243,11.208600579126525,26.76475900942597,3.767187566627041
63.63636363636364,42.42424242424243,17.565697128229246,13.68459875075597,4.310348497628517
64.64646464646465,42.42424242424243,22.419233545430128,39.35413135883607,5.813654522769306
65.65656565656566,42.42424242424243,9.720885123316961,19.61095694822581,3.181139386545571
66.66666666666667,42.42424242424243,10.32469237071802,11.82880415991303,4.244670474523497
67.67676767676768,42.42424242424243,9.642778970001402,17.40961441537706,4.217159991324492
68.68686868686869,42.42424242424243,10.041514187697892,31.84706822563571,4.30935475217554
69.6969696969697,42.42424242424243,8.147072713493765,24.62841758233261,3.797509997601797
70.70707070707071,42.42424242424243,12.266633650661374,29.44036288376911,4.376306350713746
71.71717171717172,42.42424242424243,6.092655433135448,20.47612632826354,4.528318265360694
72.72727272727273,42.42424242424243,12.692139946529991,13.40537442031268,5.101530734880359
73.73737373737374,42.42424242424243,15.597567021781577,31.19614381992375,5.050702234517607
74.74747474747475,42.42424242424243,10.78065277150246,16.95923778374049,5.164897408468307
75.75757575757576,42.42424242424243,3.0023726562500324,18.56707339499446,4.032662460387002
76.76767676767678,42.42424242424243,4.600718117102538,17.21287683941013,4.958795552134984
77.77777777777779,42.42424242424243,5.607838784097138,22.78342046776482,4.547384749302766
78.7878787878788,42.42424242424243,4.7744226266065155,13.06375001903473,0.7316635521877827
79.7979797979798,42.42424242424243,5.962415731873712,14.09491672914056,4.073470881961867
80.80808080808082,42.42424242424243,13.736215611560656,32.10045327508569,4.929377514091825
81.81818181818183,42.42424242424243,15.987025596557725,8.516989813757537,4.355957854047474
82.82828282828284,42.42424242424243,10.323324209385696,28.33653746824345,4.383887593240805
83.83838383838385,42.42424242424243,6.664706639314226,20.2225357630252,5.178905647599785
84.84848484848486,42.42424242424243,6.910117705840843,21.12207532108449,3.83541246207532
85.85858585858587,42.42424242424243,9.293325499114616,28.8794843103347,4.735751930554931
86.86868686868688,42.42424242424243,20.508138567922813,43.75427360591769,5.497773403308033
87.87878787878789,42.42424242424243,9.683897923713857,17.99346325501343,4.15267798153203
88.8888888888889,42.42424242424243,7.060362174510321,19.25597496612073,4.234979956650202
89.89898989898991,42.42424242424243,9.045408464015956,28.12025111096556,4.568815864319466
90.90909090909092,42.42424242424243,9.284766153630978,17.99455098237512,4.991936274995146
91.91919191919193,42.42424242424243,5.43843100867651,24.03606795685465,3.698899965352115
92.92929292929294,42.42424242424243,5.897884856333599,27.88710927103924,4.14017399153892
93.93939393939395,42.42424242424243,4.992771053068798,23.42901320650963,6.033718645029976
94.94949494949496,42.42424242424243,3.9973989431955257,16.69991183550566,3.633096727720785
95.95959595959597,42.42424242424243,3.8756501960205636,23.51506270827847,2.695925029101493
96.96969696969697,42.42424242424243,1.7021702119267195,22.40563009651393,4.482547404288254
97.97979797979798,42.42424242424243,7.36114795031409,22.99624226055555,3.779408576710238
98.98989898989899,42.42424242424243,20.87804570080289,10.04239466049368,4.095318392089687
100.0,42.42424242424243,28.232182491793196,40.40146878872194,4.154862212798221
0.0,43.43434343434344,6.904305451162684,23.72131449458115,4.379455972044457
1.01010101010101,43.43434343434344,7.501408660549794,29.63045440825066,4.310112465253868
2.02020202020202,43.43434343434344,10.456117483141718,19.14615894873854,4.064345165116932
3.03030303030303,43.43434343434344,14.977249816146788,34.4504633769686,5.080567537671249
4.040404040404041,43.43434343434344,11.75862181399735,11.98216526340964,3.569662255353172
5.050505050505051,43.43434343434344,11.943475366577161,14.38886817232018,3.798323322352643
6.060606060606061,43.43434343434344,9.031871283607924,30.86562648312985,3.58659981831055
7.070707070707071,43.43434343434344,5.1236754673190745,21.30596834259963,3.626434408239665
8.080808080808081,43.43434343434344,2.2633065451898458,19.41017420854969,3.946150813287372
9.090909090909092,43.43434343434344,6.751525793307228,18.04918574962768,3.320781157415956
10.1010101010101,43.43434343434344,13.078051915226645,35.74099977731741,5.273737915592267
11.11111111111111,43.43434343434344,7.79554941116947,24.52752487134691,4.383291342196013
12.12121212121212,43.43434343434344,6.113374793650427,17.60980326401141,4.056023892254133
13.13131313131313,43.43434343434344,2.532993253002692,22.1669987194231,4.757082304364388
14.14141414141414,43.43434343434344,4.039569889707666,19.42539050298912,3.805312180265699
15.15151515151515,43.43434343434344,6.669584128478539,22.68502009236585,3.224249635999937
16.16161616161616,43.43434343434344,5.862942309984468,19.27172563374303,4.123371518345687
17.17171717171717,43.43434343434344,5.26259683378313,29.28607328700453,4.517061657547162
18.18181818181818,43.43434343434344,11.887125704296967,33.59636774166606,3.775773367905738
19.19191919191919,43.43434343434344,17.823690061913346,10.45961945750563,3.039076785279307
20.2020202020202,43.43434343434344,10.15148299035604,30.34767307539664,5.919816653481774
21.21212121212121,43.43434343434344,12.995456442646098,40.00136605629461,5.457954629077475
22.22222222222222,43.43434343434344,9.90117575538633,30.92545128025809,5.646559117671484
23.23232323232324,43.43434343434344,8.209193359930087,19.13378968394119,4.553381096976418
24.24242424242424,43.43434343434344,9.238869805180782,30.08039459838603,5.070193499800767
25.25252525252525,43.43434343434344,6.290583176952146,22.27055474414459,4.991562849922178
26.26262626262626,43.43434343434344,7.307411903987867,9.841580495395423,5.210732312945611
27.27272727272727,43.43434343434344,5.034996813704802,20.07501059369767,3.05743770680792
28.28282828282828,43.43434343434344,7.813843053132065,18.25095567272556,3.928538409219881
29.29292929292929,43.43434343434344,10.047577693529382,29.17287490172448,3.8078494928972
30.3030303030303,43.43434343434344,10.609149577273207,29.93557778095305,4.485064593070458
31.31313131313131,43.43434343434344,12.311220669579866,10.70388751744879,3.025239900074256
32.32323232323233,43.43434343434344,8.712861523613975,20.03701498217474,3.409074771649635
33.33333333333334,43.43434343434344,4.83082457566958,25.10040904452017,4.777354950002313
34.34343434343435,43.43434343434344,4.748071846207042,26.38787772695528,4.894747631956726
35.35353535353536,43.43434343434344,3.725073742928209,24.65286121634477,4.336569176557404
36.36363636363637,43.43434343434344,7.886728123574163,32.38061196216126,4.535637642925971
37.37373737373738,43.43434343434344,5.288099372649753,27.41451521979361,4.289163792053968
38.38383838383839,43.43434343434344,8.853666675050315,14.6931627030177,5.148545629954695
39.3939393939394,43.43434343434344,4.162872313533734,26.40679084455261,4.757319738174878
40.40404040404041,43.43434343434344,5.766873946625497,26.77454650137532,4.977950984251296
41.41414141414142,43.43434343434344,11.519090856099812,14.01254219047767,3.90234608248712
42.42424242424243,43.43434343434344,2.8241532510954,16.80847225253684,4.247428832206626
43.43434343434344,43.43434343434344,5.827670367820464,22.85782718646371,3.434977825782325
44.44444444444445,43.43434343434344,10.070591230546032,31.35664701703485,2.617642157593773
45.45454545454546,43.43434343434344,4.763786333756521,23.036737520354,4.814250667418017
46.46464646464647,43.43434343434344,3.7026154537377893,21.07386015642629,5.410060111367491
47.47474747474748,43.43434343434344,6.80607160707719,21.77591710446215,4.483102823054564
48.48484848484848,43.43434343434344,9.149717578808811,15.40495222142794,3.632043125460437
49.49494949494949,43.43434343434344,12.129232835186187,32.34723739796237,4.60808965358883
50.50505050505051,43.43434343434344,14.213878482889879,18.81515959009895,3.908327589016435
51.51515151515152,43.43434343434344,4.784942772642097,28.19010780517434,4.147152773773189
52.52525252525253,43.43434343434344,6.723604042871554,23.5314890738711,4.331215106961923
53.53535353535354,43.43434343434344,6.600703949657091,29.72498151458245,4.470411619977461
54.54545454545455,43.43434343434344,3.808551908523044,26.76029337107614,4.016848349922824
55.55555555555556,43.43434343434344,4.242500097590913,21.50172847818168,4.542254807496579
56.56565656565657,43.43434343434344,3.921073463724927,20.84347756459874,3.646216453768352
57.57575757575758,43.43434343434344,6.2309134624534925,19.97575941370698,5.036703227527104
58.58585858585859,43.43434343434344,7.9964403646596205,27.26155203184153,3.982071962521235
59.5959595959596,43.43434343434344,2.569903757813882,18.53980604883451,3.58990379688461
60.60606060606061,43.43434343434344,3.975791003650536,18.05610706798424,3.96823109934599
61.61616161616162,43.43434343434344,5.822666522591421,20.6806765976814,5.150189622939565
62.62626262626263,43.43434343434344,13.760817896341637,8.938202878440416,5.034401807097337
63.63636363636364,43.43434343434344,13.804981133832793,28.41254178299357,5.417411561848974
64.64646464646465,43.43434343434344,18.02259435979547,12.62159481314775,4.941177429052277
65.65656565656566,43.43434343434344,6.551062212486153,15.39633220817586,5.388281117888533
66.66666666666667,43.43434343434344,6.01478588035766,23.09869522908216,4.755768572934882
67.67676767676768,43.43434343434344,3.3278219312712585,24.59764646819927,6.011746598682822
68.68686868686869,43.43434343434344,9.644467917764949,23.73882398584444,4.739431246241806
69.6969696969697,43.43434343434344,7.693961977855379,10.83123703509902,5.331679648694519
70.70707070707071,43.43434343434344,9.811089391166,13.88541255444804,5.961253715990784
71.71717171717172,43.43434343434344,9.058127522948906,27.71612424936384,3.148875169275491
72.72727272727273,43.43434343434344,7.172280233116022,22.72777103323933,4.159528959927076
73.73737373737374,43.43434343434344,13.25022354324526,14.83922353694601,5.091876170157717
74.74747474747475,43.43434343434344,13.580088926360624,31.65710674173512,5.58175058859201
75.75757575757576,43.43434343434344,6.32828063594715,26.74559860129406,5.317154556547715
76.76767676767678,43.43434343434344,6.097209411787914,16.42032141356076,5.177720358587189
77.77777777777779,43.43434343434344,5.933291193262563,18.62634434938709,3.988041221878248
78.7878787878788,43.43434343434344,14.109892635446382,5.072448088390997,4.580293680128052
79.7979797979798,43.43434343434344,6.435034977556953,13.59285025539112,4.654612828308802
80.80808080808082,43.43434343434344,6.5141517989126125,28.58513248526801,3.537905288031615
81.81818181818183,43.43434343434344,6.3562473287275605,23.54269265007904,3.910569337418187
82.82828282828284,43.43434343434344,8.833882367122449,18.45056529735739,4.265676322432618
83.83838383838385,43.43434343434344,11.253139617387557,31.49839529228787,5.375114400762155
84.84848484848486,43.43434343434344,7.872291466039957,16.02669625925758,4.807021352698453
85.85858585858587,43.43434343434344,5.251043768846662,17.12140047513773,3.85941500114068
86.86868686868688,43.43434343434344,8.114115947888259,19.89821805184197,5.352745764166966
87.87878787878789,43.43434343434344,4.474406812013858,22.75681112388285,4.375646845457541
88.8888888888889,43.43434343434344,10.122802777058217,27.51162909240347,4.876016440054283
89.89898989898991,43.43434343434344,13.656446547821977,12.60942236966619,5.180454366034962
90.90909090909092,43.43434343434344,14.44054616156736,31.37337997714844,4.643693873610123
91.91919191919193,43.43434343434344,13.224900903808226,12.75434967713503,4.176472520169682
92.92929292929294,43.43434343434344,5.422640127637948,20.99586016812738,2.678319355046618
93.93939393939395,43.43434343434344,2.4781886621457545,22.31793121975386,3.983554076045116
94.94949494949496,43.43434343434344,4.997693794484614,18.48487143992338,4.713462428648107
95.95959595959597,43.43434343434344,3.113543726108425,22.8789700216891,4.748406087514624
96.96969696969697,43.43434343434344,5.045316229388799,22.51703026395576,4.929447702707777
97.97979797979798,43.43434343434344,11.419023261035399,11.54947620615049,3.960815036148158
98.98989898989899,43.43434343434344,10.767189874542057,24.38075246063835,5.049185995493025
100.0,43.43434343434344,15.8516384424882,12.77645481146816,4.59638499322003
0.0,44.44444444444445,16.376354697424546,10.61365625427425,3.780081393468618
1.01010101010101,44.44444444444445,11.885743360813166,32.48138310646357,4.319389803654267
2.02020202020202,44.44444444444445,5.437922234205859,19.4294993166089,5.165345288998299
3.03030303030303,44.44444444444445,9.300049356531037,21.50945376611481,4.704372678192594
4.040404040404041,44.44444444444445,18.579345562276607,7.341630028063582,4.054511369433283
5.050505050505051,44.44444444444445,17.372333873495826,33.73899295983431,4.975362433271591
6.060606060606061,44.44444444444445,8.267086896538792,24.27801031271308,4.649563896141623
7.070707070707071,44.44444444444445,7.956556940972457,28.84105035378018,4.132426799565808
8.080808080808081,44.44444444444445,6.179165592429232,15.65112028997674,4.235635198895608
9.090909090909092,44.44444444444445,7.288330411844085,15.7388489678273,4.847202354875787
10.1010101010101,44.44444444444445,9.382421613467471,23.12311083976071,4.336946904335646
11.11111111111111,44.44444444444445,7.611945923301071,31.0229460892708,5.64932444578823
12.12121212121212,44.44444444444445,8.126238581538843,16.54234465147534,4.87291267257915
13.13131313131313,44.44444444444445,5.75873312552824,24.94133375129134,4.557274553310605
14.14141414141414,44.44444444444445,6.955698221838851,24.54013463539537,4.879226863646455
15.15151515151515,44.44444444444445,14.518396865092896,7.573574585165408,4.822964796310181
16.16161616161616,44.44444444444445,9.063016675034211,10.41216676906987,3.342948315819159
17.17171717171717,44.44444444444445,6.863663344912677,26.29944120325411,5.695869583277525
18.18181818181818,44.44444444444445,4.399579174742356,33.30803176637463,4.799570046877196
19.19191919191919,44.44444444444445,9.731259805179228,27.11924989029288,5.425757676140091
20.2020202020202,44.44444444444445,5.508750152184579,22.99378645051971,4.833188221214149
21.21212121212121,44.44444444444445,11.241231878499182,30.21651323821967,3.645584408980455
22.22222222222222,44.44444444444445,3.6537842208093503,24.04246640288898,4.030866385321967
23.23232323232324,44.44444444444445,2.2567711401632105,22.58974309138392,4.066905619870353
24.24242424242424,44.44444444444445,7.296249758011202,18.96455241096276,4.411324990236348
25.25252525252525,44.44444444444445,6.346108708402548,23.6883586555803,3.483495968269909
26.26262626262626,44.44444444444445,10.684125176411133,10.59464099596683,4.111881000034343
27.27272727272727,44.44444444444445,6.480530403277792,21.03257923673846,4.672226987152736
28.28282828282828,44.44444444444445,6.727932261409502,26.46378021126888,3.929202895755862
29.29292929292929,44.44444444444445,8.399631029328066,17.06156800268922,5.197860981052491
30.3030303030303,44.44444444444445,9.59309503738187,12.73895977023511,4.579792368479434
31.31313131313131,44.44444444444445,10.462812012172083,19.26462667750482,4.140593231895099
32.32323232323233,44.44444444444445,17.775272019925183,38.60026319896812,4.693532734637631
33.33333333333334,44.44444444444445,9.291350763133728,26.77109246170615,4.696884908339255
34.34343434343435,44.44444444444445,10.792866163022676,14.15065779991871,4.183608669258927
35.35353535353536,44.44444444444445,7.182975585726233,27.89625602490449,5.394162597799324
36.36363636363637,44.44444444444445,6.319345861398724,22.60415869434308,4.43004204177706
37.37373737373738,44.44444444444445,4.137381607407552,26.66417544020565,4.262421930538175
38.38383838383839,44.44444444444445,4.783660729319873,25.54949154368654,5.231876210146586
39.3939393939394,44.44444444444445,1.4666404315866775,25.47651455491511,3.733181656422507
40.40404040404041,44.44444444444445,6.78715076654843,21.56257027142346,5.281246119710529
41.41414141414142,44.44444444444445,18.188659707320195,35.30769750203496,4.11938759868377
42.42424242424243,44.44444444444445,10.325223495185226,14.56265728800164,5.068083017505463
43.43434343434344,44.44444444444445,5.67786024155571,22.76465503569714,4.865667001120793
44.44444444444445,44.44444444444445,19.300428006849245,8.66438880436842,5.571740796604625
45.45454545454546,44.44444444444445,14.438489139392539,29.64789470040606,5.698386622836541
46.46464646464647,44.44444444444445,16.329108947789717,12.85744996469348,4.899410003075822
47.47474747474748,44.44444444444445,18.726116874735723,37.10657948464852,3.584018486827315
48.48484848484848,44.44444444444445,6.262865833430002,21.09046919061075,4.820131617091157
49.49494949494949,44.44444444444445,5.789402831316682,23.94365312802889,4.012223661434207
50.50505050505051,44.44444444444445,7.809652332705784,32.33690701080219,5.059366087613921
51.51515151515152,44.44444444444445,6.740510728151818,30.82318730974248,3.561455955628237
52.52525252525253,44.44444444444445,6.236295457597985,21.09436858737571,5.087072250110579
53.53535353535354,44.44444444444445,5.424160900172763,31.3483159322724,4.13008508393268
54.54545454545455,44.44444444444445,3.8448309473684397,29.31361162531556,4.42899942998219
55.55555555555556,44.44444444444445,12.026416875103633,30.85457272488744,4.942178511407438
56.56565656565657,44.44444444444445,9.344619749685863,13.64870710448488,4.284963635671961
57.57575757575758,44.44444444444445,5.843965809379739,24.87463005704047,5.002418282796872
58.58585858585859,44.44444444444445,6.2785097470194575,24.31119589678214,4.83711403117981
59.5959595959596,44.44444444444445,4.26430619621631,18.09962465577648,6.381877770338857
60.60606060606061,44.44444444444445,5.270338813815238,25.08780808263015,5.228023762589324
61.61616161616162,44.44444444444445,3.747669386202467,23.65915693352044,5.115799753848208
62.62626262626263,44.44444444444445,7.5627845716688125,14.93810570902727,4.044102816153027
63.63636363636364,44.44444444444445,8.264242657752572,23.18584615429898,5.875644113008058
64.64646464646465,44.44444444444445,19.68302804580314,39.41375134176737,3.917403916452038
65.65656565656566,44.44444444444445,8.788242585025113,26.90885590213611,4.035879675852819
66.66666666666667,44.44444444444445,4.198797254691247,19.51075703684406,4.37455796849941
67.67676767676768,44.44444444444445,6.008478900399062,20.83216451740838,3.939743217213244
68.68686868686869,44.44444444444445,14.722796137084634,7.035605987676162,4.24416534687902
69.6969696969697,44.44444444444445,5.977198364019272,11.84814192919251,4.359641482123639
70.70707070707071,44.44444444444445,7.844772329417641,20.68993257552615,4.487592584307142
71.71717171717172,44.44444444444445,9.256611359786456,17.54267698970883,4.587190851944322
72.72727272727273,44.44444444444445,6.450138568113439,29.21759464035894,2.822687819787922
73.73737373737374,44.44444444444445,10.023887710374236,26.77676672586688,5.302487332560989
74.74747474747475,44.44444444444445,15.310883001910689,13.76401133951743,4.875670615898498
75.75757575757576,44.44444444444445,6.279080527022911,28.6434106106087,5.65012361841674
76.76767676767678,44.44444444444445,5.508324767848843,27.48530351130342,4.475557475022405
77.77777777777779,44.44444444444445,9.75331092280562,22.44251380723719,5.760248174070754
78.7878787878788,44.44444444444445,16.590894713261168,31.44641827153658,3.800531577077192
79.7979797979798,44.44444444444445,11.305649427471549,15.31823929499248,5.193909352937074
80.80808080808082,44.44444444444445,7.15172298623708,31.09169682603492,4.566068371469191
81.81818181818183,44.44444444444445,5.871455030316887,23.80741194075716,4.2192488647296
82.82828282828284,44.44444444444445,11.916814072279605,11.14096534740579,4.114637857206955
83.83838383838385,44.44444444444445,6.305099649736793,26.28122537996109,4.659183617200482
84.84848484848486,44.44444444444445,4.593409864804095,25.85407981268006,5.4682127347734
85.85858585858587,44.44444444444445,3.3231392521674286,22.49596992274302,5.167269484555798
86.86868686868688,44.44444444444445,4.8788839652671685,22.86321564057416,4.121806688539825
87.87878787878789,44.44444444444445,5.350191225570953,17.23594278525834,3.604831344432703
88.8888888888889,44.44444444444445,7.462225596767251,14.93309680171125,3.48395522045441
89.89898989898991,44.44444444444445,4.380480474449803,18.0582154894352,4.918446131619224
90.90909090909092,44.44444444444445,7.66615033763729,24.37301223314797,4.409039145111735
91.91919191919193,44.44444444444445,6.826170603822528,27.51169422164256,3.334319530569375
92.92929292929294,44.44444444444445,5.166439790992982,26.23159003314848,5.404362940870289
93.93939393939395,44.44444444444445,5.6735531641873065,18.67138938938357,4.670738896913079
94.94949494949496,44.44444444444445,7.972842063591712,28.46352865184792,4.703209612148981
95.95959595959597,44.44444444444445,6.3085767234027585,29.94101390003437,4.394244108171403
96.96969696969697,44.44444444444445,8.382650091796501,13.776659329381,5.174945327680408
97.97979797979798,44.44444444444445,6.085331807596669,21.9799728835939,4.872013755813191
98.98989898989899,44.44444444444445,4.774928501484861,20.08592466627285,3.71356711039284
100.0,44.44444444444445,5.352185641071027,21.10205851250878,4.322884845137466
0.0,45.45454545454546,6.5528040571037325,24.76733525405167,5.131417262915141
1.01010101010101,45.45454545454546,3.818339675757904,22.7089490034678,5.731783056093092
2.02020202020202,45.45454545454546,7.389755756165904,25.7660096462014,5.100168705696992
3.03030303030303,45.45454545454546,5.919642928090856,29.52086339382803,4.838483160186553
4.040404040404041,45.45454545454546,17.924927416569055,36.453290372002,3.687967838384101
5.050505050505051,45.45454545454546,9.742159095717493,19.45812783225711,4.625157519087764
6.060606060606061,45.45454545454546,8.906292894397648,11.82130158516302,4.9816629828356
7.070707070707071,45.45454545454546,7.292150598786434,22.30287470594144,4.685118332491601
8.080808080808081,45.45454545454546,5.39291564826835,23.33106999946672,4.401731764418817
9.090909090909092,45.45454545454546,14.232487534903845,35.10984328361929,4.267662080426531
10.1010101010101,45.45454545454546,13.961053739938757,13.49541044489103,4.714946636753639
11.11111111111111,45.45454545454546,6.649756990110644,29.45102030129596,3.415018772717511
12.12121212121212,45.45454545454546,6.357859189215778,25.10024982748318,4.74182583425886
13.13131313131313,45.45454545454546,16.66270589609009,36.40174300582409,4.440173884401929
14.14141414141414,45.45454545454546,10.002532964865367,19.19984504657214,3.86838200225026
15.15151515151515,45.45454545454546,14.372016004221381,30.73056430420213,4.078947209348557
16.16161616161616,45.45454545454546,8.696851639697758,19.07880798644485,4.060703791104538
17.17171717171717,45.45454545454546,4.330243990309474,27.87159750184963,4.916245105127458
18.18181818181818,45.45454545454546,9.826363031669425,29.19542348189891,5.055976319694316
19.19191919191919,45.45454545454546,10.934453416020089,15.16808641821814,4.336239137076408
20.2020202020202,45.45454545454546,10.20718997001207,26.32671020690797,5.046132149759778
21.21212121212121,45.45454545454546,19.645092186015788,8.433212165328523,4.066090391241339
22.22222222222222,45.45454545454546,8.246328951880969,24.14784826192152,4.122089807770385
23.23232323232324,45.45454545454546,3.212000107071481,22.09652593010003,4.274873782280182
24.24242424242424,45.45454545454546,8.873259722069546,28.6847123305456,5.407558498695096
25.25252525252525,45.45454545454546,12.029574577931431,17.53925163763682,4.773290808904961
26.26262626262626,45.45454545454546,7.845500366589192,29.04642530065486,4.483740880700262
27.27272727272727,45.45454545454546,5.172805651305015,30.12799299150679,3.235750534879107
28.28282828282828,45.45454545454546,3.693969152809105,22.59828888728427,4.823289609703151
29.29292929292929,45.45454545454546,8.660415837481676,24.82396477993246,3.317252927077274
30.3030303030303,45.45454545454546,4.886895870012773,23.06644676932083,4.25909931250566
31.31313131313131,45.45454545454546,6.471128430194961,26.69383213740411,4.59187613248431
32.32323232323233,45.45454545454546,8.158762676096721,17.22723059478605,5.354343132149441
33.33333333333334,45.45454545454546,5.597122527678378,15.72597822540663,5.419910729044845
34.34343434343435,45.45454545454546,4.447539909045492,18.71886963819962,5.09089294127962
35.35353535353536,45.45454545454546,4.362741581895768,21.44544404610646,4.969844539700737
36.36363636363637,45.45454545454546,8.681222552081731,28.75297479569582,5.09192111720829
37.37373737373738,45.45454545454546,10.82379837879234,16.03968943254508,3.250567947614297
38.38383838383839,45.45454545454546,11.96831933552647,32.64014473500665,4.655445821582118
39.3939393939394,45.45454545454546,2.67001853668616,26.42587871936124,4.810271009579139
40.40404040404041,45.45454545454546,4.9187687900782775,25.84012559356217,4.29687474767742
41.41414141414142,45.45454545454546,7.855829219355778,18.3383814289563,3.303441240957375
42.42424242424243,45.45454545454546,9.195131967405782,24.67069834247852,5.270829068355098
43.43434343434344,45.45454545454546,2.1410337913436654,22.44865019926509,5.429578000266999
44.44444444444445,45.45454545454546,13.597467920337934,28.0900704917326,3.962456434193721
45.45454545454546,45.45454545454546,14.517573551095282,43.01674344617393,3.732908911708051
46.46464646464647,45.45454545454546,14.244231812900674,28.91790130845191,4.995381904330942
47.47474747474748,45.45454545454546,12.89437448106527,17.79801417988481,4.15676787752991
48.48484848484848,45.45454545454546,3.24418523109673,20.59381705752946,4.16318541683416
49.49494949494949,45.45454545454546,4.6668795981022395,20.43606389288708,4.617567094055993
50.50505050505051,45.45454545454546,5.7347189863613774,24.52701868451532,3.41137026505271
51.51515151515152,45.45454545454546,7.6820879941401286,17.73676232512983,4.489089928714939
52.52525252525253,45.45454545454546,4.905630512433952,18.56907331074262,4.66157843707865
53.53535353535354,45.45454545454546,4.925350096168938,23.56365840112483,4.06206515270984
54.54545454545455,45.45454545454546,7.0565023846840225,20.06327149660994,4.061454796894926
55.55555555555556,45.45454545454546,10.078848683175782,10.84857619115311,5.494162061616299
56.56565656565657,45.45454545454546,7.121866361181029,11.89678713881344,4.213328792952468
57.57575757575758,45.45454545454546,13.27079129705183,31.56226553841202,4.929520502980212
58.58585858585859,45.45454545454546,16.085908065451637,8.922518445027688,3.737599454581416
59.5959595959596,45.45454545454546,6.516038753109833,21.51691337972436,4.839296268761682
60.60606060606061,45.45454545454546,5.475925621664432,30.72062774728181,4.941364096129688
61.61616161616162,45.45454545454546,10.25275241195137,25.52165176888839,3.266836246823078
62.62626262626263,45.45454545454546,15.03142374633281,7.655661922703752,4.655396329807123
63.63636363636364,45.45454545454546,9.00278885219638,26.54047552387457,4.320753026045341
64.64646464646465,45.45454545454546,11.430669760984468,16.20659631427408,4.690602487332765
65.65656565656566,45.45454545454546,4.842846759088143,23.17140356091922,4.616797830084572
66.66666666666667,45.45454545454546,6.690999952977926,15.02301255617355,4.518597528807339
67.67676767676768,45.45454545454546,7.207489103276783,15.68169687689956,4.10791536762599
68.68686868686869,45.45454545454546,14.700014417442526,30.61447806659786,4.621956385874438
69.6969696969697,45.45454545454546,7.881110692767523,21.08570390332612,4.232453119718484
70.70707070707071,45.45454545454546,13.484532142561171,33.27545563996764,5.668408318056436
71.71717171717172,45.45454545454546,18.551628365221987,5.511852046685442,6.12798724151968
72.72727272727273,45.45454545454546,8.825948422093312,24.02260954016696,4.381303077736358
73.73737373737374,45.45454545454546,10.863145570125834,14.07234237413232,3.7149777873524
74.74747474747475,45.45454545454546,10.298766436340928,29.22229328750177,4.147759288540265
75.75757575757576,45.45454545454546,5.408077313954634,21.46240688222825,5.105540447921264
76.76767676767678,45.45454545454546,8.19973168109155,22.71788334102222,4.103608091732355
77.77777777777779,45.45454545454546,21.080506714147656,43.59289387224395,3.426962074455521
78.7878787878788,45.45454545454546,16.622154385070182,16.58889304248098,4.532077221839505
79.7979797979798,45.45454545454546,15.345229989755783,3.722667132294184,4.338645366403145
80.80808080808082,45.45454545454546,7.558841008275818,28.04911163817371,4.775115773987168
81.81818181818183,45.45454545454546,3.307122959674116,27.07778129271746,5.380411483825165
82.82828282828284,45.45454545454546,8.115947774716469,23.69191506066595,5.442855089531839
83.83838383838385,45.45454545454546,5.7977411471796945,21.84540229317703,5.229361851459138
84.84848484848486,45.45454545454546,6.538444995642908,30.61508026125589,4.273474332321997
85.85858585858587,45.45454545454546,5.633166686369306,26.68860187603926,3.489787344397846
86.86868686868688,45.45454545454546,9.871077989068116,12.30719594138464,4.311125000357945
87.87878787878789,45.45454545454546,5.7950288749285495,25.18572051005473,4.871788254034909
88.8888888888889,45.45454545454546,5.84054709082184,26.77550222681699,4.990444113996228
89.89898989898991,45.45454545454546,5.788769726794906,20.69142883602868,4.241929628563306
90.90909090909092,45.45454545454546,14.830047895758376,10.16225735880664,3.949937088256943
91.91919191919193,45.45454545454546,16.699524944146276,35.64024591543647,5.035938235892801
92.92929292929294,45.45454545454546,6.654455350050255,19.64186556645664,4.978581757755744
93.93939393939395,45.45454545454546,5.146101506115752,16.97605846923389,5.322719470285086
94.94949494949496,45.45454545454546,6.406797187538865,17.82044212005641,4.625112245187603
95.95959595959597,45.45454545454546,8.191772781939811,29.41059070360843,4.478576135663113
96.96969696969697,45.45454545454546,6.837818999929718,14.19922063712597,3.512632840088442
97.97979797979798,45.45454545454546,7.114953196660842,18.16650410218458,3.017116220637114
98.98989898989899,45.45454545454546,9.813777260147054,31.98062881428981,4.257939446294482
100.0,45.45454545454546,5.403919918197466,27.81687788844531,4.302918414485471
0.0,46.46464646464647,4.39390038682485,28.21368217500158,5.5635283371553
1.01010101010101,46.46464646464647,6.357908757445209,22.32347129674942,4.241794379582887
2.02020202020202,46.46464646464647,14.99959597875283,9.355411341490512,3.971174502712998
3.03030303030303,46.46464646464647,12.584832928282555,34.50074475267763,3.356905655203155
4.040404040404041,46.46464646464647,12.47541948495006,17.79283056758306,3.870681727637878
5.050505050505051,46.46464646464647,4.74844197404014,19.5139103007109,3.085437432742625
6.060606060606061,46.46464646464647,8.184061824240295,16.87136506733104,5.047320067318187
7.070707070707071,46.46464646464647,13.935086947141091,33.42353303894474,6.094787054272861
8.080808080808081,46.46464646464647,4.24864715247495,24.41581430537229,4.335053036451762
9.090909090909092,46.46464646464647,6.788968831496567,30.94409358267674,4.457591734988904
10.1010101010101,46.46464646464647,8.268967132323667,22.14188231464319,4.736308611592629
11.11111111111111,46.46464646464647,4.471789652212728,24.73029845904593,4.51025829280086
12.12121212121212,46.46464646464647,7.696875962146591,26.32151775618476,4.11739555996957
13.13131313131313,46.46464646464647,16.642185479964667,9.71471981358934,3.770652131793535
14.14141414141414,46.46464646464647,7.581244087285508,25.13707010032844,5.451682483527376
15.15151515151515,46.46464646464647,8.523792197225292,19.58196558174059,4.760653396052543
16.16161616161616,46.46464646464647,3.9795135513414026,24.75502749469884,4.821336545867433
17.17171717171717,46.46464646464647,6.582453727764667,22.23939333466132,4.530433710111289
18.18181818181818,46.46464646464647,12.773550079240621,9.353742683426985,4.63781943443169
19.19191919191919,46.46464646464647,8.523201903950783,21.76877575785316,4.643589681255056
20.2020202020202,46.46464646464647,11.019362109239761,17.88299591351722,3.095992840509965
21.21212121212121,46.46464646464647,21.03462482716058,31.62214569832808,3.815241142822108
22.22222222222222,46.46464646464647,15.547808178528872,9.033872741844677,4.502351410945207
23.23232323232324,46.46464646464647,9.277304853954918,25.811800464835,3.886507660241262
24.24242424242424,46.46464646464647,8.026431443482977,20.64548045520461,4.417203992362263
25.25252525252525,46.46464646464647,14.430494757298785,36.85580857549225,4.40537467325952
26.26262626262626,46.46464646464647,5.270633311587376,28.70494949285609,4.475049396250704
27.27272727272727,46.46464646464647,8.725283571813748,33.11253004688407,5.040804144152665
28.28282828282828,46.46464646464647,9.65124847540261,21.44328359690317,4.390290398643756
29.29292929292929,46.46464646464647,21.537845526197835,1.927892110508818,5.185592196905264
30.3030303030303,46.46464646464647,10.15043039094543,26.90163987159129,4.468873940112981
31.31313131313131,46.46464646464647,10.8700145105623,32.05515348758332,4.960239044829826
32.32323232323233,46.46464646464647,7.460449619656574,16.93306640657872,4.71613931382439
33.33333333333334,46.46464646464647,4.530999401107724,22.57521031764821,5.266288030567326
34.34343434343435,46.46464646464647,4.684785942782655,26.22135161540085,5.004114151602804
35.35353535353536,46.46464646464647,2.615751653884046,22.4114932373953,5.317868041061124
36.36363636363637,46.46464646464647,6.24639422317716,20.19771680146173,5.647125333619189
37.37373737373738,46.46464646464647,6.525091984958923,12.6827225906486,3.408825968835612
38.38383838383839,46.46464646464647,9.649867814995476,14.67224190232786,4.821768396004146
39.3939393939394,46.46464646464647,4.983306930872432,23.49518787850721,4.892559991557191
40.40404040404041,46.46464646464647,8.333947775218146,18.53010304579271,4.106628854102467
41.41414141414142,46.46464646464647,6.5598879158957795,18.95832115517266,4.179137432030692
42.42424242424243,46.46464646464647,13.028965832323411,6.552576584067919,4.864584049438416
43.43434343434344,46.46464646464647,7.58505616880734,22.06398830600342,4.401245162407616
44.44444444444445,46.46464646464647,9.94805699474703,13.6939737446539,3.704842913359921
45.45454545454546,46.46464646464647,11.499147767921047,27.34081307972404,4.096188447435148
46.46464646464647,46.46464646464647,15.939792334901274,13.22015466689677,4.241063005635085
47.47474747474748,46.46464646464647,12.307104528845937,36.15125679317043,3.326468939435514
48.48484848484848,46.46464646464647,12.612384899373204,30.12034980654806,5.014325302854438
49.49494949494949,46.46464646464647,15.421132185902316,9.52484269189055,5.514482825701798
50.50505050505051,46.46464646464647,6.503687767882745,20.27924221637041,5.046896720497572
51.51515151515152,46.46464646464647,7.060574914805765,27.75612197207942,5.425456480139283
52.52525252525253,46.46464646464647,6.158782257518353,29.83940400785034,5.091771469549041
53.53535353535354,46.46464646464647,2.177806537001918,26.98542925975591,3.842225785879193
54.54545454545455,46.46464646464647,5.524282129077533,26.32385869666869,3.702449049102853
55.55555555555556,46.46464646464647,5.1200862454279354,20.89506813700475,4.645444280165873
56.56565656565657,46.46464646464647,9.694199388895598,17.91864327060721,4.926431518694374
57.57575757575758,46.46464646464647,14.194726638529652,35.65256975226487,5.437136103813191
58.58585858585859,46.46464646464647,9.001591929216046,22.64333122699878,4.464507570125916
59.5959595959596,46.46464646464647,3.8705369359349344,20.66815639348703,5.716004070569204
60.60606060606061,46.46464646464647,10.686629874593931,28.85243527122661,4.866221247862238
61.61616161616162,46.46464646464647,15.567282672168723,9.43810278102892,4.397734227420997
62.62626262626263,46.46464646464647,9.766686369988268,23.74810967435602,4.764454859043161
63.63636363636364,46.46464646464647,3.93798127188259,23.10264229543595,5.788207990432662
64.64646464646465,46.46464646464647,4.098988874091135,21.42343387447303,4.787178032957375
65.65656565656566,46.46464646464647,5.372752924095477,22.65066711717435,5.334074581161545
66.66666666666667,46.46464646464647,8.761603061567328,28.49219256194306,4.170620185443546
67.67676767676768,46.46464646464647,7.636702184380895,23.76972013907356,4.343877339987503
68.68686868686869,46.46464646464647,5.083094593666538,19.8548478287195,4.267557540440579
69.6969696969697,46.46464646464647,3.8552776832879996,20.5173490063029,5.519049136482803
70.70707070707071,46.46464646464647,8.348158579387524,31.87620546408816,5.703868306526246
71.71717171717172,46.46464646464647,8.06945786952419,21.41317947778628,3.693046507042591
72.72727272727273,46.46464646464647,3.029860963581865,25.67039346883207,4.91838299039309
73.73737373737374,46.46464646464647,7.607410739320415,19.720282223497,4.532886297996792
74.74747474747475,46.46464646464647,12.035188408980515,32.04923976623817,5.22115325728219
75.75757575757576,46.46464646464647,6.210691466091148,16.02646421885765,5.124233353883296
76.76767676767678,46.46464646464647,5.354684423400376,16.81686377695292,4.545919683167302
77.77777777777779,46.46464646464647,7.431936000398307,28.30025844164478,4.945675706181866
78.7878787878788,46.46464646464647,8.017993148109653,28.34975861375634,5.264837922373371
79.7979797979798,46.46464646464647,11.654624427198822,16.31534451255269,3.417573714441728
80.80808080808082,46.46464646464647,5.778330588785651,29.94411563208,4.77139695251851
81.81818181818183,46.46464646464647,11.69996220688199,32.67870720194586,4.538479246044273
82.82828282828284,46.46464646464647,11.428921583882648,9.011452674600662,5.71861248396785
83.83838383838385,46.46464646464647,6.721896264522973,13.70645152681009,4.536634389737929
84.84848484848486,46.46464646464647,7.077838510686883,21.91845708055558,3.514471895441929
85.85858585858587,46.46464646464647,9.970567689818179,26.65645140372953,5.134970412726036
86.86868686868688,46.46464646464647,6.908518146471501,13.97555769514287,4.592960284671182
87.87878787878789,46.46464646464647,3.2304900160390795,24.42368902056927,4.184760873472685
88.8888888888889,46.46464646464647,6.304604141647575,22.92957439618594,3.577857917883929
89.89898989898991,46.46464646464647,8.758272684459865,16.78280814345289,3.59686537718028
90.90909090909092,46.46464646464647,4.961845406004282,19.26453403364694,5.230214395662351
91.91919191919193,46.46464646464647,6.016829429028656,18.44706673825495,4.628444060953868
92.92929292929294,46.46464646464647,6.049255228283296,21.00577505376324,4.113530981822176
93.93939393939395,46.46464646464647,16.750628320877432,1.597174112965829,3.564856273949973
94.94949494949496,46.46464646464647,7.128856059706559,20.37001210404582,5.194066675888806
95.95959595959597,46.46464646464647,4.060025084008511,23.97544142230961,5.223435944325691
96.96969696969697,46.46464646464647,5.796275841115674,21.9492817975588,5.686492117880552
97.97979797979798,46.46464646464647,4.537922659363858,25.03143993025479,3.978613740977021
98.98989898989899,46.46464646464647,3.778278539675557,22.59809955966828,3.85489089831033
100.0,46.46464646464647,4.7048097748135325,22.48368843563394,5.490710627235932
0.0,47.47474747474748,3.36556887296859,24.3685388137291,4.10220131876617
1.01010101010101,47.47474747474748,6.4862730551708,28.51135778630081,5.015704107742432
2.02020202020202,47.47474747474748,9.05997516945779,14.82980358534491,2.93561916397417
3.03030303030303,47.47474747474748,6.364974888047235,30.99454199467871,4.193319351832258
4.040404040404041,47.47474747474748,6.421012775090777,30.60505478474194,3.948785714987824
5.050505050505051,47.47474747474748,14.249409369328806,34.08827076190997,5.29233236302758
6.060606060606061,47.47474747474748,7.606088058832746,25.36283567713064,5.9650261271015
7.070707070707071,47.47474747474748,12.034728647182675,14.36373028856982,5.757900091242367
8.080808080808081,47.47474747474748,4.301366497628784,24.04196801225496,3.205214719483057
9.090909090909092,47.47474747474748,5.684516727802139,23.28445850297102,4.965028772241615
10.1010101010101,47.47474747474748,15.406496503528873,35.18065156174941,5.327935458285457
11.11111111111111,47.47474747474748,7.655434505533465,15.74349713398662,5.705277585245926
12.12121212121212,47.47474747474748,4.539110554833549,14.95329907603423,4.935054895218114
13.13131313131313,47.47474747474748,5.9234170020953325,17.56729031187874,5.714233677944087
14.14141414141414,47.47474747474748,5.115439261656298,28.54736659038722,4.269623683483669
15.15151515151515,47.47474747474748,7.923250574651485,31.80036921663412,5.371462226300552
16.16161616161616,47.47474747474748,4.613919825280935,22.20188887058299,4.083688716223341
17.17171717171717,47.47474747474748,4.10235782032367,16.94306740206282,4.793021831474769
18.18181818181818,47.47474747474748,7.898912054262183,15.30557847625703,5.032938337286604
19.19191919191919,47.47474747474748,11.858130320054233,32.96008111525916,3.792509951646883
20.2020202020202,47.47474747474748,14.670825099804107,35.89180042793871,4.658108831419059
21.21212121212121,47.47474747474748,20.322939767258767,7.000002663979572,4.696883276471199
22.22222222222222,47.47474747474748,11.934649446826294,16.7449292564096,4.220673042347928
23.23232323232324,47.47474747474748,19.970284298141152,37.26149761329899,4.854402074955222
24.24242424242424,47.47474747474748,7.824342302507614,23.3353262238775,5.365221416764331
25.25252525252525,47.47474747474748,4.705414870950562,22.81157368707634,3.648768469312919
26.26262626262626,47.47474747474748,3.6567523453556623,20.52233169096949,4.422866554055518
27.27272727272727,47.47474747474748,7.976989529978588,17.27275981901523,3.878922512024345
28.28282828282828,47.47474747474748,7.2448074511167055,27.70863427175727,3.153827541869895
29.29292929292929,47.47474747474748,9.814702434179566,20.6940622983997,4.761732654230824
30.3030303030303,47.47474747474748,15.069062510145574,33.54090695602805,3.141444531314622
31.31313131313131,47.47474747474748,12.983790821356909,14.21201749250996,3.474321205187711
32.32323232323233,47.47474747474748,6.330947471369358,25.7164697049236,4.773759072595075
33.33333333333334,47.47474747474748,5.540844304411653,24.5616906210154,3.462425738523513
34.34343434343435,47.47474747474748,4.891977967653109,22.44068949722964,4.230052998373281
35.35353535353536,47.47474747474748,7.7940049971065255,18.93817062708708,5.027118635633093
36.36363636363637,47.47474747474748,4.310822386083738,26.89926505318958,4.50097386212194
37.37373737373738,47.47474747474748,8.63386088576016,25.92161016609542,4.282357699198459
38.38383838383839,47.47474747474748,8.575929584067078,24.49134504177237,5.175178261056698
39.3939393939394,47.47474747474748,7.240237393166372,20.28068180476536,3.935625433036841
40.40404040404041,47.47474747474748,14.130251877894182,39.16256865680138,5.486968933456811
41.41414141414142,47.47474747474748,12.29196728469528,31.74397041205473,5.01030707744716
42.42424242424243,47.47474747474748,10.062243681607658,12.63316186191072,4.980911547656926
43.43434343434344,47.47474747474748,4.375374185235035,15.98985180732075,5.266797324811936
44.44444444444445,47.47474747474748,7.176130576407117,17.07325108014366,3.738081692978935
45.45454545454546,47.47474747474748,10.218758355220467,29.89397603706092,4.09682255863255
46.46464646464647,47.47474747474748,7.223714195546483,24.22981682584579,4.122679330224039
47.47474747474748,47.47474747474748,9.98230188636997,34.23809040396835,4.305893980738465
48.48484848484848,47.47474747474748,12.833704891908742,15.82375705935373,4.426070047422248
49.49494949494949,47.47474747474748,11.067440644907864,28.94824359536592,5.098985272055173
50.50505050505051,47.47474747474748,8.62813237694444,23.81493753956761,3.616807615312591
51.51515151515152,47.47474747474748,11.654406839197582,36.41890019287296,4.527413724180316
52.52525252525253,47.47474747474748,8.035152318709542,21.41186245875,4.305965256102464
53.53535353535354,47.47474747474748,4.87983893605346,25.21151928156097,3.256876888269419
54.54545454545455,47.47474747474748,8.88753305455701,16.57767850316847,5.495845730836806
55.55555555555556,47.47474747474748,4.387476387011928,22.92370574680337,5.409005803262052
56.56565656565657,47.47474747474748,12.66760464532473,29.96323334634063,5.18685161242774
57.57575757575758,47.47474747474748,12.080597028494966,13.70713241892286,4.622854794219651
58.58585858585859,47.47474747474748,6.543440612653596,15.34218965088352,4.26428828344988
59.5959595959596,47.47474747474748,5.222979427281967,16.19421934723595,5.502605273794979
60.60606060606061,47.47474747474748,5.233857525485908,15.57271961684335,3.573050971213703
61.61616161616162,47.47474747474748,6.521247202969452,21.89934509831955,4.133531198211571
62.62626262626263,47.47474747474748,7.986664385964492,15.72928621830239,5.345408978560689
63.63636363636364,47.47474747474748,12.068169374555959,33.0920583546447,3.744169318091057
64.64646464646465,47.47474747474748,8.375023322764914,29.69611014697438,5.092014884093126
65.65656565656566,47.47474747474748,18.521098106500492,8.749150552007341,4.914368980609987
66.66666666666667,47.47474747474748,15.25122331252269,39.50542693480465,5.439233521526016
67.67676767676768,47.47474747474748,11.139021417486177,37.59116088119958,4.977506559202016
68.68686868686869,47.47474747474748,6.988663738453196,24.85022247756983,5.099085387542391
69.6969696969697,47.47474747474748,4.322420892732035,23.34874720706302,5.354124706079868
70.70707070707071,47.47474747474748,4.225885791808517,21.70470376650468,5.081023755795951
71.71717171717172,47.47474747474748,5.244516732245328,19.75691540813803,2.980832454809304
72.72727272727273,47.47474747474748,5.298102832011352,25.40605877955058,3.564494105750996
73.73737373737374,47.47474747474748,6.294141841914201,26.22291654333774,3.452863475013611
74.74747474747475,47.47474747474748,11.071881135550395,15.08716569917421,3.185713000280339
75.75757575757576,47.47474747474748,4.394945612950117,18.62011231437585,4.110044425217372
76.76767676767678,47.47474747474748,3.2283235232074903,20.060787683698,4.715500352168116
77.77777777777779,47.47474747474748,4.911591616524922,25.39804470745414,4.356274984999496
78.7878787878788,47.47474747474748,10.137729680693782,36.57695136160438,5.518012308633988
79.7979797979798,47.47474747474748,7.958397107768195,24.67797962035851,4.660480837160927
80.80808080808082,47.47474747474748,11.264396675737288,34.79907130392314,3.135291626725032
81.81818181818183,47.47474747474748,11.916588635775144,17.88163038085737,3.578765808639197
82.82828282828284,47.47474747474748,4.744602161341087,11.68442324451134,4.390041773503134
83.83838383838385,47.47474747474748,6.7977237931431755,19.54808141258012,4.918538408684666
84.84848484848486,47.47474747474748,11.583159399173166,28.58318806568336,4.35395913278352
85.85858585858587,47.47474747474748,19.232323332917375,4.22521914852716,4.071718667725729
86.86868686868688,47.47474747474748,8.47678151632897,11.13887189702816,4.137745182246198
87.87878787878789,47.47474747474748,8.880624406898267,24.20600639570814,4.343544654162977
88.8888888888889,47.47474747474748,12.701403900229955,36.66118225502881,3.604600720139381
89.89898989898991,47.47474747474748,15.207880118453952,39.27878604578945,5.146265960249111
90.90909090909092,47.47474747474748,11.18749527493203,11.81862227005615,4.889096903737193
91.91919191919193,47.47474747474748,7.141868810791898,14.94910381022213,4.796687500384833
92.92929292929294,47.47474747474748,4.168611368079775,20.13997288424236,4.120573683707644
93.93939393939395,47.47474747474748,7.571091545923523,15.03936410833009,4.11154208531866
94.94949494949496,47.47474747474748,4.665857361633155,23.95759904953886,4.362584946497607
95.95959595959597,47.47474747474748,5.964015584609325,18.80207931058899,5.620630243804278
96.96969696969697,47.47474747474748,13.297374782854643,11.62255735097574,4.369445872143801
97.97979797979798,47.47474747474748,9.345479891046978,30.80269623635751,3.676401775374929
98.98989898989899,47.47474747474748,7.6808411351633055,19.41526615020843,4.410293243366743
100.0,47.47474747474748,9.128167092715218,31.15051718322883,5.309859305616298
0.0,48.48484848484848,2.3442536782487444,26.47728309879068,3.548772543331176
1.01010101010101,48.48484848484848,5.1597663806818135,30.44419034390501,5.069794754611809
2.02020202020202,48.48484848484848,6.709841385905962,15.74901940903197,4.852350635743459
3.03030303030303,48.48484848484848,6.756710947012022,25.59507081975926,5.250727855229631
4.040404040404041,48.48484848484848,10.942995044584952,21.60593108864251,4.338578934579012
5.050505050505051,48.48484848484848,21.179319153866935,3.87364480774117,2.713005930629185
6.060606060606061,48.48484848484848,6.87249631786602,23.1544945249394,3.820440084417591
7.070707070707071,48.48484848484848,4.41673578165197,22.76549901467964,5.518163211905524
8.080808080808081,48.48484848484848,8.921788022301516,30.43784047668369,3.788058804864728
9.090909090909092,48.48484848484848,5.1430377864109325,20.85972923953051,4.671787638990071
10.1010101010101,48.48484848484848,7.428861452387198,17.9267822812813,4.254236246139762
11.11111111111111,48.48484848484848,2.4163918251970475,17.151081345346,4.515361136059307
12.12121212121212,48.48484848484848,6.820227057909905,11.56926483064746,5.078874931539439
13.13131313131313,48.48484848484848,7.210899178105263,19.81432030761768,6.020923959623562
14.14141414141414,48.48484848484848,3.3985863912427448,25.72898493857619,4.097862329339984
15.15151515151515,48.48484848484848,4.609138514144628,25.17725352521974,5.214459260494999
16.16161616161616,48.48484848484848,4.239853345187475,21.1566500081464,4.321887481057288
17.17171717171717,48.48484848484848,7.73889448374206,12.7262724476926,5.333758166035494
18.18181818181818,48.48484848484848,4.978930041341578,21.6573993356678,4.291938955775671
19.19191919191919,48.48484848484848,9.43927538637389,17.3050871441299,4.089927233622229
20.2020202020202,48.48484848484848,10.896714812582191,27.04082161978247,3.74622452723802
21.21212121212121,48.48484848484848,11.31963947483125,25.03289434227696,4.628900260718313
22.22222222222222,48.48484848484848,8.855648947984104,26.51097557983043,5.355884995517087
23.23232323232324,48.48484848484848,27.889475249514845,3.272797315509259,4.33379110439669
24.24242424242424,48.48484848484848,19.092030293802477,37.49292573901241,3.267463204971944
25.25252525252525,48.48484848484848,5.612723708889701,20.84714362459801,4.561379541567325
26.26262626262626,48.48484848484848,0.6973817264514652,19.61675397949455,5.999463730721455
27.27272727272727,48.48484848484848,2.978488400277282,19.65550138636445,4.005774951708528
28.28282828282828,48.48484848484848,4.329691102044666,22.44520156824415,3.867901834359162
29.29292929292929,48.48484848484848,5.305818288404427,21.32528521624116,5.135935959796794
30.3030303030303,48.48484848484848,12.216442736846357,12.07965812102897,4.827190637360504
31.31313131313131,48.48484848484848,4.330943056058993,17.4707031069325,4.25614590357425
32.32323232323233,48.48484848484848,9.417451193765798,21.83531441411289,3.668990256517605
33.33333333333334,48.48484848484848,16.928151639248174,41.46280732760086,4.991772060865622
34.34343434343435,48.48484848484848,6.317273044722897,32.60441925574255,4.360868220225083
35.35353535353536,48.48484848484848,11.611332487400603,35.17725470895989,3.836810234179322
36.36363636363637,48.48484848484848,8.157639560047512,25.29627307377914,4.881195033960066
37.37373737373738,48.48484848484848,22.890444516802006,7.032974209918804,5.914337061226093
38.38383838383839,48.48484848484848,22.554301699596312,43.33503187726612,4.665577374369515
39.3939393939394,48.48484848484848,8.201947799072652,22.93457521464597,4.375081171667372
40.40404040404041,48.48484848484848,11.00685620805276,29.574511853016,5.299628501722925
41.41414141414142,48.48484848484848,8.296627174211121,21.89115732504634,4.056453699113081
42.42424242424243,48.48484848484848,6.160256633616678,24.33405281494451,4.863397675759365
43.43434343434344,48.48484848484848,5.126744160776067,22.97712283134528,4.823042245984391
44.44444444444445,48.48484848484848,9.712970714912451,28.4943718205422,4.835534095253927
45.45454545454546,48.48484848484848,17.338758532206402,10.05698974164832,5.355636695952366
46.46464646464647,48.48484848484848,7.3467940064240125,22.01705499194657,4.148499157720859
47.47474747474748,48.48484848484848,7.244794851562415,24.64465617042773,4.449182109329112
48.48484848484848,48.48484848484848,14.078059935918272,10.3243501195399,4.384725247241592
49.49494949494949,48.48484848484848,11.796819370134454,35.5368126797115,4.338052632780498
50.50505050505051,48.48484848484848,6.987719112122348,37.0545030150445,3.902413343862208
51.51515151515152,48.48484848484848,5.93350960933648,26.07505144430448,5.070960501670984
52.52525252525253,48.48484848484848,3.2002231835894426,26.3182356275539,5.078346079824949
53.53535353535354,48.48484848484848,5.3771707392702,30.5234674463764,4.894240268359132
54.54545454545455,48.48484848484848,5.3408239806152675,27.40176250586889,4.13912393868022
55.55555555555556,48.48484848484848,3.8997461895724674,25.0594188418803,3.373462819647593
56.56565656565657,48.48484848484848,9.738843752038616,14.63303336773016,3.782432366727491
57.57575757575758,48.48484848484848,7.766652580185035,22.19292504018229,3.898182436097864
58.58585858585859,48.48484848484848,7.861078418410197,31.72772359706956,4.084267961742702
59.5959595959596,48.48484848484848,8.995595267466252,31.13867058336771,5.137719532311825
60.60606060606061,48.48484848484848,8.419402945639039,14.86513038115178,5.136833644529183
61.61616161616162,48.48484848484848,4.36302063509251,23.02640723141337,3.881664355629661
62.62626262626263,48.48484848484848,7.332462869987749,15.33428314685752,4.216972676509837
63.63636363636364,48.48484848484848,9.08023146324924,15.56751725964224,5.323722243064512
64.64646464646465,48.48484848484848,6.4802446918566625,28.81160093105343,4.582829275969023
65.65656565656566,48.48484848484848,11.080502134818595,17.22879043507795,4.938245915459985
66.66666666666667,48.48484848484848,5.956216655241725,22.18431049397787,5.334049574987085
67.67676767676768,48.48484848484848,6.2043520554396965,21.51172041061571,4.711088595780755
68.68686868686869,48.48484848484848,5.057761010320961,16.13335584674393,3.274949640108431
69.6969696969697,48.48484848484848,9.517747297597705,12.03598054796015,3.979495298361143
70.70707070707071,48.48484848484848,9.58616246327501,18.56449409577908,4.077248449104889
71.71717171717172,48.48484848484848,16.210141516806075,31.4817865376919,5.54390832613901
72.72727272727273,48.48484848484848,14.390795074048706,10.94398327598637,3.067175821564576
73.73737373737374,48.48484848484848,9.704294470707227,19.50159210347236,4.559515704923405
74.74747474747475,48.48484848484848,17.481823705028646,2.430412683401753,4.419483114254755
75.75757575757576,48.48484848484848,12.798384810755229,28.63262468613433,4.446624027115376
76.76767676767678,48.48484848484848,4.34924186068584,22.95222547670459,3.096984857677164
77.77777777777779,48.48484848484848,1.795217465901512,25.62603376145681,4.605083064549714
78.7878787878788,48.48484848484848,8.040011161576764,27.3311037820734,5.461728986280082
79.7979797979798,48.48484848484848,3.326145935439529,26.12886951881497,4.76192730168813
80.80808080808082,48.48484848484848,7.36297238276908,21.63497287944754,5.49378401952536
81.81818181818183,48.48484848484848,10.975068559765745,27.63626004345765,3.732572830993488
82.82828282828284,48.48484848484848,11.129956625052511,9.439850473472482,4.467990968992488
83.83838383838385,48.48484848484848,4.533001013119467,15.09758094694947,5.205826280649985
84.84848484848486,48.48484848484848,6.267382755791412,22.30835702437792,3.700855054048485
85.85858585858587,48.48484848484848,10.292604235115014,27.45165855933708,5.16612468765579
86.86868686868688,48.48484848484848,7.057956298860698,22.22852491704835,5.150214148699744
87.87878787878789,48.48484848484848,6.435043287206265,14.42350175097685,4.128702734013143
88.8888888888889,48.48484848484848,14.025529585029737,14.65995416303318,4.421801224016439
89.89898989898991,48.48484848484848,11.487137641375696,31.02101104080415,4.833700880186203
90.90909090909092,48.48484848484848,9.372490345363815,18.53204629029419,5.240696043340071
91.91919191919193,48.48484848484848,11.471939684389394,31.69726551117069,4.37562237887644
92.92929292929294,48.48484848484848,8.38474690031487,25.65713833710808,5.409697563441505
93.93939393939395,48.48484848484848,8.3320317545512,17.86269657953888,4.62700778235106
94.94949494949496,48.48484848484848,4.831187355484593,24.9596868704198,5.033639038749363
95.95959595959597,48.48484848484848,4.488137015172262,25.14973783874255,4.453469767531583
96.96969696969697,48.48484848484848,6.15799120658533,28.12567119081623,4.948259393792064
97.97979797979798,48.48484848484848,6.107535837270974,29.75960194980316,4.671007116202389
98.98989898989899,48.48484848484848,3.64414438384451,23.83311616223233,4.449713869694458
100.0,48.48484848484848,4.197637253965993,24.16809568569846,5.046274507793721
0.0,49.49494949494949,1.5687997103460478,27.434392603361,4.614642906007127
1.01010101010101,49.49494949494949,8.038418150056795,30.48834512904069,3.289722874956805
2.02020202020202,49.49494949494949,10.221570074773513,17.12794678336843,3.588360930831679
3.03030303030303,49.49494949494949,12.824958265323806,33.38725229104386,5.275782623054875
4.040404040404041,49.49494949494949,16.740646926407955,8.554500618420223,4.139765291653912
5.050505050505051,49.49494949494949,8.652442294351903,21.36315947094053,4.670186700353508
6.060606060606061,49.49494949494949,4.268701681491271,17.54269563312455,5.440968236083171
7.070707070707071,49.49494949494949,3.931910310005325,21.56166158644539,2.91948206607967
8.080808080808081,49.49494949494949,6.737195884229522,18.39701355106358,3.838597849479201
9.090909090909092,49.49494949494949,3.5456916047741878,26.49609292633134,5.220598692120868
10.1010101010101,49.49494949494949,6.819675340171865,26.67971091617748,3.614813856575587
11.11111111111111,49.49494949494949,5.465759171134738,15.25061570655103,4.711633114842534
12.12121212121212,49.49494949494949,9.411361819588823,21.63926682523155,3.588378137258983
13.13131313131313,49.49494949494949,6.396107935280725,32.25116691637106,3.362989210154207
14.14141414141414,49.49494949494949,3.2297375693913057,30.03855280742118,5.839320846000079
15.15151515151515,49.49494949494949,9.603019875669371,32.41835695995408,5.102460460821194
16.16161616161616,49.49494949494949,8.547865713702965,24.61984344893257,4.738319940578075
17.17171717171717,49.49494949494949,21.02216946308846,3.348993915523581,3.047328394387154
18.18181818181818,49.49494949494949,6.132611599985594,21.93785956211024,4.777941583603606
19.19191919191919,49.49494949494949,9.904513046707361,25.31914805130572,3.581175860827583
20.2020202020202,49.49494949494949,18.767765368533453,4.04860293076803,4.395689616081382
21.21212121212121,49.49494949494949,17.906122646766107,1.273236636308326,4.672600496369449
22.22222222222222,49.49494949494949,8.48760562087027,27.45126554647138,4.833190016488445
23.23232323232324,49.49494949494949,6.875904380644765,23.38369132795457,3.59506071541207
24.24242424242424,49.49494949494949,7.0355461896348475,26.14831461685498,4.396594169937117
25.25252525252525,49.49494949494949,3.4487627679027395,18.2368506110354,4.690081696875885
26.26262626262626,49.49494949494949,3.2623961593212147,19.00194183713699,6.337328000361087
27.27272727272727,49.49494949494949,7.684791527807238,12.95273694135414,5.80082908726496
28.28282828282828,49.49494949494949,14.01533089240548,30.590916739027,4.496896942239524
29.29292929292929,49.49494949494949,13.968343377052388,11.09877842768009,4.344438298756817
30.3030303030303,49.49494949494949,8.15692663524678,24.8475081522996,4.54980689458922
31.31313131313131,49.49494949494949,4.860568586625913,21.78013342366201,4.674498226666062
32.32323232323233,49.49494949494949,14.41212215660413,12.03876915052877,4.488421529989051
33.33333333333334,49.49494949494949,10.877615871921188,19.13719846253991,4.863677682781677
34.34343434343435,49.49494949494949,9.185827066309333,28.93028036043953,4.878875020960941
35.35353535353536,49.49494949494949,8.616569805981086,17.42482592962839,4.343774011048336
36.36363636363637,49.49494949494949,6.399517398065246,22.41298731204062,5.057374902696069
37.37373737373738,49.49494949494949,6.4559059401770185,25.14075978974257,3.906291349872072
38.38383838383839,49.49494949494949,7.5130175954666365,28.66402624434208,3.547507083564894
39.3939393939394,49.49494949494949,7.450695367275322,19.82107072922615,3.87657221673397
40.40404040404041,49.49494949494949,11.800111839885584,9.458434990930032,4.529221537343964
41.41414141414142,49.49494949494949,13.667243375783153,8.683711733078079,4.088109081771929
42.42424242424243,49.49494949494949,14.247880892812718,33.47436292288003,4.147019747465992
43.43434343434344,49.49494949494949,8.008187201231328,29.62264947762887,4.775122583808646
44.44444444444445,49.49494949494949,4.169102161850764,25.01824076938173,4.674866915642772
45.45454545454546,49.49494949494949,11.24840617843869,29.1775902458692,4.258712111870934
46.46464646464647,49.49494949494949,20.04740489471193,9.430307228929152,3.475581184299791
47.47474747474748,49.49494949494949,4.265522482223112,22.20681822708768,5.744175823384572
48.48484848484848,49.49494949494949,3.978899373501105,21.60441431233973,4.551989180870871
49.49494949494949,49.49494949494949,6.7776238955598895,21.66825717902387,3.477263312905263
50.50505050505051,49.49494949494949,8.379847151219806,34.84033394810503,3.972346376792795
51.51515151515152,49.49494949494949,5.059046858191037,23.90749750951648,4.340035821837504
52.52525252525253,49.49494949494949,4.141798868722818,22.87213206407195,4.807674570561185
53.53535353535354,49.49494949494949,4.1085604973667875,21.65366941344104,3.627531600978035
54.54545454545455,49.49494949494949,4.312377652820387,22.32659919060434,4.819480697544389
55.55555555555556,49.49494949494949,3.2660709429486294,25.75396136695451,3.436379112339797
56.56565656565657,49.49494949494949,5.502137110290527,20.27193125067188,3.747882974271555
57.57575757575758,49.49494949494949,3.8241812185925967,27.6790525103236,5.919291664394354
58.58585858585859,49.49494949494949,2.3574066199777866,26.79279544020393,4.526111303164713
59.5959595959596,49.49494949494949,3.9976815348103383,26.96333396555224,6.249471872833635
60.60606060606061,49.49494949494949,4.296424635050125,23.40033587553884,4.848833391240291
61.61616161616162,49.49494949494949,4.599302715487938,23.49802670387215,4.529361456478278
62.62626262626263,49.49494949494949,15.027590183204156,36.34377335802307,3.974769434952875
63.63636363636364,49.49494949494949,10.291959536652865,20.88658423344083,3.292877789070337
64.64646464646465,49.49494949494949,6.447994768410847,29.02117631517246,4.717335298406264
65.65656565656566,49.49494949494949,15.665086479658013,36.53282853640633,3.808219951841256
66.66666666666667,49.49494949494949,5.005352973438922,21.30867045609983,4.541986150028043
67.67676767676768,49.49494949494949,3.01773729171393,24.19873351455669,5.361946449493708
68.68686868686869,49.49494949494949,4.543034342337762,18.17179339454632,3.308370583642947
69.6969696969697,49.49494949494949,8.391676602131216,28.16831423264539,5.143057786492524
70.70707070707071,49.49494949494949,14.55810304901743,34.32312828842176,3.874857536547363
71.71717171717172,49.49494949494949,15.166856023946286,11.82118730363981,4.149221928698435
72.72727272727273,49.49494949494949,7.571509801363152,24.94967597942547,4.436569816349883
73.73737373737374,49.49494949494949,5.8819536241592,25.96865729887929,3.223430486412753
74.74747474747475,49.49494949494949,14.381703995379851,16.4275630649407,5.272050894910684
75.75757575757576,49.49494949494949,12.767602413905813,37.93104034523444,5.12944496060249
76.76767676767678,49.49494949494949,5.182899117691992,29.1035476322594,4.260814557169146
77.77777777777779,49.49494949494949,6.61738404292456,28.20003626569138,4.21523899315696
78.7878787878788,49.49494949494949,19.894375619270157,7.324210999172339,4.715776630949613
79.7979797979798,49.49494949494949,14.592267757102743,32.28643245949077,6.052532541846937
80.80808080808082,49.49494949494949,9.967652736370303,15.84236557622436,5.074709650545872
81.81818181818183,49.49494949494949,10.99977040368605,17.68831220099023,4.672615105564093
82.82828282828284,49.49494949494949,11.400851591025447,27.86096415918151,4.609278629809597
83.83838383838385,49.49494949494949,9.742415910920007,15.91057798289125,4.440095109602803
84.84848484848486,49.49494949494949,7.718076008262127,28.74897939385052,4.18715090745852
85.85858585858587,49.49494949494949,6.76860475429906,19.87411620693483,3.947383042795614
86.86868686868688,49.49494949494949,3.1177364027527643,18.11450954998598,5.10739069491173
87.87878787878789,49.49494949494949,7.039354766678605,22.33969467694279,4.806601461240724
88.8888888888889,49.49494949494949,12.130761982303339,32.1633351213292,3.336749948728226
89.89898989898991,49.49494949494949,5.64483380171516,22.1802571085676,4.454700157291544
90.90909090909092,49.49494949494949,4.077834031836866,23.65439968012495,2.405196090375695
91.91919191919193,49.49494949494949,6.551123359523741,21.76301486950079,4.646948829224018
92.92929292929294,49.49494949494949,16.123499783385512,11.46988512034613,4.375708875945601
93.93939393939395,49.49494949494949,14.818299454195085,33.47605907808477,3.91845228574523
94.94949494949496,49.49494949494949,15.666160739747259,13.92406652856604,4.110430155119018
95.95959595959597,49.49494949494949,13.401798582619342,33.58864305088161,5.411775725579359
96.96969696969697,49.49494949494949,7.562126529283997,24.60668431537601,4.155839947986092
97.97979797979798,49.49494949494949,14.134291843259799,13.93296943383137,4.234094965666398
98.98989898989899,49.49494949494949,8.025225094040914,27.73037837454951,4.93527923203491
100.0,49.49494949494949,6.103394639612964,18.89258494479698,5.467531935530627
0.0,50.50505050505051,9.014125586742557,28.12972970414913,4.853959494802551
1.01010101010101,50.50505050505051,9.669187882882273,14.79317818530114,4.60787687986458
2.02020202020202,50.50505050505051,13.490479886598976,7.240297711958528,5.834644592898936
3.03030303030303,50.50505050505051,12.227850967542311,30.97165788133229,4.745317180680706
4.040404040404041,50.50505050505051,7.451081854773262,24.8242473286858,4.843255101103831
5.050505050505051,50.50505050505051,3.0629753807793674,20.87202764706857,4.824291411798983
6.060606060606061,50.50505050505051,4.062722863464401,13.91911759011114,5.541770211132255
7.070707070707071,50.50505050505051,5.62946997135147,14.22147176336099,4.507141697022602
8.080808080808081,50.50505050505051,6.477849155790448,22.04124275171199,5.229601541781075
9.090909090909092,50.50505050505051,5.1573910895131565,26.75979829351336,4.58785807327548
10.1010101010101,50.50505050505051,6.7097412294014624,19.76665138985879,4.329267465319655
11.11111111111111,50.50505050505051,4.51247603503816,13.10579098911402,5.270416018819556
12.12121212121212,50.50505050505051,11.917703768993544,11.06437275128038,5.445517332378332
13.13131313131313,50.50505050505051,7.14391529024841,32.57423784865119,4.039570442499309
14.14141414141414,50.50505050505051,13.800849484955883,34.05551695465863,4.643241892907374
15.15151515151515,50.50505050505051,17.66965994546722,11.42569855556535,3.921588981537798
16.16161616161616,50.50505050505051,8.337511010531014,22.96093707933738,4.878402464248926
17.17171717171717,50.50505050505051,21.360789399931427,38.20067805571275,3.924576701843817
18.18181818181818,50.50505050505051,5.672746764303534,24.21769159982804,4.768317929137267
19.19191919191919,50.50505050505051,9.620609512444567,18.36699038138527,4.264712463801143
20.2020202020202,50.50505050505051,16.97494555086437,32.08153430089002,3.195216304211153
21.21212121212121,50.50505050505051,9.724149720756506,20.18467431278136,4.525707443964751
22.22222222222222,50.50505050505051,2.7890648760893697,24.68673615831112,4.018576018526365
23.23232323232324,50.50505050505051,2.025266466335082,22.82316532523804,3.974097569503303
24.24242424242424,50.50505050505051,4.080473497793728,20.02682827519301,4.983876469222487
25.25252525252525,50.50505050505051,4.87928265707364,15.72864778490822,4.927700974563928
26.26262626262626,50.50505050505051,8.71820871211167,24.62241821017985,4.372107655269563
27.27272727272727,50.50505050505051,8.82321925442028,12.60371996859121,5.271849791245947
28.28282828282828,50.50505050505051,7.9573401858630515,19.80562644920771,4.458572498880378
29.29292929292929,50.50505050505051,5.900805536223581,23.50477711136215,4.130692075110073
30.3030303030303,50.50505050505051,3.2937592274948795,21.80375609584021,3.451316555265017
31.31313131313131,50.50505050505051,9.177320172056795,24.10423845166532,4.229849307826096
32.32323232323233,50.50505050505051,25.393011049015882,43.05091892821679,4.164270834607997
33.33333333333334,50.50505050505051,9.056851336666874,14.84385504982687,4.861644060547574
34.34343434343435,50.50505050505051,6.384757105936684,17.15964731921597,4.62034434130167
35.35353535353536,50.50505050505051,5.42226602351999,17.64506056099787,4.373586338392334
36.36363636363637,50.50505050505051,14.862636301162585,7.414137341632338,4.243541803973154
37.37373737373738,50.50505050505051,6.84461244014063,26.60555903832542,5.011921966925396
38.38383838383839,50.50505050505051,7.093543255119987,31.67886902356915,4.694464063664914
39.3939393939394,50.50505050505051,3.7711494514961243,27.30475645949557,4.781676893712087
40.40404040404041,50.50505050505051,7.209741730515653,25.40544649223833,4.193672653192648
41.41414141414142,50.50505050505051,8.768498835430826,24.57986519658852,4.596700292828814
42.42424242424243,50.50505050505051,10.39259773029253,14.2655140946178,4.811557352251508
43.43434343434344,50.50505050505051,9.035397445745003,12.69154947248545,3.770852121591601
44.44444444444445,50.50505050505051,7.02534578262608,29.45476018088971,4.366749621443864
45.45454545454546,50.50505050505051,7.766161039797194,27.21119852976284,3.741394765040356
46.46464646464647,50.50505050505051,24.1301138796755,44.50938502966088,4.414533927363967
47.47474747474748,50.50505050505051,9.858098258228818,20.96148115444176,5.344381825463361
48.48484848484848,50.50505050505051,4.942827330402611,17.63512779256723,5.364008166374656
49.49494949494949,50.50505050505051,3.7274388593031276,21.66223673323724,4.237396094974045
50.50505050505051,50.50505050505051,4.9412815351310995,27.64002761783498,4.119099324230628
51.51515151515152,50.50505050505051,8.976981469896714,30.00792912345955,4.358786067184778
52.52525252525253,50.50505050505051,14.741429509250477,12.00486824873807,3.822748041821209
53.53535353535354,50.50505050505051,6.467809018921795,27.32672094217862,5.298046308447955
54.54545454545455,50.50505050505051,10.364126952748858,30.40065453310787,4.489168391092955
55.55555555555556,50.50505050505051,5.684484980053325,22.293612412867,5.154748682663167
56.56565656565657,50.50505050505051,5.392973441112655,16.79143206838584,4.751508090087136
57.57575757575758,50.50505050505051,7.724483052369939,26.16183343586592,4.693620612000202
58.58585858585859,50.50505050505051,3.9024535593745426,23.3548927126264,4.038022836441368
59.5959595959596,50.50505050505051,7.059600459322118,18.88148105948807,3.685470651516757
60.60606060606061,50.50505050505051,7.39619485373432,28.39014000300557,3.888177441350905
61.61616161616162,50.50505050505051,8.94815845152893,18.51587279686341,4.150626816382875
62.62626262626263,50.50505050505051,8.79972611350949,25.54583861510516,5.346696912805564
63.63636363636364,50.50505050505051,11.723226453804777,33.14357419993983,5.342707406962466
64.64646464646465,50.50505050505051,8.237730356483127,19.0850169286136,4.171070513568802
65.65656565656566,50.50505050505051,9.592417614872309,15.91233102064302,4.637605701398349
66.66666666666667,50.50505050505051,2.872126503941354,22.34022117321412,4.457965484025271
67.67676767676768,50.50505050505051,3.133299483668849,24.6656663990042,3.728966537676904
68.68686868686869,50.50505050505051,4.655132628725498,18.0615545311071,4.405772950524408
69.6969696969697,50.50505050505051,4.179130976828577,26.88527640268121,5.098489419709282
70.70707070707071,50.50505050505051,6.26760278369577,20.50610532555306,4.373161482144308
71.71717171717172,50.50505050505051,7.683468623761938,17.19758250480525,5.670968734165173
72.72727272727273,50.50505050505051,6.473786822986247,27.0825524861995,5.932591448913388
73.73737373737374,50.50505050505051,6.401169233347473,19.46798355104183,3.68421814319336
74.74747474747475,50.50505050505051,7.35617433326724,28.91265715068883,3.845388660818978
75.75757575757576,50.50505050505051,6.3534212262537135,26.49001634198009,3.873130601588014
76.76767676767678,50.50505050505051,5.668278826682284,33.9528178679295,4.332736967846399
77.77777777777779,50.50505050505051,6.1226372145384165,26.08383923131477,4.522521739421563
78.7878787878788,50.50505050505051,5.877112611140657,21.05677396651443,3.821318301165692
79.7979797979798,50.50505050505051,8.497916796024422,21.48121271534043,4.272291686878781
80.80808080808082,50.50505050505051,8.60369668990684,31.63035571045011,3.166357912022427
81.81818181818183,50.50505050505051,16.34033095972699,39.72084739030986,4.267987383264906
82.82828282828284,50.50505050505051,8.308092422336813,22.80170961527029,5.115784856932784
83.83838383838385,50.50505050505051,5.623982843622002,29.27845700337997,4.226170222960286
84.84848484848486,50.50505050505051,2.6892244132225187,31.46739645955147,5.470321483061134
85.85858585858587,50.50505050505051,7.616415263708715,28.73652302786428,4.545366312688961
86.86868686868688,50.50505050505051,3.9327417642281306,20.486648010029,4.48449019489692
87.87878787878789,50.50505050505051,9.028143264485266,16.14729410753753,4.244246064559886
88.8888888888889,50.50505050505051,4.299177782335182,20.95038660755986,4.301567872543889
89.89898989898991,50.50505050505051,5.6486135075194674,19.89889641826246,5.045105425992154
90.90909090909092,50.50505050505051,6.260927063661788,31.47785503546014,4.563044966537104
91.91919191919193,50.50505050505051,4.746409692770441,25.84874310614703,5.552059679792336
92.92929292929294,50.50505050505051,10.886180346756277,29.47732733023291,4.348997861070725
93.93939393939395,50.50505050505051,12.267232272241314,35.57772788906184,3.846176307259652
94.94949494949496,50.50505050505051,9.355116428302495,26.33652007386701,3.027660224075531
95.95959595959597,50.50505050505051,8.811161012193617,17.06688919036446,4.58155688745815
96.96969696969697,50.50505050505051,5.997782213901376,17.53283869073048,4.535849254822784
97.97979797979798,50.50505050505051,10.261506009478161,30.172380468636,4.684380691760714
98.98989898989899,50.50505050505051,6.294929324729864,22.1619425811737,4.104185283705614
100.0,50.50505050505051,7.045606800058245,14.6957051966121,4.404552655317056
0.0,51.51515151515152,7.463486646430327,15.11924156355758,3.05473917866279
1.01010101010101,51.51515151515152,2.1500065602058775,16.88533078090008,4.545109006583617
2.02020202020202,51.51515151515152,6.229039153320426,20.03032754422815,5.473053959614047
3.03030303030303,51.51515151515152,7.954470418411882,14.35461914289487,5.279914968172255
4.040404040404041,51.51515151515152,4.9718110764077466,21.38929685412205,4.669017472861645
5.050505050505051,51.51515151515152,1.0955844103974126,20.01638768639772,4.326625224262217
6.060606060606061,51.51515151515152,4.041381456553603,19.29116677074806,4.510020307352329
7.070707070707071,51.51515151515152,6.634151826735393,21.27703666408162,5.36186901627009
8.080808080808081,51.51515151515152,12.553005072489757,31.770083644073,4.480906648847502
9.090909090909092,51.51515151515152,9.847293759271562,18.10564174809869,5.223842635095758
10.1010101010101,51.51515151515152,8.83777637334724,26.03854947674661,3.659359694342635
11.11111111111111,51.51515151515152,7.374990223692304,20.30859177325124,3.596879216577916
12.12121212121212,51.51515151515152,6.551236306923885,24.60901041809894,4.985682366229789
13.13131313131313,51.51515151515152,12.041892939140174,27.31279182331592,3.543164967206898
14.14141414141414,51.51515151515152,19.402557745369634,6.980180667173267,4.870564525091635
15.15151515151515,51.51515151515152,12.691869053158563,26.9466230101802,4.807281826640312
16.16161616161616,51.51515151515152,6.399484598302981,27.87709525171885,4.143009476719382
17.17171717171717,51.51515151515152,10.807589507516996,16.83193202843629,5.058414104802481
18.18181818181818,51.51515151515152,8.914914281099115,23.64022425465918,4.765927316048547
19.19191919191919,51.51515151515152,8.162625731434943,30.33202562329558,4.784713534676783
20.2020202020202,51.51515151515152,11.312965904554883,17.82608737516794,5.923366605591987
21.21212121212121,51.51515151515152,5.0048732342253075,23.77091368569593,5.246539351043319
22.22222222222222,51.51515151515152,4.1499177216606284,22.66063872071674,4.140020741878311
23.23232323232324,51.51515151515152,4.669230404898076,25.70379730474373,4.370781020015179
24.24242424242424,51.51515151515152,7.593385172245043,16.92093816600989,6.070219830406577
25.25252525252525,51.51515151515152,8.498733684931981,11.91167089829726,3.314237184154964
26.26262626262626,51.51515151515152,11.591229915031604,16.28252840163629,2.064807364827118
27.27272727272727,51.51515151515152,8.039216103994205,28.32697529130426,4.463322195532634
28.28282828282828,51.51515151515152,6.108528662919059,29.94863976006969,4.560743481032003
29.29292929292929,51.51515151515152,7.867741182260634,17.70772532782626,4.819610443308373
30.3030303030303,51.51515151515152,8.421936494491483,27.93353757801329,5.261675172209642
31.31313131313131,51.51515151515152,11.788660933667792,10.96622562381803,4.053657201291162
32.32323232323233,51.51515151515152,11.133910185734281,19.64476886478265,4.814727023691478
33.33333333333334,51.51515151515152,7.9085360268719604,13.43264926365143,5.312512151490848
34.34343434343435,51.51515151515152,7.99762173462331,28.12683719056815,4.66229705930404
35.35353535353536,51.51515151515152,6.3671309000143195,28.39755356256092,5.373381435035212
36.36363636363637,51.51515151515152,6.232185987763211,22.44348765981578,4.528161361416606
37.37373737373738,51.51515151515152,3.6902201880741656,24.95664020828256,4.117909686732476
38.38383838383839,51.51515151515152,10.781989959211748,15.76696133163358,2.836493531579124
39.3939393939394,51.51515151515152,7.369901119276479,28.63224600387983,5.547408076868771
40.40404040404041,51.51515151515152,8.790223630620304,35.57251065008559,3.901424913612472
41.41414141414142,51.51515151515152,8.003107127929196,32.61777467718085,4.676621994516726
42.42424242424243,51.51515151515152,9.586218445776884,24.73874046342262,4.666385719652387
43.43434343434344,51.51515151515152,7.328247715055423,11.81823502518547,5.574250132043809
44.44444444444445,51.51515151515152,6.861122050009795,24.7966688214245,3.420250613868196
45.45454545454546,51.51515151515152,7.117352962116198,17.65469423770534,4.649524029975116
46.46464646464647,51.51515151515152,10.265971901743743,23.91409768680778,2.852535177591393
47.47474747474748,51.51515151515152,10.713907051338715,32.27427987761745,3.966084213014644
48.48484848484848,51.51515151515152,5.950649322983706,26.08368829186063,4.695254363965263
49.49494949494949,51.51515151515152,5.211517017447642,26.56107189939537,5.185708096447846
50.50505050505051,51.51515151515152,4.351369753371152,23.42090019780294,4.962312098217079
51.51515151515152,51.51515151515152,5.040052601835542,20.57139723816181,4.831536039897443
52.52525252525253,51.51515151515152,10.204489234680475,26.77840890224407,4.243948304464762
53.53535353535354,51.51515151515152,7.644706134093441,25.52432267959882,4.455000710977941
54.54545454545455,51.51515151515152,19.445171377899463,8.199177775786078,4.454679092266313
55.55555555555556,51.51515151515152,8.487997647203734,27.96198091427076,3.804665293547333
56.56565656565657,51.51515151515152,6.344501033492944,20.01024493858919,5.398858172042721
57.57575757575758,51.51515151515152,17.44536962463134,8.958462391563444,4.964528207665144
58.58585858585859,51.51515151515152,12.589469512197656,28.24645184616919,3.064467256131656
59.5959595959596,51.51515151515152,11.150339685751193,12.7070027249196,3.864738558110823
60.60606060606061,51.51515151515152,7.679489981711164,23.17809086519468,5.082221144279838
61.61616161616162,51.51515151515152,10.084526571416717,32.42211967158647,4.282671819224118
62.62626262626263,51.51515151515152,10.026432356385401,15.77257030706153,3.404336315373019
63.63636363636364,51.51515151515152,5.817612888031375,20.16395120738061,4.31522079438378
64.64646464646465,51.51515151515152,5.361085678154829,24.86853578869044,4.577668924151213
65.65656565656566,51.51515151515152,6.595630756879128,24.06092790382727,3.682293085772431
66.66666666666667,51.51515151515152,2.710045418880118,20.63660125292417,4.319118719235942
67.67676767676768,51.51515151515152,1.7878089237561579,21.52895844246349,4.889998326850209
68.68686868686869,51.51515151515152,3.5769199411994324,21.14401244309866,3.691600811281768
69.6969696969697,51.51515151515152,4.067633646051641,27.11586953132908,4.908981586646321
70.70707070707071,51.51515151515152,6.632719890799624,22.07179959959148,4.298903393058984
71.71717171717172,51.51515151515152,7.301367667685877,29.3615689965455,4.319915570969227
72.72727272727273,51.51515151515152,6.562033900363273,33.34528435481854,3.575069412341765
73.73737373737374,51.51515151515152,6.318054316481457,21.51274420178959,3.743106891699864
74.74747474747475,51.51515151515152,4.89923077613656,23.84036831172374,5.803462156851883
75.75757575757576,51.51515151515152,6.013677952372662,30.57723490908245,4.80175760178903
76.76767676767678,51.51515151515152,9.358037765412867,31.46075295943459,4.417253416602369
77.77777777777779,51.51515151515152,9.287912929487154,16.60553130895278,4.166187208282112
78.7878787878788,51.51515151515152,6.357572116410098,25.38115743010863,4.586394127327417
79.7979797979798,51.51515151515152,8.1914605735798,34.09407841135209,4.300295951723382
80.80808080808082,51.51515151515152,6.919500157376859,31.24319376001793,4.648099276844782
81.81818181818183,51.51515151515152,8.771213498316905,21.40168819562084,2.486930332601799
82.82828282828284,51.51515151515152,8.770104692011321,18.0244796329835,4.881098840290082
83.83838383838385,51.51515151515152,8.221158364965328,28.81609149366186,4.385426591552264
84.84848484848486,51.51515151515152,12.021204255490968,34.5860641588819,4.872265520321316
85.85858585858587,51.51515151515152,10.49230568857274,18.11401724348134,4.180419186576051
86.86868686868688,51.51515151515152,9.067873293478756,19.71704833348625,3.805003316326929
87.87878787878789,51.51515151515152,14.479846713476725,36.92502019355953,4.150538079505533
88.8888888888889,51.51515151515152,6.981233914516583,20.8212066813082,4.168782018680913
89.89898989898991,51.51515151515152,8.94326165064982,12.21625188498481,3.849196499523535
90.90909090909092,51.51515151515152,10.0870320984819,31.49003738826131,4.247597556789717
91.91919191919193,51.51515151515152,6.9048718664428215,20.2065287251105,3.077745928192179
92.92929292929294,51.51515151515152,9.331290802064023,13.6690329360094,4.054591224640937
93.93939393939395,51.51515151515152,19.35670205260447,3.952075985097405,4.427451496546431
94.94949494949496,51.51515151515152,7.371357720462772,19.83934660465538,4.211056948721226
95.95959595959597,51.51515151515152,7.610135376247821,26.05419899475321,3.58005769381175
96.96969696969697,51.51515151515152,3.3352560240153304,21.34463064341891,4.962803303935425
97.97979797979798,51.51515151515152,3.2914597720160144,26.0157471308958,4.376591382863095
98.98989898989899,51.51515151515152,2.7243125812502003,26.29654881469345,5.029608832604263
100.0,51.51515151515152,6.837908795748828,24.16940846404035,4.716647441341296
0.0,52.52525252525253,6.357112498247779,22.73312414491451,4.055699898034076
1.01010101010101,52.52525252525253,6.9577989932256115,18.48211844545408,4.56971283220141
2.02020202020202,52.52525252525253,4.956502452247875,23.33574916057888,5.982143092881516
3.03030303030303,52.52525252525253,12.333420223106977,11.86416232024523,4.218898718265285
4.040404040404041,52.52525252525253,11.870212853585722,29.43400380623778,3.940584976634071
5.050505050505051,52.52525252525253,4.854556262625759,21.44495528394253,3.548742186943026
6.060606060606061,52.52525252525253,8.812932070071867,27.37355260734233,3.045261524369224
7.070707070707071,52.52525252525253,7.7018297991679106,14.27491113118562,4.108017523563074
8.080808080808081,52.52525252525253,9.968236808523397,15.44439312244067,4.668634251690353
9.090909090909092,52.52525252525253,11.255282414949269,27.24331061514804,4.332330974477281
10.1010101010101,52.52525252525253,15.757111058330922,10.62220750238876,4.610331015126436
11.11111111111111,52.52525252525253,15.433112375721057,32.57537553554017,4.137588019780814
12.12121212121212,52.52525252525253,8.233818451096646,18.95290290728664,4.555811438375676
13.13131313131313,52.52525252525253,12.258704668439677,7.443058653450123,3.633644751910559
14.14141414141414,52.52525252525253,7.0449936268792515,17.21602186201685,0.8991506098690457
15.15151515151515,52.52525252525253,6.954582530643712,12.59698583670638,1.725123903517152
16.16161616161616,52.52525252525253,5.6862084314366514,19.1709504957096,1.392579996688132
17.17171717171717,52.52525252525253,8.242462769134914,20.84008858172237,1.447214463079269
18.18181818181818,52.52525252525253,19.696095851212647,2.058128070290862,1.475168195297551
19.19191919191919,52.52525252525253,15.520172691567748,28.84429755623015,4.752712719360993
20.2020202020202,52.52525252525253,14.572004425916937,5.280435241326118,4.983604666593444
21.21212121212121,52.52525252525253,9.015147792102312,14.39276139721645,4.911040110330619
22.22222222222222,52.52525252525253,8.412807294976602,12.24049882067479,5.378011473412784
23.23232323232324,52.52525252525253,7.82873484874867,21.73352538741795,4.880629620517684
24.24242424242424,52.52525252525253,8.33953828812322,30.39646233936047,5.447339063727107
25.25252525252525,52.52525252525253,9.762699150104938,32.70950398036256,4.455179446210524
26.26262626262626,52.52525252525253,12.920519323109149,37.89225386021215,2.986241031704704
27.27272727272727,52.52525252525253,5.106754937195953,25.55947755647389,4.765410600971981
28.28282828282828,52.52525252525253,4.0312329072641635,30.37716219987509,4.508639076470555
29.29292929292929,52.52525252525253,6.145701710263633,20.91491159090245,4.771928727781517
30.3030303030303,52.52525252525253,8.86996488688046,28.29837786942385,4.033755380744581
31.31313131313131,52.52525252525253,7.291952071493872,19.33700133548203,5.769576999268506
32.32323232323233,52.52525252525253,6.960687129977217,25.8835967021898,3.386550939639947
33.33333333333334,52.52525252525253,5.519106056794667,22.74928005691589,4.057759836477604
34.34343434343435,52.52525252525253,2.672579329175176,22.06844442233658,4.774558230787785
35.35353535353536,52.52525252525253,4.303769004214585,19.9063052388046,4.815502764431306
36.36363636363637,52.52525252525253,3.2370607450948583,21.0113124781583,5.86279395696582
37.37373737373738,52.52525252525253,2.5786923030012288,23.54750971114452,4.110825087766393
38.38383838383839,52.52525252525253,2.6261990777018354,20.92804992764977,4.511372256239204
39.3939393939394,52.52525252525253,4.310407222610218,20.28568038961018,3.906189476629871
40.40404040404041,52.52525252525253,4.669083053809527,20.47368090456214,4.043654067553784
41.41414141414142,52.52525252525253,6.139149189726218,19.47702583271936,3.672889451437868
42.42424242424243,52.52525252525253,4.897573382872597,17.66663270111528,4.513221733785288
43.43434343434344,52.52525252525253,8.295184681866152,9.277497846739939,3.675899069777317
44.44444444444445,52.52525252525253,7.623183050697044,22.13068036080872,2.940595241076784
45.45454545454546,52.52525252525253,6.042037219070729,12.14316471411965,2.01390377888662
46.46464646464647,52.52525252525253,4.59778721677263,18.06508306259802,1.459561501493541
47.47474747474748,52.52525252525253,5.745870535950392,15.28222417200478,1.362657723373136
48.48484848484848,52.52525252525253,5.023864550302477,17.39762669251077,0.9372051989622672
49.49494949494949,52.52525252525253,5.969177866549893,14.2313943048901,1.12879822487849
50.50505050505051,52.52525252525253,3.93993659635619,16.22422326558393,4.188796090265509
51.51515151515152,52.52525252525253,6.822401294872005,22.23856113648285,4.48342985283614
52.52525252525253,52.52525252525253,15.160743604693153,8.195090503755678,3.578376089000479
53.53535353535354,52.52525252525253,8.65912039948482,15.32712753226285,4.847515217814562
54.54545454545455,52.52525252525253,9.238668359078929,26.69043848776471,4.714303098949138
55.55555555555556,52.52525252525253,3.0216835870241363,28.53106388751568,5.471986773209038
56.56565656565657,52.52525252525253,5.517448158477163,23.1659176796503,4.846272473086782
57.57575757575758,52.52525252525253,15.107824644447959,31.19679784415483,4.337502614135134
58.58585858585859,52.52525252525253,9.181759473701728,17.6075715067767,3.688182651087091
59.5959595959596,52.52525252525253,6.969651923992565,25.12334587183123,3.411513415532887
60.60606060606061,52.52525252525253,3.9775245886329706,28.96888470756157,4.281324845521063
61.61616161616162,52.52525252525253,5.706224405528467,31.8838384315594,6.222981341943826
62.62626262626263,52.52525252525253,7.245049349882676,25.06410115971548,5.304985064980218
63.63636363636364,52.52525252525253,7.189786534496298,18.96908812944324,4.530544537222598
64.64646464646465,52.52525252525253,18.682522903504722,35.01716717505992,4.350341951693447
65.65656565656566,52.52525252525253,14.440876465555789,10.05893629526128,3.756627924961368
66.66666666666667,52.52525252525253,7.282826494241124,25.45647916771227,3.859702097787139
67.67676767676768,52.52525252525253,4.517469125360916,18.79173389288372,4.644651177845326
68.68686868686869,52.52525252525253,4.117868615449634,26.01243120830958,6.120582576126111
69.6969696969697,52.52525252525253,8.704779650205932,22.0918550957384,4.550641816069253
70.70707070707071,52.52525252525253,12.689089043816079,34.70314556005994,4.212268217688317
71.71717171717172,52.52525252525253,6.594415210122241,23.5935695727693,5.027025983173228
72.72727272727273,52.52525252525253,3.0478401066075174,29.17613613328647,2.921380245021053
73.73737373737374,52.52525252525253,7.057439846287148,30.58003655400456,5.515056761674358
74.74747474747475,52.52525252525253,6.209715735309126,18.38022475343545,5.442841489204906
75.75757575757576,52.52525252525253,5.688500273584929,18.23012631440501,5.533647289482733
76.76767676767678,52.52525252525253,9.412916708501633,12.25940650711198,1.245506556384806
77.77777777777779,52.52525252525253,6.71047493385419,20.64802733290175,1.499677654890436
78.7878787878788,52.52525252525253,4.017287741346184,21.76379953046175,2.111430308763468
79.7979797979798,52.52525252525253,8.046014933302276,25.50490744562218,2.108155614204166
80.80808080808082,52.52525252525253,8.294752832248465,16.64474529667393,2.421741159725109
81.81818181818183,52.52525252525253,6.443245562400317,24.94866886716501,5.254958245838369
82.82828282828284,52.52525252525253,16.9505439244752,34.15884799542629,4.470946118587294
83.83838383838385,52.52525252525253,14.548888104355349,12.95540806941706,4.69567336309391
84.84848484848486,52.52525252525253,11.958342563473314,11.86193441686907,5.779175797386156
85.85858585858587,52.52525252525253,15.523966838640135,31.38565620798388,3.361282900532911
86.86868686868688,52.52525252525253,25.12544545891991,3.026157786192165,4.076061482039228
87.87878787878789,52.52525252525253,18.857376883623644,40.75489558911982,4.0250347522462
88.8888888888889,52.52525252525253,12.253426639371138,17.73421925806825,4.77826834870916
89.89898989898991,52.52525252525253,6.200943585863682,12.42791365470655,4.511348289956081
90.90909090909092,52.52525252525253,7.610105565519105,21.71138551356219,5.024160010089682
91.91919191919193,52.52525252525253,7.055882678532391,24.36279735759334,4.616833390591836
92.92929292929294,52.52525252525253,5.645715969359081,18.93144901002889,3.866180951429052
93.93939393939395,52.52525252525253,9.06574091530412,24.14900472108087,6.072103175796564
94.94949494949496,52.52525252525253,2.9090091465575325,20.72548100763903,5.944540417111838
95.95959595959597,52.52525252525253,7.253582840008612,15.52538803558281,4.143392191604059
96.96969696969697,52.52525252525253,2.88797891335246,21.19608333885721,4.325499798240299
97.97979797979798,52.52525252525253,2.5143313381564347,21.95845955184648,4.187937099813337
98.98989898989899,52.52525252525253,5.622947684594252,21.94184675766314,5.600407554510705
100.0,52.52525252525253,11.55661898669572,33.08229123320549,4.658198586955431
0.0,53.53535353535354,12.531603733397972,15.52667493098853,5.199315718420903
1.01010101010101,53.53535353535354,18.180402125471204,35.6118903392173,4.277373963197388
2.02020202020202,53.53535353535354,6.7388895269041065,23.5311197977612,3.963476741871999
3.03030303030303,53.53535353535354,11.907771512859473,29.6659580636973,4.471855943071888
4.040404040404041,53.53535353535354,12.88540239003045,15.55674935229842,3.650457075781159
5.050505050505051,53.53535353535354,6.755404073280712,25.51696689120571,3.253796446693622
6.060606060606061,53.53535353535354,5.363115383646642,19.23144896320564,4.993622858044479
7.070707070707071,53.53535353535354,5.563775655161852,23.8119813275495,3.656190095872829
8.080808080808081,53.53535353535354,5.543568165837733,26.02325035093951,4.585527802021679
9.090909090909092,53.53535353535354,4.175905773756868,19.77987042786696,3.698029375882426
10.1010101010101,53.53535353535354,3.5701331113646684,19.66003861544391,5.072547591270102
11.11111111111111,53.53535353535354,6.061497850661996,18.6853504563498,4.399180076090141
12.12121212121212,53.53535353535354,3.00678323715886,21.09975231877087,0.5515042189010129
13.13131313131313,53.53535353535354,6.1698328504375,15.32533669493979,1.867283226486561
14.14141414141414,53.53535353535354,6.125002536299844,20.76815594081308,2.285733023294644
15.15151515151515,53.53535353535354,2.73659962463834,14.87267810149372,1.964386187231275
16.16161616161616,53.53535353535354,2.1494604794830128,13.37536427098823,1.250300556786098
17.17171717171717,53.53535353535354,4.2490868706801175,12.32949265591307,1.077562337694559
18.18181818181818,53.53535353535354,6.792540999175822,13.69228529340234,1.016209064409748
19.19191919191919,53.53535353535354,3.9325344752519267,18.6013666578679,0.8942737123237475
20.2020202020202,53.53535353535354,8.464911454959145,18.34661234035768,4.879634452172228
21.21212121212121,53.53535353535354,10.800525121431285,29.81061154471422,4.682073316360667
22.22222222222222,53.53535353535354,8.26158031569855,23.82629895725443,4.897442481766067
23.23232323232324,53.53535353535354,11.952312180586246,12.54482142843473,6.10312928483124
24.24242424242424,53.53535353535354,4.834422404526248,21.48981195316278,5.265201013751807
25.25252525252525,53.53535353535354,6.181422880425313,21.9523319828598,3.924184137020189
26.26262626262626,53.53535353535354,5.314453737117056,25.33542820993926,4.302907749306448
27.27272727272727,53.53535353535354,2.132452578761913,26.06853862328787,4.277984256239619
28.28282828282828,53.53535353535354,5.016976897419262,31.7936361367525,4.949952052714417
29.29292929292929,53.53535353535354,7.5056239701609435,25.44481528138675,3.056023991650913
30.3030303030303,53.53535353535354,15.792126623590079,9.528201425775784,4.905292504050875
31.31313131313131,53.53535353535354,8.97347388819885,24.62606200914393,5.477620841045133
32.32323232323233,53.53535353535354,14.642206712991849,37.80660537270984,3.614784785096561
33.33333333333334,53.53535353535354,13.669582549888034,13.8046389028549,4.24413269636949
34.34343434343435,53.53535353535354,3.733419060935476,23.85739415269442,5.039020522012098
35.35353535353536,53.53535353535354,3.3686604897202423,25.36298650902094,3.967098649140596
36.36363636363637,53.53535353535354,6.09490876779401,28.88617580454033,3.192546539712711
37.37373737373738,53.53535353535354,5.963576322202051,19.79752801275862,4.215042542529829
38.38383838383839,53.53535353535354,4.312320339064618,18.84617153439296,4.369630491760427
39.3939393939394,53.53535353535354,10.824285964659488,28.35037361278986,4.323959583649191
40.40404040404041,53.53535353535354,6.454263053679867,22.86652778748206,5.896770897219652
41.41414141414142,53.53535353535354,5.631257095357858,28.08582554371588,3.755738766368319
42.42424242424243,53.53535353535354,3.721856753430818,19.98529048431891,4.739434119728803
43.43434343434344,53.53535353535354,4.417167565598987,18.67518202731489,1.643849612568588
44.44444444444445,53.53535353535354,3.652588198928126,17.14463477939418,1.745857515057545
45.45454545454546,53.53535353535354,7.309580148262844,9.395979356589866,1.327375805702639
46.46464646464647,53.53535353535354,6.135178567566989,21.90244006640717,2.419680788091528
47.47474747474748,53.53535353535354,4.55094423092057,14.18905914491511,1.010553146718355
48.48484848484848,53.53535353535354,11.145282072185527,23.52538838624416,0.877847337744199
49.49494949494949,53.53535353535354,8.606099412753698,7.843421781510295,1.398175981842247
50.50505050505051,53.53535353535354,5.418169658604574,16.78012588719693,0.7401741672682715
51.51515151515152,53.53535353535354,9.25719849125301,27.80319391402374,3.374921261598082
52.52525252525253,53.53535353535354,13.009606135184177,29.07923886280555,4.726386851636977
53.53535353535354,53.53535353535354,15.477884193796253,9.383189065668574,4.421469243504999
54.54545454545455,53.53535353535354,7.1039970075513255,21.43096211868045,6.126527123605183
55.55555555555556,53.53535353535354,3.5032108601823717,24.2191841202804,4.627564694082732
56.56565656565657,53.53535353535354,9.22618911204914,28.68401120012793,4.248687351541907
57.57575757575758,53.53535353535354,12.027386982024144,14.62394122083704,3.850440931470398
58.58585858585859,53.53535353535354,5.31663026297498,22.59072835975846,4.569731741209344
59.5959595959596,53.53535353535354,4.973156025553576,21.02239452355747,4.681883998529273
60.60606060606061,53.53535353535354,3.8925359597649276,25.61007275512475,4.612339961018723
61.61616161616162,53.53535353535354,5.906013027718258,19.33191304531435,5.183064784100179
62.62626262626263,53.53535353535354,6.95523746093308,18.29018491495489,4.821001932871023
63.63636363636364,53.53535353535354,7.551871245167711,24.39027911360214,5.024653777111402
64.64646464646465,53.53535353535354,12.02565848473118,11.44201687282582,5.025671031177982
65.65656565656566,53.53535353535354,8.003046527851804,13.46467679666881,4.361968569409955
66.66666666666667,53.53535353535354,6.70306067919584,27.70561908260912,4.191411032477704
67.67676767676768,53.53535353535354,3.7583348866125057,20.2389432544932,3.817561920116541
68.68686868686869,53.53535353535354,6.598852914650777,25.550648939719,3.764927342316227
69.6969696969697,53.53535353535354,12.89911652318717,8.828617507398066,5.213288935576648
70.70707070707071,53.53535353535354,6.77050208591845,20.29900179687626,5.243111344793288
71.71717171717172,53.53535353535354,5.8356544942955315,19.67605070386434,4.543025749869026
72.72727272727273,53.53535353535354,6.008642138909272,28.14039090962373,4.723287039685228
73.73737373737374,53.53535353535354,5.944505602967248,25.02128174235814,3.858397394435874
74.74747474747475,53.53535353535354,7.739563399980906,11.35141561008679,1.23862578076235
75.75757575757576,53.53535353535354,3.9328812744745525,13.9440520610662,1.277494828553346
76.76767676767678,53.53535353535354,4.770882498861003,16.3503862557131,1.407717590116387
77.77777777777779,53.53535353535354,9.144960003513816,7.353016644783732,1.083059426949994
78.7878787878788,53.53535353535354,4.682390084024767,14.16888657744432,2.313492328276119
79.7979797979798,53.53535353535354,4.406260427818229,14.51128874225167,1.208670341595783
80.80808080808082,53.53535353535354,3.443487044140771,18.06122244288445,1.146051833099865
81.81818181818183,53.53535353535354,4.883552581025841,20.23676998786028,1.478086264511891
82.82828282828284,53.53535353535354,13.104047942849263,12.90465971423881,5.476275022094385
83.83838383838385,53.53535353535354,20.885504176749187,32.99336348403643,4.598695869420601
84.84848484848486,53.53535353535354,16.709509749826793,7.369889348651445,4.380557366457825
85.85858585858587,53.53535353535354,10.920048819807544,32.32666438513535,4.563983918591178
86.86868686868688,53.53535353535354,13.701296873141896,20.74881284985835,4.57752573696129
87.87878787878789,53.53535353535354,10.239148036535362,29.90467758416475,4.746340564043987
88.8888888888889,53.53535353535354,13.261349712664387,35.33395645789958,5.068854506003104
89.89898989898991,53.53535353535354,8.961269699882035,22.4302487662222,4.928408024483266
90.90909090909092,53.53535353535354,12.471483660990803,12.98449882907168,4.703828824826625
91.91919191919193,53.53535353535354,17.53898535018524,40.34729924764446,4.394441052178874
92.92929292929294,53.53535353535354,8.938413690091402,25.60299275482929,4.926161056473074
93.93939393939395,53.53535353535354,6.648674059411908,16.72404922034168,4.410934570216229
94.94949494949496,53.53535353535354,6.074750483478871,18.59919550989061,4.44957990908742
95.95959595959597,53.53535353535354,8.089997878927381,23.14012016111624,3.244019503050889
96.96969696969697,53.53535353535354,2.672061679639074,26.16638017144168,4.82344577734035
97.97979797979798,53.53535353535354,6.360705761444366,27.17950831825029,4.126813052591439
98.98989898989899,53.53535353535354,8.63357992619138,14.96181534604213,4.628796766804281
100.0,53.53535353535354,7.2376380089705785,18.46576151782581,5.415950587954041
0.0,54.54545454545455,10.7927668467985,25.8298215090277,4.477712602280296
1.01010101010101,54.54545454545455,13.411236800453818,12.18603968078056,4.858632453432024
2.02020202020202,54.54545454545455,7.757400320430769,14.98654113471929,3.525590280585525
3.03030303030303,54.54545454545455,6.102628342635954,20.08071473304646,5.164345393796454
4.040404040404041,54.54545454545455,10.890549962461515,29.15167820817469,3.113307738096401
5.050505050505051,54.54545454545455,6.450572246253816,18.8130976722534,5.908096604189335
6.060606060606061,54.54545454545455,4.35214005639284,21.67575656131159,5.568147276990235
7.070707070707071,54.54545454545455,6.253543756406663,29.73821236409916,4.398624684808845
8.080808080808081,54.54545454545455,2.811449104584402,22.88248386254997,5.074382172288184
9.090909090909092,54.54545454545455,1.338569568534175,22.65684160011775,5.302143748813817
10.1010101010101,54.54545454545455,6.790720740452969,23.80821997633027,4.573789718659544
11.11111111111111,54.54545454545455,8.871273541000873,11.71847415440737,2.167884096294359
12.12121212121212,54.54545454545455,4.770857451512526,19.40828626787182,0.8674880811186589
13.13131313131313,54.54545454545455,5.361319358364411,20.90515518549575,1.349785198339868
14.14141414141414,54.54545454545455,5.893575278628166,11.15857695960259,1.808127864006806
15.15151515151515,54.54545454545455,1.599175944765455,13.59476353755255,1.9023467616838
16.16161616161616,54.54545454545455,2.3323745233013167,13.1162940233582,1.44741926892954
17.17171717171717,54.54545454545455,5.049691426630494,18.40657996025981,1.244702604069284
18.18181818181818,54.54545454545455,5.868509783955616,22.95641806503932,1.016395312311373
19.19191919191919,54.54545454545455,5.702576569526506,18.92473797853758,1.579692184375648
20.2020202020202,54.54545454545455,10.961365070806442,9.271897141419425,0.9614572723062759
21.21212121212121,54.54545454545455,8.28449416931641,19.47467299830318,5.112910878825924
22.22222222222222,54.54545454545455,4.552513437849349,19.63156794731936,4.295899882952081
23.23232323232324,54.54545454545455,13.537811383524584,30.93889813824875,4.593851805830509
24.24242424242424,54.54545454545455,6.609554092069789,22.51334063064501,3.864010674016712
25.25252525252525,54.54545454545455,12.875461455155817,32.07523525028181,4.929921156295307
26.26262626262626,54.54545454545455,6.983592684355977,20.750645552172,4.163869215737253
27.27272727272727,54.54545454545455,3.3686716792790605,27.6310799447083,4.493952112328228
28.28282828282828,54.54545454545455,3.5061035622247028,25.21612085278324,4.58455541320512
29.29292929292929,54.54545454545455,3.4055339593710894,22.21765780220399,5.276680457953432
30.3030303030303,54.54545454545455,4.694500883034993,22.91205703750892,4.555715077971731
31.31313131313131,54.54545454545455,3.7474189682608774,26.95249294134337,3.980609618636777
32.32323232323233,54.54545454545455,3.7518918169848554,28.34329702468333,3.193951705194517
33.33333333333334,54.54545454545455,5.81059235411719,25.48360622865159,4.6074778023501
34.34343434343435,54.54545454545455,5.241954238296821,22.2710152454764,3.619661511036662
35.35353535353536,54.54545454545455,6.6819803878911666,28.35216554583966,5.581935378407889
36.36363636363637,54.54545454545455,3.539616508541811,24.99324114704742,4.736410596927454
37.37373737373738,54.54545454545455,12.283696277912174,29.86184733303355,4.378097169055304
38.38383838383839,54.54545454545455,10.725059506006106,14.13432712815386,3.848243312277183
39.3939393939394,54.54545454545455,18.00081706906718,8.105970881036283,4.798885643404875
40.40404040404041,54.54545454545455,14.85181838106692,35.58758953773999,4.677172431526945
41.41414141414142,54.54545454545455,5.588953541485039,28.68222139852,6.129598846038584
42.42424242424243,54.54545454545455,5.562841830689955,16.82716477020026,1.608124638408943
43.43434343434344,54.54545454545455,4.970640168827941,13.24485165041862,1.192955867349972
44.44444444444445,54.54545454545455,1.6096085194577134,16.79953023582124,1.336913552982007
45.45454545454546,54.54545454545455,4.199326097518418,15.63199845948984,0.7709610407879901
46.46464646464647,54.54545454545455,5.025605304182644,21.41892443125773,1.854504976312839
47.47474747474748,54.54545454545455,5.498694368644632,14.24996087868661,1.589539841663535
48.48484848484848,54.54545454545455,7.53326690695165,10.09031763729836,1.794920333765907
49.49494949494949,54.54545454545455,3.784234224090234,11.26117619872478,0.8987703223382253
50.50505050505051,54.54545454545455,3.3889047482257664,15.62312200690508,1.344009219914496
51.51515151515152,54.54545454545455,9.742632535023,8.638145702161205,1.235286623743663
52.52525252525253,54.54545454545455,9.417151379165375,18.8970574270375,4.527279250304312
53.53535353535354,54.54545454545455,17.634799796562,33.60696452411045,3.277344527642801
54.54545454545455,54.54545454545455,12.134119391744258,13.11044551217123,5.727362813179805
55.55555555555556,54.54545454545455,4.996213622079883,21.77126952823367,5.205154442680114
56.56565656565657,54.54545454545455,9.489525637332596,15.82224533154742,5.171106864845377
57.57575757575758,54.54545454545455,6.566768530779475,24.13377540740351,4.093132414055066
58.58585858585859,54.54545454545455,8.77949329255327,29.33897158355421,3.801749625588117
59.5959595959596,54.54545454545455,13.026536836315632,11.3867338373852,4.493722677138988
60.60606060606061,54.54545454545455,5.542431704853383,24.26457880987954,4.913020089514205
61.61616161616162,54.54545454545455,3.76809522067662,23.08415192977247,4.843302567926245
62.62626262626263,54.54545454545455,12.342334844266333,32.1953961849199,4.605392305504598
63.63636363636364,54.54545454545455,8.6976685754945,18.65234155651377,3.955997602812441
64.64646464646465,54.54545454545455,4.867419322866303,20.99857834489713,5.524299188797095
65.65656565656566,54.54545454545455,4.655042942995275,25.8075201968852,5.167191512500469
66.66666666666667,54.54545454545455,5.205433864135683,24.85013439477885,3.596415804681028
67.67676767676768,54.54545454545455,4.159448893876738,19.43119458299438,5.592835443597117
68.68686868686869,54.54545454545455,4.595235504038098,21.6507566672532,5.360893797946573
69.6969696969697,54.54545454545455,7.265244650244551,18.96943029000728,3.172031894112913
70.70707070707071,54.54545454545455,5.2497770240198465,20.88353099487627,5.522529060965608
71.71717171717172,54.54545454545455,12.593733476574165,30.0138585133702,4.980276784841441
72.72727272727273,54.54545454545455,8.487715418938464,16.72501695067436,6.035816946790733
73.73737373737374,54.54545454545455,4.853259790952812,23.59098944167251,0.912021187414293
74.74747474747475,54.54545454545455,5.2697369473611,19.01835748341099,1.572483785423545
75.75757575757576,54.54545454545455,5.848761324347495,20.39053225999929,2.079056790020598
76.76767676767678,54.54545454545455,3.8405777879069953,12.76153981444648,1.214991308286737
77.77777777777779,54.54545454545455,4.188366237944854,14.82460642713102,1.844362862790647
78.7878787878788,54.54545454545455,5.011741983259838,10.19251129183062,1.446021642259841
79.7979797979798,54.54545454545455,5.914918473161911,17.25037588471395,1.89761375278162
80.80808080808082,54.54545454545455,4.207096341321536,11.4292326581405,1.543482799711392
81.81818181818183,54.54545454545455,3.225116283649415,14.92211636165895,1.360664458751905
82.82828282828284,54.54545454545455,3.5774799036125624,16.6458491610293,0.9500388574042335
83.83838383838385,54.54545454545455,7.181193590577336,15.20148009684165,1.520287368239419
84.84848484848486,54.54545454545455,9.621659089497342,19.1356341078721,4.210477466172545
85.85858585858587,54.54545454545455,7.679095680414111,38.53122491545315,4.74755915237333
86.86868686868688,54.54545454545455,12.195035052383046,37.09762900917634,4.362926001880057
87.87878787878789,54.54545454545455,14.17451139436038,14.3834470510196,4.665521300813873
88.8888888888889,54.54545454545455,9.665510154506704,18.22128137248558,4.340326038968876
89.89898989898991,54.54545454545455,7.951750666532832,25.92353482540679,3.070979583710314
90.90909090909092,54.54545454545455,6.2973736792423995,17.33499643282108,4.136689089586977
91.91919191919193,54.54545454545455,10.846591640030889,28.28296664834256,4.324545409562734
92.92929292929294,54.54545454545455,5.155147650723678,20.14413176656687,3.875589551327184
93.93939393939395,54.54545454545455,10.375031575765039,25.13970013321358,4.257563502676526
94.94949494949496,54.54545454545455,15.17506599043039,2.842550014498106,3.68178337397881
95.95959595959597,54.54545454545455,16.36561861408891,5.962045432491216,4.65809377194359
96.96969696969697,54.54545454545455,9.678139571694334,27.84494190027946,4.368660987178444
97.97979797979798,54.54545454545455,7.122100140320746,20.1885551578934,4.855435634997913
98.98989898989899,54.54545454545455,7.683986223584339,26.7944644951948,5.036814111728238
100.0,54.54545454545455,8.691186795071213,22.05819965757419,4.72095911062154
0.0,55.55555555555556,9.688701186923916,17.39844937491851,4.140506097823662
1.01010101010101,55.55555555555556,7.1229869567005855,25.96085294197323,4.338840098596954
2.02020202020202,55.55555555555556,8.703199306359224,29.57688870113456,3.586639232354369
3.03030303030303,55.55555555555556,3.5751267849028077,19.42058176660888,4.395718938864064
4.040404040404041,55.55555555555556,4.937002508001563,18.59395122525442,4.685590016804604
5.050505050505051,55.55555555555556,4.009439564450158,24.71027801333687,4.417041899249796
6.060606060606061,55.55555555555556,4.056815586932775,25.71489449693124,5.280679486765214
7.070707070707071,55.55555555555556,11.771591651315937,33.9079720488394,3.480166529844734
8.080808080808081,55.55555555555556,6.717509551393939,21.85882469658331,5.105986641908737
9.090909090909092,55.55555555555556,6.036730113832847,23.75712806335892,4.389418368669924
10.1010101010101,55.55555555555556,8.296384340334424,14.03464257354018,2.268479670916285
11.11111111111111,55.55555555555556,6.401375043376234,20.45713408108108,1.047123998707973
12.12121212121212,55.55555555555556,6.8785783930998905,11.20300354380915,1.9107215723121
13.13131313131313,55.55555555555556,4.121960948356143,16.28314338611116,1.69105237182549
14.14141414141414,55.55555555555556,2.72714548442747,12.94053428906164,1.944912842425041
15.15151515151515,55.55555555555556,1.6446322141327046,15.79889666052889,2.006064079164925
16.16161616161616,55.55555555555556,2.0470974117577225,16.41796641783748,1.305403378929903
17.17171717171717,55.55555555555556,3.9426088081010544,14.12502559976569,0.8328444054726699
18.18181818181818,55.55555555555556,5.079102707069465,17.32802989213508,1.54582768511039
19.19191919191919,55.55555555555556,8.23314657027903,10.12232394472113,2.02673230707845
20.2020202020202,55.55555555555556,13.370741204240737,24.18702553170503,1.402313321780744
21.21212121212121,55.55555555555556,12.92823267472647,7.032305673348517,0.5415952276527565
22.22222222222222,55.55555555555556,6.27522533442472,22.18266554883612,4.720291649805053
23.23232323232324,55.55555555555556,11.449804099954642,14.91461701249757,4.930003943917734
24.24242424242424,55.55555555555556,5.374177632136766,15.08610506708862,3.497543876724708
25.25252525252525,55.55555555555556,7.7148765169736695,11.58277701482715,4.730482560409087
26.26262626262626,55.55555555555556,6.594789026707305,15.60608156316146,4.787451714636029
27.27272727272727,55.55555555555556,5.3420384812498645,25.01432803347385,3.997908215107828
28.28282828282828,55.55555555555556,4.941676573669965,23.182644030358,4.095817932904053
29.29292929292929,55.55555555555556,8.158824195502529,15.51554172978657,3.088898631981983
30.3030303030303,55.55555555555556,7.6371680210081525,22.25274425624146,3.917065692917593
31.31313131313131,55.55555555555556,4.360005586024473,19.72048798767371,4.063601301377925
32.32323232323233,55.55555555555556,3.8268257344252428,27.04953298414212,5.25177921841898
33.33333333333334,55.55555555555556,11.43098294020229,30.97472654011673,3.326178092841581
34.34343434343435,55.55555555555556,12.108148870292624,12.18331848304559,4.996312493787837
35.35353535353536,55.55555555555556,9.654444080912572,14.05349773024922,5.40260867529331
36.36363636363637,55.55555555555556,8.240071752292762,27.03124193894339,4.727213408093065
37.37373737373738,55.55555555555556,15.07097983368619,11.3875079325256,4.551225307682445
38.38383838383839,55.55555555555556,16.223694871430276,30.56684429394192,5.048547627861613
39.3939393939394,55.55555555555556,8.401099490269285,26.35486152173014,2.779662843689986
40.40404040404041,55.55555555555556,7.989605073581373,23.28836455965392,4.261353251764605
41.41414141414142,55.55555555555556,8.050365881948746,25.68322785492369,0.9667302035839134
42.42424242424243,55.55555555555556,6.966085938158085,13.17129290966047,1.681036567476075
43.43434343434344,55.55555555555556,10.726791832102172,5.929613057187385,1.959426398526796
44.44444444444445,55.55555555555556,4.283103723499343,18.17064940834513,0.7891352282546266
45.45454545454546,55.55555555555556,2.479656637717876,19.23882599856425,2.043820785199618
46.46464646464647,55.55555555555556,7.446547666948644,14.7559083740156,1.35209920615735
47.47474747474748,55.55555555555556,13.010774518496518,3.644691931838953,1.343520038196719
48.48484848484848,55.55555555555556,9.148524620513305,21.45781271334449,1.792465874807866
49.49494949494949,55.55555555555556,3.7394728040511036,17.44755430826451,1.426454983124518
50.50505050505051,55.55555555555556,2.19192948468249,14.57142900721804,2.094377095654854
51.51515151515152,55.55555555555556,5.082771594440601,11.19973960077051,1.908885054084839
52.52525252525253,55.55555555555556,5.4184998517631024,21.4146626859817,0.6479646153550265
53.53535353535354,55.55555555555556,5.525730679635986,22.4979669053165,4.339099402848611
54.54545454545455,55.55555555555556,3.4673914740450438,24.16906344463738,5.122438842812736
55.55555555555556,55.55555555555556,1.9695013167820647,24.69836121175778,4.631503335779578
56.56565656565657,55.55555555555556,4.848680101831534,26.65802773975495,3.399950638878771
57.57575757575758,55.55555555555556,4.409887908911347,27.37428909194815,4.463480497532637
58.58585858585859,55.55555555555556,4.464112040279084,24.12667555945659,4.27545366579662
59.5959595959596,55.55555555555556,9.657081157568923,23.02713777781211,3.109640554549582
60.60606060606061,55.55555555555556,4.868977671535677,17.49861778831263,4.972592304631073
61.61616161616162,55.55555555555556,2.5884625098439127,22.05568106677861,4.771092578451932
62.62626262626263,55.55555555555556,9.433367426934012,19.38556696137314,6.357906360875954
63.63636363636364,55.55555555555556,12.15805100225175,31.8157868846139,4.180890343106065
64.64646464646465,55.55555555555556,7.249163140976912,18.24064116587466,6.012990614800906
65.65656565656566,55.55555555555556,7.7548739482059545,26.31852091455549,4.600692386589539
66.66666666666667,55.55555555555556,10.79999793238232,13.26020923995721,4.23525432248528
67.67676767676768,55.55555555555556,12.527287724498848,27.62273959095922,5.755334133659513
68.68686868686869,55.55555555555556,12.921994552388403,12.07059538507135,4.833433397918538
69.6969696969697,55.55555555555556,16.922277950457946,33.29416902626136,5.186249021518694
70.70707070707071,55.55555555555556,10.261215367144892,11.51338032015981,5.184052893305611
71.71717171717172,55.55555555555556,7.547573267983299,12.39590149776916,5.632765734708451
72.72727272727273,55.55555555555556,3.8179948161506565,19.10569061378486,1.547812367093137
73.73737373737374,55.55555555555556,5.933054230988634,17.04684702780656,1.406419766528027
74.74747474747475,55.55555555555556,3.9704679700417675,11.55115830214061,1.788262673700497
75.75757575757576,55.55555555555556,4.8598782707047175,12.44313438368351,2.08449319287968
76.76767676767678,55.55555555555556,3.748283121063927,10.68013416232247,1.756391138393779
77.77777777777779,55.55555555555556,4.006394027813702,17.41131984857821,2.11544344357824
78.7878787878788,55.55555555555556,4.504101835498009,14.57314421107254,1.214235587654842
79.7979797979798,55.55555555555556,4.830387452859425,9.20879695398537,2.075209725779464
80.80808080808082,55.55555555555556,3.9553248609981395,12.31160130859079,1.52529190161533
81.81818181818183,55.55555555555556,5.186328338437224,17.29131136716648,1.894727900631351
82.82828282828284,55.55555555555556,7.268131642161842,9.24522085692754,1.66211549960607
83.83838383838385,55.55555555555556,7.368259723435436,20.75584799673811,1.396351486542836
84.84848484848486,55.55555555555556,8.36627271715038,22.52678088802931,1.277324772323771
85.85858585858587,55.55555555555556,14.237343598040667,42.21386039293393,4.026904299126261
86.86868686868688,55.55555555555556,16.695506183073206,45.38117519495698,4.640745970290189
87.87878787878789,55.55555555555556,12.86479414160324,29.00824581569325,4.809425712980135
88.8888888888889,55.55555555555556,7.845685260238799,28.2305591307112,3.894428620652135
89.89898989898991,55.55555555555556,7.421251930282132,13.90061006396697,4.602195312566098
90.90909090909092,55.55555555555556,2.687198160555924,16.03250792770807,5.165045438506895
91.91919191919193,55.55555555555556,5.5317878776105625,16.04773778481807,4.536829798931694
92.92929292929294,55.55555555555556,2.227153707960709,18.11680540035698,5.422630912733401
93.93939393939395,55.55555555555556,4.0857984391531375,19.34794322838751,3.985787611280438
94.94949494949496,55.55555555555556,9.817688324036553,22.36952294411858,4.276079851356064
95.95959595959597,55.55555555555556,11.746562762359062,29.24405327444048,4.560745736867526
96.96969696969697,55.55555555555556,7.229677811071647,20.3502285525142,4.840936116068335
97.97979797979798,55.55555555555556,6.975847892805182,27.42370647913204,4.739679309095322
98.98989898989899,55.55555555555556,8.301900587111502,19.23334292493212,3.941546290104999
100.0,55.55555555555556,15.53832945019272,4.313342249729541,4.053388971478904
0.0,56.56565656565657,5.935302221102291,29.47077723452635,3.864994837203961
1.01010101010101,56.56565656565657,6.44141990890291,28.49954818136685,4.724977991926571
2.02020202020202,56.56565656565657,5.518104553578592,23.12678173579994,4.857045779585683
3.03030303030303,56.56565656565657,4.058882471578199,22.07801846390239,4.163992922820312
4.040404040404041,56.56565656565657,5.966143873059354,16.34662550560535,3.951232483932269
5.050505050505051,56.56565656565657,6.86155076088847,27.72991265837721,5.703543595950154
6.060606060606061,56.56565656565657,4.993463852129355,22.72446412032232,4.236170291853695
7.070707070707071,56.56565656565657,16.980752280340532,11.23359003248014,4.13646513868983
8.080808080808081,56.56565656565657,18.887605496206888,33.7577530171607,5.640656951656931
9.090909090909092,56.56565656565657,13.444067117193036,12.33128292786305,1.30599311221095
10.1010101010101,56.56565656565657,5.728782582319399,21.30162553472815,0.8827992043328168
11.11111111111111,56.56565656565657,3.7199897854998345,21.64735228309948,1.234456849212133
12.12121212121212,56.56565656565657,3.882540736120768,16.1777640125721,1.332056244437767
13.13131313131313,56.56565656565657,5.003935996069835,12.84006033142271,2.244464442667637
14.14141414141414,56.56565656565657,1.778837261517952,15.8661874287957,1.696231070841979
15.15151515151515,56.56565656565657,1.4687958859582322,14.90193305575025,1.838039750509123
16.16161616161616,56.56565656565657,5.495731039666451,18.39267309500871,0.9214208355548925
17.17171717171717,56.56565656565657,9.775252094301194,8.132089838296771,1.706857569485659
18.18181818181818,56.56565656565657,7.818202937184305,21.60734230772536,1.271920589925194
19.19191919191919,56.56565656565657,4.212470079922998,12.98208865762295,1.229330831104381
20.2020202020202,56.56565656565657,4.806156387334218,16.8386105503681,2.085887861702925
21.21212121212121,56.56565656565657,5.416427771369095,13.99778931345562,1.755107309547114
22.22222222222222,56.56565656565657,7.484779906583105,22.05127022448015,1.490463946390708
23.23232323232324,56.56565656565657,17.346105349963366,37.25001569563536,4.857348984694829
24.24242424242424,56.56565656565657,11.206253305989001,25.48076392522677,5.26145114201041
25.25252525252525,56.56565656565657,7.2798547154802815,14.42319224667139,4.645356316350245
26.26262626262626,56.56565656565657,7.416674612883666,23.40912266233344,4.72154390492942
27.27272727272727,56.56565656565657,4.187219288964712,17.50285649313708,4.851541038343208
28.28282828282828,56.56565656565657,9.208041297545034,14.94820086179066,5.569665914407128
29.29292929292929,56.56565656565657,13.475312796671421,27.04441761235294,5.117787608811903
30.3030303030303,56.56565656565657,20.839233586599967,42.87264476398397,3.560862160811535
31.31313131313131,56.56565656565657,7.928233004522236,19.37377186228164,3.521944129871379
32.32323232323233,56.56565656565657,5.762255392952985,24.29023263942538,2.937365295007728
33.33333333333334,56.56565656565657,12.996660482019259,13.45851670381846,5.294105637824385
34.34343434343435,56.56565656565657,10.168992526375416,29.8666298975105,4.094505816344958
35.35353535353536,56.56565656565657,7.06478033767864,23.52468278241127,5.53243642665072
36.36363636363637,56.56565656565657,8.958884024517523,29.33204994110651,4.384926150607416
37.37373737373738,56.56565656565657,10.513591248631382,18.3740174989283,4.219613016509268
38.38383838383839,56.56565656565657,20.982481125048864,5.49590110763698,5.128445171600887
39.3939393939394,56.56565656565657,8.661852456267992,18.27783393563486,3.195726907743095
40.40404040404041,56.56565656565657,6.923168067831746,9.090529500760482,1.273484576280319
41.41414141414142,56.56565656565657,6.069769726251189,11.387556111258,0.8719497042339734
42.42424242424243,56.56565656565657,3.9003185176690196,17.62615000401672,1.690550440795631
43.43434343434344,56.56565656565657,7.179483254601545,22.03882558873401,1.409631192847393
44.44444444444445,56.56565656565657,2.472790366478688,20.62273218844175,1.345639041524048
45.45454545454546,56.56565656565657,2.19996675481857,18.47812120153492,0.845760682381582
46.46464646464647,56.56565656565657,7.269909573848456,22.28494891784275,1.250644774142546
47.47474747474748,56.56565656565657,6.14902614679002,16.15818383529518,0.3384520135430471
48.48484848484848,56.56565656565657,2.4313686347648686,18.05458849392292,1.727618234746412
49.49494949494949,56.56565656565657,2.766885525957214,15.56242490772628,2.059149844474135
50.50505050505051,56.56565656565657,3.2857824459849168,16.03963923876696,1.233554240519312
51.51515151515152,56.56565656565657,4.3723616205291975,15.38261958826489,1.615806249942023
52.52525252525253,56.56565656565657,4.292140807311515,13.55649584241948,2.162198971460375
53.53535353535354,56.56565656565657,5.242042825932355,14.25844256422219,0.3676284221306558
54.54545454545455,56.56565656565657,4.296667172830635,23.55850978736464,4.161954650421012
55.55555555555556,56.56565656565657,6.706567187816735,27.16031050024436,4.119011721238836
56.56565656565657,56.56565656565657,4.60043295603639,20.77501762082671,4.681268825521976
57.57575757575758,56.56565656565657,3.9243387849588194,16.93912602553216,3.536597189979807
58.58585858585859,56.56565656565657,14.016852462804227,15.82967473657391,2.904278816515988
59.5959595959596,56.56565656565657,23.69554920862471,43.38700069651693,4.61815374087841
60.60606060606061,56.56565656565657,10.812979161462286,20.12298418492296,3.879782472322287
61.61616161616162,56.56565656565657,3.561523636065364,24.15388285928895,4.437071785184432
62.62626262626263,56.56565656565657,9.131229237503053,29.20887341691619,3.585904903186405
63.63636363636364,56.56565656565657,6.914911701906127,22.35239384568703,4.402138814889764
64.64646464646465,56.56565656565657,7.724200597712956,22.82633108333977,4.915142016987221
65.65656565656566,56.56565656565657,13.802344631412087,35.69082456642991,4.076629240984986
66.66666666666667,56.56565656565657,11.396775457838718,9.070984690849857,6.142655573225902
67.67676767676768,56.56565656565657,9.003303591781707,15.61980825781855,4.251249439297088
68.68686868686869,56.56565656565657,11.527177642968509,6.738496304777466,4.192658030019574
69.6969696969697,56.56565656565657,8.15326504091251,22.93415830797521,4.988861340900806
70.70707070707071,56.56565656565657,6.435964931497861,20.52478123031202,3.273448710114967
71.71717171717172,56.56565656565657,8.28767027520884,7.415875735062052,1.535148679592973
72.72727272727273,56.56565656565657,6.425012822056027,14.98301771428673,1.008502978497334
73.73737373737374,56.56565656565657,6.238546700900703,7.41330482936222,1.596611529870062
74.74747474747475,56.56565656565657,5.054461076775112,13.57816619382845,1.431227348167931
75.75757575757576,56.56565656565657,8.274870957408465,21.28027328728266,2.412095169937786
76.76767676767678,56.56565656565657,8.49557812899783,6.262593237807549,2.085994782609479
77.77777777777779,56.56565656565657,4.734262360510192,13.541818482532,1.119829816354441
78.7878787878788,56.56565656565657,3.4547734139937814,9.139892682915265,1.680849012861034
79.7979797979798,56.56565656565657,3.827402439177383,12.0216162230019,1.968234292694784
80.80808080808082,56.56565656565657,5.937475166480052,19.16801768895195,1.824976502959916
81.81818181818183,56.56565656565657,3.8958973216564794,11.94099358773974,1.362222698484149
82.82828282828284,56.56565656565657,2.2302133186058253,11.36040147142364,0.9989316354451954
83.83838383838385,56.56565656565657,5.918563918704045,10.1187370339946,1.820345711723181
84.84848484848486,56.56565656565657,4.096577464020967,13.91084919578082,0.9951119701036192
85.85858585858587,56.56565656565657,9.833311483783532,11.80151578517971,0.3554399777138813
86.86868686868688,56.56565656565657,14.815339822126829,6.422940829731573,4.789604434017061
87.87878787878789,56.56565656565657,10.961794610287765,9.324484078199728,3.313308342343495
88.8888888888889,56.56565656565657,7.206624462452233,21.9647315997079,4.641973966454145
89.89898989898991,56.56565656565657,9.444966481544197,12.70037403476359,3.35240109772448
90.90909090909092,56.56565656565657,8.928721039656097,23.33168434396766,3.919961039483285
91.91919191919193,56.56565656565657,11.87582918631787,8.240112610549218,3.952789588729653
92.92929292929294,56.56565656565657,7.0690064558731205,21.69788842242049,3.914357668634171
93.93939393939395,56.56565656565657,6.333142268131404,13.04922392036263,4.759695825244686
94.94949494949496,56.56565656565657,8.03952739732932,12.52185262364581,6.350583639702663
95.95959595959597,56.56565656565657,6.329402407396249,21.30816511920168,4.966265115980265
96.96969696969697,56.56565656565657,8.957268240698802,14.89353330453699,4.366704126035175
97.97979797979798,56.56565656565657,12.6129810900057,32.82810524829637,3.962462471917756
98.98989898989899,56.56565656565657,6.412105248104757,16.69722637615129,5.215324155779901
100.0,56.56565656565657,5.931468070545698,18.26347251726047,4.400614716929265
0.0,57.57575757575758,6.186001020788569,24.70842748398681,3.670803613698943
1.01010101010101,57.57575757575758,12.911002770603252,11.61655928387524,5.170058438504292
2.02020202020202,57.57575757575758,14.551506997786968,32.32756326731523,2.854957364114525
3.03030303030303,57.57575757575758,7.647764037864862,15.28008150507769,6.039593418044401
4.040404040404041,57.57575757575758,7.981430875575253,11.8440558440859,5.240454380482682
5.050505050505051,57.57575757575758,14.371890813564178,35.767745366064,4.030003324708783
6.060606060606061,57.57575757575758,9.731976004051972,22.23736171431089,3.270702856172011
7.070707070707071,57.57575757575758,15.425709368689638,0.0,4.982450322961832
8.080808080808081,57.57575757575758,11.004944036507823,14.05689242688875,1.169679194702614
9.090909090909092,57.57575757575758,9.942754243996763,24.28489356497657,1.420914292735226
10.1010101010101,57.57575757575758,5.181256211670302,14.96954752187495,2.286313022512547
11.11111111111111,57.57575757575758,4.0756160235608725,13.77292636201725,1.56159282708265
12.12121212121212,57.57575757575758,4.426263077166931,14.42965348852875,2.183202868357498
13.13131313131313,57.57575757575758,9.151943393621412,23.04889048249122,1.624623124131175
14.14141414141414,57.57575757575758,1.977464275182995,16.06550186471501,1.063195322561384
15.15151515151515,57.57575757575758,2.3118283127829504,15.42515858250063,0.8525784159453541
16.16161616161616,57.57575757575758,5.439236934808104,12.13577890948454,2.572131914995015
17.17171717171717,57.57575757575758,5.6570163003302145,17.5043267278921,1.000364123350233
18.18181818181818,57.57575757575758,2.991710052960267,16.71434909410942,2.174217011573961
19.19191919191919,57.57575757575758,2.8809446018985043,14.49042872156556,2.011954505731458
20.2020202020202,57.57575757575758,6.658388157205083,22.01747798871041,1.489191138885213
21.21212121212121,57.57575757575758,4.355197705627182,17.80371461088789,0.7004335328122205
22.22222222222222,57.57575757575758,3.9293972749160124,15.49577230468344,1.311650926476745
23.23232323232324,57.57575757575758,11.999897406990035,17.16899022048348,0.9262619535042274
24.24242424242424,57.57575757575758,16.562703589199522,37.08429484208065,5.536969504110338
25.25252525252525,57.57575757575758,7.436720012304852,20.65869378253084,3.919797456785857
26.26262626262626,57.57575757575758,7.149508791359611,16.43766189482917,5.768185477586776
27.27272727272727,57.57575757575758,5.414290850521943,18.27934030811638,3.406368731858951
28.28282828282828,57.57575757575758,11.458337751171733,28.89505050149475,5.232524346996882
29.29292929292929,57.57575757575758,12.990255669922458,12.59648621042693,5.244611827969476
30.3030303030303,57.57575757575758,10.430257315896593,19.46271097865997,6.857437373116821
31.31313131313131,57.57575757575758,2.3552850286390177,22.32465407613244,4.488563545526496
32.32323232323233,57.57575757575758,3.3206963041495605,19.74868812508084,5.328980046710809
33.33333333333334,57.57575757575758,6.074187427461855,20.68911966629827,4.521505201341458
34.34343434343435,57.57575757575758,8.769440340650064,30.10922827975598,5.35571634426533
35.35353535353536,57.57575757575758,8.778000129252094,16.88606075765323,4.100983342447694
36.36363636363637,57.57575757575758,13.403912353118576,12.56272144607299,4.907738892850522
37.37373737373738,57.57575757575758,9.593748949612618,29.60572409358159,5.550219876196728
38.38383838383839,57.57575757575758,23.635919486195952,38.6948332022383,3.759125229122301
39.3939393939394,57.57575757575758,8.907700960837834,13.67668895953043,1.382122654736461
40.40404040404041,57.57575757575758,3.004978981761485,11.10103566782213,1.117204709277477
41.41414141414142,57.57575757575758,2.944868222258767,12.83534276934083,1.890402337295539
42.42424242424243,57.57575757575758,3.4642001132393823,18.12129750286054,1.088242118373365
43.43434343434344,57.57575757575758,6.335019039456322,15.25887408688401,1.438077951812297
44.44444444444445,57.57575757575758,7.5752032277922146,24.50110648706079,1.492502826628368
45.45454545454546,57.57575757575758,4.41452075766434,16.39039768250463,0.7890094445899061
46.46464646464647,57.57575757575758,7.852764284357297,10.66794396513148,2.196720648872908
47.47474747474748,57.57575757575758,4.7290359048710435,20.21762677782372,1.511761654446012
48.48484848484848,57.57575757575758,3.866348750858219,16.1209064191094,0.9726424788515071
49.49494949494949,57.57575757575758,4.754127892532399,9.349390121672975,1.210058266334903
50.50505050505051,57.57575757575758,6.567216530605051,5.498953667918962,2.604413484333978
51.51515151515152,57.57575757575758,9.485733474982858,4.55919648998996,1.632944030087755
52.52525252525253,57.57575757575758,8.365703987933678,20.3388217604552,1.032841773641367
53.53535353535354,57.57575757575758,2.3294745133899992,16.98507558191214,0.8547747272650839
54.54545454545455,57.57575757575758,5.613962963237404,19.88426268933701,1.872314509610662
55.55555555555556,57.57575757575758,8.535796133690374,12.78308462976137,4.105515773142931
56.56565656565657,57.57575757575758,7.7988138079518095,23.07255485133183,4.869635278145424
57.57575757575758,57.57575757575758,8.173462032756245,16.62227683636567,3.989183955453715
58.58585858585859,57.57575757575758,15.497191374229361,34.93330651600687,4.229706765071839
59.5959595959596,57.57575757575758,14.094239043407512,19.78600925225989,4.183996044891519
60.60606060606061,57.57575757575758,13.89221158329497,33.45561924820181,6.508088750201583
61.61616161616162,57.57575757575758,6.32229363590831,21.09187933953106,3.933906402335992
62.62626262626263,57.57575757575758,12.101575233542398,14.41873305130343,4.721665927918413
63.63636363636364,57.57575757575758,11.806275473753473,33.21823080550276,5.289331032212786
64.64646464646465,57.57575757575758,7.5068410180135725,35.7990128359836,4.914990920585892
65.65656565656566,57.57575757575758,9.272504975573286,29.33808305132618,4.627260936678784
66.66666666666667,57.57575757575758,8.33416984725092,17.30019853054863,4.06110327447741
67.67676767676768,57.57575757575758,5.680840101483737,24.19995577179493,4.909860625397251
68.68686868686869,57.57575757575758,6.297442552153963,22.43813384011879,3.932581979040807
69.6969696969697,57.57575757575758,3.6825426948105093,26.58216867247817,3.947743085516547
70.70707070707071,57.57575757575758,5.5734279376321965,21.7389574732381,1.451960490508356
71.71717171717172,57.57575757575758,6.0765619943975056,14.91048359871565,1.745001401700982
72.72727272727273,57.57575757575758,5.541710985998385,8.542494189709938,1.011435557087162
73.73737373737374,57.57575757575758,4.878267331227621,5.827234473594485,1.666495868581733
74.74747474747475,57.57575757575758,6.074840857814421,17.90203415132062,1.258088786461349
75.75757575757576,57.57575757575758,4.5513099637914225,19.73771550417727,2.377847408859939
76.76767676767678,57.57575757575758,5.042365822500406,13.53045953508438,1.161570362558656
77.77777777777779,57.57575757575758,4.434088195485947,10.15542145087863,1.351749523504925
78.7878787878788,57.57575757575758,3.6784393370613433,8.037699894800783,1.256695792373463
79.7979797979798,57.57575757575758,3.798032627355614,14.49028170465822,0.9855336635974178
80.80808080808082,57.57575757575758,2.289298211081272,16.64795897055516,0.8534335081539361
81.81818181818183,57.57575757575758,1.899186519496773,14.36664887741061,1.231587429283187
82.82828282828284,57.57575757575758,4.083069097028915,16.3438175776057,1.881652954617951
83.83838383838385,57.57575757575758,4.035594097877791,18.12210514685201,1.342936415375841
84.84848484848486,57.57575757575758,3.72934812774487,15.77978178722887,1.209429532409497
85.85858585858587,57.57575757575758,3.838551121927273,10.36852282384905,2.019463722271236
86.86868686868688,57.57575757575758,5.184841638888837,18.44594754909718,1.61278403563177
87.87878787878789,57.57575757575758,4.466048117819963,17.94611001188093,5.105047747224257
88.8888888888889,57.57575757575758,3.3686888075662598,22.62079683206105,3.534175903720881
89.89898989898991,57.57575757575758,8.219898579409836,29.38433605758862,4.653411472011574
90.90909090909092,57.57575757575758,5.120453621894165,26.02451004370995,5.059318164407475
91.91919191919193,57.57575757575758,4.7874521748900625,19.38645663626214,3.944517995973963
92.92929292929294,57.57575757575758,4.281888332335441,19.10938593492065,5.172007184583307
93.93939393939395,57.57575757575758,7.369476539098968,22.90703788608868,5.408593428185733
94.94949494949496,57.57575757575758,6.042767881272513,25.51860810021763,5.362396272300254
95.95959595959597,57.57575757575758,5.632890040523889,23.48894228332732,4.756009365523545
96.96969696969697,57.57575757575758,11.449600053129148,8.870359348143054,4.493433936203085
97.97979797979798,57.57575757575758,6.648588653839403,21.84603047334235,4.864414779115429
98.98989898989899,57.57575757575758,2.9112429039990957,22.11240580653522,4.329804135739766
100.0,57.57575757575758,2.413291824357556,20.54150032025745,4.155888947293453
0.0,58.58585858585859,4.877629859216097,24.00464237227221,4.653966049287997
1.01010101010101,58.58585858585859,9.32021366860192,12.57470928524508,3.852526821545087
2.02020202020202,58.58585858585859,7.317130192656062,21.08080255336017,4.652264592143569
3.03030303030303,58.58585858585859,6.352520676456206,18.58969327448311,4.271741500691483
4.040404040404041,58.58585858585859,4.778124095484,11.90749450189758,4.370252009679073
5.050505050505051,58.58585858585859,6.704100688871069,23.77208799322528,5.108468095009089
6.060606060606061,58.58585858585859,8.207780241329637,24.91041795844335,5.643507837688864
7.070707070707071,58.58585858585859,8.123974716951212,14.17499330107877,1.955597719233546
8.080808080808081,58.58585858585859,0.956939252519033,14.09091441767152,1.098214947475702
9.090909090909092,58.58585858585859,4.146016495936973,16.01083440729248,2.249489038399306
10.1010101010101,58.58585858585859,6.06146367665969,11.08856789100626,0.7673581585875392
11.11111111111111,58.58585858585859,6.918801046276489,20.34761624880931,1.19318904991781
12.12121212121212,58.58585858585859,4.302803632415533,21.11063115267915,1.788640914408048
13.13131313131313,58.58585858585859,6.459762480233129,12.25257267081276,0.9041423519729362
14.14141414141414,58.58585858585859,2.7399838631073,16.15231262953709,2.103290258676713
15.15151515151515,58.58585858585859,9.659389951655282,20.21952335165158,1.11696707127685
16.16161616161616,58.58585858585859,10.487138024490559,5.293652847199949,2.7270030661849
17.17171717171717,58.58585858585859,3.920475430752318,10.40702386835681,2.41924808422931
18.18181818181818,58.58585858585859,2.5584350367137394,12.65440010221083,1.787747914671475
19.19191919191919,58.58585858585859,2.813625008340211,14.75489742552826,2.273923039047427
20.2020202020202,58.58585858585859,8.420945281329766,12.30360544319976,1.461282574569519
21.21212121212121,58.58585858585859,11.341859999025026,24.89687445193738,1.894728198223553
22.22222222222222,58.58585858585859,6.002944430686732,10.31484134682059,1.458323199513683
23.23232323232324,58.58585858585859,4.714942793243047,10.83894860507243,1.620861051614707
24.24242424242424,58.58585858585859,7.916586614213058,18.77791708328343,1.301689016470304
25.25252525252525,58.58585858585859,6.2882518261318925,23.52343934863931,3.76010053104699
26.26262626262626,58.58585858585859,9.65060798855081,32.00152599177446,4.331370464494224
27.27272727272727,58.58585858585859,4.822772497436862,26.70263128855927,5.137218748644836
28.28282828282828,58.58585858585859,3.5404535343331283,23.9228236209581,3.856612706026022
29.29292929292929,58.58585858585859,5.60733247370226,26.94478842888989,4.274017224763967
30.3030303030303,58.58585858585859,3.9133937272842774,28.04563859121684,4.01726499128911
31.31313131313131,58.58585858585859,2.5448402446894374,23.35700292831364,4.688187969898898
32.32323232323233,58.58585858585859,3.30584271088987,24.97353133506551,3.716663030985587
33.33333333333334,58.58585858585859,5.031771185535343,27.39472625899074,5.472267966968902
34.34343434343435,58.58585858585859,9.018096267993682,17.91734143496166,5.277884513810046
35.35353535353536,58.58585858585859,6.07357679897588,27.81293241622058,2.638434006753075
36.36363636363637,58.58585858585859,7.8496196701160175,28.04270040442493,4.796550041388574
37.37373737373738,58.58585858585859,5.265730959304117,28.59454664594972,4.701096157603422
38.38383838383839,58.58585858585859,13.390387733335263,11.45734070342039,0.6200209566553858
39.3939393939394,58.58585858585859,2.5494242421009905,17.11255029236117,1.598671182613763
40.40404040404041,58.58585858585859,3.823912883586596,16.80048503457942,0.8668173988579198
41.41414141414142,58.58585858585859,3.409861667991068,16.14676716525466,0.9325948224389911
42.42424242424243,58.58585858585859,9.573341339031835,23.33457230747801,1.824332626683809
43.43434343434344,58.58585858585859,7.310012486930429,8.803405247062036,1.555924320422742
44.44444444444445,58.58585858585859,4.779250187843607,15.43160907924392,1.511904529153784
45.45454545454546,58.58585858585859,1.9758955140395909,18.12759467220239,1.732757216890536
46.46464646464647,58.58585858585859,4.239367987697511,15.18985961978401,1.440348369246589
47.47474747474748,58.58585858585859,6.77090643131061,21.42792428337279,1.615991574401575
48.48484848484848,58.58585858585859,7.540337567704102,13.45743014664079,1.741911847661051
49.49494949494949,58.58585858585859,5.760804529720589,7.167866088787124,1.883678295055017
50.50505050505051,58.58585858585859,5.444484828788234,16.43694058780815,1.493619178832641
51.51515151515152,58.58585858585859,4.329964462457353,14.95932484325222,1.112001035523176
52.52525252525253,58.58585858585859,4.3434414918993545,12.79170317576451,1.566586688056781
53.53535353535354,58.58585858585859,5.885988075207954,17.32340733181426,1.777142169619634
54.54545454545455,58.58585858585859,5.443375910669589,11.10302310141553,0.3020383849017442
55.55555555555556,58.58585858585859,2.9649489329337926,15.15839501289378,0.9577591428265313
56.56565656565657,58.58585858585859,10.141561728484152,10.91458508656633,4.258615321871995
57.57575757575758,58.58585858585859,6.257925347128235,24.2379680836168,5.272477783431365
58.58585858585859,58.58585858585859,5.411183008518691,25.50649974191057,4.529854993654159
59.5959595959596,58.58585858585859,4.014545468583396,15.82695178257578,3.200900105478113
60.60606060606061,58.58585858585859,5.354142471301446,17.25275788291346,5.338404344175242
61.61616161616162,58.58585858585859,4.103555393192622,17.90159451255409,4.469166258451511
62.62626262626263,58.58585858585859,10.820434033005352,6.275216525173564,4.598811752847744
63.63636363636364,58.58585858585859,9.337846211693257,18.23924565498478,4.778607726004149
64.64646464646465,58.58585858585859,7.413168489065333,27.78604233171141,5.121848083953187
65.65656565656566,58.58585858585859,9.246807086888653,17.09961896957174,5.424263698372561
66.66666666666667,58.58585858585859,6.826306761051416,23.47002231782969,4.618330134824859
67.67676767676768,58.58585858585859,5.129382308952975,18.7183220527588,4.557332120222997
68.68686868686869,58.58585858585859,4.125470964022617,18.85385793087978,5.263651194109046
69.6969696969697,58.58585858585859,8.958385563591229,28.6770830556178,1.652857607093164
70.70707070707071,58.58585858585859,6.978258335281552,12.33110703939791,1.476039056569908
71.71717171717172,58.58585858585859,3.9663161430445606,11.29530676830739,2.943071645060718
72.72727272727273,58.58585858585859,5.041842912250134,15.18556548400552,1.696311739412788
73.73737373737374,58.58585858585859,7.032441462960543,8.964174048895647,1.039109655620184
74.74747474747475,58.58585858585859,12.029663554907305,23.96704859450335,1.268986432873398
75.75757575757576,58.58585858585859,7.976059165709103,11.11797075406651,1.891059207620998
76.76767676767678,58.58585858585859,4.6232026743663575,16.84976247451053,2.178618441625877
77.77777777777779,58.58585858585859,5.233668152294024,19.01261756088545,0.9053636337265487
78.7878787878788,58.58585858585859,5.193082770827639,13.07896108899639,2.0623280053866
79.7979797979798,58.58585858585859,6.098105470248254,18.60348765666998,1.657171858943596
80.80808080808082,58.58585858585859,2.0244977529038057,14.44981220366835,1.688856225026447
81.81818181818183,58.58585858585859,3.039858561295884,15.27926087238719,0.9971297802670757
82.82828282828284,58.58585858585859,5.121276766525739,8.750413565113504,1.777343815501339
83.83838383838385,58.58585858585859,4.208080563330179,14.10370779706771,1.793952821283021
84.84848484848486,58.58585858585859,9.934270666084092,21.07465938375734,1.559580577347315
85.85858585858587,58.58585858585859,5.620887707241485,10.80105066159953,1.957540480846564
86.86868686868688,58.58585858585859,4.232736939257019,18.58504512282254,0.8186781666540155
87.87878787878789,58.58585858585859,3.3400569374895666,22.01415219208321,4.708116369610505
88.8888888888889,58.58585858585859,1.4019475486149862,21.24033287985685,5.794143055493004
89.89898989898991,58.58585858585859,4.7230993696016395,23.31206900218054,3.999085597458499
90.90909090909092,58.58585858585859,5.291090621575383,18.23340067720206,4.922882709446974
91.91919191919193,58.58585858585859,3.7455060943254983,18.29811607120411,4.596303373061025
92.92929292929294,58.58585858585859,12.572502540682844,29.57371412425305,5.539403546698812
93.93939393939395,58.58585858585859,14.645812703786486,9.69616786071584,4.729586616016015
94.94949494949496,58.58585858585859,8.931790009397353,32.0516881177166,3.480121233671813
95.95959595959597,58.58585858585859,3.6813640492410125,27.19147652922266,4.075676073171184
96.96969696969697,58.58585858585859,6.397930084661028,21.05133154388215,5.033606395871145
97.97979797979798,58.58585858585859,5.867506404350811,19.47579709133092,3.683194561401501
98.98989898989899,58.58585858585859,4.373706779001446,26.50491717267703,4.367952600541547
100.0,58.58585858585859,3.815644747681283,23.93244250405537,4.932958941043307
0.0,59.5959595959596,9.918367631492737,26.50381375117877,4.814549787891509
1.01010101010101,59.5959595959596,6.087232913751726,28.9613876031407,5.768785536631219
2.02020202020202,59.5959595959596,3.1179851001507224,28.10536006303721,5.49625921632078
3.03030303030303,59.5959595959596,11.651606574725012,31.51685615943993,4.911510010902667
4.040404040404041,59.5959595959596,11.28231256079134,12.40975996210867,4.524239562725841
5.050505050505051,59.5959595959596,9.446682351522421,25.58990991932507,4.431545885863994
6.060606060606061,59.5959595959596,12.18005951282805,6.626107859839918,1.220315332587999
7.070707070707071,59.5959595959596,7.746456687965189,6.673591275124522,0.7706585323429208
8.080808080808081,59.5959595959596,4.955032834132626,15.88065056393667,1.362229956087896
9.090909090909092,59.5959595959596,2.853153845254716,17.4786547274491,1.33625375973562
10.1010101010101,59.5959595959596,3.8612394163705037,17.27212809268706,1.6788749585447
11.11111111111111,59.5959595959596,7.93259981566872,9.269165212168307,0.7943398142063658
12.12121212121212,59.5959595959596,6.464724338142394,20.20146767290365,1.072643719227992
13.13131313131313,59.5959595959596,3.5353609035443547,14.5375063394761,2.062350583033107
14.14141414141414,59.5959595959596,6.42477145947911,19.05848663630539,1.311998641343774
15.15151515151515,59.5959595959596,13.805066059013168,5.36940954074753,1.181929719651074
16.16161616161616,59.5959595959596,11.821776435485008,20.3608373572691,0.7067714048236912
17.17171717171717,59.5959595959596,5.568981818916754,9.183172259893709,1.178591622821806
18.18181818181818,59.5959595959596,3.664605103849484,14.48031769999575,1.654200276810914
19.19191919191919,59.5959595959596,6.461757282458596,8.316655401776043,1.03359501756223
20.2020202020202,59.5959595959596,8.003948948404416,21.22895303194206,1.820187937328779
21.21212121212121,59.5959595959596,5.366843906182492,13.79789641074118,2.402862675808316
22.22222222222222,59.5959595959596,2.289045517294108,14.03954774833604,2.034419009919607
23.23232323232324,59.5959595959596,4.009371829858821,14.90560242617073,2.093164622235621
24.24242424242424,59.5959595959596,3.9745360274254398,18.1024391287953,1.415377750929633
25.25252525252525,59.5959595959596,5.254275515050871,14.45878651871124,1.969391871309685
26.26262626262626,59.5959595959596,5.489210575434325,22.73993948086684,5.079855684100159
27.27272727272727,59.5959595959596,3.627934017216215,23.91353465007107,4.107193442376994
28.28282828282828,59.5959595959596,4.678880786252134,20.5350088396952,4.115470548641635
29.29292929292929,59.5959595959596,7.528050426023715,30.90300113497723,3.330397643007704
30.3030303030303,59.5959595959596,5.234300863013907,29.32680006256693,4.63628341138388
31.31313131313131,59.5959595959596,5.110105395390466,20.51515487139216,4.963727690457807
32.32323232323233,59.5959595959596,5.953803953175682,28.93433563796322,5.044406045849112
33.33333333333334,59.5959595959596,2.8807060590072897,25.87182785749615,5.383654436221313
34.34343434343435,59.5959595959596,2.6374141359083376,22.42486385685407,4.834165060861244
35.35353535353536,59.5959595959596,5.725789242259539,24.57085584834768,3.349644365925223
36.36363636363637,59.5959595959596,11.861345587773325,12.90581491204194,6.42767473197274
37.37373737373738,59.5959595959596,9.563222235170343,26.23185244041924,1.609405661110849
38.38383838383839,59.5959595959596,4.879521724092312,14.98898360647343,1.68320939745699
39.3939393939394,59.5959595959596,2.764682774352887,16.31798950351048,1.626585649004197
40.40404040404041,59.5959595959596,7.032165185327527,8.17006599409684,1.740863220275985
41.41414141414142,59.5959595959596,5.371763865757498,18.63326642975699,0.8898287896771262
42.42424242424243,59.5959595959596,6.198266696195182,11.97345395860747,1.264660523471596
43.43434343434344,59.5959595959596,3.3995437139202687,10.42861546236392,1.113878746156771
44.44444444444445,59.5959595959596,2.2947675513342602,16.15492299766112,1.273784130539636
45.45454545454546,59.5959595959596,1.1887813323509695,18.66025909328614,1.509823893832725
46.46464646464647,59.5959595959596,5.217889461512359,18.44961619991436,0.6716062281572442
47.47474747474748,59.5959595959596,10.499156678028262,9.763154864000192,1.333212785641944
48.48484848484848,59.5959595959596,15.478982635663868,26.69524595040292,0.9298362927150686
49.49494949494949,59.5959595959596,7.590997371047713,12.47092161790894,1.482940741638929
50.50505050505051,59.5959595959596,3.2337742610084876,16.34367843612135,1.351748943917582
51.51515151515152,59.5959595959596,4.727633030522755,11.68483275872871,0.7528225349645583
52.52525252525253,59.5959595959596,5.081578070873835,15.91902473513378,1.240037827234543
53.53535353535354,59.5959595959596,8.645222923841196,4.869875167333038,1.00339229843539
54.54545454545455,59.5959595959596,4.092870844949031,13.81953101429543,1.717525171172898
55.55555555555556,59.5959595959596,3.699316046165859,16.34369852369084,1.627253722869822
56.56565656565657,59.5959595959596,7.6215676887198045,21.75566931235952,1.940916220728528
57.57575757575758,59.5959595959596,6.311384709109556,27.06206356953437,5.236681750401587
58.58585858585859,59.5959595959596,4.474940444728492,26.77634538426047,4.649774223159747
59.5959595959596,59.5959595959596,5.224205777661025,14.83318143759878,3.267002743954004
60.60606060606061,59.5959595959596,5.2717849548883535,14.11369209297434,4.923734412340457
61.61616161616162,59.5959595959596,2.663979299404281,18.85031664132645,5.33486310888687
62.62626262626263,59.5959595959596,7.391840539834513,17.82302901387336,4.261747206436963
63.63636363636364,59.5959595959596,5.499613528329494,17.37767176526758,3.91675374792866
64.64646464646465,59.5959595959596,6.496794545801492,29.19252574483425,5.029040495006232
65.65656565656566,59.5959595959596,6.254103050925903,24.79155652497429,4.586502854419237
66.66666666666667,59.5959595959596,10.690944075728087,33.48332196142545,4.706362915320097
67.67676767676768,59.5959595959596,7.327901506290664,28.8669814263427,5.462555116917889
68.68686868686869,59.5959595959596,5.936161213079505,15.89501098688732,1.024911871242452
69.6969696969697,59.5959595959596,7.408965945240478,21.10765632535043,1.497184049453579
70.70707070707071,59.5959595959596,3.7894787464578896,13.45451365937352,1.222200131912883
71.71717171717172,59.5959595959596,4.8457481951822485,18.61933552328872,1.576175756080428
72.72727272727273,59.5959595959596,4.385578248258584,11.77291528010857,1.918901478492139
73.73737373737374,59.5959595959596,4.384787304809461,12.73273434471908,0.9841987346220531
74.74747474747475,59.5959595959596,6.195000706969006,9.765361204101401,1.313853307436828
75.75757575757576,59.5959595959596,4.543284961612844,15.8215931059113,0.753047324528497
76.76767676767678,59.5959595959596,8.324576399765098,9.570901523290189,2.021307163118157
77.77777777777779,59.5959595959596,4.0926080524405775,15.03165261998015,1.52229274546924
78.7878787878788,59.5959595959596,6.7658202344240665,17.35184793854869,0.6878132348047283
79.7979797979798,59.5959595959596,10.048088484800603,8.002473748363945,2.57939218731498
80.80808080808082,59.5959595959596,4.366348572807082,15.36653232667629,1.364034902570168
81.81818181818183,59.5959595959596,6.129535716211031,19.16778714660162,1.880326187950103
82.82828282828284,59.5959595959596,6.786724897155043,9.75997507949637,1.916156492739145
83.83838383838385,59.5959595959596,4.7828321332487125,13.61402871217513,0.812370408194846
84.84848484848486,59.5959595959596,11.408036392142238,3.877014624796873,1.174514531335825
85.85858585858587,59.5959595959596,7.611625642688005,6.807630853764889,1.415123595635353
86.86868686868688,59.5959595959596,4.335161195040795,13.0062964700035,1.324259447888651
87.87878787878789,59.5959595959596,3.6502500303190897,16.92489300381425,1.873483107110481
88.8888888888889,59.5959595959596,4.048162809549694,19.85856207215115,4.505990541134364
89.89898989898991,59.5959595959596,5.982747425876518,28.98179497787685,5.086626354417579
90.90909090909092,59.5959595959596,5.35025058378484,26.46327007801517,5.0803533676594
91.91919191919193,59.5959595959596,2.0828322095862744,20.85148643639708,3.960710544577103
92.92929292929294,59.5959595959596,6.073595181904466,20.90117646744023,4.239768620816249
93.93939393939395,59.5959595959596,10.089874886210024,12.83548212995097,4.810290434411193
94.94949494949496,59.5959595959596,5.653782961893903,30.07333994312086,3.819975690592288
95.95959595959597,59.5959595959596,1.102637639286165,27.1689111519884,5.345524766930618
96.96969696969697,59.5959595959596,6.86092756208102,26.74640024889543,4.919985436214485
97.97979797979798,59.5959595959596,16.367654183377702,6.980659389836439,4.735202360778418
98.98989898989899,59.5959595959596,6.616649873238957,23.00419617278082,3.952959790695217
100.0,59.5959595959596,4.586855689781438,18.4489251134311,4.079166148892587
0.0,60.60606060606061,28.426664761087537,1.705456087569046,4.553841535991615
1.01010101010101,60.60606060606061,13.422002286937982,33.61003954818656,5.058616465406553
2.02020202020202,60.60606060606061,7.710096597543767,29.28521931745685,4.731579862074786
3.03030303030303,60.60606060606061,7.3932263928419815,20.35618503923068,5.547240156360368
4.040404040404041,60.60606060606061,7.787759507430615,24.74949859051528,4.676404350292607
5.050505050505051,60.60606060606061,10.191483210150334,29.41486538261341,4.903035108326598
6.060606060606061,60.60606060606061,7.388689527596301,18.05075033777893,1.178526241397424
7.070707070707071,60.60606060606061,8.78197512885144,20.90347329693428,2.092223240713493
8.080808080808081,60.60606060606061,7.785557697261621,8.655318825995895,1.110953793187411
9.090909090909092,60.60606060606061,5.904471611784638,9.338390464861329,1.345640700042959
10.1010101010101,60.60606060606061,4.652712582690581,18.32403604120748,0.6332149974286785
11.11111111111111,60.60606060606061,3.2850522603076464,10.98584809694809,0.7691765001757402
12.12121212121212,60.60606060606061,5.732117525626149,11.84799759427247,1.517284358794518
13.13131313131313,60.60606060606061,4.252976726317099,16.20907465473334,1.568725351592323
14.14141414141414,60.60606060606061,5.860303933761377,23.64134107506638,0.896304769257019
15.15151515151515,60.60606060606061,6.228736668314832,17.05905505381672,2.101576281244621
16.16161616161616,60.60606060606061,5.005516218117643,14.31000903929519,1.524347041399581
17.17171717171717,60.60606060606061,3.308285544996099,13.76043738962019,1.158724329958943
18.18181818181818,60.60606060606061,3.3366462422631096,15.85201277928702,2.743631566650898
19.19191919191919,60.60606060606061,5.319566326539432,7.983828224079598,1.919663909917359
20.2020202020202,60.60606060606061,3.9370630341198245,18.48185907843359,1.182757433347786
21.21212121212121,60.60606060606061,2.191129848743173,16.49358603547921,1.788179053682751
22.22222222222222,60.60606060606061,2.9784072111228306,18.36331740056747,2.353863627625365
23.23232323232324,60.60606060606061,9.203495121347732,22.81354454404845,1.586238801607296
24.24242424242424,60.60606060606061,7.741347894795421,9.720262286290302,1.01484249464513
25.25252525252525,60.60606060606061,2.471028570809662,14.48643017674699,1.206741765650845
26.26262626262626,60.60606060606061,3.4141749464168867,19.49943182139699,4.166788353516475
27.27272727272727,60.60606060606061,4.353835939981642,16.74301619927451,4.024190541088422
28.28282828282828,60.60606060606061,3.999378235187947,18.95381858160746,3.992653527720057
29.29292929292929,60.60606060606061,6.160702066058861,16.69320550466204,5.205507592108408
30.3030303030303,60.60606060606061,6.100888746112779,20.05860434544647,4.195169307114332
31.31313131313131,60.60606060606061,0.3913354592536127,20.88290243828671,4.541835974307638
32.32323232323233,60.60606060606061,4.674439094447188,20.56161267519633,3.877667481378869
33.33333333333334,60.60606060606061,6.180893795740568,29.36228191092157,4.208740677399895
34.34343434343435,60.60606060606061,6.256973603534437,21.97568572724882,3.815570283506626
35.35353535353536,60.60606060606061,7.651925336213023,30.42090332171359,4.817342968090128
36.36363636363637,60.60606060606061,7.571339754246438,20.22323330606921,6.536003143663869
37.37373737373738,60.60606060606061,5.792620643633118,14.91056406759145,1.094623139179858
38.38383838383839,60.60606060606061,3.7395258225730066,11.57441434414008,0.9226880776591386
39.3939393939394,60.60606060606061,3.588388830713382,15.53074860140031,1.343948850754923
40.40404040404041,60.60606060606061,5.686646890078218,9.057183749850578,1.937376977858765
41.41414141414142,60.60606060606061,4.43009520516085,16.755723138039,1.449119404941594
42.42424242424243,60.60606060606061,4.18359406984951,17.20075142712459,1.337948534879123
43.43434343434344,60.60606060606061,2.9685285108513195,15.13043407120236,1.563010877757768
44.44444444444445,60.60606060606061,1.573410794020298,15.9308103416635,1.601864625956264
45.45454545454546,60.60606060606061,5.695711642690448,20.16674101260947,1.127224010670801
46.46464646464647,60.60606060606061,9.212468024565226,9.734919163281221,1.825191205538305
47.47474747474748,60.60606060606061,4.975305971412321,14.47645973442375,1.739885425831583
48.48484848484848,60.60606060606061,9.475289098636807,9.173546630406284,1.311133350968219
49.49494949494949,60.60606060606061,7.779319659096411,5.507068813546292,1.577604872814146
50.50505050505051,60.60606060606061,4.5761262364677044,12.03344603937925,1.209181954907539
51.51515151515152,60.60606060606061,5.442908878503809,18.42783514249851,1.693862053632728
52.52525252525253,60.60606060606061,3.730085579886647,14.00337555521352,1.237836428576091
53.53535353535354,60.60606060606061,3.80367103908453,6.998429283453462,1.664826149644717
54.54545454545455,60.60606060606061,3.3207588462071618,11.63837890373701,2.399648769997822
55.55555555555556,60.60606060606061,2.448265514986944,10.66787614788855,1.376224007286421
56.56565656565657,60.60606060606061,6.3492460944230515,12.82884782911702,2.062164290557921
57.57575757575758,60.60606060606061,10.165113683246801,10.23273266146247,1.406582402121982
58.58585858585859,60.60606060606061,10.137564006031702,31.17737938888895,4.383672195428554
59.5959595959596,60.60606060606061,5.591650433527793,22.07358091197975,4.388684897244494
60.60606060606061,60.60606060606061,9.582633570932627,26.60565222961208,5.16309544735488
61.61616161616162,60.60606060606061,11.488413720773911,14.90703374828689,4.394471852046393
62.62626262626263,60.60606060606061,15.041474511235066,34.36993380845274,3.94337228707881
63.63636363636364,60.60606060606061,6.500980775811824,26.2543407606959,4.022321517729551
64.64646464646465,60.60606060606061,6.612784747983214,20.82765417417775,5.728317014907991
65.65656565656566,60.60606060606061,8.434864753340811,29.02329651696423,4.466588154969354
66.66666666666667,60.60606060606061,12.753736831266504,14.04095127364278,4.704474169067799
67.67676767676768,60.60606060606061,9.125278254497228,27.29234574930208,6.005860725685225
68.68686868686869,60.60606060606061,8.00045969529031,18.49619311729439,1.51632348414323
69.6969696969697,60.60606060606061,5.847153775992197,11.90700727909591,2.595386009215753
70.70707070707071,60.60606060606061,3.3996068547106804,12.23796982340968,1.292741262904044
71.71717171717172,60.60606060606061,4.821625966479212,18.5716136046364,1.583578331437298
72.72727272727273,60.60606060606061,4.260682777943242,18.0963387614553,1.873536365268542
73.73737373737374,60.60606060606061,9.692683598262438,22.5761310629053,1.418308048301805
74.74747474747475,60.60606060606061,6.52524867541368,11.3200715991479,2.033365631390396
75.75757575757576,60.60606060606061,3.4316441315884028,16.98418711608688,1.002605973931755
76.76767676767678,60.60606060606061,12.495469666932802,23.87890349181917,1.598664395088008
77.77777777777779,60.60606060606061,6.977738801055986,10.42313176638164,1.386921403356262
78.7878787878788,60.60606060606061,9.011552411360624,6.231023359158011,0.7614254984522114
79.7979797979798,60.60606060606061,11.704548536298478,20.88038101076323,2.02212168184134
80.80808080808082,60.60606060606061,7.41355986258025,9.983171556693575,1.436883160804499
81.81818181818183,60.60606060606061,5.706586480892481,11.7472374430025,1.807292590829545
82.82828282828284,60.60606060606061,9.63655177318769,22.63544745394967,1.285502805026649
83.83838383838385,60.60606060606061,10.106183306797963,8.563446984129879,0.265907050157381
84.84848484848486,60.60606060606061,8.569913009425118,19.64388511805909,2.18324905112855
85.85858585858587,60.60606060606061,11.31894742188292,24.13143177147564,1.788890596787639
86.86868686868688,60.60606060606061,5.85369808313547,11.36166249270872,1.47501673371202
87.87878787878789,60.60606060606061,4.152964384306247,19.584368334674,2.193670209201036
88.8888888888889,60.60606060606061,3.097159254403278,17.10458361572067,1.915825165221309
89.89898989898991,60.60606060606061,3.9196424236641274,22.36228905565446,5.007229842469683
90.90909090909092,60.60606060606061,4.272109044440021,21.42244568516869,4.226312914325798
91.91919191919193,60.60606060606061,2.126171421360012,20.96797123688797,4.794365215791913
92.92929292929294,60.60606060606061,7.715716304665179,28.40763516971286,5.136902194840039
93.93939393939395,60.60606060606061,7.135945125219262,24.75211525489679,3.88252815551022
94.94949494949496,60.60606060606061,4.043896523243479,29.57884287444334,3.093807848399685
95.95959595959597,60.60606060606061,4.235413735761873,28.22995663767337,4.700539812610633
96.96969696969697,60.60606060606061,2.510735691362412,25.18601046773659,5.488610735436223
97.97979797979798,60.60606060606061,5.52182935655921,24.1668607798494,3.552673068500123
98.98989898989899,60.60606060606061,2.028370128542707,25.39126682354634,4.716853293688839
100.0,60.60606060606061,4.571468801146991,22.17070373280142,1.76332688205698
0.0,61.61616161616162,13.532270013073061,30.28250924660442,4.517095189865129
1.01010101010101,61.61616161616162,7.736888935511752,20.80008603682773,3.111445757282172
2.02020202020202,61.61616161616162,11.110770050587986,12.8785466906573,4.805544246658544
3.03030303030303,61.61616161616162,8.418159763390983,25.44607166087859,3.909120821860651
4.040404040404041,61.61616161616162,6.878302759111845,14.99687953258216,3.308858383772125
5.050505050505051,61.61616161616162,13.307261811238785,8.503369842233019,2.108611223565549
6.060606060606061,61.61616161616162,9.978391648348769,21.96402796623529,0.9157101052899461
7.070707070707071,61.61616161616162,5.610775416546533,15.10633223343201,1.6468587884498
8.080808080808081,61.61616161616162,5.446786427871677,19.64099176729778,0.718804368178801
9.090909090909092,61.61616161616162,4.477394732986799,15.14729543420052,0.1501199388293782
10.1010101010101,61.61616161616162,3.5720768622741055,19.55914490284384,1.047500844225375
11.11111111111111,61.61616161616162,4.50811201510568,14.20903681181512,1.094990362826743
12.12121212121212,61.61616161616162,6.775820700320407,21.19977106036064,1.769619954209688
13.13131313131313,61.61616161616162,2.3362391444136996,19.75606976395059,0.7768415323693957
14.14141414141414,61.61616161616162,3.608532337738532,18.79753222036456,0.7179781890370578
15.15151515151515,61.61616161616162,7.465599047422312,13.16508592939777,2.110406815808683
16.16161616161616,61.61616161616162,12.08740453133418,24.98262792959532,1.802204954772356
17.17171717171717,61.61616161616162,7.409822867140001,7.745707378704104,2.387188362827538
18.18181818181818,61.61616161616162,2.8850812523543716,13.8368828344001,1.969826056105317
19.19191919191919,61.61616161616162,3.5654539804782863,10.56305094297947,1.604593216888036
20.2020202020202,61.61616161616162,4.031647127666716,17.96700479277113,2.007078238197721
21.21212121212121,61.61616161616162,4.803670018347889,14.28276067328719,1.30099047225459
22.22222222222222,61.61616161616162,4.319216165711502,17.09341671687682,1.97091830630569
23.23232323232324,61.61616161616162,6.653812014475583,11.45101557777437,1.93561079191359
24.24242424242424,61.61616161616162,2.33787782942131,14.44402687475215,1.910415847932361
25.25252525252525,61.61616161616162,1.2987962678129548,14.40912908665078,1.745938096816207
26.26262626262626,61.61616161616162,3.650262827353171,16.85265696197177,1.131856086458203
27.27272727272727,61.61616161616162,7.110515160124305,22.02062350394909,3.572732781425747
28.28282828282828,61.61616161616162,9.54702087119252,9.008911358221786,5.179072945601428
29.29292929292929,61.61616161616162,3.467931189805757,11.88620478847164,6.151094684607068
30.3030303030303,61.61616161616162,12.28521400312556,9.112942011740484,5.193634962075746
31.31313131313131,61.61616161616162,4.445825772481039,20.83089602409743,2.925162857082052
32.32323232323233,61.61616161616162,3.4140523893147705,21.76468709140257,4.762798263841964
33.33333333333334,61.61616161616162,5.792356748700928,24.31642620078271,4.209048629943742
34.34343434343435,61.61616161616162,9.084926724331355,13.22878322085384,3.490053086871372
35.35353535353536,61.61616161616162,8.436476355626397,24.30613706033655,3.92296366607616
36.36363636363637,61.61616161616162,5.122322407702363,12.76563193723287,1.77033468545472
37.37373737373738,61.61616161616162,2.2741595026091397,11.7101888278159,2.233367736671416
38.38383838383839,61.61616161616162,3.2017715536462643,15.82546439138716,1.086882175484367
39.3939393939394,61.61616161616162,3.860256282775333,12.39433328946691,1.640653273318082
40.40404040404041,61.61616161616162,6.9059885302685675,16.74454931467156,1.787565997514363
41.41414141414142,61.61616161616162,4.2429733769593785,9.056453286387603,2.014519852433788
42.42424242424243,61.61616161616162,6.6969266619807275,8.20901826125149,0.06114175893946323
43.43434343434344,61.61616161616162,5.418667553338459,19.43203587938583,0.8377887218874511
44.44444444444445,61.61616161616162,2.1490742350809473,14.89758676298704,1.41533088972317
45.45454545454546,61.61616161616162,5.486639076018047,13.55812888144523,1.947419062417596
46.46464646464647,61.61616161616162,8.45699753375707,22.69673180443821,0.9462738088794658
47.47474747474748,61.61616161616162,2.44583086076501,19.61992507448948,0.7493922001512494
48.48484848484848,61.61616161616162,4.344595583455277,20.58361278407942,1.397632274351684
49.49494949494949,61.61616161616162,7.933229586492317,19.46763960287634,1.797684091543893
50.50505050505051,61.61616161616162,6.314280644434492,10.95993981920275,1.77075350812414
51.51515151515152,61.61616161616162,2.9493158850980645,14.21805070265732,1.231461365154409
52.52525252525253,61.61616161616162,3.0434801458783998,15.5786628357948,1.393441177133142
53.53535353535354,61.61616161616162,4.90412040911357,8.439663431627551,1.337112848864245
54.54545454545455,61.61616161616162,5.05203401027955,17.12980980187523,1.818708486468338
55.55555555555556,61.61616161616162,5.683474411193416,11.65364139495711,0.9751310284570766
56.56565656565657,61.61616161616162,10.381788705028049,24.54192387468371,2.147958839739565
57.57575757575758,61.61616161616162,8.553432860408718,10.52309459129674,1.84042721816948
58.58585858585859,61.61616161616162,6.001047255362653,25.07660257372631,3.760289828308667
59.5959595959596,61.61616161616162,3.8268549531813116,23.56391337716842,4.474321548623941
60.60606060606061,61.61616161616162,11.099177425008872,16.99776788147683,2.837200195017315
61.61616161616162,61.61616161616162,15.37765454221746,4.058180299721847,4.645358945259284
62.62626262626263,61.61616161616162,12.296773030319578,18.32943366601456,3.21730865719403
63.63636363636364,61.61616161616162,8.87404101377998,29.83931523423988,4.584551974348066
64.64646464646465,61.61616161616162,5.633320938554603,25.29159266614947,4.861878672799491
65.65656565656566,61.61616161616162,11.820339479904804,35.3530279522296,5.514146354558652
66.66666666666667,61.61616161616162,10.4221392867553,17.37978819194538,4.840750903487019
67.67676767676768,61.61616161616162,9.13990320749495,14.41341551602078,1.381977172103531
68.68686868686869,61.61616161616162,11.416042907809736,4.480874936746388,2.07365102743164
69.6969696969697,61.61616161616162,6.739946379917052,19.17482495429793,2.398946775244139
70.70707070707071,61.61616161616162,6.001948841524374,17.95524708074807,1.162221512700141
71.71717171717172,61.61616161616162,9.786496860835413,6.141750281779689,1.712365540045056
72.72727272727273,61.61616161616162,3.7597882595799903,12.33209827566016,1.922496655056984
73.73737373737374,61.61616161616162,7.84743825195852,9.384645153249169,1.85687021811827
74.74747474747475,61.61616161616162,5.835011446785044,18.94618092505974,1.006605459331733
75.75757575757576,61.61616161616162,3.1095168304958194,16.98933773959364,2.146925035338547
76.76767676767678,61.61616161616162,9.720973879508165,8.555514893786762,2.086043026499874
77.77777777777779,61.61616161616162,4.3991592632223835,16.07768598434592,1.99891253802071
78.7878787878788,61.61616161616162,3.075583517614213,12.31494236638098,1.868898225787118
79.7979797979798,61.61616161616162,7.02963451647604,12.48666123364347,1.318813640540749
80.80808080808082,61.61616161616162,8.4382730978386,21.59277489665328,1.091686986227019
81.81818181818183,61.61616161616162,5.038748485328442,14.50075776571721,2.008446674770826
82.82828282828284,61.61616161616162,4.284393434696902,21.92492321641917,0.9703855073425345
83.83838383838385,61.61616161616162,3.892894616582283,18.78515987952748,1.081075832769014
84.84848484848486,61.61616161616162,2.946714622573137,16.6990883609666,1.652363076157062
85.85858585858587,61.61616161616162,6.166147989628344,13.43675893383819,1.331394625025859
86.86868686868688,61.61616161616162,6.669131486840424,10.58397925819382,1.706144730986678
87.87878787878789,61.61616161616162,8.179032098215746,22.83425998012063,1.864923426201211
88.8888888888889,61.61616161616162,6.920430410740572,15.20741521342516,1.84074767178323
89.89898989898991,61.61616161616162,9.364045221562682,25.22380401766902,3.754008266351244
90.90909090909092,61.61616161616162,8.899860036567404,10.76915171902158,3.516609593636406
91.91919191919193,61.61616161616162,6.6144244682785125,20.47390873304442,3.790262009168656
92.92929292929294,61.61616161616162,6.272855428130142,16.14641250096574,4.839631892873321
93.93939393939395,61.61616161616162,3.39764393786843,16.60721541332818,4.587812659990242
94.94949494949496,61.61616161616162,6.87584556383968,20.07336770646346,5.099995974320088
95.95959595959597,61.61616161616162,7.767643841875474,16.7421795870176,3.138000273771679
96.96969696969697,61.61616161616162,6.7122742448356325,29.60546759420343,5.496121421205938
97.97979797979798,61.61616161616162,4.512715391627331,21.50930047520965,5.068585277466163
98.98989898989899,61.61616161616162,7.807769642452875,26.67270755250979,4.475718623922228
100.0,61.61616161616162,6.326728496407745,15.39863903947569,1.230407465697445
0.0,62.62626262626263,11.10188597743246,32.81984291701154,4.007021245332089
1.01010101010101,62.62626262626263,3.8413854008865895,21.53372571156878,4.209441118549201
2.02020202020202,62.62626262626263,3.2423954059346074,20.42588994981798,5.337506016857738
3.03030303030303,62.62626262626263,3.039454106768262,19.88003632748029,3.263608402097544
4.040404040404041,62.62626262626263,7.935869372592556,14.17898937271347,3.809329623720485
5.050505050505051,62.62626262626263,11.52931414734801,20.86675373245635,1.824796682006267
6.060606060606061,62.62626262626263,9.79438495876531,6.282092858102125,1.772855421842008
7.070707070707071,62.62626262626263,7.539937455244639,9.852726897417199,1.425647116421841
8.080808080808081,62.62626262626263,5.200255518584441,17.86787486407599,1.151636546630268
9.090909090909092,62.62626262626263,4.933169889502462,11.9521672733331,0.9225737133303663
10.1010101010101,62.62626262626263,5.871972590278533,16.26790387505582,1.879439118661766
11.11111111111111,62.62626262626263,3.427449814617634,11.74061980583367,1.702499414083879
12.12121212121212,62.62626262626263,4.337331170510801,11.88269727012275,1.739799885508563
13.13131313131313,62.62626262626263,4.731494602851477,16.36034713550912,1.598706019138279
14.14141414141414,62.62626262626263,5.5595291525136155,21.79686888206405,1.160727453375503
15.15151515151515,62.62626262626263,3.6819448712099647,21.68352470350373,2.191893270769618
16.16161616161616,62.62626262626263,6.091932513235979,16.3600912456475,0.7872759046895281
17.17171717171717,62.62626262626263,6.853032317516844,7.449241927647401,0.3232095503528957
18.18181818181818,62.62626262626263,2.511278818240225,13.67669511698616,1.283408143547113
19.19191919191919,62.62626262626263,3.16275011656206,11.56785840478045,1.148909166524559
20.2020202020202,62.62626262626263,5.509241082265256,13.44346853704233,1.55284859859716
21.21212121212121,62.62626262626263,8.637608324493048,3.77380612516123,2.45250871603857
22.22222222222222,62.62626262626263,8.46808600850985,9.539509920413545,1.760564909887003
23.23232323232324,62.62626262626263,8.726098937921014,4.83370892222635,1.229709322927457
24.24242424242424,62.62626262626263,3.722423528921718,16.04386451889639,1.316734485804093
25.25252525252525,62.62626262626263,4.68717374163475,17.04858740438403,2.085448434537986
26.26262626262626,62.62626262626263,5.528417346600484,21.19543899466093,1.286136849772768
27.27272727272727,62.62626262626263,4.273097438275427,27.00539815206711,4.706396376564848
28.28282828282828,62.62626262626263,6.618556385451428,21.36308204362904,2.443568968181456
29.29292929292929,62.62626262626263,8.19236001725222,15.30037262452326,4.738606869776355
30.3030303030303,62.62626262626263,20.830259146596877,32.81691890144864,4.02486530278144
31.31313131313131,62.62626262626263,10.935550417334861,15.75134442802464,3.545112955620943
32.32323232323233,62.62626262626263,7.704711301536433,30.73229205577013,4.70225715248839
33.33333333333334,62.62626262626263,5.717285382579012,28.80061539613855,3.906370311791841
34.34343434343435,62.62626262626263,5.956361290412113,18.6565907923727,4.442346588264442
35.35353535353536,62.62626262626263,6.308948691765485,19.29285686179439,4.402097354915965
36.36363636363637,62.62626262626263,2.797909361241517,12.32989190778041,0.4962777666590832
37.37373737373738,62.62626262626263,1.46180675094667,12.43573292548868,1.245326673977531
38.38383838383839,62.62626262626263,5.353248064744059,16.83509389323363,1.313908444391015
39.3939393939394,62.62626262626263,7.155782835516604,7.871070597423875,2.819635741875965
40.40404040404041,62.62626262626263,2.808076219083535,8.846272811906875,2.401179572290916
41.41414141414142,62.62626262626263,1.8141133133302403,8.319360683621554,2.38646700445693
42.42424242424243,62.62626262626263,5.784663552150204,13.93453910003085,1.281042586594188
43.43434343434344,62.62626262626263,5.162906079643124,17.81643420874859,1.217924217194264
44.44444444444445,62.62626262626263,3.265055432076142,13.20842039928031,1.504963844880931
45.45454545454546,62.62626262626263,4.404513959374212,18.41801224981839,1.280308374160908
46.46464646464647,62.62626262626263,6.0612735558412485,14.04596396350862,2.056803089460993
47.47474747474748,62.62626262626263,3.4271552379755517,19.02056141103384,0.8315547633887513
48.48484848484848,62.62626262626263,3.9624808448802926,16.69495749472447,1.376270612252674
49.49494949494949,62.62626262626263,7.826298622039095,11.31896501111379,2.346941734466418
50.50505050505051,62.62626262626263,7.959551441753786,23.37774550963606,2.070113906322495
51.51515151515152,62.62626262626263,4.521475542314243,17.18680678661634,1.477718214628838
52.52525252525253,62.62626262626263,2.775708481199393,13.47964107016721,1.357967768309551
53.53535353535354,62.62626262626263,2.9964607603706965,10.78576514549282,1.384144763627565
54.54545454545455,62.62626262626263,2.8826408393322764,16.57941943606105,1.651635588865093
55.55555555555556,62.62626262626263,3.16427677455693,15.03732290601749,1.257517257911302
56.56565656565657,62.62626262626263,4.44655058418493,21.63495686325178,1.425807146932967
57.57575757575758,62.62626262626263,6.300344655816085,15.8741268372808,1.402091286616433
58.58585858585859,62.62626262626263,5.4221545048423945,23.2393875464258,6.026561839911919
59.5959595959596,62.62626262626263,6.6190017871083695,17.82566072188132,4.822087616057535
60.60606060606061,62.62626262626263,11.175801944018335,32.28086015593049,3.68904311858808
61.61616161616162,62.62626262626263,11.439910335978038,27.50910407197895,4.780317196503287
62.62626262626263,62.62626262626263,6.349947419980453,25.69489071033665,3.415346818114077
63.63636363636364,62.62626262626263,9.356188355706093,13.98572978897967,3.986218859577048
64.64646464646465,62.62626262626263,3.4403623769807194,21.83140525807332,4.141799784070312
65.65656565656566,62.62626262626263,11.72837364234078,22.43607651424011,4.785696261569911
66.66666666666667,62.62626262626263,12.93864565033272,34.78989598445516,3.620710710333747
67.67676767676768,62.62626262626263,11.864759367304623,25.19518485752029,1.924986355643786
68.68686868686869,62.62626262626263,7.717012095651425,11.5032377906114,2.198166810707017
69.6969696969697,62.62626262626263,4.353034285496231,15.39638500093314,2.103775644308142
70.70707070707071,62.62626262626263,3.53240681302232,12.6978036445072,2.032551108241363
71.71717171717172,62.62626262626263,3.8172559715803085,14.85402960941578,0.5047823657335204
72.72727272727273,62.62626262626263,1.3631731785541001,12.46920971189352,1.268101053572818
73.73737373737374,62.62626262626263,4.166912901023032,15.07392335720556,1.721104641601823
74.74747474747475,62.62626262626263,1.7174345722818347,14.75062342110807,1.613281374546171
75.75757575757576,62.62626262626263,1.3076885820046495,14.9470870723901,1.220738177301699
76.76767676767678,62.62626262626263,3.3052814830271138,16.16002787742098,1.373816947088252
77.77777777777779,62.62626262626263,0.661220900777042,15.42051785794476,2.902252290951874
78.7878787878788,62.62626262626263,3.7288959413264156,14.59889494438743,1.981476042895651
79.7979797979798,62.62626262626263,7.881836143362117,22.93364699215557,1.748791363484129
80.80808080808082,62.62626262626263,3.945391953761117,15.64741663920447,2.343905357257691
81.81818181818183,62.62626262626263,3.241397424893296,17.38604880267824,1.906649181949865
82.82828282828284,62.62626262626263,3.508481791430139,16.06180250275571,1.159240606437075
83.83838383838385,62.62626262626263,4.9606183315729515,18.90919059500644,0.4787251217838864
84.84848484848486,62.62626262626263,5.355875800226531,13.20542757345583,1.256946349755979
85.85858585858587,62.62626262626263,6.35598510225209,21.29156895194134,0.7228874347655095
86.86868686868688,62.62626262626263,6.593470843250251,21.37976157346943,0.6729593604357178
87.87878787878789,62.62626262626263,8.45745202712933,13.24514872132656,0.8906230124956338
88.8888888888889,62.62626262626263,11.704272093789099,7.066095543697715,1.667592556348658
89.89898989898991,62.62626262626263,18.24399912316402,35.34742883901389,4.460636223753168
90.90909090909092,62.62626262626263,11.127149942318159,11.55588858647381,5.662763984167264
91.91919191919193,62.62626262626263,11.509160099469558,8.542526609875438,4.237220701557049
92.92929292929294,62.62626262626263,8.869943900859266,24.18831240029807,5.10955171609437
93.93939393939395,62.62626262626263,11.764689885100854,15.08849470892079,3.362077169575566
94.94949494949496,62.62626262626263,10.581343145474133,31.27393438126116,3.782313909975082
95.95959595959597,62.62626262626263,6.4103274134073285,20.13050177723203,5.736578754005799
96.96969696969697,62.62626262626263,7.661913967476239,31.07565232089951,3.307112752631546
97.97979797979798,62.62626262626263,6.345433568376538,19.375573409634,4.383762421901698
98.98989898989899,62.62626262626263,7.610146349250053,13.16054530199599,1.577854515879199
100.0,62.62626262626263,4.1650165690302705,16.33269132233909,1.699021258669805
0.0,63.63636363636364,9.447261642488122,13.33763586056404,5.08824601391547
1.01010101010101,63.63636363636364,6.124652411351166,19.29577674995704,4.770928460338138
2.02020202020202,63.63636363636364,4.322793901272667,24.19443893030724,4.087590058680437
3.03030303030303,63.63636363636364,5.670240624603055,19.53515581091005,5.471400587460115
4.040404040404041,63.63636363636364,20.083139025963426,32.71576538870531,4.568628259510413
5.050505050505051,63.63636363636364,11.92628129516175,8.38530626738474,1.784829491510659
6.060606060606061,63.63636363636364,6.514926562560147,11.6224026713609,2.331455796231696
7.070707070707071,63.63636363636364,11.007134969632892,23.17308937640708,2.367497103403378
8.080808080808081,63.63636363636364,6.880736831657563,12.7708252503617,0.6127191411743211
9.090909090909092,63.63636363636364,6.526593428868297,18.25827447800992,1.646624558668278
10.1010101010101,63.63636363636364,13.07009045959722,4.914275212674573,0.9083776816080471
11.11111111111111,63.63636363636364,7.3968384110846035,18.31264052481153,1.79356743338278
12.12121212121212,63.63636363636364,3.7064054616723925,15.29522083225261,2.611798971343198
13.13131313131313,63.63636363636364,7.519027443666586,21.97643130653226,0.8571516992285724
14.14141414141414,63.63636363636364,12.520286013005062,8.107954858824332,1.190836364714407
15.15151515151515,63.63636363636364,8.117131033678268,22.45608777782108,2.403252449157858
16.16161616161616,63.63636363636364,4.838242350895194,17.87100183878727,1.210625299614816
17.17171717171717,63.63636363636364,6.950733441452454,19.42660323931922,0.9358294607820229
18.18181818181818,63.63636363636364,3.078296121706665,15.22533277098865,1.551699576656232
19.19191919191919,63.63636363636364,8.017442459871665,19.22960456476012,1.694369364268366
20.2020202020202,63.63636363636364,7.3551231050376575,7.47531300785309,1.787304813091131
21.21212121212121,63.63636363636364,8.641143090037806,12.37991866787405,0.9611338139724547
22.22222222222222,63.63636363636364,13.019087633509752,25.38644236455016,1.175676259598246
23.23232323232324,63.63636363636364,6.042620449433692,17.20484142350515,0.5683672082732082
24.24242424242424,63.63636363636364,5.507487153258765,14.96888652951144,1.377002121954146
25.25252525252525,63.63636363636364,10.046797209573711,6.09092523134282,1.17994402190926
26.26262626262626,63.63636363636364,8.70433885755781,13.38136238863123,1.251620705374299
27.27272727272727,63.63636363636364,7.07690342052147,27.66073799120655,4.121995478088033
28.28282828282828,63.63636363636364,3.4640058482731337,18.94805271477443,5.197963788359536
29.29292929292929,63.63636363636364,9.390367634437311,21.07638916144936,4.399227773188842
30.3030303030303,63.63636363636364,19.704060016650484,7.781979955118659,4.524238962217391
31.31313131313131,63.63636363636364,6.430854251583938,22.3674724001218,5.04820830853267
32.32323232323233,63.63636363636364,3.5214941966764277,25.79367610136903,4.98176471306825
33.33333333333334,63.63636363636364,6.5985954061875285,22.49136432457577,4.812381659126665
34.34343434343435,63.63636363636364,8.23792510498954,26.27393770931475,4.296051939474517
35.35353535353536,63.63636363636364,12.072227690205544,31.9161404068785,4.399214046906337
36.36363636363637,63.63636363636364,8.141425600243517,16.01698335157177,1.514614939594298
37.37373737373738,63.63636363636364,2.4902748325745834,13.05221384614936,1.308132149185624
38.38383838383839,63.63636363636364,6.788540862220787,9.795115399658568,1.916422211858158
39.3939393939394,63.63636363636364,11.094879924812645,22.0317137371545,1.595181702785786
40.40404040404041,63.63636363636364,5.0564666972472025,10.67818684270801,1.225996122021924
41.41414141414142,63.63636363636364,5.567967018135665,8.696630789481848,1.523774584460947
42.42424242424243,63.63636363636364,10.687371323401823,21.85059894472527,1.078453360313909
43.43434343434344,63.63636363636364,9.147528557152743,7.270320478999352,1.642050000004486
44.44444444444445,63.63636363636364,2.548043130478447,11.65497069468883,1.73800316390819
45.45454545454546,63.63636363636364,3.637154241401643,15.24147991754255,2.030855567748696
46.46464646464647,63.63636363636364,9.588076359942226,7.798283314908199,2.071842542580974
47.47474747474748,63.63636363636364,3.1257525180753003,13.21150548642186,2.583262442343555
48.48484848484848,63.63636363636364,2.85358262492479,12.4352858044783,1.612822029453774
49.49494949494949,63.63636363636364,6.46649960297407,17.04071192537467,1.528876395621745
50.50505050505051,63.63636363636364,8.467941230163074,24.5484263646759,1.799949270003334
51.51515151515152,63.63636363636364,5.894840576481,11.96776514078724,1.456511679183418
52.52525252525253,63.63636363636364,2.2768300209348173,10.87687055212075,1.413082670512188
53.53535353535354,63.63636363636364,2.0074717135768587,9.633554033117921,1.780174775107307
54.54545454545455,63.63636363636364,3.6365765870153415,12.93499726515791,1.794063605734599
55.55555555555556,63.63636363636364,2.1453119336649973,13.903627806128,1.562509234249059
56.56565656565657,63.63636363636364,4.01187431068392,19.11418552114926,1.858976015707936
57.57575757575758,63.63636363636364,6.91284398494865,22.5983824794451,1.276787128127341
58.58585858585859,63.63636363636364,7.825873225919816,30.31180300480539,4.842781924050993
59.5959595959596,63.63636363636364,8.26672835615153,18.69448895643405,3.460113298664723
60.60606060606061,63.63636363636364,6.850428522433148,22.08770017231152,4.107245621236705
61.61616161616162,63.63636363636364,10.085940061773593,11.78635594591774,4.150178371418781
62.62626262626263,63.63636363636364,6.836187263798317,21.18393235773621,3.303410477784297
63.63636363636364,63.63636363636364,6.43287688483268,11.96939820186614,4.771246947774555
64.64646464646465,63.63636363636364,10.268047154312065,23.68232063265961,4.421868109022181
65.65656565656566,63.63636363636364,23.5525123649615,43.4741289192319,4.159065427176428
66.66666666666667,63.63636363636364,12.410716139092822,22.39395177278396,4.69607127208076
67.67676767676768,63.63636363636364,10.562690613196825,11.80457492364506,1.962397187826983
68.68686868686869,63.63636363636364,8.001279205093166,17.76382904212146,0.9285028778868456
69.6969696969697,63.63636363636364,8.84375317089497,8.354416379060684,0.7621122538932564
70.70707070707071,63.63636363636364,6.142570128670187,16.71518013902109,1.879001995004415
71.71717171717172,63.63636363636364,2.28300368461993,12.83833091316148,0.5262907794343396
72.72727272727273,63.63636363636364,3.5748573684416547,12.14316197674478,2.227698870976718
73.73737373737374,63.63636363636364,9.248062077737659,23.12428317593177,2.859794615248733
74.74747474747475,63.63636363636364,4.937704632472009,12.59620622331192,1.016467643933846
75.75757575757576,63.63636363636364,2.8317290681984546,16.72618627689225,0.5591945526858249
76.76767676767678,63.63636363636364,3.9502313799347224,12.49586575345384,1.165424921860591
77.77777777777779,63.63636363636364,2.6371611994995674,15.84710040161822,1.444106237950522
78.7878787878788,63.63636363636364,6.550214427802496,11.12363871841369,1.693168400410799
79.7979797979798,63.63636363636364,4.798387402583979,17.47427057793844,1.27316539256218
80.80808080808082,63.63636363636364,2.9500372253725655,16.45876368037526,1.845548399197023
81.81818181818183,63.63636363636364,7.172767766968772,10.36862860346238,1.463731109930415
82.82828282828284,63.63636363636364,7.940854724739224,20.06097456263955,1.411256434441737
83.83838383838385,63.63636363636364,10.437074364491417,7.741899097994929,1.373511614556465
84.84848484848486,63.63636363636364,6.272998990326474,17.34536558681507,1.545744229164141
85.85858585858587,63.63636363636364,5.786546660374894,11.89677256104973,0.9931226143820813
86.86868686868688,63.63636363636364,6.243888372720482,14.024465989415,2.110582056582362
87.87878787878789,63.63636363636364,9.82674369362474,23.17217954127809,1.181119761339527
88.8888888888889,63.63636363636364,7.65556600759419,11.28147777618165,1.404799000244743
89.89898989898991,63.63636363636364,7.405082244463169,24.56793071555892,4.239063352152219
90.90909090909092,63.63636363636364,8.066601035686789,28.47284925915577,5.761400341070698
91.91919191919193,63.63636363636364,6.65595329307012,23.98863711756368,5.230937444175949
92.92929292929294,63.63636363636364,5.931542952133573,21.49604017799325,5.830621560748847
93.93939393939395,63.63636363636364,16.453569153832873,35.34327618119916,5.494840867397581
94.94949494949496,63.63636363636364,5.747964993630682,27.47800075053183,4.353096086761952
95.95959595959597,63.63636363636364,5.979270425656697,19.96609746151376,3.842930338119682
96.96969696969697,63.63636363636364,5.777696907596916,24.54341063262363,3.698790018877559
97.97979797979798,63.63636363636364,7.586911404374149,14.04267322060702,4.38070515083653
98.98989898989899,63.63636363636364,4.74125410254834,20.70179432050129,1.569248610659792
100.0,63.63636363636364,8.751685589452661,24.7215427262234,1.840753257569033
0.0,64.64646464646465,8.134815758483743,16.23907284218791,4.601171924084229
1.01010101010101,64.64646464646465,8.017544181290962,30.69963436400676,5.098317431915374
2.02020202020202,64.64646464646465,3.893204849396292,28.15912025516126,3.865503514992213
3.03030303030303,64.64646464646465,6.427281179477763,24.03134509555959,4.282923851959169
4.040404040404041,64.64646464646465,13.087304783590088,8.431053999959255,4.361151402920415
5.050505050505051,64.64646464646465,5.881845538577909,16.04142845766341,1.332414488753652
6.060606060606061,64.64646464646465,5.45607689757047,17.55401599932037,0.5769887104879854
7.070707070707071,64.64646464646465,4.317106195913611,14.41786280795696,1.575756766808036
8.080808080808081,64.64646464646465,4.962387124325133,19.30700960958406,1.909208696482544
9.090909090909092,64.64646464646465,4.436713099843397,17.28945646019712,0.7662646493168519
10.1010101010101,64.64646464646465,5.949541692760557,19.0986438112099,1.157913195833342
11.11111111111111,64.64646464646465,5.923731520136505,11.71309260414686,1.809326391663496
12.12121212121212,64.64646464646465,2.5608322293789554,17.00968894997375,2.164655656534932
13.13131313131313,64.64646464646465,2.4771412930603676,18.06609262487663,1.039968998028192
14.14141414141414,64.64646464646465,4.880784267794364,16.28357552090019,1.255398831226008
15.15151515151515,64.64646464646465,8.055182159380259,9.693345575455915,1.276465519632873
16.16161616161616,64.64646464646465,7.5710331979047805,6.169630367912024,2.472673553433553
17.17171717171717,64.64646464646465,8.110069860764847,9.357902654043745,1.420245436091941
18.18181818181818,64.64646464646465,7.356934680417778,17.78433734171078,1.795419868760554
19.19191919191919,64.64646464646465,7.7329260643370095,10.58014423593163,1.883026928222174
20.2020202020202,64.64646464646465,4.661644963120765,14.26875268188649,1.093924292360217
21.21212121212121,64.64646464646465,7.960965370461389,20.42724912861538,1.956895332901662
22.22222222222222,64.64646464646465,9.928127353184907,10.34514891236889,2.006007950530392
23.23232323232324,64.64646464646465,7.239067733028778,18.5866348849224,1.653128576729507
24.24242424242424,64.64646464646465,13.2681140104079,5.127832098023664,1.704117873797949
25.25252525252525,64.64646464646465,9.578039236710653,19.15205344113942,1.030437095988682
26.26262626262626,64.64646464646465,11.597586485968032,7.94789632429342,1.078749992692753
27.27272727272727,64.64646464646465,7.261503271482449,23.00052502726755,4.853527216113079
28.28282828282828,64.64646464646465,5.7512642372228076,19.54802505590531,4.248020559319706
29.29292929292929,64.64646464646465,15.218799008234452,37.43909750926687,5.446824945442196
30.3030303030303,64.64646464646465,13.763998406059756,33.68337942405677,4.116878723284033
31.31313131313131,64.64646464646465,3.500976546179074,23.46306528811002,5.344571868507634
32.32323232323233,64.64646464646465,6.747570087765605,23.37483074710491,3.605984518287113
33.33333333333334,64.64646464646465,9.250649540924265,9.491118932920678,3.89358648416953
34.34343434343435,64.64646464646465,9.667072577019162,10.36436028860137,3.778879065471057
35.35353535353536,64.64646464646465,7.628662078284076,17.79187294401091,3.85547572406607
36.36363636363637,64.64646464646465,7.928615670773923,26.03166774802534,4.560928928240556
37.37373737373738,64.64646464646465,5.67100601538294,16.17496430387381,1.806270293881046
38.38383838383839,64.64646464646465,2.2546428375321255,14.41560357097993,0.7467126114257625
39.3939393939394,64.64646464646465,2.7082230937466703,15.40296240957697,1.28913615837173
40.40404040404041,64.64646464646465,2.6369412492768625,15.73705665322303,0.5986501045241166
41.41414141414142,64.64646464646465,2.756249035852288,15.45570454769463,1.668478334768249
42.42424242424243,64.64646464646465,3.4624924175202256,14.75142011678174,1.933218351588421
43.43434343434344,64.64646464646465,3.130170749023669,14.34939229644569,1.12260308439048
44.44444444444445,64.64646464646465,4.009083911854174,10.98740731590972,0.7358177730199704
45.45454545454546,64.64646464646465,4.251463659114277,14.89910110969989,1.222081255710577
46.46464646464647,64.64646464646465,13.85494364905318,27.04648933192867,2.296070371188158
47.47474747474748,64.64646464646465,4.376390881571229,12.70699319218986,0.6184001929908347
48.48484848484848,64.64646464646465,2.315749630335291,10.66227279786524,1.241622913290892
49.49494949494949,64.64646464646465,3.2327969352980497,9.009600987936874,1.576636020761487
50.50505050505051,64.64646464646465,5.863929329576198,11.93571796225334,2.136594122370892
51.51515151515152,64.64646464646465,7.405606960950814,7.279000293247494,1.83615217959245
52.52525252525253,64.64646464646465,4.494562856508854,15.04720901014424,1.787376188225975
53.53535353535354,64.64646464646465,3.8478799638626167,11.96647002400764,1.176000980272503
54.54545454545455,64.64646464646465,4.793021204955227,6.303186861009761,1.960511698727821
55.55555555555556,64.64646464646465,3.7702524784357685,12.63526342734885,2.005327191200112
56.56565656565657,64.64646464646465,5.807346091951978,14.2822142938332,1.009892263455582
57.57575757575758,64.64646464646465,8.615550602228891,12.86887966547093,1.124222571787893
58.58585858585859,64.64646464646465,7.394057038643361,25.41146013323735,3.720893861150718
59.5959595959596,64.64646464646465,12.521321411835956,35.88204888223863,6.172286802051248
60.60606060606061,64.64646464646465,6.688600689332209,25.60169883615389,3.681323014890902
61.61616161616162,64.64646464646465,8.39886833783709,16.70844742873865,4.154255486295185
62.62626262626263,64.64646464646465,6.267181925720269,25.4056124926405,4.572160280582152
63.63636363636364,64.64646464646465,9.707103109432348,14.75711756741979,4.254422255892535
64.64646464646465,64.64646464646465,12.7181504567499,31.39886315795582,4.479887632427232
65.65656565656566,64.64646464646465,23.23243660234273,11.17411729739792,3.514625769368211
66.66666666666667,64.64646464646465,10.816978550574152,27.97131812189721,4.856595710645875
67.67676767676768,64.64646464646465,11.57890065032819,24.11609647494183,5.599397091636144
68.68686868686869,64.64646464646465,11.827406888917306,7.38797025479604,1.978581993382333
69.6969696969697,64.64646464646465,8.156256842406144,18.91728401774693,1.549199412503264
70.70707070707071,64.64646464646465,6.642433296865191,8.399889104674251,1.570690708813535
71.71717171717172,64.64646464646465,2.5652270871626826,10.29403303321237,2.00107755966886
72.72727272727273,64.64646464646465,2.3380178347329617,9.846070373730589,1.599836570779325
73.73737373737374,64.64646464646465,3.8317923566580703,15.69159283551418,2.191869640193628
74.74747474747475,64.64646464646465,2.6571247818383603,15.53455054920363,1.811400316496717
75.75757575757576,64.64646464646465,2.7660831694093604,15.53866978561932,1.946138604467109
76.76767676767678,64.64646464646465,2.6511235816031267,17.0510739776228,0.6924222868270711
77.77777777777779,64.64646464646465,3.8064674468586244,17.89446632457412,1.843848697520357
78.7878787878788,64.64646464646465,10.074482958750338,22.77514666092065,1.361914736488477
79.7979797979798,64.64646464646465,7.358503547811973,11.10623613890759,1.200133066465814
80.80808080808082,64.64646464646465,6.369034862405502,20.34192356621867,0.2765057331507983
81.81818181818183,64.64646464646465,3.2520974343081774,16.25979843603156,1.512363088585452
82.82828282828284,64.64646464646465,2.6447161675442126,14.30814914738829,2.438579524486573
83.83838383838385,64.64646464646465,5.725706924272279,16.40036310548432,0.9281509806210206
84.84848484848486,64.64646464646465,6.5916156841823295,11.4453671534539,1.257690186378249
85.85858585858587,64.64646464646465,4.944241681007551,18.07187635752708,1.27878246550287
86.86868686868688,64.64646464646465,5.410672611236318,20.36931691601414,2.041314247268114
87.87878787878789,64.64646464646465,5.942973402702158,14.83065090369019,1.373420469258431
88.8888888888889,64.64646464646465,7.417509070137417,12.51120486960076,2.353137457978101
89.89898989898991,64.64646464646465,4.755978748416109,22.91847134413533,5.126787228080205
90.90909090909092,64.64646464646465,5.234417784386874,21.51253647427951,4.315696351455603
91.91919191919193,64.64646464646465,3.9847536060278905,28.1895307009934,4.512024841047175
92.92929292929294,64.64646464646465,8.289249564406882,26.19010682144639,3.955263321556439
93.93939393939395,64.64646464646465,18.137933057147073,11.49629247201926,4.171023604826424
94.94949494949496,64.64646464646465,6.777239102337138,31.29674837463983,4.426285450460619
95.95959595959597,64.64646464646465,5.765040176968022,31.62955838829433,2.824095401578399
96.96969696969697,64.64646464646465,4.1048831128308825,23.04291527363833,4.927397085600658
97.97979797979798,64.64646464646465,2.8827265764235306,21.89756013716575,4.515801514875428
98.98989898989899,64.64646464646465,4.882876728556183,19.95689643442961,3.466437928672394
100.0,64.64646464646465,9.088622555950698,10.87508576747184,1.073409182439188
0.0,65.65656565656566,13.474131213502355,9.196624070179398,4.139220961421083
1.01010101010101,65.65656565656566,14.698422752312043,34.36487784445654,4.651768306798203
2.02020202020202,65.65656565656566,4.793132425951724,23.21927145087728,4.300082594123508
3.03030303030303,65.65656565656566,4.899226177693821,25.5162142736191,3.951475852184484
4.040404040404041,65.65656565656566,7.979954468366269,13.28489619226907,4.676589170443818
5.050505050505051,65.65656565656566,8.552901285873746,22.78972642233526,3.991624765230174
6.060606060606061,65.65656565656566,14.0578644329225,6.310062470018332,1.544211059511213
7.070707070707071,65.65656565656566,5.023885900035235,14.90576103017077,1.3407061156353
8.080808080808081,65.65656565656566,5.519392110449946,12.90034542251993,1.672752589747663
9.090909090909092,65.65656565656566,10.22491033972909,4.338162579036055,0.7172093963530886
10.1010101010101,65.65656565656566,5.257957812911084,19.51770342564098,1.439973893076772
11.11111111111111,65.65656565656566,2.7642164999646583,16.12632321113828,1.226252581818614
12.12121212121212,65.65656565656566,4.431661935637964,14.83382817090884,1.482642324903064
13.13131313131313,65.65656565656566,6.686356921860066,21.22539833658315,1.532160479208989
14.14141414141414,65.65656565656566,5.889586441943127,13.30880616121931,0.9244304100033344
15.15151515151515,65.65656565656566,5.877205387806139,19.03738685762362,0.4046025798668365
16.16161616161616,65.65656565656566,4.5646070341484215,18.04040419498029,1.253373189191249
17.17171717171717,65.65656565656566,8.422488094088553,20.1147745380289,1.907770495729098
18.18181818181818,65.65656565656566,10.525330846870723,6.546230984207988,2.320904270424997
19.19191919191919,65.65656565656566,12.449094095972605,21.96958661271717,1.324480968945907
20.2020202020202,65.65656565656566,4.406427591092173,16.2747879676524,1.168997535376177
21.21212121212121,65.65656565656566,4.676052849624698,12.87131477048653,2.099782858560874
22.22222222222222,65.65656565656566,4.434664794252681,16.69277868412725,0.57813234827171
23.23232323232324,65.65656565656566,4.50502970545525,12.71244617367679,1.26904760507165
24.24242424242424,65.65656565656566,9.846312229377236,20.87620957815299,1.378079549591744
25.25252525252525,65.65656565656566,2.3214329791573416,19.12940316405516,2.239482205152873
26.26262626262626,65.65656565656566,6.374636698111087,22.64799038400761,5.417280651187905
27.27272727272727,65.65656565656566,3.9247279161470296,17.11985357961312,3.671931293121729
28.28282828282828,65.65656565656566,4.73407360944869,18.48651287286876,4.716087292899637
29.29292929292929,65.65656565656566,8.907809685956856,14.57340036271824,4.035231712539063
30.3030303030303,65.65656565656566,9.593372226258955,18.50481748991271,3.636835066120143
31.31313131313131,65.65656565656566,6.960568880849047,26.06282990788624,4.697316660808858
32.32323232323233,65.65656565656566,10.305192080348151,12.77534210549595,4.148246153978763
33.33333333333334,65.65656565656566,6.5143876956145785,18.73651853509772,5.30245239413194
34.34343434343435,65.65656565656566,7.646109500652035,24.82231916487441,5.144864918069314
35.35353535353536,65.65656565656566,4.045920409068346,18.51494633485565,4.872866471071149
36.36363636363637,65.65656565656566,9.068606020739661,22.42838770954917,5.415090295768935
37.37373737373738,65.65656565656566,12.96873878144012,8.229754877111908,1.283246467397361
38.38383838383839,65.65656565656566,3.162981180526101,12.76423996366371,1.185783125236256
39.3939393939394,65.65656565656566,4.43053906087286,18.28565037474302,1.17290779545736
40.40404040404041,65.65656565656566,5.207540920047464,10.86360781580506,1.568117960681132
41.41414141414142,65.65656565656566,4.212790416222787,12.17541869893955,2.364502595338453
42.42424242424243,65.65656565656566,5.072401610864506,20.39589870767017,2.033480658525709
43.43434343434344,65.65656565656566,2.4400901136126327,16.02699067422201,2.118351482789161
44.44444444444445,65.65656565656566,4.544003346579645,19.08250081022117,0.7706690980389839
45.45454545454546,65.65656565656566,3.564898655232065,14.29470729710439,1.551210227380979
46.46464646464647,65.65656565656566,5.433582697800887,17.36180511470401,0.1670862369579324
47.47474747474748,65.65656565656566,2.1350359453594043,12.09015849420037,1.5961731876348
48.48484848484848,65.65656565656566,3.3331023238420783,14.45486610834036,2.161812230451302
49.49494949494949,65.65656565656566,4.787827216204681,9.330889007446446,1.758551319365018
50.50505050505051,65.65656565656566,6.592139733160472,8.675543689693423,1.218987101471086
51.51515151515152,65.65656565656566,7.18634551233615,19.78773690360841,1.210623351943257
52.52525252525253,65.65656565656566,2.857772381176135,18.00617427512282,2.124234716764758
53.53535353535354,65.65656565656566,4.937935133532374,16.28105173943391,1.733195559209025
54.54545454545455,65.65656565656566,5.877029907819153,5.758272174673966,1.315530728187463
55.55555555555556,65.65656565656566,9.056004930631367,6.801645325208364,1.794612044603648
56.56565656565657,65.65656565656566,17.548130214486385,29.61934193947843,1.292982007592147
57.57575757575758,65.65656565656566,5.6163044269782905,23.64566416428363,3.869845423916833
58.58585858585859,65.65656565656566,1.1894474198117901,23.74874406699965,4.557853208656189
59.5959595959596,65.65656565656566,6.566739236987004,23.7352619557854,4.758952583256948
60.60606060606061,65.65656565656566,8.530877557045685,29.66850147614038,5.008381444939161
61.61616161616162,65.65656565656566,18.906863220055513,5.625482031528295,3.985992693269135
62.62626262626263,65.65656565656566,9.678788922171996,26.90700007149473,4.254253964573767
63.63636363636364,65.65656565656566,4.95916284261655,23.50757012383879,4.354232457916719
64.64646464646465,65.65656565656566,4.42531710942271,25.10929530734636,4.12827471825908
65.65656565656566,65.65656565656566,16.35690678913334,34.78190539987767,4.050897298980741
66.66666666666667,65.65656565656566,11.291031239523065,10.93319274016851,3.513976034775252
67.67676767676768,65.65656565656566,8.356367385800052,10.69536329202701,5.65862823417241
68.68686868686869,65.65656565656566,7.9157961410332405,16.06429904004317,1.491460397735371
69.6969696969697,65.65656565656566,2.3724257121126016,18.93273507266169,1.027032779768875
70.70707070707071,65.65656565656566,5.994174285960207,14.24279241617738,2.784633258296967
71.71717171717172,65.65656565656566,2.9724559801474553,15.66853691389409,2.479248927327864
72.72727272727273,65.65656565656566,4.5509963175376305,10.60756498838287,1.800375101993784
73.73737373737374,65.65656565656566,4.519149643555858,13.79967849739363,1.629365966416697
74.74747474747475,65.65656565656566,6.102615756193275,23.06354382793912,1.310502871325678
75.75757575757576,65.65656565656566,6.057394104868883,23.89896254356466,1.272588393197273
76.76767676767678,65.65656565656566,4.5518970588699545,13.35758441433405,0.4192006912228516
77.77777777777779,65.65656565656566,3.233534280583829,10.44003514339337,1.109257634997096
78.7878787878788,65.65656565656566,3.91526939509101,10.67831362678586,2.21141615895907
79.7979797979798,65.65656565656566,2.176690172625467,13.26761794180049,1.689155354577491
80.80808080808082,65.65656565656566,4.3078400383227855,12.06675655993827,0.8620025854458316
81.81818181818183,65.65656565656566,2.256043329437667,15.17635295019841,1.361355895483832
82.82828282828284,65.65656565656566,2.9332413318951174,15.09032515557458,1.765220256600107
83.83838383838385,65.65656565656566,8.210091134496624,23.59751688495759,1.644468445533928
84.84848484848486,65.65656565656566,5.0031309468028775,20.33032630071844,1.52072426250152
85.85858585858587,65.65656565656566,4.653496543796961,13.39396319253447,1.925384717627664
86.86868686868688,65.65656565656566,5.4357263003300424,12.90758396847901,2.197298594642869
87.87878787878789,65.65656565656566,8.482672638428477,22.40290383049754,1.936481979385355
88.8888888888889,65.65656565656566,12.146617005694702,28.22480154810732,4.96150507312324
89.89898989898991,65.65656565656566,7.841217329633806,17.35721706628487,4.432163540839909
90.90909090909092,65.65656565656566,5.134770311420914,27.40696573038104,4.51640342534944
91.91919191919193,65.65656565656566,8.302818599371099,31.25123343541434,4.378594954215769
92.92929292929294,65.65656565656566,13.024313139436419,14.42041343624614,3.684348345086062
93.93939393939395,65.65656565656566,9.130486738603022,25.70677073937996,4.58907493546089
94.94949494949496,65.65656565656566,4.6236056971438595,28.13980550567435,4.284649552886647
95.95959595959597,65.65656565656566,4.211451801457117,29.15231173551332,4.129123049828701
96.96969696969697,65.65656565656566,7.8500872362651695,17.85587643242868,4.200292934621749
97.97979797979798,65.65656565656566,3.530604073803088,21.30755958723908,4.107198329248651
98.98989898989899,65.65656565656566,6.851378360841318,12.19276177597047,4.608720431603285
100.0,65.65656565656566,8.588739062177348,15.2126858096146,1.271192062049912
0.0,66.66666666666667,6.708297266429654,17.40831516440081,4.653348022770676
1.01010101010101,66.66666666666667,12.450474505689947,15.55029048351454,5.399422876507108
2.02020202020202,66.66666666666667,4.745028532336962,24.00940313407912,3.401070497590525
3.03030303030303,66.66666666666667,3.658791879529992,21.93243964499517,4.957547586949675
4.040404040404041,66.66666666666667,4.208302662849635,18.61472356200811,4.019333243552431
5.050505050505051,66.66666666666667,3.830694548144522,24.26853941877528,4.567742587059812
6.060606060606061,66.66666666666667,10.692633906226597,26.22220415993693,4.761980130947725
7.070707070707071,66.66666666666667,5.808247686351569,23.91229224029462,1.748479216821731
8.080808080808081,66.66666666666667,7.150745356323697,18.00365122612087,2.110827318018215
9.090909090909092,66.66666666666667,6.271910775227301,8.54478636670255,1.657363728813965
10.1010101010101,66.66666666666667,5.944019132614939,17.47585284953535,2.763659665318027
11.11111111111111,66.66666666666667,3.8631348461202997,14.16656307300321,1.303406396389587
12.12121212121212,66.66666666666667,7.7204737268841,22.70054992849203,1.431339858675558
13.13131313131313,66.66666666666667,7.395536556701121,11.94743870188756,1.307637305279388
14.14141414141414,66.66666666666667,6.321404995258445,20.24720969754279,1.104888224187988
15.15151515151515,66.66666666666667,7.585532731680193,11.59816994761441,1.794077613069231
16.16161616161616,66.66666666666667,7.021206172686597,21.35670549881377,0.8453831990461254
17.17171717171717,66.66666666666667,8.80571759846923,27.40494113352844,2.027560828549993
18.18181818181818,66.66666666666667,9.231779545098622,8.417548831857989,1.742418583160939
19.19191919191919,66.66666666666667,13.753857548892633,4.680806879186239,1.159658635819702
20.2020202020202,66.66666666666667,10.442959471359265,22.79619120402454,1.881596489453576
21.21212121212121,66.66666666666667,5.234181522256963,16.79465470004988,2.188907692129675
22.22222222222222,66.66666666666667,2.0433446750585276,13.10354570296607,1.772503580424241
23.23232323232324,66.66666666666667,2.5631841160673496,12.71061197802806,2.208845844659219
24.24242424242424,66.66666666666667,10.774339216953333,7.14990795934741,1.504736768141799
25.25252525252525,66.66666666666667,8.33882243430308,23.12709116954998,2.915992682031747
26.26262626262626,66.66666666666667,4.149899459702503,24.39971909239083,4.386073698578299
27.27272727272727,66.66666666666667,12.610591890637762,14.19640946032956,4.242670249021718
28.28282828282828,66.66666666666667,13.576391200856655,31.08152332422081,4.001546872822872
29.29292929292929,66.66666666666667,8.821696054395469,19.49441232265204,3.595991289196261
30.3030303030303,66.66666666666667,10.433296907499486,30.21031491563647,4.297378870455544
31.31313131313131,66.66666666666667,5.115398638457379,21.66581922463009,4.63782835508399
32.32323232323233,66.66666666666667,4.832378250717429,24.14795755328754,4.00748858548441
33.33333333333334,66.66666666666667,4.122016185409215,23.50169265600053,4.412400638665366
34.34343434343435,66.66666666666667,10.54381436628423,28.55562483141406,4.041387802928348
35.35353535353536,66.66666666666667,14.965590806291637,13.27515229413929,5.2753320297054
36.36363636363637,66.66666666666667,12.050654111897597,36.98745754690086,4.388098098860212
37.37373737373738,66.66666666666667,13.679254333231755,33.42638265712142,4.045192765421071
38.38383838383839,66.66666666666667,8.446674105343945,11.81957434650664,1.43460960189324
39.3939393939394,66.66666666666667,7.840438751011776,20.18166568305114,1.24397501453594
40.40404040404041,66.66666666666667,11.883221057105885,3.640746415105625,2.148419488076478
41.41414141414142,66.66666666666667,5.8666168768148275,16.21400362321051,1.415355317490891
42.42424242424243,66.66666666666667,3.0422880104703527,18.34015889727936,1.571946995704271
43.43434343434344,66.66666666666667,3.268943048662492,16.6853345814489,2.109892406538581
44.44444444444445,66.66666666666667,5.554990560103406,21.32011705311236,1.561078688138799
45.45454545454546,66.66666666666667,3.9621507038506,20.09501677472075,1.30537064843514
46.46464646464647,66.66666666666667,4.660922994504898,21.07270725057964,1.277847755421345
47.47474747474748,66.66666666666667,3.0199822532324974,12.37711334300487,0.7006552224459068
48.48484848484848,66.66666666666667,4.7980405358042875,12.40373483848107,1.208332138841079
49.49494949494949,66.66666666666667,8.815861470899915,22.38158743410866,2.208927501967094
50.50505050505051,66.66666666666667,4.511831929373147,20.01638981810739,1.305848966192692
51.51515151515152,66.66666666666667,3.1444073282830742,16.4448473070253,1.322253943394549
52.52525252525253,66.66666666666667,4.000909624466787,13.04073517957136,1.535279179524704
53.53535353535354,66.66666666666667,3.566008221693802,19.47030845768828,2.422842008238645
54.54545454545455,66.66666666666667,4.8711115185264156,17.15532440432044,2.073004347738426
55.55555555555556,66.66666666666667,6.626667984035299,13.33097718078888,1.612102052067505
56.56565656565657,66.66666666666667,18.88918188962998,3.555323116642988,0.5995866751108975
57.57575757575758,66.66666666666667,13.953746785999655,29.25733969547327,4.921298426517108
58.58585858585859,66.66666666666667,6.411592385725883,26.72725566607884,5.516830811951968
59.5959595959596,66.66666666666667,5.9882084313845585,31.90871034571096,3.562562956648593
60.60606060606061,66.66666666666667,7.869387785423689,29.5880528529112,4.580301591779809
61.61616161616162,66.66666666666667,10.358044881844753,24.84543202996147,3.368674555150091
62.62626262626263,66.66666666666667,6.879403278665029,14.37417994928334,4.160997780253174
63.63636363636364,66.66666666666667,6.2789815118791505,17.4225264409551,4.789657775127794
64.64646464646465,66.66666666666667,2.3286999425173693,25.24666061838886,4.007352791426773
65.65656565656566,66.66666666666667,8.480303422875071,26.48338909806454,4.229820324301952
66.66666666666667,66.66666666666667,8.762840661798123,14.9726502086814,4.825609838784046
67.67676767676768,66.66666666666667,8.42759612909672,25.09333445615474,4.457981819935647
68.68686868686869,66.66666666666667,9.674442018708607,30.81378303829432,4.73832587678309
69.6969696969697,66.66666666666667,6.709232917911183,17.01686196822887,1.635169628228185
70.70707070707071,66.66666666666667,9.951243970721654,26.26089909431406,1.921377703784847
71.71717171717172,66.66666666666667,4.035690792824973,15.63993329721392,2.594620076216965
72.72727272727273,66.66666666666667,6.148873033845042,19.79697020935913,0.9856417082273987
73.73737373737374,66.66666666666667,7.20319684994279,10.070973100847,1.26621838603856
74.74747474747475,66.66666666666667,5.281518397895102,16.28135812807254,1.783638400789779
75.75757575757576,66.66666666666667,4.485757289644245,19.40647572689062,0.9088055364188568
76.76767676767678,66.66666666666667,4.485686119828712,14.41275568635383,1.048803242123558
77.77777777777779,66.66666666666667,5.150867039381199,8.116156956571972,1.328993312906531
78.7878787878788,66.66666666666667,1.155227519421067,9.94165187896373,1.466629880535352
79.7979797979798,66.66666666666667,4.559784273427271,10.51240475106837,1.620080611525637
80.80808080808082,66.66666666666667,5.181902553816725,16.71249193482665,1.771623726016351
81.81818181818183,66.66666666666667,4.544688758376898,19.92145659723196,1.47550152754873
82.82828282828284,66.66666666666667,3.2521134540834624,12.73275536018724,1.966561948060768
83.83838383838385,66.66666666666667,9.53384543497797,9.72868844006652,1.891616135056244
84.84848484848486,66.66666666666667,2.9419005538221725,19.40631535319459,1.73362619967877
85.85858585858587,66.66666666666667,6.330545448363874,19.90729387049027,1.242545772339838
86.86868686868688,66.66666666666667,8.329806583911644,8.60811080076796,1.654845660888798
87.87878787878789,66.66666666666667,14.476950511169743,11.36168378321929,1.613466168522533
88.8888888888889,66.66666666666667,24.476985833417327,44.40819069294734,4.227428504039173
89.89898989898991,66.66666666666667,8.234215308834905,22.24349896105102,4.910939494774693
90.90909090909092,66.66666666666667,2.520011764197437,26.65633010992838,5.011980074222815
91.91919191919193,66.66666666666667,6.549755751438738,21.77674947655238,4.881330524005969
92.92929292929294,66.66666666666667,10.364929275260215,26.63079530648955,5.32263837489653
93.93939393939395,66.66666666666667,8.986882998573174,17.11469412175678,5.496296295650152
94.94949494949496,66.66666666666667,9.438159121339066,16.24786658219775,5.670565032569861
95.95959595959597,66.66666666666667,4.3997170374497045,27.09269271538947,4.543411064867103
96.96969696969697,66.66666666666667,7.002562218817397,29.32106807838467,5.397084865285199
97.97979797979798,66.66666666666667,3.67773143121192,22.27349436644575,6.283078576053654
98.98989898989899,66.66666666666667,8.09254164615729,19.69941871596386,4.564055418583653
100.0,66.66666666666667,13.783999905875307,33.62137892035975,4.61864346118616
0.0,67.67676767676768,9.14366460868845,27.46349118858209,4.475936913362865
1.01010101010101,67.67676767676768,12.401430607829985,36.22046381388148,4.868555021760064
2.02020202020202,67.67676767676768,10.109531788818337,31.6633094405766,4.034238057873016
3.03030303030303,67.67676767676768,8.436316711272823,16.27572632757014,4.917914065928095
4.040404040404041,67.67676767676768,3.6217149718936863,21.14657490391338,4.012583732967355
5.050505050505051,67.67676767676768,6.820513118152642,18.03205482056603,4.556566252378384
6.060606060606061,67.67676767676768,13.53346590096313,7.627386885753097,3.990187928573415
7.070707070707071,67.67676767676768,6.322519554418083,17.90438563882825,1.357411406343108
8.080808080808081,67.67676767676768,5.814586381481386,9.871481478019088,1.112494580151609
9.090909090909092,67.67676767676768,2.2138145961577824,11.03587433769414,0.9929342095421474
10.1010101010101,67.67676767676768,6.273948492933039,7.981983154546164,1.732174091350584
11.11111111111111,67.67676767676768,3.6210182265132014,15.81606568732838,1.234544674943844
12.12121212121212,67.67676767676768,6.530407990087786,18.97247486063211,1.08568569917358
13.13131313131313,67.67676767676768,5.025108342594791,13.19874307173675,1.868833357781778
14.14141414141414,67.67676767676768,8.202800010068001,21.64561539666948,1.721753375383343
15.15151515151515,67.67676767676768,6.571623898439873,7.102831232030587,1.755168821210392
16.16161616161616,67.67676767676768,8.403010373954658,12.39495329781489,1.995165581802707
17.17171717171717,67.67676767676768,11.170460168932614,30.3020169955207,0.7599972667639682
18.18181818181818,67.67676767676768,8.297297681300233,20.74921491026027,0.6679732781206786
19.19191919191919,67.67676767676768,6.955564435654064,20.55533106371579,0.8926734594109651
20.2020202020202,67.67676767676768,8.127996405922731,11.66267738377259,1.988082504031898
21.21212121212121,67.67676767676768,3.715731625884856,9.473914041643846,1.534043393661784
22.22222222222222,67.67676767676768,5.202268240558642,12.60344270591496,1.685788081758433
23.23232323232324,67.67676767676768,4.698744516855488,17.00787650303007,2.140762831168925
24.24242424242424,67.67676767676768,10.301199781275626,14.98307597947194,0.4575152809055008
25.25252525252525,67.67676767676768,13.730566497229725,35.23488176822406,3.943430365664313
26.26262626262626,67.67676767676768,5.522558313393053,27.77165066791551,3.668218261882114
27.27272727272727,67.67676767676768,14.738393518085445,34.62690940764453,4.355057687447678
28.28282828282828,67.67676767676768,10.109833566396585,17.84319383760626,4.437530023255102
29.29292929292929,67.67676767676768,6.749690251215793,27.55717098574691,4.513695937008737
30.3030303030303,67.67676767676768,5.703040428899272,19.4430229953531,4.594062814648714
31.31313131313131,67.67676767676768,3.1892337156064006,16.62786937372055,4.857065100691655
32.32323232323233,67.67676767676768,2.677924789841608,19.31946322415387,4.905076084049099
33.33333333333334,67.67676767676768,4.09532892836647,17.47899910796702,5.32586699263977
34.34343434343435,67.67676767676768,12.155655541767814,10.44807774550509,4.011790997210243
35.35353535353536,67.67676767676768,10.998048706667614,28.90494368855313,1.782995664554357
36.36363636363637,67.67676767676768,5.182641389527164,30.61729107920318,4.099717345787312
37.37373737373738,67.67676767676768,9.09597682118593,29.07387630459814,4.237711271721488
38.38383838383839,67.67676767676768,8.874308117603125,8.94644318944721,4.349053172133436
39.3939393939394,67.67676767676768,4.757347419184853,15.61893659180217,0.9888637112297995
40.40404040404041,67.67676767676768,3.8397307255835007,14.83659276677933,1.422030141717508
41.41414141414142,67.67676767676768,2.2328827787412893,11.48553352239589,1.982380785495391
42.42424242424243,67.67676767676768,2.129557298030717,12.00772625568807,1.184364426477572
43.43434343434344,67.67676767676768,4.030884927310702,10.55751308151974,1.922569566695552
44.44444444444445,67.67676767676768,6.89818575179547,7.197653805644988,1.733345956641355
45.45454545454546,67.67676767676768,8.397991525911241,12.24951419118521,2.17623663831775
46.46464646464647,67.67676767676768,8.628974973244762,26.33221270928994,2.146263698669673
47.47474747474748,67.67676767676768,6.1009100791332465,15.44787210407939,0.8020203528658808
48.48484848484848,67.67676767676768,4.796765764702359,19.54029162073514,1.097001498348703
49.49494949494949,67.67676767676768,9.115038606916642,12.51189018880008,1.428407681710951
50.50505050505051,67.67676767676768,5.824231372327647,20.78613128010265,1.719774723451064
51.51515151515152,67.67676767676768,2.580406089554553,14.18576222901214,1.247741134760096
52.52525252525253,67.67676767676768,3.3277241428397635,14.24524917631619,2.035607400574568
53.53535353535354,67.67676767676768,3.7448374928886197,17.1400896206522,1.075128323947598
54.54545454545455,67.67676767676768,3.549818449638779,15.20726183676065,1.967469603374565
55.55555555555556,67.67676767676768,5.093404066136878,19.70831597367211,2.759441385836287
56.56565656565657,67.67676767676768,9.156701408442782,17.57036120935129,5.366083798035142
57.57575757575758,67.67676767676768,14.918909397131939,7.286128690889003,5.255108788645838
58.58585858585859,67.67676767676768,10.450862961881631,11.77093643128105,5.308392108567681
59.5959595959596,67.67676767676768,10.536047225747948,23.63143718253017,4.042817293126474
60.60606060606061,67.67676767676768,18.016184547597533,5.254228650195117,4.451510966008033
61.61616161616162,67.67676767676768,6.562579580668911,17.84707540464349,4.939792324104022
62.62626262626263,67.67676767676768,3.392400167978843,15.83937436938218,4.464692901882827
63.63636363636364,67.67676767676768,6.312860883095832,25.58092813648249,3.899762695459017
64.64646464646465,67.67676767676768,4.370916398544595,25.3632324203064,5.296986507381149
65.65656565656566,67.67676767676768,8.90252958469009,13.6081590774362,3.475148639251834
66.66666666666667,67.67676767676768,8.158480882034029,24.35313225050453,4.436160331376883
67.67676767676768,67.67676767676768,3.3892097329720574,21.62205393350851,4.103473220564147
68.68686868686869,67.67676767676768,5.967382515595197,26.38286861391608,2.871967883219601
69.6969696969697,67.67676767676768,3.0228725685172426,18.89696233929014,5.591432558017002
70.70707070707071,67.67676767676768,3.3233457351285667,18.33903281274945,0.5525580210775768
71.71717171717172,67.67676767676768,3.120019249906258,16.97609014258829,1.483821234368498
72.72727272727273,67.67676767676768,2.0442695695197406,21.3200231031057,2.213189200699099
73.73737373737374,67.67676767676768,3.3626370789066926,19.21867296833386,1.743264167764947
74.74747474747475,67.67676767676768,3.7281703911574855,21.28974339374275,0.714487825299575
75.75757575757576,67.67676767676768,5.092911618727191,14.07477102434255,2.197690337802592
76.76767676767678,67.67676767676768,6.4168690529585035,8.815501249377407,0.8857413296525498
77.77777777777779,67.67676767676768,8.682727369715366,18.27365327510175,1.455701282179777
78.7878787878788,67.67676767676768,7.470107647589172,8.45365134359799,1.450386966501126
79.7979797979798,67.67676767676768,8.254568044696189,19.22548859818241,1.105259617800963
80.80808080808082,67.67676767676768,8.911122025567547,10.03966894061172,2.322748666272078
81.81818181818183,67.67676767676768,6.128591095763785,16.88547111020794,1.214602069964109
82.82828282828284,67.67676767676768,3.96982735785493,12.27463949640617,2.44686049339006
83.83838383838385,67.67676767676768,9.891766100661814,21.31354790183854,1.272060774881031
84.84848484848486,67.67676767676768,5.4814575307217,18.7413295158535,1.586886204590088
85.85858585858587,67.67676767676768,6.531152438370553,12.89860434200857,1.977521422038834
86.86868686868688,67.67676767676768,7.485303109631538,23.57510791652985,1.320398992079763
87.87878787878789,67.67676767676768,5.021246563641227,22.42818588844063,3.353176812873064
88.8888888888889,67.67676767676768,9.360946050785413,17.89483514574244,4.195107609223292
89.89898989898991,67.67676767676768,3.055995027756482,20.77044250125123,3.585593201631783
90.90909090909092,67.67676767676768,5.266387769035077,26.61933045584465,5.133902019734219
91.91919191919193,67.67676767676768,8.183789654890125,14.78583689297256,5.422063452639726
92.92929292929294,67.67676767676768,12.293051866057128,11.75160709036204,5.139138294110995
93.93939393939395,67.67676767676768,12.979925149467428,34.0872207741345,3.924031057365519
94.94949494949496,67.67676767676768,8.367456243456482,30.39691047132667,5.249642473642756
95.95959595959597,67.67676767676768,2.7429624187201513,24.62664508190142,4.443312438420696
96.96969696969697,67.67676767676768,6.139156253848909,22.05195992400519,5.043911343731754
97.97979797979798,67.67676767676768,3.1713665220399854,26.39683594966595,4.52028398923317
98.98989898989899,67.67676767676768,5.090943168293472,28.06689250572184,4.680883551498981
100.0,67.67676767676768,4.766875807469934,24.60003251787488,3.90557351173752
0.0,68.68686868686869,4.996627550323797,18.84464601199741,4.946242024770068
1.01010101010101,68.68686868686869,6.45734377975431,20.59904171153275,4.878233584343294
2.02020202020202,68.68686868686869,6.7302290182773445,18.82382607811208,5.291626790200474
3.03030303030303,68.68686868686869,11.767467864468395,8.445604489253574,4.584694190848642
4.040404040404041,68.68686868686869,4.876609766886261,17.17693501793449,4.047303831131115
5.050505050505051,68.68686868686869,6.981526081860638,10.50567496432499,4.767835567506517
6.060606060606061,68.68686868686869,9.621431959366117,22.4847665275337,4.635491811367727
7.070707070707071,68.68686868686869,5.710617640962822,16.9321169365066,4.44733205873972
8.080808080808081,68.68686868686869,2.7601396677948453,15.80036023535864,1.168868988061699
9.090909090909092,68.68686868686869,4.074507007990798,13.18176070851065,1.416773467144277
10.1010101010101,68.68686868686869,4.231598463717781,12.69593371535894,2.003157584208096
11.11111111111111,68.68686868686869,3.927920901366593,13.97198710168669,1.90175838905205
12.12121212121212,68.68686868686869,8.49404330336807,5.50905893033998,1.604354006244409
13.13131313131313,68.68686868686869,3.4571265490594474,8.57021818503487,1.575165597339759
14.14141414141414,68.68686868686869,5.54681112539688,13.22247754509579,0.6217158204550086
15.15151515151515,68.68686868686869,2.219117365011021,9.05908187978306,1.560937839588937
16.16161616161616,68.68686868686869,2.7602520837015105,10.94384976648525,1.422730363303198
17.17171717171717,68.68686868686869,7.477560029141379,15.97711796474874,1.646006273839723
18.18181818181818,68.68686868686869,7.619154010165399,9.638376195266536,1.599700661582031
19.19191919191919,68.68686868686869,4.7459909958228845,17.69413503211677,1.279344065066729
20.2020202020202,68.68686868686869,8.180463875588785,21.95973216513962,1.637768263505284
21.21212121212121,68.68686868686869,7.219260639826363,11.69780788037738,1.331352518504192
22.22222222222222,68.68686868686869,13.962138081852098,25.37845020971219,2.144722800194489
23.23232323232324,68.68686868686869,14.97253848643879,8.939397281283366,1.73209401815442
24.24242424242424,68.68686868686869,8.857324568614455,26.07810077213967,4.633872643783354
25.25252525252525,68.68686868686869,9.351632844221083,20.13544326703989,4.515112308363138
26.26262626262626,68.68686868686869,3.2813600844634,23.37183882990555,5.873595391985099
27.27272727272727,68.68686868686869,5.437561680458071,19.74280959238502,5.379712891651179
28.28282828282828,68.68686868686869,6.615266182484388,18.54650589839913,4.052365403602256
29.29292929292929,68.68686868686869,4.8486272743487815,28.66504818898075,3.752699940035591
30.3030303030303,68.68686868686869,7.532777469628164,20.55859117864046,5.530119959918829
31.31313131313131,68.68686868686869,3.7960579564965373,18.84010691317074,4.846752895374532
32.32323232323233,68.68686868686869,1.5189593983520977,17.96831636054128,4.953978813491796
33.33333333333334,68.68686868686869,1.641805730251682,18.96623579475061,3.773065659899951
34.34343434343435,68.68686868686869,4.186636056746929,15.47536552115741,5.412773442738851
35.35353535353536,68.68686868686869,5.110969811020292,20.7117535899946,4.319355361385438
36.36363636363637,68.68686868686869,5.138552778474345,19.5126541540473,3.597026588117369
37.37373737373738,68.68686868686869,7.582125582260558,18.71332326213367,4.859117934417119
38.38383838383839,68.68686868686869,5.904698143845693,14.77061798529439,4.280316064756947
39.3939393939394,68.68686868686869,6.919763788592854,22.63075994991481,1.734594127555412
40.40404040404041,68.68686868686869,2.810788035310577,14.80691928552531,1.770162292478794
41.41414141414142,68.68686868686869,2.073222169874722,11.81534255887081,1.258226050707738
42.42424242424243,68.68686868686869,1.23892915687501,12.22111689875914,1.089055297870372
43.43434343434344,68.68686868686869,5.669461414166488,15.74315884079031,0.8331599374754184
44.44444444444445,68.68686868686869,6.221375271752136,12.25621390394452,1.749636415855209
45.45454545454546,68.68686868686869,11.082021779141888,5.637609574720739,1.205270116006713
46.46464646464647,68.68686868686869,5.756553729265018,22.04285739833647,1.016345529948994
47.47474747474748,68.68686868686869,2.467789145732529,21.80399353767156,1.122230741205749
48.48484848484848,68.68686868686869,6.663358456249244,20.4699769486997,1.836326938662239
49.49494949494949,68.68686868686869,14.190602562950716,1.224075529679719,0.9562952816116315
50.50505050505051,68.68686868686869,6.893625277578968,13.13355739518041,2.937848039497906
51.51515151515152,68.68686868686869,5.073580250742463,15.58844551082263,1.697335080466869
52.52525252525253,68.68686868686869,8.178452290151935,5.093193993342026,1.452957631576083
53.53535353535354,68.68686868686869,7.312184225644234,9.318626714361365,1.909665688410934
54.54545454545455,68.68686868686869,7.167795046103282,21.02459114695296,1.943125240898741
55.55555555555556,68.68686868686869,5.183313471309096,27.06558454410411,5.441102622604046
56.56565656565657,68.68686868686869,4.402892354181702,27.75994146763101,5.317486733249506
57.57575757575758,68.68686868686869,9.243070679931963,30.22151501597815,5.221079118220885
58.58585858585859,68.68686868686869,6.942825361385304,22.27276055236862,5.00553389616945
59.5959595959596,68.68686868686869,6.3991956757091195,27.260643638757,4.477999784114549
60.60606060606061,68.68686868686869,8.442505552305168,22.01508735108573,3.175180082612485
61.61616161616162,68.68686868686869,9.012466302118685,13.19566149699551,4.576170586361544
62.62626262626263,68.68686868686869,4.754860348014226,16.19452581883709,2.894683419215902
63.63636363636364,68.68686868686869,4.571039337464947,18.44713578290296,4.280164577056825
64.64646464646465,68.68686868686869,6.328206271409732,19.96890768709185,3.850616105280414
65.65656565656566,68.68686868686869,7.931831218508393,13.37331727524271,4.096665048421479
66.66666666666667,68.68686868686869,4.709906850168384,14.57574225425589,5.563683397940522
67.67676767676768,68.68686868686869,1.8206800330066484,19.0283885216701,3.723066579097111
68.68686868686869,68.68686868686869,4.692528124407038,19.19097393094704,4.826719178979463
69.6969696969697,68.68686868686869,2.6779881516074697,16.72940823744907,4.035432045572674
70.70707070707071,68.68686868686869,3.0382121824682224,21.78967727499726,4.865818055093728
71.71717171717172,68.68686868686869,4.5752779098206835,22.41313466616038,1.459980573725164
72.72727272727273,68.68686868686869,0.919343275062138,21.52876539214884,1.532176069264009
73.73737373737374,68.68686868686869,1.3180823116863678,19.08824508037468,1.86548711393212
74.74747474747475,68.68686868686869,3.40054391041932,20.67148988959211,2.391377942255891
75.75757575757576,68.68686868686869,2.6553747247995045,16.6404706523379,1.686171007111231
76.76767676767678,68.68686868686869,2.383518792164398,14.16830122354551,1.623077818056603
77.77777777777779,68.68686868686869,4.403476716117778,12.97839407199817,0.9073098730109891
78.7878787878788,68.68686868686869,6.006062218543265,16.25424221250076,1.746506870115908
79.7979797979798,68.68686868686869,5.922176916908568,23.57302001769802,0.4007091005566813
80.80808080808082,68.68686868686869,5.289263375660824,22.97971222150007,1.333979094715891
81.81818181818183,68.68686868686869,11.231383283646753,26.90721622284107,1.874549736736204
82.82828282828284,68.68686868686869,6.356798609583926,10.50318594800166,2.096807388074165
83.83838383838385,68.68686868686869,6.928294822971001,4.942469752380714,1.084220874692367
84.84848484848486,68.68686868686869,8.210679857331506,5.895428790137758,1.808850140320766
85.85858585858587,68.68686868686869,6.1322753178368075,15.49529581864287,2.198695756931616
86.86868686868688,68.68686868686869,4.500189409126442,20.42431819637608,5.09281094145714
87.87878787878789,68.68686868686869,3.549897543784092,25.76639726699679,5.152493429864022
88.8888888888889,68.68686868686869,3.01541499406322,21.41630570347221,3.98323798715241
89.89898989898991,68.68686868686869,1.7607602268569265,22.79687084237516,4.595297173529575
90.90909090909092,68.68686868686869,1.5908962523130201,23.27316055125358,3.530118273046539
91.91919191919193,68.68686868686869,4.777919536794321,25.66235956347063,5.321697608108041
92.92929292929294,68.68686868686869,5.738778281714755,20.67478285208006,4.538426124270181
93.93939393939395,68.68686868686869,6.621194248022585,25.1659708152228,4.149145447674413
94.94949494949496,68.68686868686869,7.79592573834659,20.53670507886274,5.347808023549742
95.95959595959597,68.68686868686869,4.100583408226996,24.78749657597249,3.370283133281793
96.96969696969697,68.68686868686869,8.46844308622924,32.41991560146435,4.981645570021723
97.97979797979798,68.68686868686869,5.5794787908822165,28.94402787288904,4.244637204178822
98.98989898989899,68.68686868686869,5.085733807473304,21.20751016620878,3.87473542380565
100.0,68.68686868686869,2.768299236559789,22.78761148579691,5.383631328192591
0.0,69.6969696969697,8.774948440657147,23.46128778684878,2.752208409428015
1.01010101010101,69.6969696969697,4.926721879321872,13.92070002782025,4.890289771628118
2.02020202020202,69.6969696969697,5.315437280908176,16.8958305897464,4.613384899210431
3.03030303030303,69.6969696969697,13.115798080870565,28.57580199127117,3.636353128122845
4.040404040404041,69.6969696969697,7.358860982081006,17.31114361721023,4.737913647785836
5.050505050505051,69.6969696969697,6.541151439596193,8.756302109941688,4.188486784521073
6.060606060606061,69.6969696969697,8.798088367371522,16.38815948608565,3.653688126215503
7.070707070707071,69.6969696969697,13.959940805538377,32.11791250586118,4.769471889381208
8.080808080808081,69.6969696969697,8.645585457881836,14.43903654951476,5.52580894241266
9.090909090909092,69.6969696969697,16.92210517442667,2.134045567363669,1.546684662636675
10.1010101010101,69.6969696969697,11.944049389948859,23.14649662993783,1.437871080438107
11.11111111111111,69.6969696969697,7.311110013223688,9.843363639536467,1.021919329200248
12.12121212121212,69.6969696969697,4.698235357675829,14.49772878747853,1.207361939987422
13.13131313131313,69.6969696969697,4.222779832714441,10.05678087981497,1.239823355234888
14.14141414141414,69.6969696969697,5.796498199207965,18.17092916973597,1.648576117663196
15.15151515151515,69.6969696969697,5.011683165157187,8.18702661950637,0.9366261757025796
16.16161616161616,69.6969696969697,4.856082040185189,8.271981047974528,1.667901379944482
17.17171717171717,69.6969696969697,3.4022196525011053,11.76378684670088,1.103394918657816
18.18181818181818,69.6969696969697,4.540055860227451,14.60965291460196,1.813205147941984
19.19191919191919,69.6969696969697,5.851319133956193,21.4955470139362,1.155747252283181
20.2020202020202,69.6969696969697,3.971257670176397,14.0624528619366,1.121638401222027
21.21212121212121,69.6969696969697,2.846116891227329,14.40838998685225,1.086817565987868
22.22222222222222,69.6969696969697,8.18784562264724,12.42460064386467,1.652470425847701
23.23232323232324,69.6969696969697,11.416837385896645,27.1833155860067,5.297360714167048
24.24242424242424,69.6969696969697,2.0140127214213104,27.33101325797367,5.701022134444707
25.25252525252525,69.6969696969697,9.389966288400036,33.26348307477461,4.937291612003578
26.26262626262626,69.6969696969697,4.962261196830873,25.232042529363,3.949019109322526
27.27272727272727,69.6969696969697,7.541073463280847,17.70199561731867,3.802940278344937
28.28282828282828,69.6969696969697,9.85629511218151,32.9894125829763,4.150137988232929
29.29292929292929,69.6969696969697,11.978902850082399,28.60341559574138,4.144593935520418
30.3030303030303,69.6969696969697,21.34142467584907,1.367990759225171,3.831009984998967
31.31313131313131,69.6969696969697,13.665489598378205,29.22182638160752,4.690322058567054
32.32323232323233,69.6969696969697,3.146952718662755,20.82329710349829,4.753782531694968
33.33333333333334,69.6969696969697,0.8170037991679857,19.55743232117122,4.879771083651332
34.34343434343435,69.6969696969697,3.6960070752718055,18.46736363006242,4.425314727445176
35.35353535353536,69.6969696969697,6.86788976003659,26.52695523073275,4.28990283493598
36.36363636363637,69.6969696969697,6.958074724108362,26.96379801492787,3.217647414937992
37.37373737373738,69.6969696969697,11.765577744191429,33.93923637995852,4.683838171998168
38.38383838383839,69.6969696969697,6.656536583089558,20.76238852337028,4.980315671608725
39.3939393939394,69.6969696969697,5.292762612260338,17.64751078266596,4.124027898690603
40.40404040404041,69.6969696969697,3.0482804053814396,15.2049805544696,1.05497958780647
41.41414141414142,69.6969696969697,2.318506887464708,16.38107113535195,2.06466802759107
42.42424242424243,69.6969696969697,4.424448712561945,13.03562660126861,1.393341270748197
43.43434343434344,69.6969696969697,11.221846741645203,5.259945822271886,1.148220551201864
44.44444444444445,69.6969696969697,8.071628411354546,21.97760562658396,0.3389468365701551
45.45454545454546,69.6969696969697,6.553962142454117,20.32993992198431,1.335004524450859
46.46464646464647,69.6969696969697,1.379233256257499,19.95010947651051,1.589589444445197
47.47474747474748,69.6969696969697,2.488982041753245,19.86183883797038,1.750814006667387
48.48484848484848,69.6969696969697,3.119715040000358,15.32614645965912,1.790957679258411
49.49494949494949,69.6969696969697,5.284289580902126,15.54328783784155,1.180009264522796
50.50505050505051,69.6969696969697,5.5253924551272195,18.69111463943113,1.825037591344591
51.51515151515152,69.6969696969697,9.332758546127778,9.646947422786095,1.598474569330064
52.52525252525253,69.6969696969697,4.367603575030472,13.93426373247566,1.237983148280587
53.53535353535354,69.6969696969697,5.373410912031974,14.81450355703653,1.546412535978802
54.54545454545455,69.6969696969697,11.129991870038253,26.13148419143103,5.47263071704983
55.55555555555556,69.6969696969697,6.974131053214761,20.42494954997777,4.800301527117153
56.56565656565657,69.6969696969697,5.485813785037367,23.49388278105796,4.052071040650427
57.57575757575758,69.6969696969697,10.158053090489695,33.84808339866018,3.178766291901489
58.58585858585859,69.6969696969697,9.430217789132058,17.93992077791288,4.689416319081023
59.5959595959596,69.6969696969697,6.530905641452421,15.526506766207,3.895362283237486
60.60606060606061,69.6969696969697,6.221035145871119,24.9592687176543,5.211176710628777
61.61616161616162,69.6969696969697,12.80402261844917,32.77582262189048,4.23681522980378
62.62626262626263,69.6969696969697,7.743430253233684,29.60734147553163,5.389816301649823
63.63636363636364,69.6969696969697,5.010952926568217,25.82311891092846,3.627177862867535
64.64646464646465,69.6969696969697,9.483643766240688,31.7700457234782,4.584112972813434
65.65656565656566,69.6969696969697,18.035219953365043,37.06778495622048,5.036633117813993
66.66666666666667,69.6969696969697,13.880789734700421,11.16857609625838,5.0211856357431
67.67676767676768,69.6969696969697,8.284172922083657,18.95456547817307,3.3010758712996
68.68686868686869,69.6969696969697,8.622690536510301,28.14504064283124,4.053351080337631
69.6969696969697,69.6969696969697,6.017747783919932,17.75197201099172,4.109220126105164
70.70707070707071,69.6969696969697,6.9271207967125905,24.80815511391103,4.11822705201898
71.71717171717172,69.6969696969697,11.678814124813016,11.0568942156244,1.251763525321469
72.72727272727273,69.6969696969697,6.460417584851639,21.38502416672913,1.384099945972396
73.73737373737374,69.6969696969697,2.581683678468788,17.97010884257998,1.658714730857741
74.74747474747475,69.6969696969697,5.7641926066841584,13.30183179853711,0.5453243217541369
75.75757575757576,69.6969696969697,2.935018782203891,18.19308125749397,1.872460792372616
76.76767676767678,69.6969696969697,5.3280177621537,13.64910260939575,0.8409749943394176
77.77777777777779,69.6969696969697,10.708577092801606,5.125501702680568,1.796984229473708
78.7878787878788,69.6969696969697,9.983870903819849,21.8832742720712,1.496685654037462
79.7979797979798,69.6969696969697,7.71921753422699,12.14392937097457,1.076570306899276
80.80808080808082,69.6969696969697,7.369603877178427,19.28351379728407,1.259318802227918
81.81818181818183,69.6969696969697,6.01067347465726,12.33496247706759,1.107948627290259
82.82828282828284,69.6969696969697,3.988030677085552,12.1941803674725,1.23845551594175
83.83838383838385,69.6969696969697,6.750122943215405,9.770895661428904,1.704576648679723
84.84848484848486,69.6969696969697,5.8601240573141125,15.33942142748588,0.7020667225462505
85.85858585858587,69.6969696969697,9.141294275715897,8.091775430168264,5.228122306040724
86.86868686868688,69.6969696969697,5.875020466000027,25.00318466437416,4.904317722787956
87.87878787878789,69.6969696969697,4.273177255437124,24.59718910456187,5.233297531686389
88.8888888888889,69.6969696969697,3.870061808844598,18.60677298737663,4.430551152300509
89.89898989898991,69.6969696969697,4.0194193529552,19.63711312385275,4.483142874153184
90.90909090909092,69.6969696969697,4.127509238574152,23.12123416768804,3.927815136226548
91.91919191919193,69.6969696969697,2.549410133412847,24.80397981039904,5.177422106794436
92.92929292929294,69.6969696969697,4.073582471432952,25.22795554268775,4.329689024645539
93.93939393939395,69.6969696969697,8.911943666336445,16.72289748154696,4.745518613410146
94.94949494949496,69.6969696969697,12.312729662135954,8.09326475141012,4.191165625138478
95.95959595959597,69.6969696969697,4.623005036568548,20.42922495973719,5.437086795799145
96.96969696969697,69.6969696969697,4.502594846052202,20.02240568807374,4.569318708946039
97.97979797979798,69.6969696969697,6.777283398168946,20.38571006783884,2.979866799682023
98.98989898989899,69.6969696969697,4.650491772864342,25.37444403032055,4.999988436182651
100.0,69.6969696969697,7.740313798367808,17.87523612778364,6.431267851146885
0.0,70.70707070707071,8.177760767479839,11.29367199875724,4.481892014809692
1.01010101010101,70.70707070707071,3.759890138849235,13.40787251519994,4.264136041990007
2.02020202020202,70.70707070707071,3.735509094880781,12.2171789179303,4.584234207537524
3.03030303030303,70.70707070707071,8.761704819607782,19.18743694539221,4.934525071608505
4.040404040404041,70.70707070707071,10.32637541776987,26.79287906492903,4.794766923806405
5.050505050505051,70.70707070707071,8.797174845237244,16.98483613053065,4.285046998077185
6.060606060606061,70.70707070707071,7.7308843017691,10.6540234539671,3.304885450525055
7.070707070707071,70.70707070707071,9.283597133354014,24.87257382918419,4.80313640802851
8.080808080808081,70.70707070707071,7.96647196917756,17.67618775670072,4.744503684378166
9.090909090909092,70.70707070707071,9.73248857558253,25.4573090791981,3.75473093718743
10.1010101010101,70.70707070707071,6.052781859067473,20.13644603769681,2.222708529776349
11.11111111111111,70.70707070707071,4.723194119837164,17.00168209193757,2.136520528354263
12.12121212121212,70.70707070707071,4.396669122377688,13.78877026951939,0.9207363347366619
13.13131313131313,70.70707070707071,4.447246063089653,12.90624131830807,1.61318816118445
14.14141414141414,70.70707070707071,3.485133124394842,18.31041950177705,2.083448612997647
15.15151515151515,70.70707070707071,4.360817562371113,17.29284704116067,1.092682234147636
16.16161616161616,70.70707070707071,7.5891249195789845,21.44768026301005,1.492313099263778
17.17171717171717,70.70707070707071,3.5395125065570547,14.82166247203001,0.9522474471983972
18.18181818181818,70.70707070707071,3.498946696246654,11.1524663602629,1.703569065101671
19.19191919191919,70.70707070707071,4.797760795030726,16.2106707112647,1.921226715712576
20.2020202020202,70.70707070707071,2.966720250613116,13.85373276134928,1.905115697975641
21.21212121212121,70.70707070707071,7.289845466185115,20.75254897738347,0.3648778379336082
22.22222222222222,70.70707070707071,7.503913307145266,15.4796292834765,3.964198205534311
23.23232323232324,70.70707070707071,9.42379151893115,14.66629696125245,4.594923499445402
24.24242424242424,70.70707070707071,6.334676811395442,26.60804234689034,3.73685417539804
25.25252525252525,70.70707070707071,4.795159632207665,22.79556809112175,4.702860501370265
26.26262626262626,70.70707070707071,6.676053065715451,27.6593961597731,5.699513706085282
27.27272727272727,70.70707070707071,12.947797808498372,12.39597961696359,6.007753861717856
28.28282828282828,70.70707070707071,9.668790057438327,27.68055277171998,3.613538469948493
29.29292929292929,70.70707070707071,8.555398787611399,12.37085861240228,5.229733234098951
30.3030303030303,70.70707070707071,11.236682411116787,12.4538285843076,5.266258663558386
31.31313131313131,70.70707070707071,17.118459816400584,37.24970040619198,4.462340679248685
32.32323232323233,70.70707070707071,6.358448769829528,20.891733174756,6.114571980835411
33.33333333333334,70.70707070707071,2.2617828428072633,19.23654712435576,4.706751232698442
34.34343434343435,70.70707070707071,3.3941513460929835,21.1097335304655,3.444580708315624
35.35353535353536,70.70707070707071,10.56934482438632,13.36703221618999,4.145381326046172
36.36363636363637,70.70707070707071,8.52203197071584,13.99492412860077,5.356552310942789
37.37373737373738,70.70707070707071,7.294230402875986,22.25512474263655,4.773711800151356
38.38383838383839,70.70707070707071,7.793938834759378,25.10503872036006,4.31087527191854
39.3939393939394,70.70707070707071,17.864778858392143,7.017117469774139,4.304036923920991
40.40404040404041,70.70707070707071,9.504485681085338,23.38142009797236,4.007177851906219
41.41414141414142,70.70707070707071,2.650446604859991,16.19430727693994,2.175233256320753
42.42424242424243,70.70707070707071,3.0775747992159412,18.79778643592686,1.607530975112315
43.43434343434344,70.70707070707071,4.857937451975104,15.17077918702548,0.7478359175463071
44.44444444444445,70.70707070707071,5.095612658618103,17.77780921271694,1.293901814025386
45.45454545454546,70.70707070707071,7.453951111301719,10.83391784950486,0.7760014308857747
46.46464646464647,70.70707070707071,3.2103978354400975,16.9940254573204,2.114790728746748
47.47474747474748,70.70707070707071,3.324536118787738,16.47202838750997,0.6371952091321236
48.48484848484848,70.70707070707071,4.170833724488272,12.74395054519196,1.090680442114357
49.49494949494949,70.70707070707071,1.6820223098926284,12.09031000216689,1.901198844274224
50.50505050505051,70.70707070707071,5.376094460698658,14.33909608140759,1.019147367874282
51.51515151515152,70.70707070707071,12.504430146202177,27.70499999292607,0.4362548631672178
52.52525252525253,70.70707070707071,7.177351670343208,17.39605215921348,1.808744865024147
53.53535353535354,70.70707070707071,6.200390767517822,18.61504990353389,3.423435593588348
54.54545454545455,70.70707070707071,22.109946023506957,3.741925031603854,4.790493418926681
55.55555555555556,70.70707070707071,14.29926029731649,32.90537089617703,5.320864691673036
56.56565656565657,70.70707070707071,4.518001377981606,27.74794538595197,4.957532844041405
57.57575757575758,70.70707070707071,7.32782369086544,23.10480265773295,4.82480905604114
58.58585858585859,70.70707070707071,13.228253937804553,33.00637552753219,4.229777385847211
59.5959595959596,70.70707070707071,8.227777997202704,18.0698164963135,4.035462300669068
60.60606060606061,70.70707070707071,9.682728397195518,29.64991207888673,5.567327999748711
61.61616161616162,70.70707070707071,11.320085154777193,12.12492832358378,4.521902505329562
62.62626262626263,70.70707070707071,7.019660135385927,18.99913983025345,3.686577957979333
63.63636363636364,70.70707070707071,6.401329513433622,28.75979811202292,4.028212114078814
64.64646464646465,70.70707070707071,8.214401208414198,16.88127474019382,5.008852943225239
65.65656565656566,70.70707070707071,10.118657942473067,19.81832091644245,4.106300961795727
66.66666666666667,70.70707070707071,12.879031490784438,29.59937063518577,4.743545348124855
67.67676767676768,70.70707070707071,10.683800309301567,35.04096957643781,4.958297486733152
68.68686868686869,70.70707070707071,5.496824856558405,22.19188900517192,3.663166588819097
69.6969696969697,70.70707070707071,2.862937693646357,23.35114763836997,4.635703584378116
70.70707070707071,70.70707070707071,3.7953005566195346,20.92559376718038,3.326555868426105
71.71717171717172,70.70707070707071,7.735060785423711,22.33651941494912,5.249436718452369
72.72727272727273,70.70707070707071,14.052833499608788,33.33990800546209,4.714326650712914
73.73737373737374,70.70707070707071,8.00808556445094,16.84470273469155,2.482838310030393
74.74747474747475,70.70707070707071,8.160197945392524,7.174245965855204,1.492724499922929
75.75757575757576,70.70707070707071,3.8322740172330043,17.44084484088955,0.8419081798742314
76.76767676767678,70.70707070707071,5.253110926917554,21.37439548904739,1.849678259010137
77.77777777777779,70.70707070707071,4.3803846385183025,14.82554422846358,1.976375748160772
78.7878787878788,70.70707070707071,4.902629063078586,14.07394018684951,0.7545677679621069
79.7979797979798,70.70707070707071,6.111594119691626,9.575079208196188,0.8894664681971425
80.80808080808082,70.70707070707071,5.281442790566208,7.589432459312339,1.736857227945646
81.81818181818183,70.70707070707071,4.700845674105398,9.9538557540236,1.907127931735282
82.82828282828284,70.70707070707071,7.171913551697138,23.89124184070518,1.734237925644718
83.83838383838385,70.70707070707071,9.875576197736512,23.95115105314176,2.299301426759592
84.84848484848486,70.70707070707071,5.060236948619762,14.15908959895214,4.494531982283827
85.85858585858587,70.70707070707071,6.255140367365941,13.09437691303373,4.110238081927072
86.86868686868688,70.70707070707071,5.999007079102939,23.39937406239032,3.150393053394321
87.87878787878789,70.70707070707071,11.420951607459902,34.12427828687792,5.0813683984292
88.8888888888889,70.70707070707071,7.459551140913129,24.25673125299808,4.38477038554621
89.89898989898991,70.70707070707071,11.442298435569679,11.23365461086577,5.203438446952567
90.90909090909092,70.70707070707071,16.281452938780728,34.31247805187282,4.946263118042192
91.91919191919193,70.70707070707071,8.090123219311732,17.57144040481895,5.09569102653088
92.92929292929294,70.70707070707071,6.431891125449975,22.41583214099313,4.698390037509119
93.93939393939395,70.70707070707071,6.393645361890518,26.79290802193926,3.668708236444119
94.94949494949496,70.70707070707071,5.761959877342543,23.9351501340374,4.90293970791848
95.95959595959597,70.70707070707071,3.7743820915916246,21.82019400978556,4.440506143283342
96.96969696969697,70.70707070707071,8.183042734137327,15.1796598686841,3.775707404516471
97.97979797979798,70.70707070707071,11.257485316331568,7.186932622460068,2.140683925680578
98.98989898989899,70.70707070707071,11.465971746203287,23.42735266799357,4.854047373804018
100.0,70.70707070707071,14.842029790019486,7.065877993230396,3.965922996936935
0.0,71.71717171717172,8.484233393730024,21.54513799666252,4.917465988815593
1.01010101010101,71.71717171717172,6.750163054677453,24.62971144426423,4.678440269217775
2.02020202020202,71.71717171717172,9.548692859302932,14.31961200090577,3.26798228703392
3.03030303030303,71.71717171717172,11.416181735556142,30.27019103094565,5.944434157999604
4.040404040404041,71.71717171717172,18.489275531496887,12.38259789550354,4.308372907107382
5.050505050505051,71.71717171717172,9.691294041958571,27.80614587992874,4.984966735653256
6.060606060606061,71.71717171717172,10.408214404286214,15.29406157714431,3.993570529533705
7.070707070707071,71.71717171717172,11.125076900364263,33.3466872382227,4.795969271108381
8.080808080808081,71.71717171717172,9.06618958053048,31.32741703124415,4.250122397172953
9.090909090909092,71.71717171717172,3.7523508920223554,27.96201550569511,5.132804907294495
10.1010101010101,71.71717171717172,10.641387068905935,32.88189589446515,4.546275537863586
11.11111111111111,71.71717171717172,16.80539865207088,11.61489983316744,1.625083711957084
12.12121212121212,71.71717171717172,9.48334982661501,26.5710474674415,1.648417446132374
13.13131313131313,71.71717171717172,7.117083755575216,21.55905799749328,2.971726720615737
14.14141414141414,71.71717171717172,6.6898012051319515,10.93112798032413,1.170024342101306
15.15151515151515,71.71717171717172,2.093934767869515,14.12780289579628,1.828154522177411
16.16161616161616,71.71717171717172,3.7013950229175125,15.04773081255905,0.9607562878392167
17.17171717171717,71.71717171717172,1.6976592170784,14.01670197387807,1.567741276051865
18.18181818181818,71.71717171717172,3.0679813302320675,12.96366612814155,1.892161398047307
19.19191919191919,71.71717171717172,4.925817156776608,9.71964613473052,1.509067977188876
20.2020202020202,71.71717171717172,5.81915911206098,16.25613949726481,1.428480838507607
21.21212121212121,71.71717171717172,12.984200600962843,10.10906201311539,4.789473469967304
22.22222222222222,71.71717171717172,16.10208417391191,36.35400185631471,4.914705482206909
23.23232323232324,71.71717171717172,9.162243829703854,27.08936670436086,5.343240027934286
24.24242424242424,71.71717171717172,8.16432899870248,35.4695590399823,3.425100214962183
25.25252525252525,71.71717171717172,4.447087567117993,22.75914687036389,6.284821681296995
26.26262626262626,71.71717171717172,4.12765162811232,23.50978213878225,2.65108050397032
27.27272727272727,71.71717171717172,7.704829083162659,28.3331651530361,5.317143405190068
28.28282828282828,71.71717171717172,6.942970986081165,30.45258587614288,5.719765859897691
29.29292929292929,71.71717171717172,8.12830568528895,14.96723264828575,3.699620818922233
30.3030303030303,71.71717171717172,5.913184481466185,21.43587860990262,5.082496319393661
31.31313131313131,71.71717171717172,7.983997404295639,17.95757421849445,5.829624207168137
32.32323232323233,71.71717171717172,9.090447602229535,13.53952744853181,4.210758786044182
33.33333333333334,71.71717171717172,5.221279724860351,24.43442084225937,4.254565273472489
34.34343434343435,71.71717171717172,3.79031160805574,22.4280812940491,3.707152897033995
35.35353535353536,71.71717171717172,10.937745735908013,34.11389527250622,4.710975723903316
36.36363636363637,71.71717171717172,10.568157667835024,26.22608559869047,5.407713894599765
37.37373737373738,71.71717171717172,7.843591807485174,15.87242936021387,5.052674786811603
38.38383838383839,71.71717171717172,7.142322638841735,19.20976880662176,3.575986200384015
39.3939393939394,71.71717171717172,20.558662854809008,33.39361571166675,4.305545423555539
40.40404040404041,71.71717171717172,6.143022800746265,17.09133236636441,4.748361460500607
41.41414141414142,71.71717171717172,2.3924505474002125,15.56987669593132,4.935497540863441
42.42424242424243,71.71717171717172,1.3011110892515845,18.48013348160964,4.169864176348491
43.43434343434344,71.71717171717172,3.5084288545765308,18.45765835557946,2.049902003361529
44.44444444444445,71.71717171717172,6.623354770516803,11.14607638101508,2.279936188846514
45.45454545454546,71.71717171717172,4.645153091588645,18.04970125120467,2.132499771311182
46.46464646464647,71.71717171717172,3.839327175760422,13.79062281237609,2.403417025096056
47.47474747474748,71.71717171717172,5.980609881536431,10.81376927494787,1.832076249676596
48.48484848484848,71.71717171717172,11.52340928165032,22.46337114333481,1.374759071235558
49.49494949494949,71.71717171717172,3.685474478617828,12.46299478379697,0.7151583528666353
50.50505050505051,71.71717171717172,5.5489310770308276,12.80142678739568,1.378345013857735
51.51515151515152,71.71717171717172,9.918391502617462,19.42018372348841,1.063716794546076
52.52525252525253,71.71717171717172,10.170490513048243,31.11572483581549,3.910358896087673
53.53535353535354,71.71717171717172,5.609031960721568,23.52394401085737,4.848411389210582
54.54545454545455,71.71717171717172,10.081736249436409,25.75557922930129,4.008809536203786
55.55555555555556,71.71717171717172,6.5682823571382745,22.50962242790857,4.054413258476764
56.56565656565657,71.71717171717172,5.981787740783935,31.7653200545403,3.260755818154009
57.57575757575758,71.71717171717172,6.532023779747018,27.12810108224922,4.749232950643146
58.58585858585859,71.71717171717172,5.699502685600996,19.99794642695122,4.196769112891144
59.5959595959596,71.71717171717172,3.2870687552404174,21.92096414122589,4.423576766878919
60.60606060606061,71.71717171717172,7.45181991028786,24.71472118921326,4.080976602888978
61.61616161616162,71.71717171717172,9.540779420044778,11.89467726475432,5.301644039159445
62.62626262626263,71.71717171717172,5.498957341992986,18.16357072242706,4.623492687507634
63.63636363636364,71.71717171717172,5.558533704991656,27.73034091298146,2.641120150397407
64.64646464646465,71.71717171717172,6.574592650873194,20.0345390424885,3.901844074615447
65.65656565656566,71.71717171717172,12.238216175982208,30.32539275156474,4.335603104661696
66.66666666666667,71.71717171717172,13.050131280328504,11.73668787097076,3.917853107216047
67.67676767676768,71.71717171717172,8.523610881494053,26.68285195001421,4.426627011106281
68.68686868686869,71.71717171717172,3.9411974088193293,20.16608042106156,4.131789748158316
69.6969696969697,71.71717171717172,5.048168030615807,25.61891028118951,5.41443022210857
70.70707070707071,71.71717171717172,9.70748946039442,13.46343240639122,4.278364257176897
71.71717171717172,71.71717171717172,10.310203647396264,29.58282311903753,4.546829217043171
72.72727272727273,71.71717171717172,11.083101005989922,16.58205170704342,4.377538392043613
73.73737373737374,71.71717171717172,4.479486205207198,21.58597684499999,4.716511331214665
74.74747474747475,71.71717171717172,5.833624336890262,13.7503962708727,1.607843694753358
75.75757575757576,71.71717171717172,2.21343835169446,17.06413471175414,0.9821757884217012
76.76767676767678,71.71717171717172,5.034481150839508,18.56964656977047,1.048850074437581
77.77777777777779,71.71717171717172,4.0500840851075655,15.3465849545559,0.7462352558956787
78.7878787878788,71.71717171717172,9.95723875000048,7.523223040024249,1.157575435036713
79.7979797979798,71.71717171717172,13.15050646882198,24.96809779664714,1.793739959593826
80.80808080808082,71.71717171717172,5.45406854420863,12.67105224001033,1.305745960875987
81.81818181818183,71.71717171717172,5.043480336214753,10.07432234600836,0.6677228379003111
82.82828282828284,71.71717171717172,8.257771183783568,20.89794440626747,1.111177289842962
83.83838383838385,71.71717171717172,12.857773988056815,8.481072320534771,3.960475167994127
84.84848484848486,71.71717171717172,8.404622722640823,22.36293142478942,5.001378700267549
85.85858585858587,71.71717171717172,4.650076803107624,21.74262706435703,4.923528300072926
86.86868686868688,71.71717171717172,2.1510055690217893,22.03705772180659,5.194775727066951
87.87878787878789,71.71717171717172,7.078511087881804,18.56001229772179,3.488115689199983
88.8888888888889,71.71717171717172,6.788832380493868,22.95910863097916,4.496917979385102
89.89898989898991,71.71717171717172,9.268155146968859,12.49748975701814,4.558570597554319
90.90909090909092,71.71717171717172,5.950309818776348,20.19777126899562,4.885540649198224
91.91919191919193,71.71717171717172,5.436243162899992,21.11396449325774,3.620997269169893
92.92929292929294,71.71717171717172,9.278011645334828,8.72185865800816,6.684297992099435
93.93939393939395,71.71717171717172,8.996388034255755,18.52317088361749,5.671289621748884
94.94949494949496,71.71717171717172,3.9536441918531926,26.16839024862659,4.431771895901834
95.95959595959597,71.71717171717172,3.538657303596829,26.77126306075039,4.331320084542869
96.96969696969697,71.71717171717172,10.014680725284506,28.43582359851828,3.141706637637308
97.97979797979798,71.71717171717172,12.06868671012059,14.78494915065003,5.068496672176045
98.98989898989899,71.71717171717172,10.907456705358472,34.74225357018307,2.404237258796019
100.0,71.71717171717172,12.736818519650939,24.42113455397244,3.939722969665801
0.0,72.72727272727273,14.026841767318011,9.428477260979433,3.435728843439104
1.01010101010101,72.72727272727273,4.287410269988774,22.24557104557888,3.912604292282863
2.02020202020202,72.72727272727273,4.8144044303587945,24.15127188174369,5.038787214761175
3.03030303030303,72.72727272727273,4.615499247928466,29.52639033975651,4.204596496451232
4.040404040404041,72.72727272727273,14.662243258619764,38.6182777321983,6.38495005967737
5.050505050505051,72.72727272727273,4.88823360357332,27.79791174870217,4.195334509515675
6.060606060606061,72.72727272727273,4.647886443535262,21.72217110724914,3.977693026140397
7.070707070707071,72.72727272727273,8.65963377015894,17.39238891386109,4.60052074485714
8.080808080808081,72.72727272727273,8.970809354741988,14.09855971619324,5.103172822154485
9.090909090909092,72.72727272727273,4.903250781997313,23.74260027842178,4.872906865171124
10.1010101010101,72.72727272727273,8.910171117633102,29.2486739256775,3.27609402146069
11.11111111111111,72.72727272727273,14.33141686696764,37.22656848710906,4.010890503479913
12.12121212121212,72.72727272727273,7.518275887252362,21.38806246312585,5.001522956305396
13.13131313131313,72.72727272727273,5.229325324400924,25.73465685349156,1.624090163589917
14.14141414141414,72.72727272727273,7.113428315399785,16.48643634675771,0.6307321724652296
15.15151515151515,72.72727272727273,3.118626955300072,15.22189498967503,0.9654886753619799
16.16161616161616,72.72727272727273,6.525354727744028,8.59305692678375,1.849517438445508
17.17171717171717,72.72727272727273,6.296421080650223,10.11509028813391,1.211300913934547
18.18181818181818,72.72727272727273,10.140257308603957,19.12733584204362,1.629755952654974
19.19191919191919,72.72727272727273,11.042679803822882,6.287915440103592,4.987260484147336
20.2020202020202,72.72727272727273,7.861044314531614,8.065480631620138,5.181351034253587
21.21212121212121,72.72727272727273,8.189877879183705,19.01036012534994,6.281381701696994
22.22222222222222,72.72727272727273,6.714644676303383,28.32961272865846,4.241530484165636
23.23232323232324,72.72727272727273,7.5389754176969195,20.50828861622914,4.924646432218727
24.24242424242424,72.72727272727273,11.410311702290816,32.76436424350419,3.47126355423202
25.25252525252525,72.72727272727273,7.663443046107624,18.46826526068655,4.859267997450857
26.26262626262626,72.72727272727273,10.42018702979761,30.29675634756847,4.208603500137397
27.27272727272727,72.72727272727273,6.523585640906253,20.3938380938186,4.983377466509022
28.28282828282828,72.72727272727273,3.521589635831025,23.05750898720503,4.09616535050621
29.29292929292929,72.72727272727273,5.369213139641939,22.93008216408408,3.910176691550677
30.3030303030303,72.72727272727273,4.816286651664068,26.1596161571473,5.091036727659262
31.31313131313131,72.72727272727273,5.17348834778718,22.70508648660867,3.610544540828534
32.32323232323233,72.72727272727273,8.683081665207958,27.23617196753556,4.887241145628643
33.33333333333334,72.72727272727273,5.386512931292759,21.64840860265941,4.238832219073791
34.34343434343435,72.72727272727273,2.6731555020544633,22.27733615207713,3.816355561464252
35.35353535353536,72.72727272727273,12.824689208891751,30.68339903746326,4.681370881839921
36.36363636363637,72.72727272727273,10.797541283016916,14.42608230973243,5.001413797067903
37.37373737373738,72.72727272727273,6.803898200004877,27.17310552284739,4.972527595454211
38.38383838383839,72.72727272727273,6.261971475311915,24.36260309679752,4.803161575726261
39.3939393939394,72.72727272727273,15.502492540040002,8.021592784670654,4.954182106238016
40.40404040404041,72.72727272727273,5.665323826535753,17.54959682200609,4.042361353340137
41.41414141414142,72.72727272727273,2.7099270173203873,20.08353584841214,5.652899371121156
42.42424242424243,72.72727272727273,3.6621065960817396,20.43419297259026,5.429749509668523
43.43434343434344,72.72727272727273,3.3644558679307277,21.87043750473704,3.686369669186806
44.44444444444445,72.72727272727273,5.635196707611489,16.79255578662646,1.336792969130054
45.45454545454546,72.72727272727273,2.994573495601732,17.84757559556807,2.250982116225726
46.46464646464647,72.72727272727273,3.481640270203291,18.70859689421667,1.659732965603727
47.47474747474748,72.72727272727273,5.363850512245808,14.45149428271633,1.576134962618249
48.48484848484848,72.72727272727273,10.470064698577271,7.739132842801161,1.859352830978454
49.49494949494949,72.72727272727273,10.79848948581994,8.43259001409229,1.665993831495808
50.50505050505051,72.72727272727273,10.500631835885715,26.50229286181564,3.367151063671558
51.51515151515152,72.72727272727273,12.340159921327222,32.49463541610079,5.694842142662989
52.52525252525253,72.72727272727273,8.805720568192156,23.44075739750973,3.824330881995397
53.53535353535354,72.72727272727273,9.300675272483307,31.22776170301812,4.533249673291065
54.54545454545455,72.72727272727273,11.877576620856079,12.91988044908973,4.343328037020123
55.55555555555556,72.72727272727273,7.117488708672676,25.88534896016876,4.447125044716651
56.56565656565657,72.72727272727273,8.96674207711261,25.7484603589157,5.069336048429241
57.57575757575758,72.72727272727273,10.080443575360698,16.7906780153665,4.196495598710016
58.58585858585859,72.72727272727273,2.9847145993715696,19.26153715470088,4.519920222035293
59.5959595959596,72.72727272727273,6.862972964736904,26.50131675501313,5.388089880779946
60.60606060606061,72.72727272727273,9.261787019517644,15.4564334101816,5.147842925804285
61.61616161616162,72.72727272727273,11.2101982673068,30.73860650397229,4.973778959722265
62.62626262626263,72.72727272727273,3.3959667940265197,23.48816733434547,4.854869785285828
63.63636363636364,72.72727272727273,3.119912196497138,23.78823535310366,2.399789176344322
64.64646464646465,72.72727272727273,4.316966238221623,25.1929897641174,5.009092962281029
65.65656565656566,72.72727272727273,6.23963540451238,20.75915847242841,5.076658317678583
66.66666666666667,72.72727272727273,7.600937466171091,12.53966126843234,5.120344102938347
67.67676767676768,72.72727272727273,6.543668586266006,22.4094616584577,5.340359658638945
68.68686868686869,72.72727272727273,4.356114415707618,18.3967007589752,4.749312182123442
69.6969696969697,72.72727272727273,5.632285832117397,25.30230853647206,5.654088307001515
70.70707070707071,72.72727272727273,11.205179500256287,10.3705045130473,4.930156983821303
71.71717171717172,72.72727272727273,11.201717355581284,24.70847435818131,4.3436184451678
72.72727272727273,72.72727272727273,13.214901514969275,7.012200531453087,3.894718042644533
73.73737373737374,72.72727272727273,5.1049611058559945,21.92314184343648,4.128794955506322
74.74747474747475,72.72727272727273,3.737384872619485,19.35942429840752,4.369895970989222
75.75757575757576,72.72727272727273,5.460018997338433,13.40634173300948,1.7451679847294
76.76767676767678,72.72727272727273,8.360941081364565,5.96504435892026,1.32044549706831
77.77777777777779,72.72727272727273,4.23130347099261,10.71371286996418,0.7345587121965298
78.7878787878788,72.72727272727273,3.969866032426093,15.53322422204636,1.573240331786639
79.7979797979798,72.72727272727273,5.396339011953242,17.50101082306987,1.664143865657644
80.80808080808082,72.72727272727273,7.115561931768262,10.83017329451258,1.26765911860649
81.81818181818183,72.72727272727273,8.755243630112798,16.70742514462153,4.398110673822232
82.82828282828284,72.72727272727273,8.667128484470517,27.69523756097222,4.296575205121273
83.83838383838385,72.72727272727273,11.205197469347894,18.14335835016769,4.207555398816398
84.84848484848486,72.72727272727273,8.0573578304676,33.27541702482839,3.810371693064131
85.85858585858587,72.72727272727273,8.008178487463354,30.77994910758228,3.88280852230016
86.86868686868688,72.72727272727273,5.5953289842079466,25.50728757577566,4.420061366375414
87.87878787878789,72.72727272727273,8.531649060210622,23.43364890275071,4.57019168984456
88.8888888888889,72.72727272727273,9.256918979752262,33.95610032371732,4.044245732764148
89.89898989898991,72.72727272727273,8.235059014044978,30.14437481280271,4.349131049460421
90.90909090909092,72.72727272727273,5.69033723713158,19.12771351300703,3.813557944994497
91.91919191919193,72.72727272727273,4.854877944538564,16.21981498960826,3.098342995532016
92.92929292929294,72.72727272727273,11.617412974778027,9.946513695503594,5.365655069033942
93.93939393939395,72.72727272727273,10.051433716075682,28.79245429170031,3.493696744478503
94.94949494949496,72.72727272727273,6.673711428335509,20.83514577293591,3.725926205625127
95.95959595959597,72.72727272727273,4.010683853010747,19.83513624721959,4.354265657450226
96.96969696969697,72.72727272727273,6.435111083660446,16.94869941285057,3.067557534952027
97.97979797979798,72.72727272727273,7.2094142782131865,21.85350059554114,4.753206784728532
98.98989898989899,72.72727272727273,10.222461933338096,32.70575108668234,4.817175984298094
100.0,72.72727272727273,11.792300621973489,13.88705457197229,4.588728078965335
0.0,73.73737373737374,7.6668025385870635,26.57524804265093,4.58243423956358
1.01010101010101,73.73737373737374,2.585889998466591,22.20286498507339,4.227540034550748
2.02020202020202,73.73737373737374,7.304429463111841,22.00613333532406,4.303094266344606
3.03030303030303,73.73737373737374,6.672882761185888,32.77758078982662,6.255883423760292
4.040404040404041,73.73737373737374,7.725768596738008,26.11723791035193,5.264423279656009
5.050505050505051,73.73737373737374,3.42757197525781,25.14931809058462,4.633969640679432
6.060606060606061,73.73737373737374,3.374624495080379,23.48008451644428,3.944399237647756
7.070707070707071,73.73737373737374,8.964165178628242,28.45301427907934,4.45170387339916
8.080808080808081,73.73737373737374,5.918230847406345,19.8150700602139,4.006499513193527
9.090909090909092,73.73737373737374,5.754135063169882,23.49912658719012,5.232930780446666
10.1010101010101,73.73737373737374,17.315494859266355,10.72517963262003,4.760223621077184
11.11111111111111,73.73737373737374,8.647451875477735,29.3289702585949,3.910099117269788
12.12121212121212,73.73737373737374,6.130099874845301,26.09308059347072,4.736273057051092
13.13131313131313,73.73737373737374,4.254271124396103,22.58776930898571,2.877696648402803
14.14141414141414,73.73737373737374,10.829294599326428,28.87207937810674,4.674595805631543
15.15151515151515,73.73737373737374,4.798226988526851,18.70893129702261,1.678740400984799
16.16161616161616,73.73737373737374,6.119674356009317,20.08893052774312,1.552404596356643
17.17171717171717,73.73737373737374,8.973009779766675,20.86488400973077,5.469007107459595
18.18181818181818,73.73737373737374,16.713798500140815,6.581642277379602,3.57683167944595
19.19191919191919,73.73737373737374,19.52009765371155,32.40991836731161,4.366309984791486
20.2020202020202,73.73737373737374,9.150455779822718,18.59655433885557,3.941725060362292
21.21212121212121,73.73737373737374,3.1710266652794115,22.60444143281189,3.746750721448569
22.22222222222222,73.73737373737374,2.289830138683537,26.63599986683902,3.543416717154722
23.23232323232324,73.73737373737374,4.713091079067593,24.00571245918073,4.666223237893627
24.24242424242424,73.73737373737374,8.69271102191327,16.38048684091173,5.665519123326249
25.25252525252525,73.73737373737374,3.4896704841752584,18.22996475563295,4.645979890665935
26.26262626262626,73.73737373737374,7.591465741944575,17.13439177779603,4.155797381227887
27.27272727272727,73.73737373737374,10.19753154091192,14.80541173654738,4.374327994774792
28.28282828282828,73.73737373737374,6.424853017583342,26.9576929250839,3.651618366962171
29.29292929292929,73.73737373737374,6.063902925019255,33.08712439066934,4.515537271322316
30.3030303030303,73.73737373737374,7.345657471036504,34.01696155295704,4.360562793776244
31.31313131313131,73.73737373737374,9.6814195899811,14.74426051503969,3.638079965052931
32.32323232323233,73.73737373737374,8.24735177102667,16.31933867151053,3.723730356959512
33.33333333333334,73.73737373737374,15.34530830742689,34.19175717393661,4.761876941771992
34.34343434343435,73.73737373737374,8.637174338591084,23.78422258351916,3.736459540261492
35.35353535353536,73.73737373737374,13.279761020082129,7.478518050056175,3.651972490921693
36.36363636363637,73.73737373737374,6.6826112414172805,16.81190421199626,5.442313192901283
37.37373737373738,73.73737373737374,4.672110266675065,26.81571452462623,4.522710629830694
38.38383838383839,73.73737373737374,4.98470877474671,23.61906422390236,3.817999422296803
39.3939393939394,73.73737373737374,6.372293847931357,18.79052566837226,3.808114489912129
40.40404040404041,73.73737373737374,8.512361737560742,27.69068460876593,4.150502988673376
41.41414141414142,73.73737373737374,7.881599683258088,16.64208308219558,4.262684998120934
42.42424242424243,73.73737373737374,9.029739582602819,9.526727735568821,4.786027988551051
43.43434343434344,73.73737373737374,7.2019171795893175,18.33951943242907,5.491161100405328
44.44444444444445,73.73737373737374,7.457080567692697,27.55396168440884,5.489771968554797
45.45454545454546,73.73737373737374,11.327082160876266,27.70770281474819,4.559877240357278
46.46464646464647,73.73737373737374,11.38900655680424,14.81813380539302,1.61261012967118
47.47474747474748,73.73737373737374,11.150852646892229,7.603281292917066,1.270973555882415
48.48484848484848,73.73737373737374,11.08107742089442,27.4893347253703,5.386611860077509
49.49494949494949,73.73737373737374,8.520286379439515,28.83298316865289,4.677946236776618
50.50505050505051,73.73737373737374,10.243757789856856,30.74190872893004,3.834613082759264
51.51515151515152,73.73737373737374,11.440558320304845,11.2546679962805,4.37144753318532
52.52525252525253,73.73737373737374,7.604838562977006,12.73372488714632,4.213301043693473
53.53535353535354,73.73737373737374,8.352725223946365,27.82376386468243,5.970722028470218
54.54545454545455,73.73737373737374,7.6995013504772825,16.32113838729506,5.062063638252913
55.55555555555556,73.73737373737374,6.292708000645858,13.89347777007033,4.555087720001439
56.56565656565657,73.73737373737374,18.425422871938668,4.993022690892127,4.731025739937938
57.57575757575758,73.73737373737374,20.364042999775265,35.34638776704299,2.223272747564619
58.58585858585859,73.73737373737374,6.639426134576454,17.76972676911157,5.240407216558293
59.5959595959596,73.73737373737374,3.626646632190564,21.91444045499653,2.558135525461338
60.60606060606061,73.73737373737374,6.593894841249383,16.9182372705983,5.637402025483468
61.61616161616162,73.73737373737374,6.648655071376773,27.27435493738056,3.831827485372577
62.62626262626263,73.73737373737374,3.6685428537358957,24.19693071014813,4.914025793750054
63.63636363636364,73.73737373737374,8.969851378929413,16.95551455676484,5.490589064998568
64.64646464646465,73.73737373737374,10.578307018110104,31.46381829267226,4.218092865802856
65.65656565656566,73.73737373737374,8.907700656413233,18.02017962920028,4.263960318437976
66.66666666666667,73.73737373737374,9.637905278383446,24.05114014163369,4.51243443470928
67.67676767676768,73.73737373737374,7.120920711171788,14.39073889445805,5.014376693608547
68.68686868686869,73.73737373737374,5.00405548375847,23.13341008273995,3.770767684025606
69.6969696969697,73.73737373737374,1.6246797941826108,24.92717875364155,4.199306559793978
70.70707070707071,73.73737373737374,5.316029361310461,22.82852075216976,4.569146357526211
71.71717171717172,73.73737373737374,3.8883100272748763,16.81019736857463,4.35028001715689
72.72727272727273,73.73737373737374,4.339260324273809,17.69474027702824,4.84728395750999
73.73737373737374,73.73737373737374,2.849932938823142,19.31512127546134,4.486035267162208
74.74747474747475,73.73737373737374,1.7610754107810225,18.5357129458914,4.568331819778381
75.75757575757576,73.73737373737374,4.735350398202354,18.19424480413129,3.524872781456975
76.76767676767678,73.73737373737374,8.41073705165043,14.61424058839517,4.450506568888215
77.77777777777779,73.73737373737374,1.5767816786378845,13.4378748062168,1.09299977571755
78.7878787878788,73.73737373737374,5.703940541464824,14.45105922746979,1.441360779354729
79.7979797979798,73.73737373737374,4.538862421288492,22.98065576772477,4.483023756118836
80.80808080808082,73.73737373737374,7.738013223533409,24.90345269742164,4.008470599509983
81.81818181818183,73.73737373737374,6.539747003402298,28.23023259999991,4.989660347555722
82.82828282828284,73.73737373737374,7.323097377647857,20.36370840495012,3.91267263492679
83.83838383838385,73.73737373737374,5.365343248932405,28.61792431246112,4.327555882285089
84.84848484848486,73.73737373737374,6.156536074040663,29.58599789490378,4.345235806569802
85.85858585858587,73.73737373737374,14.758189970188036,15.55268665000685,4.434606898919453
86.86868686868688,73.73737373737374,20.26263484143639,37.07207345380681,4.972663454443456
87.87878787878789,73.73737373737374,19.99898442729454,6.776779360928701,4.48606504814464
88.8888888888889,73.73737373737374,9.207602158255334,22.25959302932766,4.117672555175895
89.89898989898991,73.73737373737374,2.7500522128472777,29.67941062311766,5.711530366771152
90.90909090909092,73.73737373737374,9.060383340567046,26.89444488235031,4.242793578785606
91.91919191919193,73.73737373737374,14.392992006662173,10.87565253260692,3.770880255834119
92.92929292929294,73.73737373737374,11.855396922114112,30.07226866681889,4.970734760067923
93.93939393939395,73.73737373737374,9.496645331983078,25.65925195044152,5.454464401110467
94.94949494949496,73.73737373737374,14.395085217845645,8.430862579765272,5.025708573565043
95.95959595959597,73.73737373737374,7.704791995102226,25.05529848564644,4.223680577644503
96.96969696969697,73.73737373737374,4.565177901410383,23.41078154476505,4.111816946789137
97.97979797979798,73.73737373737374,6.07563361107665,15.84144660141127,4.271497981949268
98.98989898989899,73.73737373737374,6.45971969875333,23.52335284268193,5.055268067622521
100.0,73.73737373737374,4.656781049793286,19.91117994118256,4.336715142359997
0.0,74.74747474747475,7.068939347748419,28.05650181916308,5.371526030063474
1.01010101010101,74.74747474747475,9.514985732640199,16.47112575903939,4.058362105246584
2.02020202020202,74.74747474747475,16.955548569433965,5.901733133548221,4.755269188926654
3.03030303030303,74.74747474747475,12.180208401551774,26.76903052913044,4.489112169585674
4.040404040404041,74.74747474747475,7.828400938336299,15.34346604448827,4.727264176766354
5.050505050505051,74.74747474747475,7.188950825928524,16.72477724157858,5.227025782060307
6.060606060606061,74.74747474747475,10.16728032653938,28.57850575079525,3.910877857831054
7.070707070707071,74.74747474747475,7.834475236878087,17.26785291128512,3.976652365382872
8.080808080808081,74.74747474747475,5.3493171949487905,14.18065776045084,5.546040002130514
9.090909090909092,74.74747474747475,7.5489922061111265,17.18406350728856,5.254812244622912
10.1010101010101,74.74747474747475,11.491488139261044,30.08592719608302,4.135180027401035
11.11111111111111,74.74747474747475,6.639496076716992,24.47644127629717,4.270645138247652
12.12121212121212,74.74747474747475,12.6473443701742,13.01890017404358,5.000641731012238
13.13131313131313,74.74747474747475,9.497343153668304,18.50719370951319,4.066425577453585
14.14141414141414,74.74747474747475,20.251158072002074,43.35615659385826,4.944133375752581
15.15151515151515,74.74747474747475,8.791263093299277,22.87165563197779,4.519744285994085
16.16161616161616,74.74747474747475,15.220916429593789,30.91580163811286,3.435037778848752
17.17171717171717,74.74747474747475,12.716081012166192,10.78183382659974,4.824321886478244
18.18181818181818,74.74747474747475,7.330228653956919,20.77962489099566,6.081364730817926
19.19191919191919,74.74747474747475,6.651092685224747,20.09317079806149,4.967595957273579
20.2020202020202,74.74747474747475,11.78271529533842,10.34705604921249,3.795661652259774
21.21212121212121,74.74747474747475,5.697022117453911,21.55386160713964,4.443603104729734
22.22222222222222,74.74747474747475,4.261032160903209,25.83213801560973,4.022791842568647
23.23232323232324,74.74747474747475,6.367347693744217,18.90628501178924,3.724546100858376
24.24242424242424,74.74747474747475,14.549655309621974,7.468223688841331,4.981064111437983
25.25252525252525,74.74747474747475,11.188070866950051,29.00529529472224,4.254417522072031
26.26262626262626,74.74747474747475,8.617014414684405,30.91333715671632,4.010450280488759
27.27272727272727,74.74747474747475,10.581831267306988,35.52585031313867,4.26774564782207
28.28282828282828,74.74747474747475,3.5142678901159794,30.47520840341644,4.881509380727085
29.29292929292929,74.74747474747475,6.21116713197842,26.04782354505072,5.761314154049965
30.3030303030303,74.74747474747475,6.357324533401364,32.69421526482582,5.166686387018196
31.31313131313131,74.74747474747475,6.4541968024652006,24.66133370900692,4.530573236625519
32.32323232323233,74.74747474747475,5.773953267223336,18.94441580069526,4.780859199268597
33.33333333333334,74.74747474747475,11.235359075825627,13.63382560834977,4.236229657341595
34.34343434343435,74.74747474747475,4.344576225898839,17.45565078447729,4.128566163171842
35.35353535353536,74.74747474747475,11.168507441869528,11.75359044757453,5.100065123779491
36.36363636363637,74.74747474747475,5.481576211507674,21.8193308008315,5.070734646054282
37.37373737373738,74.74747474747475,5.391299275245231,21.68512506950097,4.335018896830169
38.38383838383839,74.74747474747475,7.10382877834078,12.44895685406465,4.404388268130448
39.3939393939394,74.74747474747475,6.544626793678393,17.79898065627221,4.509063800603579
40.40404040404041,74.74747474747475,6.827695301622703,23.73108591224683,4.373588790235053
41.41414141414142,74.74747474747475,5.640401653031519,26.56307217581426,3.991661215033189
42.42424242424243,74.74747474747475,8.151074415336197,18.81007378547165,3.708656943126472
43.43434343434344,74.74747474747475,8.538109925130886,25.58903612963835,5.405929437483663
44.44444444444445,74.74747474747475,10.001720850763824,17.85522869373955,3.774105231326181
45.45454545454546,74.74747474747475,21.74302939212528,5.302811530117761,4.756359161391079
46.46464646464647,74.74747474747475,22.26292039979874,36.37927542195521,3.552719474276937
47.47474747474748,74.74747474747475,9.510258674508183,18.25757294575753,3.76749018131033
48.48484848484848,74.74747474747475,5.32902361217839,24.14492880009758,4.704517554645784
49.49494949494949,74.74747474747475,4.895528134899577,18.40480480901517,4.013922132537753
50.50505050505051,74.74747474747475,6.315259584703548,15.4026597295437,3.467886505306568
51.51515151515152,74.74747474747475,4.145791764418631,14.81063623416423,3.619388457856964
52.52525252525253,74.74747474747475,5.495736012140357,15.876950760289,3.660777994212437
53.53535353535354,74.74747474747475,7.422676060717357,24.40952526215614,5.256488297918538
54.54545454545455,74.74747474747475,8.749593490942678,29.78759975638676,3.055888288444848
55.55555555555556,74.74747474747475,6.601962053422415,15.7443228861524,5.457817732296893
56.56565656565657,74.74747474747475,7.672334998158292,18.68545635529416,5.035447079580475
57.57575757575758,74.74747474747475,6.418761419620532,20.37595159370072,3.736559074334814
58.58585858585859,74.74747474747475,5.254080035230398,14.42520730021144,4.275762607640516
59.5959595959596,74.74747474747475,4.5334913058303545,21.13564709653406,4.331714559262289
60.60606060606061,74.74747474747475,7.577441612606657,26.47969192399864,4.456563101476521
61.61616161616162,74.74747474747475,6.250925761990456,17.57752811247989,5.027553296206968
62.62626262626263,74.74747474747475,2.8751726633849257,20.55036305162293,4.034096008895446
63.63636363636364,74.74747474747475,6.012333141984374,24.25247938685296,3.354318688915685
64.64646464646465,74.74747474747475,5.556543154370383,23.37336114816611,3.397971116221111
65.65656565656566,74.74747474747475,10.9963850591081,31.43740423571968,4.281783635895243
66.66666666666667,74.74747474747475,9.464460059867962,12.70235966091032,4.629769589050719
67.67676767676768,74.74747474747475,7.277965895489832,12.32885124922809,4.969237688226103
68.68686868686869,74.74747474747475,5.788597306636808,27.87648283482558,4.116092061430597
69.6969696969697,74.74747474747475,6.628572979041045,27.15834147516809,5.722450396149554
70.70707070707071,74.74747474747475,4.30234973930524,22.13940093111729,3.340197353781999
71.71717171717172,74.74747474747475,3.7062820205933322,17.56229419601872,4.529549312179905
72.72727272727273,74.74747474747475,6.433072476523544,13.52516263239487,3.464523887933932
73.73737373737374,74.74747474747475,6.6051733302927875,25.70704313477573,4.826844972414592
74.74747474747475,74.74747474747475,7.904994637210144,23.63542676516932,4.04015659668835
75.75757575757576,74.74747474747475,15.322615648758784,7.962218639939915,5.832366802111879
76.76767676767678,74.74747474747475,21.09247013677906,34.85162256760749,4.797053056237717
77.77777777777779,74.74747474747475,11.21072545510839,14.83128938108436,5.117809287040988
78.7878787878788,74.74747474747475,9.407409139043569,26.64187543724455,3.985380257234249
79.7979797979798,74.74747474747475,5.410091442247208,25.20406703827199,4.196647960600816
80.80808080808082,74.74747474747475,10.538676369132215,13.2742560384722,3.733201690044465
81.81818181818183,74.74747474747475,5.867104225879594,24.78735613939715,3.829562059186234
82.82828282828284,74.74747474747475,2.2999383290940125,26.20382865695866,3.463501031726232
83.83838383838385,74.74747474747475,4.78838896657098,26.85340676897859,4.248431676986185
84.84848484848486,74.74747474747475,6.5693060281490245,23.65065755600533,5.590970828818753
85.85858585858587,74.74747474747475,3.5481048849149324,23.80548602448668,4.43857518643795
86.86868686868688,74.74747474747475,7.626551420169372,19.40100086277046,4.394213590033042
87.87878787878789,74.74747474747475,7.5051586051513,24.33773976700778,3.696107840938581
88.8888888888889,74.74747474747475,2.395605205241492,24.49086310577037,4.898220686462647
89.89898989898991,74.74747474747475,6.831328088058573,29.34894929597095,3.323382406280307
90.90909090909092,74.74747474747475,8.125838785388552,17.22340097993614,5.734403005892688
91.91919191919193,74.74747474747475,9.809671002729868,27.88804961829891,4.262346612499959
92.92929292929294,74.74747474747475,11.070243301020984,33.7584685333707,6.401453557582181
93.93939393939395,74.74747474747475,14.36279663143225,12.44727905082161,4.844339154455012
94.94949494949496,74.74747474747475,7.625135458233112,19.7540949814198,4.370978600582285
95.95959595959597,74.74747474747475,6.406099650077677,17.72524559042694,4.884363485840823
96.96969696969697,74.74747474747475,2.5305543140225177,20.82600395527317,4.82900776693755
97.97979797979798,74.74747474747475,3.8141673940616414,18.88068586696356,4.41433051562381
98.98989898989899,74.74747474747475,7.3316799170294535,28.88575425092481,4.763227946939357
100.0,74.74747474747475,12.761954573320503,15.57713506251234,5.926435656362608
0.0,75.75757575757576,5.81675130472835,19.91631361255367,5.477565900673216
1.01010101010101,75.75757575757576,5.245380195062783,26.64456077795132,5.331234653622251
2.02020202020202,75.75757575757576,9.71008807843132,26.18283718843486,4.366188813945206
3.03030303030303,75.75757575757576,9.08365398469164,16.34960906384392,5.48700684087698
4.040404040404041,75.75757575757576,5.328103315357781,23.07642225023733,5.0500166474707
5.050505050505051,75.75757575757576,3.941642235704479,23.82099998997965,6.143422892206051
6.060606060606061,75.75757575757576,8.905515532783262,16.17218702771551,5.334682527331737
7.070707070707071,75.75757575757576,3.3858364786110213,23.02274450065884,4.459343739367895
8.080808080808081,75.75757575757576,4.710325520813814,23.85291334281094,4.679552137348822
9.090909090909092,75.75757575757576,7.625756048341382,25.15969981619933,4.506884876676176
10.1010101010101,75.75757575757576,13.842761222005452,38.17978258108389,4.792303568865425
11.11111111111111,75.75757575757576,10.101283861291542,19.83801297376637,4.24980036113804
12.12121212121212,75.75757575757576,14.675493944025199,33.58826259759004,5.046517732814616
13.13131313131313,75.75757575757576,3.9075618079237975,22.0787343048992,4.094075264344945
14.14141414141414,75.75757575757576,6.148809167555047,22.16906536782702,4.583065884639763
15.15151515151515,75.75757575757576,6.626918871990935,25.34533670220418,3.899378902863912
16.16161616161616,75.75757575757576,18.38499616090617,9.037120847755624,4.286099431950245
17.17171717171717,75.75757575757576,9.617628480653089,21.43134881622444,4.713632918357517
18.18181818181818,75.75757575757576,6.22374467207557,25.21831173587719,4.827698829861252
19.19191919191919,75.75757575757576,10.57459258000344,16.23811646819579,4.9610086950636
20.2020202020202,75.75757575757576,8.087258823255912,28.27549863414695,5.076989707835511
21.21212121212121,75.75757575757576,4.7054792341111265,27.8062882848858,5.41662186272959
22.22222222222222,75.75757575757576,9.873901923115223,30.8682753957027,6.756656596288328
23.23232323232324,75.75757575757576,4.013301156993853,20.91233401260622,4.025169593772868
24.24242424242424,75.75757575757576,6.3033354844323854,23.77944884643001,4.988244043251304
25.25252525252525,75.75757575757576,6.916408088494588,18.47345583388632,3.537473359614005
26.26262626262626,75.75757575757576,7.020696333670873,16.74477989531542,4.668797561690635
27.27272727272727,75.75757575757576,6.2218690160271395,23.58211888664658,5.209301861127821
28.28282828282828,75.75757575757576,6.433605994055241,29.41367908937301,4.788951275336707
29.29292929292929,75.75757575757576,6.128925563756242,19.31623244089648,4.573506420830853
30.3030303030303,75.75757575757576,3.822309687829333,23.26693669494559,5.450683832368557
31.31313131313131,75.75757575757576,4.68420275026709,22.51141915724391,5.514191770448999
32.32323232323233,75.75757575757576,3.9928551435501127,28.38764363974672,5.805694216683973
33.33333333333334,75.75757575757576,9.283958833664322,28.88491497759244,3.091972100381304
34.34343434343435,75.75757575757576,9.499628029568019,15.92980319295408,4.631208508634631
35.35353535353536,75.75757575757576,15.662981574162579,36.38474712737455,5.006104186223348
36.36363636363637,75.75757575757576,6.2263277577759855,28.53826297343945,4.411031988854957
37.37373737373738,75.75757575757576,6.716151844974949,28.74935876858978,4.133760757592069
38.38383838383839,75.75757575757576,8.817966352691542,15.10797257994618,5.389764757730778
39.3939393939394,75.75757575757576,15.70712869326197,31.70381376070355,4.636196228147671
40.40404040404041,75.75757575757576,16.958851841516257,9.143994921817168,3.624741438537669
41.41414141414142,75.75757575757576,6.3166396242274585,28.61870504041162,4.781969184663018
42.42424242424243,75.75757575757576,7.526726604503788,27.5990646624043,5.374696967967372
43.43434343434344,75.75757575757576,13.342944054231536,13.19888290638959,4.303757019978048
44.44444444444445,75.75757575757576,7.66556681407587,27.87715450660497,5.567992520908302
45.45454545454546,75.75757575757576,9.911286947459502,26.24115675852923,4.528138687954617
46.46464646464647,75.75757575757576,10.769271008551687,18.08690180735755,3.719422204219595
47.47474747474748,75.75757575757576,4.145456967167058,21.63525766041207,5.304721934966399
48.48484848484848,75.75757575757576,3.3894184917541286,17.8007201220792,5.268484045534305
49.49494949494949,75.75757575757576,2.9155425206276746,18.81646991842188,4.039935002884643
50.50505050505051,75.75757575757576,5.463903331422367,21.73028049412061,4.829959646029384
51.51515151515152,75.75757575757576,7.167924504970172,26.17949703245078,4.54452866307242
52.52525252525253,75.75757575757576,8.322841889843804,25.11777990771584,5.411903583827393
53.53535353535354,75.75757575757576,12.03584335799843,12.04370861791076,4.978778667701731
54.54545454545455,75.75757575757576,12.376273872226957,31.89816098660079,5.36174790102941
55.55555555555556,75.75757575757576,8.610740822800455,23.31691564438387,3.689850382363874
56.56565656565657,75.75757575757576,10.291011736590441,31.05073397597698,4.549017820044065
57.57575757575758,75.75757575757576,6.706063343975764,17.3125816204567,4.198594140777774
58.58585858585859,75.75757575757576,5.582976489351163,19.435823882421,4.088198381484823
59.5959595959596,75.75757575757576,6.78948516388403,26.43633433760581,4.028134263966001
60.60606060606061,75.75757575757576,4.920242279488153,19.97758876595568,4.233730089414701
61.61616161616162,75.75757575757576,2.7506935362602,21.00940558487925,3.615056425943586
62.62626262626263,75.75757575757576,5.978396492390105,19.3711913309815,4.079280494304125
63.63636363636364,75.75757575757576,13.976103314535656,36.42361255078546,4.108541489729149
64.64646464646465,75.75757575757576,12.741224883272618,18.18080700143115,4.049881244556167
65.65656565656566,75.75757575757576,12.41542133023854,35.20663220326975,3.876480212899747
66.66666666666667,75.75757575757576,10.983064780945337,20.10286643316721,4.855802603960468
67.67676767676768,75.75757575757576,4.690337751514239,23.45768718867774,3.130268324469966
68.68686868686869,75.75757575757576,7.258602923201398,25.73093930561896,5.734190078605104
69.6969696969697,75.75757575757576,17.047791078274656,8.612294184238742,4.834029108117076
70.70707070707071,75.75757575757576,8.617063950470815,29.06363278813641,3.660478452421784
71.71717171717172,75.75757575757576,7.611186059744663,23.02108715222554,5.113458735662481
72.72727272727273,75.75757575757576,13.207937556415397,8.181462436938771,5.08275346067559
73.73737373737374,75.75757575757576,7.201295776353085,19.93176854490624,5.462606223325168
74.74747474747475,75.75757575757576,6.737929580609711,14.85998653044248,4.216636312104369
75.75757575757576,75.75757575757576,5.037391415481723,16.45804301788669,3.225927569354544
76.76767676767678,75.75757575757576,7.188551098685558,17.62886111389429,4.492428843978928
77.77777777777779,75.75757575757576,8.246394480598411,26.44985738396704,3.951715780127953
78.7878787878788,75.75757575757576,7.423893960414086,14.45144954597779,4.502233962239235
79.7979797979798,75.75757575757576,6.071004417084575,19.15473193860273,4.929461309051133
80.80808080808082,75.75757575757576,5.214019235149955,20.35685375532688,3.806413412495617
81.81818181818183,75.75757575757576,8.281383495824063,31.88332396382631,4.656285191337161
82.82828282828284,75.75757575757576,5.215301370964905,24.91024622217259,4.055106224772325
83.83838383838385,75.75757575757576,16.854537796707273,13.31669577117039,3.359088667877601
84.84848484848486,75.75757575757576,21.330967485994012,40.63496364824837,3.857585770791999
85.85858585858587,75.75757575757576,5.832509053396284,25.18579255946901,3.072981586597968
86.86868686868688,75.75757575757576,5.561068245007964,22.89490988645806,4.752684794039502
87.87878787878789,75.75757575757576,11.291003079980939,31.70755153853399,4.622476761294367
88.8888888888889,75.75757575757576,4.852151961010925,22.15092189021028,5.212689192447812
89.89898989898991,75.75757575757576,3.8802486415612325,19.33773277711876,3.303428852414952
90.90909090909092,75.75757575757576,3.080603087977779,17.2655152646786,4.520767430645495
91.91919191919193,75.75757575757576,4.1831167120532395,22.19683024650599,3.714710349153619
92.92929292929294,75.75757575757576,6.050139262980196,20.34530359345947,5.099632953559993
93.93939393939395,75.75757575757576,7.213844237578982,28.06848726378341,3.683604730962979
94.94949494949496,75.75757575757576,6.105950489649782,29.59573909110667,5.410856727053176
95.95959595959597,75.75757575757576,10.006368916176866,30.88998353967906,5.808610350435285
96.96969696969697,75.75757575757576,3.838581846297946,23.31736716871552,5.333699888302926
97.97979797979798,75.75757575757576,3.7596095470600135,18.61364202854014,3.690876615275813
98.98989898989899,75.75757575757576,5.5911405033479875,28.23512356342359,3.227435087525179
100.0,75.75757575757576,16.761952533186943,36.22033471539116,3.345673052858782
0.0,76.76767676767678,5.332042079095938,17.33449507037568,5.212653456494944
1.01010101010101,76.76767676767678,7.447022852557236,30.26267578437641,4.030175002358777
2.02020202020202,76.76767676767678,9.910967492778212,17.91854064370361,4.515790074088007
3.03030303030303,76.76767676767678,9.059132533093809,25.70476222633962,5.214927915563202
4.040404040404041,76.76767676767678,7.401181525773879,16.96835612069099,3.878511677580481
5.050505050505051,76.76767676767678,6.799474048435039,24.09795548239003,4.547322070084491
6.060606060606061,76.76767676767678,15.126757070196932,7.455814054869668,3.317882326296797
7.070707070707071,76.76767676767678,6.451811189193112,22.9150164906839,3.850300062910512
8.080808080808081,76.76767676767678,3.6963036886043996,16.82082215745627,6.428258462384327
9.090909090909092,76.76767676767678,6.238195836637464,16.95918117001752,4.969623509609363
10.1010101010101,76.76767676767678,6.880213964361463,22.26444545026504,4.189210675950449
11.11111111111111,76.76767676767678,7.6228088652593105,16.16332506227219,4.676486881747732
12.12121212121212,76.76767676767678,6.331833780895662,20.71542716155021,4.96864556363099
13.13131313131313,76.76767676767678,0.5158342487619052,21.61988702420868,4.225921658921557
14.14141414141414,76.76767676767678,1.8616988198737312,22.31060841471099,4.364611812299652
15.15151515151515,76.76767676767678,5.981132129471971,20.79582947329254,3.824347064022101
16.16161616161616,76.76767676767678,14.152483037955417,31.99598087810571,4.583853091879583
17.17171717171717,76.76767676767678,13.19957299293573,9.791540771358344,5.308765038921891
18.18181818181818,76.76767676767678,9.085022610587345,17.52917807979059,5.028466687195586
19.19191919191919,76.76767676767678,10.885566696906281,33.6638550247113,5.190405372238928
20.2020202020202,76.76767676767678,10.475675143726356,30.18949882702383,4.027174493565099
21.21212121212121,76.76767676767678,7.48961272033337,18.7679954862655,4.582426755602741
22.22222222222222,76.76767676767678,16.966611803842746,9.426733577248154,3.451678143068491
23.23232323232324,76.76767676767678,5.713288718924289,22.13643342284438,3.412066193372194
24.24242424242424,76.76767676767678,2.7377193141460046,24.50845778020339,2.743195837877928
25.25252525252525,76.76767676767678,9.027072432887158,28.57257977591416,4.464660726577058
26.26262626262626,76.76767676767678,5.679283268585473,22.09299303869596,4.009978155567198
27.27272727272727,76.76767676767678,3.4151624402381793,23.3072734430877,4.265673918903724
28.28282828282828,76.76767676767678,5.375398741713805,20.66979127839843,4.234048053135363
29.29292929292929,76.76767676767678,4.125297117597064,23.05219268924158,5.472817516557547
30.3030303030303,76.76767676767678,5.191540941705747,24.4226750846319,3.726566626814103
31.31313131313131,76.76767676767678,8.372820830259881,32.46657358634477,3.976377374380201
32.32323232323233,76.76767676767678,4.116901058649261,28.54234055454718,5.206634044795038
33.33333333333334,76.76767676767678,4.509631027826928,20.45255213466191,3.958646533008691
34.34343434343435,76.76767676767678,5.057152613207338,18.99241200064412,4.755166474933282
35.35353535353536,76.76767676767678,7.8808986272786035,26.66540559887983,4.266805319101517
36.36363636363637,76.76767676767678,8.878020614853664,18.40946406402889,3.296615271563976
37.37373737373738,76.76767676767678,3.9580395189071025,22.80146707157272,4.202759736259155
38.38383838383839,76.76767676767678,5.095116447911252,17.48359489542985,3.219309842150769
39.3939393939394,76.76767676767678,4.430753250088222,21.93579211173076,3.222812973916806
40.40404040404041,76.76767676767678,6.313537964550166,20.3577823399717,3.96372413697425
41.41414141414142,76.76767676767678,6.015488376410184,31.33528017612232,6.135296377638326
42.42424242424243,76.76767676767678,5.644326359990303,21.70097125534382,4.274821563309938
43.43434343434344,76.76767676767678,6.493881176978983,25.10205254383688,3.129303114261651
44.44444444444445,76.76767676767678,6.3864925149429395,23.55108241145803,5.072860034545021
45.45454545454546,76.76767676767678,9.060221626130831,17.32460689635011,4.173585707451668
46.46464646464647,76.76767676767678,12.148567235812237,31.16900142274044,5.000487856515279
47.47474747474748,76.76767676767678,8.047151220915604,27.45650742303837,4.357864602808374
48.48484848484848,76.76767676767678,8.069633998578269,15.43754216775662,4.971681578911683
49.49494949494949,76.76767676767678,8.647237293665201,26.13741451948446,5.774829157342396
50.50505050505051,76.76767676767678,8.118165996265875,13.56531504703695,4.726693189210041
51.51515151515152,76.76767676767678,11.200258742935857,14.38759347392175,5.898185674896501
52.52525252525253,76.76767676767678,17.356405879879457,35.0325299051242,4.8696376066558
53.53535353535354,76.76767676767678,11.175890634859444,14.892741747164,4.933574039689825
54.54545454545455,76.76767676767678,13.384928339511823,12.93932443881394,3.589755070212787
55.55555555555556,76.76767676767678,10.949115481943972,33.87222250354419,4.603946829715484
56.56565656565657,76.76767676767678,5.8136168603708125,23.72393533741142,3.116990378479157
57.57575757575758,76.76767676767678,6.721766503459045,25.21207040563116,3.872139020013095
58.58585858585859,76.76767676767678,7.334375352560291,27.63336054046698,4.815856991341966
59.5959595959596,76.76767676767678,9.056985439979094,18.03833694997638,4.24741725641077
60.60606060606061,76.76767676767678,5.367100780759987,25.66589233529163,5.274815691161905
61.61616161616162,76.76767676767678,6.569896753606416,25.91027118469937,5.442672776553057
62.62626262626263,76.76767676767678,9.454625753534636,15.32741255576422,5.523494271868858
63.63636363636364,76.76767676767678,6.256051265315469,27.9855592257336,3.54545413395638
64.64646464646465,76.76767676767678,7.919189510754251,28.68452163659375,3.981441625394038
65.65656565656566,76.76767676767678,9.558636804997684,21.44376582180679,5.176961297220696
66.66666666666667,76.76767676767678,15.142681450487817,38.1760322590786,3.836060820665764
67.67676767676768,76.76767676767678,5.968779503695435,21.45324499452218,4.732338481546347
68.68686868686869,76.76767676767678,3.6027711918320344,18.23396838034143,4.243085842675641
69.6969696969697,76.76767676767678,7.6021035520891935,20.68742748113013,2.82711230035381
70.70707070707071,76.76767676767678,5.582054939378644,28.01349308308081,4.991878907054597
71.71717171717172,76.76767676767678,4.477607332592663,27.12486808379973,4.037545107289345
72.72727272727273,76.76767676767678,12.472493928411165,29.07958164389002,5.362627489146505
73.73737373737374,76.76767676767678,11.757811802682138,13.72394815179462,3.36040646422563
74.74747474747475,76.76767676767678,7.110086975109764,26.36642611624651,4.289580720455012
75.75757575757576,76.76767676767678,5.205179672331648,25.342909718415,3.997829690235436
76.76767676767678,76.76767676767678,6.553963611966176,16.08923253894561,5.079134550597158
77.77777777777779,76.76767676767678,7.728804044068011,25.90225157251808,3.922812533404879
78.7878787878788,76.76767676767678,7.940464370673302,13.6479898262024,4.843256739499764
79.7979797979798,76.76767676767678,11.106074054616576,31.48401029792268,4.943844255837069
80.80808080808082,76.76767676767678,4.55693033830625,21.40174095384844,4.811031475441058
81.81818181818183,76.76767676767678,4.739035588259715,24.35330575511237,4.975275303985015
82.82828282828284,76.76767676767678,2.092675733343558,25.91124107859022,4.757464385324018
83.83838383838385,76.76767676767678,9.785212293562854,28.2863176321111,4.998195963764873
84.84848484848486,76.76767676767678,16.13124345765291,15.06283876237271,4.105816334513969
85.85858585858587,76.76767676767678,7.178272556182013,29.3954684762815,5.738375252070785
86.86868686868688,76.76767676767678,11.63394085731296,30.54174951771543,5.739620901656263
87.87878787878789,76.76767676767678,10.716327755826477,12.28262229053609,4.933040031567806
88.8888888888889,76.76767676767678,4.34034606098691,17.4520740231419,4.849227654963223
89.89898989898991,76.76767676767678,2.6570741928851023,18.7133613552577,5.10414059516358
90.90909090909092,76.76767676767678,3.4845050432253473,22.54228083757971,5.223445287564418
91.91919191919193,76.76767676767678,5.446054184604514,17.93842440495986,4.074420021100833
92.92929292929294,76.76767676767678,3.3123223768190604,21.55798538209856,5.329605952669903
93.93939393939395,76.76767676767678,3.3983540878257195,24.08475402407648,4.54916452912363
94.94949494949496,76.76767676767678,6.28751261979658,17.83507751809006,4.325209665930871
95.95959595959597,76.76767676767678,8.395621183509437,12.89610664375965,4.096923750533316
96.96969696969697,76.76767676767678,4.775475844832194,22.73074450810501,5.193626567523842
97.97979797979798,76.76767676767678,4.644436401380399,19.05982970329795,5.298749066523352
98.98989898989899,76.76767676767678,11.419301986069195,32.3423622024633,5.330891408749566
100.0,76.76767676767678,16.24879903992508,14.56288792067672,4.207592946487408
0.0,77.77777777777779,4.1847346481058905,17.82062205148478,4.885435727488256
1.01010101010101,77.77777777777779,6.540175824904837,29.36501523524608,4.056764573017584
2.02020202020202,77.77777777777779,7.360017933529029,29.1677573467764,4.510850583767193
3.03030303030303,77.77777777777779,12.256724903333017,15.34601294474473,4.266764522830867
4.040404040404041,77.77777777777779,5.7590984065732425,24.5990106268925,5.535542991799076
5.050505050505051,77.77777777777779,3.596324737537146,20.94875557027966,4.443312051341087
6.060606060606061,77.77777777777779,8.532747167747967,27.14512549947696,4.026558865266744
7.070707070707071,77.77777777777779,5.34858102145352,27.06113646843955,5.154257363016383
8.080808080808081,77.77777777777779,8.745149073336453,15.30025193418222,5.636679660995131
9.090909090909092,77.77777777777779,15.114208622277516,5.650539762458241,5.091429835974875
10.1010101010101,77.77777777777779,10.757003291612453,22.46357950865167,4.151177450614984
11.11111111111111,77.77777777777779,21.33261795337583,0.0,4.097921700609665
12.12121212121212,77.77777777777779,14.348582701846187,27.71336488715654,3.861045177029377
13.13131313131313,77.77777777777779,5.6686461960552395,21.61057856301236,4.718066885158533
14.14141414141414,77.77777777777779,6.485066515459402,17.2108565140208,4.135709064739138
15.15151515151515,77.77777777777779,5.488810196637029,27.45592041603716,3.888942926366239
16.16161616161616,77.77777777777779,8.691625169145265,32.24246148801676,5.74777338086544
17.17171717171717,77.77777777777779,6.264419761020227,21.00794728305556,4.659864961982616
18.18181818181818,77.77777777777779,7.875311527161508,22.30782061270041,4.476958994876071
19.19191919191919,77.77777777777779,8.48993217356739,27.15635993620988,2.752895626166652
20.2020202020202,77.77777777777779,20.859978790613464,5.096657983441083,3.888419895629981
21.21212121212121,77.77777777777779,8.056137559706055,18.92538831920301,4.044584884145142
22.22222222222222,77.77777777777779,17.537127860741833,33.80067721955101,4.543604462381443
23.23232323232324,77.77777777777779,9.985092897619083,15.58910216034062,3.499653665817878
24.24242424242424,77.77777777777779,4.489215424472053,20.72273581046253,5.539877660673509
25.25252525252525,77.77777777777779,11.60969827886588,13.10712271932234,4.580406139432384
26.26262626262626,77.77777777777779,13.959845283525615,31.76804582804737,4.486532779386771
27.27272727272727,77.77777777777779,12.653703001137004,13.77323169477487,5.156128097611223
28.28282828282828,77.77777777777779,10.903616186927268,28.40761485874666,5.07830246914727
29.29292929292929,77.77777777777779,6.7812939959740195,14.03984827343189,5.050643340921893
30.3030303030303,77.77777777777779,5.613917644791581,14.22663060459842,3.47514223193745
31.31313131313131,77.77777777777779,9.38835839506831,20.89857622791657,4.79364884480727
32.32323232323233,77.77777777777779,8.349036620223728,32.8412264226609,5.081612165957444
33.33333333333334,77.77777777777779,6.109162184575536,20.39631942018779,5.347146137740695
34.34343434343435,77.77777777777779,11.80960954835388,10.95954408775831,3.411740883411842
35.35353535353536,77.77777777777779,9.265668585534733,20.79008775134679,5.009984079151413
36.36363636363637,77.77777777777779,11.027624899326511,31.14480307163821,5.348406544994831
37.37373737373738,77.77777777777779,3.1662198713986056,22.97585826649737,5.529009458559678
38.38383838383839,77.77777777777779,4.611289536020393,25.71836897914741,3.870818180881091
39.3939393939394,77.77777777777779,2.879336663743124,20.01100774841063,6.158980963406844
40.40404040404041,77.77777777777779,3.85087201503893,21.84263917210815,4.812366678536545
41.41414141414142,77.77777777777779,6.04205520208336,30.60170856312141,3.844288641294653
42.42424242424243,77.77777777777779,7.686049069583791,18.05714943171465,4.342552117362407
43.43434343434344,77.77777777777779,6.63090255341065,15.98174889424015,3.583478737173091
44.44444444444445,77.77777777777779,5.582098646354943,10.10863009431998,3.767178072096995
45.45454545454546,77.77777777777779,5.855565527104151,10.07114029550415,4.913763337574303
46.46464646464647,77.77777777777779,7.3752532317795065,13.21372062096678,4.712382400671921
47.47474747474748,77.77777777777779,5.440940686720994,16.82061155698608,3.618203397883591
48.48484848484848,77.77777777777779,4.518141151757888,22.63406260073753,5.685884191266367
49.49494949494949,77.77777777777779,2.4185505109293386,22.14138177006158,3.599227325059893
50.50505050505051,77.77777777777779,4.730800611231497,24.47863568568448,4.875913491560397
51.51515151515152,77.77777777777779,6.4929616844148565,25.9295100290489,3.959868635103085
52.52525252525253,77.77777777777779,12.620438795360304,16.30638097217739,5.191325924970331
53.53535353535354,77.77777777777779,14.459893828001647,34.65406569103828,4.444283334607514
54.54545454545455,77.77777777777779,9.805311564005287,24.63388587599409,4.079572631832892
55.55555555555556,77.77777777777779,10.750506022362174,36.03219234129674,5.270214396292073
56.56565656565657,77.77777777777779,8.278771101782768,28.0151819059766,5.303974514462595
57.57575757575758,77.77777777777779,18.076654524247726,40.29022243123732,3.775023384810361
58.58585858585859,77.77777777777779,10.93490325646453,18.50970951359822,4.756986151772757
59.5959595959596,77.77777777777779,8.759201661956265,28.64570234645747,4.348350975869597
60.60606060606061,77.77777777777779,5.66339611328014,17.75772701631062,3.368202347895502
61.61616161616162,77.77777777777779,7.740284458883044,15.35878724843671,4.054744243780265
62.62626262626263,77.77777777777779,6.940547335821451,25.86113149578095,4.424462917560063
63.63636363636364,77.77777777777779,3.848924791153489,24.75651657035311,4.426864301323676
64.64646464646465,77.77777777777779,10.366674320071306,15.45119645438646,4.434495857877319
65.65656565656566,77.77777777777779,5.28962577345443,21.94242440827579,5.087010271074998
66.66666666666667,77.77777777777779,8.601510755490944,29.13352598486697,4.125403659411241
67.67676767676768,77.77777777777779,3.5386406153603804,19.52463305263317,5.754940498533226
68.68686868686869,77.77777777777779,2.3699239296024897,19.47534650742259,4.869057520502148
69.6969696969697,77.77777777777779,4.772078192598957,12.13367127240412,4.321135008939242
70.70707070707071,77.77777777777779,6.334240842428693,14.9501036318536,4.051372356406964
71.71717171717172,77.77777777777779,3.943274759044026,16.16155824437464,5.297103241478113
72.72727272727273,77.77777777777779,6.8550254280621425,17.3980721893823,3.818614966121037
73.73737373737374,77.77777777777779,7.516545237259481,26.54926351286426,4.53058835295637
74.74747474747475,77.77777777777779,2.099157420381194,23.09851216389489,4.453112646013453
75.75757575757576,77.77777777777779,1.2463120038923003,23.68425130691762,4.161308724461869
76.76767676767678,77.77777777777779,5.1599532309330955,21.69876219881977,5.662085621649154
77.77777777777779,77.77777777777779,11.276392565792351,34.20258115745301,4.754585788432431
78.7878787878788,77.77777777777779,14.993984849100958,12.77987428132054,3.506074583722689
79.7979797979798,77.77777777777779,9.183082600171508,27.30728225457085,3.343166757578799
80.80808080808082,77.77777777777779,6.526541633724349,17.25274094448317,3.825961116163673
81.81818181818183,77.77777777777779,5.065988464757155,17.43668173552923,4.579550382945373
82.82828282828284,77.77777777777779,7.003723788021944,29.34793727854809,4.406979067992705
83.83838383838385,77.77777777777779,6.974659041173124,19.71364574205966,5.603476824886007
84.84848484848486,77.77777777777779,9.225431650284523,26.45957912346152,4.3867712387175
85.85858585858587,77.77777777777779,6.463160230133726,20.37096492370866,4.407532146746023
86.86868686868688,77.77777777777779,10.293345251665773,11.05823398833424,4.492767831080722
87.87878787878789,77.77777777777779,4.634392915846297,12.27081947501324,4.184580285497308
88.8888888888889,77.77777777777779,5.739518881493668,23.68387133529955,4.564160584119755
89.89898989898991,77.77777777777779,3.39298374377751,23.62707989049924,2.824593648745938
90.90909090909092,77.77777777777779,1.975747640527569,22.31380215252129,5.511237643288845
91.91919191919193,77.77777777777779,3.838751659112531,27.24081789207324,4.370949365530166
92.92929292929294,77.77777777777779,2.455484237756531,27.44826348161909,5.081367863262959
93.93939393939395,77.77777777777779,3.807720951728087,24.91799198770809,5.063807337132355
94.94949494949496,77.77777777777779,4.465707706183297,20.03581904394294,4.718458899307687
95.95959595959597,77.77777777777779,6.48032344968534,13.71110574320222,4.17792100192097
96.96969696969697,77.77777777777779,4.493772490228089,17.72101645853916,4.229400631367655
97.97979797979798,77.77777777777779,2.7423145583863526,17.88171907650657,2.970670526819521
98.98989898989899,77.77777777777779,5.447123497509524,21.83439967817815,3.763946525921247
100.0,77.77777777777779,4.035391821744466,23.87236396395094,3.857856520568823
0.0,78.7878787878788,1.8524962320042206,18.34430583093205,5.19239169907707
1.01010101010101,78.7878787878788,9.201285421981193,15.84362355698804,4.688216687700814
2.02020202020202,78.7878787878788,11.814999903197986,33.33961008731838,4.231095548972267
3.03030303030303,78.7878787878788,10.735895383399685,30.93942119230247,5.439159320116059
4.040404040404041,78.7878787878788,4.459655026973515,22.09652424556165,4.961853151696427
5.050505050505051,78.7878787878788,1.3744026362104114,19.55928151805159,3.669103562883866
6.060606060606061,78.7878787878788,6.123120412071092,18.9838072333271,4.984725637513947
7.070707070707071,78.7878787878788,5.774362237392096,21.65780592567586,2.959819214592491
8.080808080808081,78.7878787878788,6.984149462347813,27.34968129827267,4.496248483581856
9.090909090909092,78.7878787878788,9.189059465680351,28.33598092609162,3.055993767203916
10.1010101010101,78.7878787878788,4.189522873956759,18.91131965543359,4.270098097061642
11.11111111111111,78.7878787878788,10.860538630570023,18.99020235542291,4.127000068407183
12.12121212121212,78.7878787878788,9.161296792116714,11.13312301667885,4.833904554429747
13.13131313131313,78.7878787878788,8.72964828989808,9.44781061312346,3.916273128265562
14.14141414141414,78.7878787878788,6.833338468852743,23.4065847241603,4.211707126772814
15.15151515151515,78.7878787878788,5.320660149046069,27.7194652858447,3.456968240525573
16.16161616161616,78.7878787878788,12.48597869172539,13.74349669828754,5.036673331353509
17.17171717171717,78.7878787878788,10.85486212768949,19.70106228527792,3.811334846810531
18.18181818181818,78.7878787878788,22.36219890957768,1.733629690118519,5.184062192838614
19.19191919191919,78.7878787878788,7.29308279789548,26.61236760672001,4.54469562852803
20.2020202020202,78.7878787878788,9.188299228626555,27.55530001378147,4.310088484265141
21.21212121212121,78.7878787878788,5.056229017121383,22.28852648897979,5.037607960499797
22.22222222222222,78.7878787878788,5.352584482513975,21.11297337844494,5.14892453652881
23.23232323232324,78.7878787878788,6.1996742263149045,25.63693377898089,4.947261279955044
24.24242424242424,78.7878787878788,3.109374028237248,19.30084282357728,3.279639923646863
25.25252525252525,78.7878787878788,4.171532321981037,17.80392257832882,4.965802405100601
26.26262626262626,78.7878787878788,3.9755556331155404,22.25945472529385,5.618040795403048
27.27272727272727,78.7878787878788,3.34893397923909,22.22480465376577,3.97687239051812
28.28282828282828,78.7878787878788,5.158422406820037,21.53312344067237,3.049290450271704
29.29292929292929,78.7878787878788,3.8008531655528426,17.59813092503698,5.194923622078431
30.3030303030303,78.7878787878788,5.178621992291305,19.62752874924658,5.001114474690584
31.31313131313131,78.7878787878788,5.808898568750312,28.26941663169913,4.175501734691666
32.32323232323233,78.7878787878788,4.4021871149626834,28.13152300709715,4.092902757330203
33.33333333333334,78.7878787878788,8.41869557959083,17.89758573126236,4.947870542871939
34.34343434343435,78.7878787878788,18.12936327836035,30.89779537227006,4.388499104924783
35.35353535353536,78.7878787878788,14.444107599224521,9.787990240620799,4.829410550769393
36.36363636363637,78.7878787878788,6.260771527703763,18.29330260737375,3.179388426762654
37.37373737373738,78.7878787878788,1.82007905988943,21.39682549361848,4.365842220401139
38.38383838383839,78.7878787878788,2.425155791611413,23.95785686217022,4.014443235763408
39.3939393939394,78.7878787878788,1.9351756952424983,22.0645773856287,4.546981917301299
40.40404040404041,78.7878787878788,3.7730696676216358,25.17056958541664,4.905021102388269
41.41414141414142,78.7878787878788,1.9129569178230845,28.4706878902089,4.683792290593665
42.42424242424243,78.7878787878788,8.372020463035437,30.53756421753938,4.786290663729727
43.43434343434344,78.7878787878788,7.300810952269048,25.43653612089135,4.367168112490123
44.44444444444445,78.7878787878788,7.9051475211224425,13.0839637638657,3.837595818117451
45.45454545454546,78.7878787878788,10.187477269845388,23.05986567879634,5.086473572323668
46.46464646464647,78.7878787878788,6.218758536464822,18.00998148482922,4.421100675836223
47.47474747474748,78.7878787878788,2.353137950704692,18.52813645804702,4.804418655501474
48.48484848484848,78.7878787878788,1.7087547602807263,18.06415030111428,4.852595137079367
49.49494949494949,78.7878787878788,7.420597500844165,19.29314722206595,4.424381272217337
50.50505050505051,78.7878787878788,5.788162530096975,28.70038923297562,5.735742296855553
51.51515151515152,78.7878787878788,5.716660850590532,22.57358324675255,2.934218220411516
52.52525252525253,78.7878787878788,4.275715589277019,20.0911734449394,3.459934735856875
53.53535353535354,78.7878787878788,5.911568780267001,24.94367885681104,5.150827374362437
54.54545454545455,78.7878787878788,8.757465503346156,30.74208441448825,4.562610698174089
55.55555555555556,78.7878787878788,13.643381759582947,14.6054549902234,5.525669584536722
56.56565656565657,78.7878787878788,4.0955115066844705,19.48339502799157,5.207419858669458
57.57575757575758,78.7878787878788,9.127919443920057,17.1173098027524,4.472726371941494
58.58585858585859,78.7878787878788,4.857156892024312,21.20916576208924,3.542603612665915
59.5959595959596,78.7878787878788,10.23621082197483,32.05117543479534,5.164057257266776
60.60606060606061,78.7878787878788,4.8021347880188925,19.21623105242941,4.136479703499017
61.61616161616162,78.7878787878788,3.8225643406226353,22.86715713248808,3.892121622852744
62.62626262626263,78.7878787878788,3.704607120456708,20.23962026528395,4.465788274965702
63.63636363636364,78.7878787878788,4.889354209588445,22.99979510251413,4.452380240743588
64.64646464646465,78.7878787878788,8.18791747939289,27.88802048260841,3.155475510863102
65.65656565656566,78.7878787878788,10.72268387382814,14.96490943140758,4.063096886421142
66.66666666666667,78.7878787878788,6.729085225554794,20.56998374593981,4.01289805808503
67.67676767676768,78.7878787878788,2.4472023638016864,22.0924040947413,3.297588739585747
68.68686868686869,78.7878787878788,3.634194846345388,20.32270231852234,3.685808884909436
69.6969696969697,78.7878787878788,6.047617092735781,11.75722230520225,5.389434140035188
70.70707070707071,78.7878787878788,7.048735847116006,23.19579057837064,4.056666633800925
71.71717171717172,78.7878787878788,4.702933175021127,18.52337888359695,4.118070994716364
72.72727272727273,78.7878787878788,3.790954361994304,22.74895917863353,4.339210879327633
73.73737373737374,78.7878787878788,2.2860724226879796,21.91034059734731,3.37627434433097
74.74747474747475,78.7878787878788,2.5486993157799986,22.00628692671384,4.418372209136473
75.75757575757576,78.7878787878788,4.251743044303665,24.43961265986886,4.140376305256907
76.76767676767678,78.7878787878788,6.9028883978837365,21.15778700169264,3.182134836697677
77.77777777777779,78.7878787878788,6.593028784326068,31.32386631398425,3.609565508224728
78.7878787878788,78.7878787878788,13.681494629496935,35.93758328345972,4.516929301167765
79.7979797979798,78.7878787878788,13.428038764375781,19.33362918057464,4.048071684695056
80.80808080808082,78.7878787878788,12.784957244935516,5.534056520084785,5.381668586802377
81.81818181818183,78.7878787878788,7.21174721012081,18.68881524090979,3.590965704510978
82.82828282828284,78.7878787878788,6.5093925985935694,26.31528540592548,4.039308197918192
83.83838383838385,78.7878787878788,5.311219879830025,16.76790638530889,4.836379467230323
84.84848484848486,78.7878787878788,9.67074776874018,13.78914046456696,5.052052978122619
85.85858585858587,78.7878787878788,3.37916237418155,21.79775715654344,4.577482869257787
86.86868686868688,78.7878787878788,5.428852615667253,22.22278304356272,5.112198917685778
87.87878787878789,78.7878787878788,8.380652607748907,18.17095097591027,3.985475152100946
88.8888888888889,78.7878787878788,9.142719027053555,28.94030624402995,5.297535292002828
89.89898989898991,78.7878787878788,6.386268506189057,30.91522714758948,3.870345635737202
90.90909090909092,78.7878787878788,7.063301523862205,20.87958375299933,4.56908327707972
91.91919191919193,78.7878787878788,3.515835721462225,26.32266607183429,4.818346695367667
92.92929292929294,78.7878787878788,2.563262706645414,26.25432171357035,3.762622245070887
93.93939393939395,78.7878787878788,8.722782582450815,31.90319339331268,4.291857460648656
94.94949494949496,78.7878787878788,12.161758719229468,15.5806159895685,4.901057298824318
95.95959595959597,78.7878787878788,8.923660521570932,28.48277642642335,4.907789712481874
96.96969696969697,78.7878787878788,4.051100910552,26.51576503658132,3.809613115779873
97.97979797979798,78.7878787878788,4.55561066306279,23.55948346362161,5.120022972173803
98.98989898989899,78.7878787878788,3.4189244879412373,27.12428625648673,5.048327450452522
100.0,78.7878787878788,2.4569838086369002,24.63109910013733,4.240665409179067
0.0,79.7979797979798,2.3575521517392364,15.81118318831067,3.712832849965109
1.01010101010101,79.7979797979798,4.557174019697213,19.13070476238043,5.123742965012291
2.02020202020202,79.7979797979798,10.602723549155794,10.14763864041465,3.842693827936236
3.03030303030303,79.7979797979798,8.246686315461302,14.83233374801819,6.159794512369114
4.040404040404041,79.7979797979798,3.3463278467696806,18.14053019324932,3.978120568785101
5.050505050505051,79.7979797979798,5.731587235076245,20.55470099843062,4.255399876074721
6.060606060606061,79.7979797979798,8.786231866486391,32.06549763838835,4.471035926227949
7.070707070707071,79.7979797979798,6.240413591362744,30.98605026753498,5.890888424989256
8.080808080808081,79.7979797979798,8.452385735925956,18.14068781338763,4.870100719308351
9.090909090909092,79.7979797979798,5.454567932826842,24.67614512548057,4.531218038339038
10.1010101010101,79.7979797979798,5.251828656140836,22.6136073273952,4.724753026947703
11.11111111111111,79.7979797979798,17.714166169180743,35.50619248354671,5.64117121819497
12.12121212121212,79.7979797979798,7.6467633111445545,21.65567657236856,4.63735094603248
13.13131313131313,79.7979797979798,7.393203377740311,16.55954930823465,4.708986945957993
14.14141414141414,79.7979797979798,5.194723997444134,26.27255571671053,4.388136546078201
15.15151515151515,79.7979797979798,1.5485912923746055,24.98921870870952,4.911447002952734
16.16161616161616,79.7979797979798,6.3486264128475645,25.25491250091234,5.04639481194447
17.17171717171717,79.7979797979798,12.526618732866778,37.88862761610846,4.83099124198726
18.18181818181818,79.7979797979798,11.290154243093216,27.76206389408645,4.371502433905939
19.19191919191919,79.7979797979798,4.434594855163957,23.80569906829091,4.943733198273037
20.2020202020202,79.7979797979798,5.419985696047185,19.47045106147878,3.8839705849669
21.21212121212121,79.7979797979798,8.494646212480667,11.86907522560757,3.952398450549552
22.22222222222222,79.7979797979798,5.32774650498769,18.08985280056591,3.998223153459467
23.23232323232324,79.7979797979798,6.642441794990409,29.52774770966068,4.490453858705767
24.24242424242424,79.7979797979798,8.761075206377273,22.48343474898895,4.01230474440168
25.25252525252525,79.7979797979798,12.023300347707611,11.76704554162464,4.951167099421166
26.26262626262626,79.7979797979798,4.98489045637599,20.35600551407832,3.501086432418792
27.27272727272727,79.7979797979798,5.285480609739943,18.00697298042179,4.642192450806712
28.28282828282828,79.7979797979798,7.445591823195888,12.4005989601953,5.037293524366153
29.29292929292929,79.7979797979798,8.04514735351332,23.27887059579827,4.086467546437745
30.3030303030303,79.7979797979798,8.414522431593479,14.98522463139167,3.767726737660164
31.31313131313131,79.7979797979798,5.827683371556577,21.18444426753497,4.415664724283884
32.32323232323233,79.7979797979798,3.8689195377126975,25.60430886324694,3.057735720845542
33.33333333333334,79.7979797979798,6.309613989429213,25.83948744385776,4.921650160701682
34.34343434343435,79.7979797979798,12.725108670777574,12.42860831599737,4.518144599878702
35.35353535353536,79.7979797979798,12.544201864038332,26.94720562839068,4.64534748874536
36.36363636363637,79.7979797979798,3.362834298096752,18.87605300092666,3.476046174957608
37.37373737373738,79.7979797979798,4.710623730084188,21.43355470550084,4.391360879734997
38.38383838383839,79.7979797979798,5.681051866545517,27.44365706654542,5.080215891172357
39.3939393939394,79.7979797979798,4.9184361494470785,22.75243885305116,4.667125620713828
40.40404040404041,79.7979797979798,6.104849087530609,19.81233183281879,5.31972718058713
41.41414141414142,79.7979797979798,6.732313558041488,28.31687552395181,4.31609547439228
42.42424242424243,79.7979797979798,8.012702699371653,16.69780157520087,4.382346346636194
43.43434343434344,79.7979797979798,6.772272536037865,23.14167999214004,4.203373270867201
44.44444444444445,79.7979797979798,7.526956459523443,19.40074590685346,4.693138514869701
45.45454545454546,79.7979797979798,11.37092494225002,35.79526326598795,4.989444575304517
46.46464646464647,79.7979797979798,10.742416237233241,32.52071559964115,4.273382001729439
47.47474747474748,79.7979797979798,6.41615548422126,25.25102222965431,2.744064946733016
48.48484848484848,79.7979797979798,9.600734275681548,17.49202663749903,4.576376170312043
49.49494949494949,79.7979797979798,13.48365695657855,35.49106374558564,4.00113096528721
50.50505050505051,79.7979797979798,10.634579235272147,32.09723780893964,4.236409140731042
51.51515151515152,79.7979797979798,12.423441265320367,11.67208241472299,3.762641730315208
52.52525252525253,79.7979797979798,6.110856059733689,26.07432811560068,5.354492087481607
53.53535353535354,79.7979797979798,4.453663987655944,28.22865617410296,4.546880046642105
54.54545454545455,79.7979797979798,5.1406473931341266,23.75545592153985,4.316102082659691
55.55555555555556,79.7979797979798,6.927969933504906,26.73767521544882,4.080698304941367
56.56565656565657,79.7979797979798,6.399268961866622,20.08962891373708,5.316276829685278
57.57575757575758,79.7979797979798,6.4707516702019685,23.99813376537169,5.321119824369307
58.58585858585859,79.7979797979798,3.4031105156966577,19.41386007452595,4.953304744453641
59.5959595959596,79.7979797979798,5.118936898477332,18.18875929030592,4.046006300092364
60.60606060606061,79.7979797979798,2.122872341992852,20.48039570596159,4.431276854571911
61.61616161616162,79.7979797979798,4.9632892179602734,24.37058166366445,4.920261151855045
62.62626262626263,79.7979797979798,6.975116061791405,16.43041471838843,4.069050937277616
63.63636363636364,79.7979797979798,10.162959107553487,12.84749994932379,4.726120507145587
64.64646464646465,79.7979797979798,10.313619602099024,30.39152994066291,5.549569220135441
65.65656565656566,79.7979797979798,5.520194714219054,32.34994458411887,3.692908869616644
66.66666666666667,79.7979797979798,7.984807195002704,31.7952877458981,4.136136867009069
67.67676767676768,79.7979797979798,7.208999464565355,18.16348780666314,4.228490358931505
68.68686868686869,79.7979797979798,4.522522027520662,23.67694410326509,4.544431361234633
69.6969696969697,79.7979797979798,5.065341309281443,15.56719342245502,5.004456481781126
70.70707070707071,79.7979797979798,5.2201027761186225,19.35751410436574,5.553009761475262
71.71717171717172,79.7979797979798,5.891466422688763,26.07529895464888,5.356406851732808
72.72727272727273,79.7979797979798,3.316268558182265,27.49769076103672,4.124954147532377
73.73737373737374,79.7979797979798,2.6711888115016817,25.48114246192953,4.922876291302706
74.74747474747475,79.7979797979798,6.1831938652445215,28.57958689013124,5.470501429585125
75.75757575757576,79.7979797979798,9.022724750671399,13.90315322693668,2.94891383001822
76.76767676767678,79.7979797979798,10.996980305455118,7.535113577752659,5.055239206752934
77.77777777777779,79.7979797979798,8.56466779031334,22.61026230191582,5.449455978631089
78.7878787878788,79.7979797979798,10.503810824337279,25.58698483997173,4.759326627627773
79.7979797979798,79.7979797979798,15.434293607237233,3.998653960442662,5.005717545360818
80.80808080808082,79.7979797979798,9.992397572942453,18.0008696941136,5.540192034473225
81.81818181818183,79.7979797979798,7.114674315340928,25.50244169017178,4.201966545654045
82.82828282828284,79.7979797979798,4.362865000444831,20.48421606980609,3.59461089517496
83.83838383838385,79.7979797979798,5.695341747965214,22.5409016065197,5.911910770088728
84.84848484848486,79.7979797979798,11.49911544025149,28.81431026791471,5.072232459591199
85.85858585858587,79.7979797979798,6.817488023710461,18.14154247164778,5.569074459879961
86.86868686868688,79.7979797979798,6.786999083277444,16.14877959079392,3.45150730838057
87.87878787878789,79.7979797979798,19.248918459705642,30.97224257023673,3.740612391168208
88.8888888888889,79.7979797979798,18.279984226093607,10.37014121622534,4.281573623664257
89.89898989898991,79.7979797979798,7.443608066610302,24.66886467807317,4.583212354062685
90.90909090909092,79.7979797979798,11.539348970070984,32.21984573550108,4.483636603937581
91.91919191919193,79.7979797979798,9.953359124281853,18.68890168332324,4.099406428140591
92.92929292929294,79.7979797979798,4.76502596400684,29.59621473409699,3.516514877473152
93.93939393939395,79.7979797979798,3.9116347432991274,25.96871355260052,4.091767113374205
94.94949494949496,79.7979797979798,9.667607133855299,30.54770997151291,4.592412325889506
95.95959595959597,79.7979797979798,4.642666088701319,22.42897685005763,3.911344779132941
96.96969696969697,79.7979797979798,3.4996649114955627,24.02940293521722,5.168271825433363
97.97979797979798,79.7979797979798,8.573430385798115,17.53588956431032,4.506293720421853
98.98989898989899,79.7979797979798,4.364542488327487,24.79646483224488,3.62567306030762
100.0,79.7979797979798,4.9331939472464725,28.75012823351224,4.658312599133955
0.0,80.80808080808082,5.543486678820685,17.03119542683724,5.132840902849599
1.01010101010101,80.80808080808082,4.8521622819607115,21.76973193974135,3.409249300852528
2.02020202020202,80.80808080808082,8.5293743954613,15.69880016056478,3.209187166607195
3.03030303030303,80.80808080808082,14.4250377264189,5.94556748329193,3.737664250824845
4.040404040404041,80.80808080808082,7.8167976467822395,21.84748027760328,4.239166169323686
5.050505050505051,80.80808080808082,9.600017478740027,28.56066301321754,3.505187355054209
6.060606060606061,80.80808080808082,8.029833115389515,22.59250458831514,3.72939950026557
7.070707070707071,80.80808080808082,7.259761213737851,29.27745006894385,4.523739056688609
8.080808080808081,80.80808080808082,7.449205749886225,23.36041750596612,4.775556813171005
9.090909090909092,80.80808080808082,11.200956582400327,15.11570430496256,5.372312089171869
10.1010101010101,80.80808080808082,7.216150551755709,20.26370332903035,3.712004610399311
11.11111111111111,80.80808080808082,16.81344919390216,7.908619002277215,3.492327770607571
12.12121212121212,80.80808080808082,7.105983680537874,20.53782005879211,4.784644776122872
13.13131313131313,80.80808080808082,11.941600670602899,8.907608164994388,4.73085801223449
14.14141414141414,80.80808080808082,7.789568578756224,19.35597413596112,3.704954193214483
15.15151515151515,80.80808080808082,2.8114777087773595,23.07413091655011,4.262086450342117
16.16161616161616,80.80808080808082,3.014521826805865,26.23859344227886,4.218352645066943
17.17171717171717,80.80808080808082,5.698167502602065,28.72999685269001,5.12533879880273
18.18181818181818,80.80808080808082,8.16827054582748,32.81131811467384,5.568322672097362
19.19191919191919,80.80808080808082,4.943717025518576,30.44579711790997,4.006787579065783
20.2020202020202,80.80808080808082,3.857542765219767,21.12892105068149,4.296478430016006
21.21212121212121,80.80808080808082,4.618542871872708,21.60605540132847,4.094673498286904
22.22222222222222,80.80808080808082,7.888234915954165,17.46065984254729,4.105783767973742
23.23232323232324,80.80808080808082,16.749354956435823,33.72449308917603,4.693232710626899
24.24242424242424,80.80808080808082,21.420263597374408,8.382428016927573,3.973221828731599
25.25252525252525,80.80808080808082,17.067851520175594,34.51802071593291,4.5265651404442
26.26262626262626,80.80808080808082,5.096796877048051,27.45412562225654,5.310520717374409
27.27272727272727,80.80808080808082,6.1575912001508675,26.97565719215456,5.209472509717745
28.28282828282828,80.80808080808082,7.21757671610553,16.56579611667232,4.094404242021299
29.29292929292929,80.80808080808082,9.844154422373812,30.60680273908069,5.013907095558073
30.3030303030303,80.80808080808082,8.588950197712638,29.50814463936078,4.399788322326495
31.31313131313131,80.80808080808082,6.95442426047074,15.57776737732809,4.113827607516679
32.32323232323233,80.80808080808082,6.690803024990283,17.31088803256915,5.188330503318563
33.33333333333334,80.80808080808082,7.685750120906553,29.489983980508,4.546121886579234
34.34343434343435,80.80808080808082,9.307765303955735,16.93037950258127,4.791737229485267
35.35353535353536,80.80808080808082,4.298873295807699,16.51936349986457,3.876435249272247
36.36363636363637,80.80808080808082,5.284060245014925,21.11598546772256,4.757339155531003
37.37373737373738,80.80808080808082,7.574725991362765,31.67171634833647,5.161035771900754
38.38383838383839,80.80808080808082,10.598733652386834,35.98074375381345,4.763167632708107
39.3939393939394,80.80808080808082,12.662707201797094,11.39788095641194,5.064376113064835
40.40404040404041,80.80808080808082,5.505825750233893,12.1958239466596,4.264736612474461
41.41414141414142,80.80808080808082,5.717523692841896,21.66505129792691,6.075121055479332
42.42424242424243,80.80808080808082,9.92828169598993,16.54970578574288,4.329259626800106
43.43434343434344,80.80808080808082,16.27782077140401,37.75110150531444,4.735444060230313
44.44444444444445,80.80808080808082,8.169273504894399,23.0563381575384,5.002275389235749
45.45454545454546,80.80808080808082,6.067471084800224,22.71602610966076,6.115223673120452
46.46464646464647,80.80808080808082,12.562251246026921,14.60602580185375,4.267633980781198
47.47474747474748,80.80808080808082,5.172795147085685,29.16406943278994,4.388318407467799
48.48484848484848,80.80808080808082,6.455298738005275,29.56480737636808,5.908046934093334
49.49494949494949,80.80808080808082,11.924866369576193,19.14721548752375,3.112652188077256
50.50505050505051,80.80808080808082,7.838781668963507,16.77475077467772,4.275450431703267
51.51515151515152,80.80808080808082,5.086435282212182,15.63694554888056,4.185381164983297
52.52525252525253,80.80808080808082,4.880440318509795,24.17063230670717,5.348293885220345
53.53535353535354,80.80808080808082,7.420760255498776,20.32650585183649,4.402692071109828
54.54545454545455,80.80808080808082,10.013826705459607,29.87599745465587,4.631824664406278
55.55555555555556,80.80808080808082,8.17391736781114,20.78828130227533,3.910439653062517
56.56565656565657,80.80808080808082,14.405316819014512,34.52391972211171,4.573667367142378
57.57575757575758,80.80808080808082,14.72332690978877,13.48872958966346,3.942991872628021
58.58585858585859,80.80808080808082,11.531901889056016,25.42162197468352,4.195564561768165
59.5959595959596,80.80808080808082,8.764570032556723,15.09216504076171,3.988103873831388
60.60606060606061,80.80808080808082,3.7244222528475595,21.52589804704229,5.96512576904548
61.61616161616162,80.80808080808082,7.693448747800993,17.8512022259786,4.741033545608353
62.62626262626263,80.80808080808082,8.27938698826311,28.99859170431787,3.930267868014842
63.63636363636364,80.80808080808082,8.477090593713388,22.22009646594364,4.993328911344516
64.64646464646465,80.80808080808082,16.73630727915756,11.14300562511639,4.526825165584774
65.65656565656566,80.80808080808082,12.711066806113156,34.53261680660706,5.059425411446244
66.66666666666667,80.80808080808082,7.934665340458678,25.26781974330131,4.567088597386538
67.67676767676768,80.80808080808082,9.185649602033635,12.40166247231679,3.666690330539681
68.68686868686869,80.80808080808082,6.973379050651665,22.56430475533721,5.260346322206243
69.6969696969697,80.80808080808082,5.145767537124468,20.11851617960723,4.305397728153011
70.70707070707071,80.80808080808082,5.524443784455037,12.82348500609001,4.24318167693565
71.71717171717172,80.80808080808082,7.596195449297362,18.20152999161673,1.850204070139474
72.72727272727273,80.80808080808082,10.563532214992481,32.57509330586756,5.798371212263676
73.73737373737374,80.80808080808082,2.3998404462420453,27.48010311604514,4.736455681717321
74.74747474747475,80.80808080808082,4.951527155257435,28.96418429629566,4.469332724879465
75.75757575757576,80.80808080808082,7.674238730151434,18.41311948431152,3.070998930015469
76.76767676767678,80.80808080808082,4.400889518812891,16.45717300228597,4.674564944748243
77.77777777777779,80.80808080808082,5.707580087209383,15.11706641494996,4.204210636910679
78.7878787878788,80.80808080808082,5.798148553381918,18.48739340369558,5.894372943648611
79.7979797979798,80.80808080808082,7.231709692628037,14.81030655605961,3.612057760428031
80.80808080808082,80.80808080808082,7.341926080115666,23.99985908212548,3.493557677073168
81.81818181818183,80.80808080808082,4.748632169809186,16.37716849449392,3.792012446976254
82.82828282828284,80.80808080808082,6.39049569454056,15.93873656122545,4.713589152017773
83.83838383838385,80.80808080808082,7.493375794177384,13.86262403397827,5.327817202759925
84.84848484848486,80.80808080808082,8.843771217296684,14.78919476791844,4.063472183682582
85.85858585858587,80.80808080808082,9.030736192169575,29.08974920447318,2.805133361211095
86.86868686868688,80.80808080808082,8.864390641255405,20.40654661083823,4.901026285179955
87.87878787878789,80.80808080808082,22.558348008129524,2.203424659194818,4.401897300393403
88.8888888888889,80.80808080808082,13.760999860931651,30.01908827693594,4.750850441851281
89.89898989898991,80.80808080808082,3.7709594635654904,22.99049940042401,4.891587354672493
90.90909090909092,80.80808080808082,7.788607156416929,18.48463694732465,5.82169771608199
91.91919191919193,80.80808080808082,6.192011049099681,26.43031668898801,3.602563730533044
92.92929292929294,80.80808080808082,4.278859612775511,30.77961133732749,4.522474728793851
93.93939393939395,80.80808080808082,3.7671661626624875,24.46315202052503,3.660694341327533
94.94949494949496,80.80808080808082,8.409565447783514,19.54210495840379,4.062637205512315
95.95959595959597,80.80808080808082,4.9996380607491595,25.22668242188232,2.756399900758253
96.96969696969697,80.80808080808082,7.281034049495653,20.61104484666556,4.075763569414456
97.97979797979798,80.80808080808082,7.682043403654095,32.05192856935003,3.274883269562295
98.98989898989899,80.80808080808082,6.981484045890564,28.71257469211106,3.677248156438557
100.0,80.80808080808082,8.718006178256308,22.02323892641509,4.730750284795667
0.0,81.81818181818183,6.054405505199323,27.70310671186861,4.171841494812707
1.01010101010101,81.81818181818183,3.5890608712843504,27.72988559814259,3.933597444910492
2.02020202020202,81.81818181818183,7.294966696855435,28.44097176581043,5.028658502315856
3.03030303030303,81.81818181818183,8.301233239396655,29.10380665265707,5.361254687923305
4.040404040404041,81.81818181818183,6.819190234183163,26.79262525045267,4.20244009481456
5.050505050505051,81.81818181818183,12.184663641452055,10.84789627356101,3.381113320152601
6.060606060606061,81.81818181818183,10.764172410151167,12.5992690823614,4.607118993541131
7.070707070707071,81.81818181818183,7.7841227491322496,14.54898345619002,5.689037260874348
8.080808080808081,81.81818181818183,10.785593455608428,12.945069962981,5.342157327259029
9.090909090909092,81.81818181818183,22.053291393228555,36.9663775889745,5.63407184349605
10.1010101010101,81.81818181818183,15.525716331735621,11.25208847119329,4.76531752872416
11.11111111111111,81.81818181818183,8.208349678413647,22.58055691334832,4.722968861748599
12.12121212121212,81.81818181818183,2.06230648572787,23.58448531705454,5.10009480777178
13.13131313131313,81.81818181818183,7.525103852516603,26.94349183940126,4.272244904523441
14.14141414141414,81.81818181818183,5.7189389237664745,29.43114411868088,5.061305987244065
15.15151515151515,81.81818181818183,7.17796190784686,20.62592717991782,5.698511882565979
16.16161616161616,81.81818181818183,9.601434571372362,31.6571338719959,3.516940314830766
17.17171717171717,81.81818181818183,7.614545334667682,21.66868227809518,3.399721941283325
18.18181818181818,81.81818181818183,14.399423479671126,11.634332410699,5.688459384483584
19.19191919191919,81.81818181818183,10.730703351635947,28.99342412944707,5.774808591693174
20.2020202020202,81.81818181818183,4.766560138818942,17.15123039688059,4.375692223990296
21.21212121212121,81.81818181818183,5.61168273446187,17.49139399898669,3.743023636535246
22.22222222222222,81.81818181818183,10.979275879356646,27.97517774293541,3.688394725610277
23.23232323232324,81.81818181818183,16.367687803893322,12.52971696182528,3.947030318578702
24.24242424242424,81.81818181818183,11.490220618621962,28.48481790311003,5.038762387792087
25.25252525252525,81.81818181818183,6.8411895297306335,22.19707760222052,4.549436073876639
26.26262626262626,81.81818181818183,6.755846033576184,21.70742174602091,5.283975172152628
27.27272727272727,81.81818181818183,10.750729725857951,31.74900827544104,4.257436644580641
28.28282828282828,81.81818181818183,5.647776616556678,16.31155410661783,5.168262193950738
29.29292929292929,81.81818181818183,10.346044441680807,13.69778191499613,4.434127213223559
30.3030303030303,81.81818181818183,5.507057659432423,24.70429921823193,4.24359990578481
31.31313131313131,81.81818181818183,4.3054390700686875,22.12528961173042,4.057955759136187
32.32323232323233,81.81818181818183,4.36759585012456,21.86846269867258,5.315799233493157
33.33333333333334,81.81818181818183,7.471462413050568,31.84378750161839,3.760364234271953
34.34343434343435,81.81818181818183,12.862843453442107,36.68904905117688,3.862566549518715
35.35353535353536,81.81818181818183,11.454145926027984,18.27937658399457,5.160796638140916
36.36363636363637,81.81818181818183,5.931194559618386,24.85994113251446,4.891758772732943
37.37373737373738,81.81818181818183,8.653362954431362,36.86770038486101,4.432986460608541
38.38383838383839,81.81818181818183,4.782156886693621,31.01478603441264,4.626415880315421
39.3939393939394,81.81818181818183,7.304998843274809,25.31334607931193,4.710493095370558
40.40404040404041,81.81818181818183,7.877327850353402,16.33544871992101,4.965523217067875
41.41414141414142,81.81818181818183,8.411107719031104,23.29874897981825,3.793335875810399
42.42424242424243,81.81818181818183,9.629794492095126,29.79799554848902,5.479869675018247
43.43434343434344,81.81818181818183,9.381281967144268,23.1453990002204,6.206456489530023
44.44444444444445,81.81818181818183,13.401037050443907,9.069911784299425,5.005167386326208
45.45454545454546,81.81818181818183,4.935676896782726,19.9756912824717,4.107178231477368
46.46464646464647,81.81818181818183,5.645134854564643,24.27229704943084,5.00412035333341
47.47474747474748,81.81818181818183,1.7039804642845446,27.34471762209716,3.368902002230088
48.48484848484848,81.81818181818183,4.959190073106248,26.6347229956385,3.272621198399419
49.49494949494949,81.81818181818183,12.804807080403275,37.71277610607628,5.784450184593077
50.50505050505051,81.81818181818183,7.814481731760424,29.29712047762664,4.997462671276993
51.51515151515152,81.81818181818183,7.072778102339622,22.34633155994795,4.140783051502382
52.52525252525253,81.81818181818183,5.2844374093710735,18.93038005425879,4.512994944662806
53.53535353535354,81.81818181818183,9.542776436466124,28.71377849387507,5.173290540060644
54.54545454545455,81.81818181818183,9.917782535765847,14.57843992113338,4.891232345962005
55.55555555555556,81.81818181818183,4.440466207918893,16.86536031642118,5.234592715204105
56.56565656565657,81.81818181818183,9.624685307065718,26.10777180671291,3.484661307705013
57.57575757575758,81.81818181818183,12.11387947249468,28.904550535642,5.149231323081554
58.58585858585859,81.81818181818183,18.35935415737635,7.564125637558901,4.788426291214143
59.5959595959596,81.81818181818183,12.431328220814471,30.290660981242,4.684630372721649
60.60606060606061,81.81818181818183,2.782617387926588,25.26965589000756,4.025094072293916
61.61616161616162,81.81818181818183,4.461146167696963,27.28353248009376,4.34833450839637
62.62626262626263,81.81818181818183,7.3466765225312365,31.62207795472737,3.27482614939355
63.63636363636364,81.81818181818183,10.072367030263834,15.53991668691142,5.216693168076667
64.64646464646465,81.81818181818183,9.678029187772246,24.37300840388219,4.674843217666299
65.65656565656566,81.81818181818183,8.21723247690738,18.52543004943904,4.912081200750253
66.66666666666667,81.81818181818183,5.770177724787336,28.34805876824896,3.52542023682151
67.67676767676768,81.81818181818183,9.939136523206303,20.35363599210004,5.477100296485457
68.68686868686869,81.81818181818183,16.20046472078275,36.73675075126559,5.137576730306399
69.6969696969697,81.81818181818183,10.58404104886284,26.40944382170569,4.677579594716249
70.70707070707071,81.81818181818183,8.961657040696302,9.932815125589535,5.757172314434819
71.71717171717172,81.81818181818183,5.064949432399107,20.96093452599648,4.022120405586508
72.72727272727273,81.81818181818183,11.54605384847681,14.86692049480173,5.061593924677497
73.73737373737374,81.81818181818183,6.408668142611065,26.45877335526551,5.176572392739583
74.74747474747475,81.81818181818183,6.659293085248094,21.577819073665,4.283485171657888
75.75757575757576,81.81818181818183,8.777868441582624,32.09309685353273,5.322814796673839
76.76767676767678,81.81818181818183,6.170879774723547,21.84261858364266,5.360748702085952
77.77777777777779,81.81818181818183,4.182424510030862,25.74375730074,3.919101365686566
78.7878787878788,81.81818181818183,4.9293900892189475,27.53298234456551,5.400775699463503
79.7979797979798,81.81818181818183,4.7994210171453755,20.05885335725297,5.547462941282506
80.80808080808082,81.81818181818183,5.140776184902575,17.44338726337212,3.456438974622023
81.81818181818183,81.81818181818183,6.270143232105934,14.56903553183506,3.9147296158773
82.82828282828284,81.81818181818183,13.253540272222512,34.4406953702914,4.610962047597011
83.83838383838385,81.81818181818183,9.622196996990654,32.15516637695902,4.319482295936856
84.84848484848486,81.81818181818183,7.639091824015836,20.91203896661399,4.770735010281703
85.85858585858587,81.81818181818183,4.005035608392232,26.89876819880996,5.498790469230311
86.86868686868688,81.81818181818183,6.34561686368783,24.72001761053718,4.228406825913893
87.87878787878789,81.81818181818183,10.64076828876718,17.64921321128646,4.828163119770124
88.8888888888889,81.81818181818183,7.793746166262008,30.5698881656989,3.988867423680015
89.89898989898991,81.81818181818183,3.7187701176639356,24.86152064742552,4.248676853554237
90.90909090909092,81.81818181818183,3.749266119071131,23.45231459005321,4.095755302038294
91.91919191919193,81.81818181818183,9.78042372063937,31.16197148971912,3.766552561205342
92.92929292929294,81.81818181818183,5.0774440066352,25.51332345459789,4.200197028466966
93.93939393939395,81.81818181818183,4.006856106524699,26.78874876017579,4.485519205811808
94.94949494949496,81.81818181818183,9.733972161168717,31.56913721082896,3.768824095561127
95.95959595959597,81.81818181818183,10.518626130457228,18.32605078940566,4.592114694124728
96.96969696969697,81.81818181818183,10.773940335093101,10.96178803513584,5.1406233574834
97.97979797979798,81.81818181818183,16.899691410564472,30.62003155969681,3.914310345050735
98.98989898989899,81.81818181818183,13.087488167280117,14.73143801134992,3.971996065470096
100.0,81.81818181818183,13.297412643444254,9.285445464439285,4.285141761353993
0.0,82.82828282828284,4.69695684482143,20.23858036757599,3.678750481989377
1.01010101010101,82.82828282828284,9.459263660806528,20.07166082534825,4.051060540748681
2.02020202020202,82.82828282828284,23.334364057227674,43.50474589347204,4.415046554916476
3.03030303030303,82.82828282828284,8.97247693793365,22.03112915348663,3.396027844140533
4.040404040404041,82.82828282828284,1.8676194657573193,22.71691966566546,4.926675226614538
5.050505050505051,82.82828282828284,9.745256811342177,24.17768231402065,5.502780437361796
6.060606060606061,82.82828282828284,21.095132396850623,41.96163603438332,5.317945677293768
7.070707070707071,82.82828282828284,10.521475275039382,27.40337997292755,4.126056345669968
8.080808080808081,82.82828282828284,4.80602450894988,20.04687512322707,5.869018573249659
9.090909090909092,82.82828282828284,6.774144144838938,20.33948204384693,4.694917094828539
10.1010101010101,82.82828282828284,6.334719780330025,27.30058138036247,5.052343875059387
11.11111111111111,82.82828282828284,4.056256902198168,28.40962087007055,5.268636488096931
12.12121212121212,82.82828282828284,4.758349874131052,22.74485955845843,5.101663015972489
13.13131313131313,82.82828282828284,6.115861473991799,33.16136477343446,4.135061312382608
14.14141414141414,82.82828282828284,5.1308437992228315,30.93886061298434,4.551333115417131
15.15151515151515,82.82828282828284,8.40533733533838,27.05314744383183,4.251027406439864
16.16161616161616,82.82828282828284,6.976331639140732,19.68959430220229,5.06195391821341
17.17171717171717,82.82828282828284,2.8154666883142645,18.29461697531618,5.796729493227515
18.18181818181818,82.82828282828284,5.065773109871492,20.66159903926442,5.258034222464278
19.19191919191919,82.82828282828284,5.961432116658143,16.72426916268073,5.762974122872039
20.2020202020202,82.82828282828284,4.553682757381386,20.05742296368287,3.984978125862803
21.21212121212121,82.82828282828284,4.626547125552818,24.99951618843757,3.661534144701503
22.22222222222222,82.82828282828284,6.019760076613602,20.5018366509558,5.272646352091254
23.23232323232324,82.82828282828284,7.710212549729828,25.40513032765294,4.595868361905023
24.24242424242424,82.82828282828284,10.381466547213673,32.10046924924116,3.878489623192535
25.25252525252525,82.82828282828284,10.543146344790781,13.9306587540995,3.974765087857681
26.26262626262626,82.82828282828284,8.891188769437655,10.96198387357155,4.371491294364795
27.27272727272727,82.82828282828284,8.317789729537717,18.99848115353905,4.467493039199505
28.28282828282828,82.82828282828284,8.305197752897389,12.02591601089052,5.316173410009886
29.29292929292929,82.82828282828284,7.997822656312517,24.5526493627773,3.912831289672192
30.3030303030303,82.82828282828284,6.237935490672521,28.34315752509546,4.528064700812633
31.31313131313131,82.82828282828284,13.171000017951588,14.28689208541735,4.424057559094799
32.32323232323233,82.82828282828284,6.711193848279719,24.54911971706374,4.171143874602768
33.33333333333334,82.82828282828284,10.473532109831854,19.13232772303081,5.069263008766407
34.34343434343435,82.82828282828284,7.185687195710488,28.25127880274486,4.527782212997634
35.35353535353536,82.82828282828284,13.360651080272458,37.3457101882743,4.458140604814764
36.36363636363637,82.82828282828284,4.4367591065679415,23.46744235969926,4.457152820119906
37.37373737373738,82.82828282828284,5.837797289733302,25.31090620645502,3.030999152356698
38.38383838383839,82.82828282828284,5.751172428670448,33.62310155623724,6.016206226455843
39.3939393939394,82.82828282828284,5.279672464094961,25.93853901501955,6.409338279453782
40.40404040404041,82.82828282828284,13.422614849045797,27.76393772878505,4.228465612605063
41.41414141414142,82.82828282828284,19.4252108640068,4.750562614153184,5.104908396449882
42.42424242424243,82.82828282828284,9.355904311790146,17.67895045979404,3.646864743009923
43.43434343434344,82.82828282828284,2.553145409933144,20.95405740092696,4.225631340543672
44.44444444444445,82.82828282828284,5.9111588406023055,23.70636689874283,5.502899595589282
45.45454545454546,82.82828282828284,2.965225127111615,18.17570378766127,4.290112545826053
46.46464646464647,82.82828282828284,4.112796939267156,18.72705521837482,4.253070058372525
47.47474747474748,82.82828282828284,7.531750448764923,28.55887246941758,4.711576819996769
48.48484848484848,82.82828282828284,7.081598898278787,31.75335117043748,5.364043985630009
49.49494949494949,82.82828282828284,9.815813870146847,24.55281714190312,3.35529900926247
50.50505050505051,82.82828282828284,3.5570742845390173,32.66623315559109,3.566474159888724
51.51515151515152,82.82828282828284,9.165474598916976,33.5613175348712,4.535381236043388
52.52525252525253,82.82828282828284,9.68562062090151,16.23223261452831,4.236780923667141
53.53535353535354,82.82828282828284,11.671263957783808,34.57887458534302,4.952149322819724
54.54545454545455,82.82828282828284,7.4694780207410325,22.52975356264479,4.287940695838333
55.55555555555556,82.82828282828284,8.452553720410899,14.55574835617929,4.063547679297044
56.56565656565657,82.82828282828284,12.789388277208941,8.064368713069657,3.64969926342853
57.57575757575758,82.82828282828284,8.756460510285818,20.002057218654,5.30307920291236
58.58585858585859,82.82828282828284,6.375708292177522,19.0770856881735,4.576598586993532
59.5959595959596,82.82828282828284,4.540672757632489,23.51138447338194,4.823976492389467
60.60606060606061,82.82828282828284,0.5291447839384302,24.91782586258712,4.053032033635572
61.61616161616162,82.82828282828284,2.3780468463655335,25.22370012814088,5.906700032488102
62.62626262626263,82.82828282828284,3.4759064722704522,25.27956485746148,4.96294088128679
63.63636363636364,82.82828282828284,5.399168752139315,24.23395204414782,4.120830404248877
64.64646464646465,82.82828282828284,6.463535429345907,13.57156450297292,4.874894121013156
65.65656565656566,82.82828282828284,6.462728033405913,17.33389397223061,4.23442818190506
66.66666666666667,82.82828282828284,7.629264913971099,26.16463838900611,4.238198308810818
67.67676767676768,82.82828282828284,7.200693573892683,12.92660095437255,4.234718299606423
68.68686868686869,82.82828282828284,8.515539737409057,12.81775955278841,5.056492801659016
69.6969696969697,82.82828282828284,4.70027058204794,17.16814289402884,5.419729069149228
70.70707070707071,82.82828282828284,5.787417139343516,15.38402531135117,4.156577414306538
71.71717171717172,82.82828282828284,5.083561312552366,21.33919428961147,5.155855609434708
72.72727272727273,82.82828282828284,9.807670341014973,25.65709618598461,4.393756575775429
73.73737373737374,82.82828282828284,8.617900894700128,34.59930902286585,4.509580161987236
74.74747474747475,82.82828282828284,9.548961577992944,17.72324401677152,3.864920196088986
75.75757575757576,82.82828282828284,10.393181455575444,32.75883720088422,4.434732252650003
76.76767676767678,82.82828282828284,4.730989647079391,26.98907511419275,4.811501737582409
77.77777777777779,82.82828282828284,2.6339837545588427,26.15640069415056,4.10337163196052
78.7878787878788,82.82828282828284,5.845917363707101,28.94159972943332,5.183762552233073
79.7979797979798,82.82828282828284,6.392710651172616,23.91839554344772,4.843694584798843
80.80808080808082,82.82828282828284,6.378716425582127,25.96020235881115,4.84798109954145
81.81818181818183,82.82828282828284,5.610697236715877,15.09546392760654,3.417475358943245
82.82828282828284,82.82828282828284,6.90685120212704,22.08568192225602,5.139661742714747
83.83838383838385,82.82828282828284,6.218572036096956,25.48757713565457,4.693861483038716
84.84848484848486,82.82828282828284,11.774261864897095,13.7083725117872,3.748326449657738
85.85858585858587,82.82828282828284,7.328200890070961,21.235086591373,4.765339516472776
86.86868686868688,82.82828282828284,14.606689317743626,36.53945907806605,5.295073523371389
87.87878787878789,82.82828282828284,11.214794885779424,10.52340796197254,4.400439906266098
88.8888888888889,82.82828282828284,5.558729988251885,18.57474586209964,4.366904652950998
89.89898989898991,82.82828282828284,3.748137951830828,18.97503499941698,3.523034136617638
90.90909090909092,82.82828282828284,4.531257593152289,22.54179071353547,5.617578265443742
91.91919191919193,82.82828282828284,12.92127182716812,10.1302363426799,3.313084069520874
92.92929292929294,82.82828282828284,10.866860491980024,17.39390865148582,3.640338142052569
93.93939393939395,82.82828282828284,13.17148678115272,34.43476269039276,4.689219793099014
94.94949494949496,82.82828282828284,9.47004471414265,22.68375569065573,4.731299859844591
95.95959595959597,82.82828282828284,15.653339663809927,32.89257450306479,3.794686814589784
96.96969696969697,82.82828282828284,10.882837820505529,17.38578628514774,4.77149417013641
97.97979797979798,82.82828282828284,25.893476170285382,0.0,6.036175494622836
98.98989898989899,82.82828282828284,15.69537734345425,31.76566790445172,5.805945112140434
100.0,82.82828282828284,10.346580166134041,30.9938973858856,5.074478292061411
0.0,83.83838383838385,3.8895415919016068,26.69800501551992,3.32442974430445
1.01010101010101,83.83838383838385,7.2055307968820905,26.65048608542849,4.113974343674215
2.02020202020202,83.83838383838385,20.914292203629707,10.13776560033215,6.065401901855393
3.03030303030303,83.83838383838385,9.35780769080473,28.68895215388655,3.923633439911216
4.040404040404041,83.83838383838385,3.7328721652627896,23.96513878337351,2.513276729871674
5.050505050505051,83.83838383838385,6.116712542395492,30.58420715021186,3.364120182929784
6.060606060606061,83.83838383838385,9.072081554177702,19.28568318082117,4.229766998275
7.070707070707071,83.83838383838385,6.620589476995437,20.08663630066379,5.006842695885646
8.080808080808081,83.83838383838385,5.4671253625145155,24.52005622846018,4.321285444920894
9.090909090909092,83.83838383838385,6.4013064853625785,17.12350726675415,3.748096458114726
10.1010101010101,83.83838383838385,5.140649198338764,26.08033399443517,4.257947224508291
11.11111111111111,83.83838383838385,2.968794575705666,24.78745801932031,4.017099816711695
12.12121212121212,83.83838383838385,4.331452658108769,24.85736676979838,3.094245803982614
13.13131313131313,83.83838383838385,7.089342901921087,27.5548011869266,4.014214712825433
14.14141414141414,83.83838383838385,9.651658408666062,18.0314192399991,2.218408530519428
15.15151515151515,83.83838383838385,6.717893119256705,11.10828467717436,2.333125595698407
16.16161616161616,83.83838383838385,3.70982834926393,12.51033778394862,1.141202597393778
17.17171717171717,83.83838383838385,5.802674527655563,14.16877491567247,1.73716132188325
18.18181818181818,83.83838383838385,11.902735832010867,25.59311290965304,3.632050767797564
19.19191919191919,83.83838383838385,5.109850184994182,12.41817934040033,4.029535404194188
20.2020202020202,83.83838383838385,4.818301374377918,13.02413152671645,4.787884281556436
21.21212121212121,83.83838383838385,4.77219729208873,23.44122263791365,5.000564481002561
22.22222222222222,83.83838383838385,9.147770624979117,27.70656265125168,4.175307015998176
23.23232323232324,83.83838383838385,7.442393327566241,19.03832609284665,3.759283227222995
24.24242424242424,83.83838383838385,8.837427075000349,19.05540382324747,3.854914389505629
25.25252525252525,83.83838383838385,9.450206909160155,26.698339909472,5.82507964383842
26.26262626262626,83.83838383838385,6.047589322387103,24.77612891837736,4.366850960079636
27.27272727272727,83.83838383838385,4.220903929673272,24.5100505271719,4.472230854692687
28.28282828282828,83.83838383838385,3.56798858826516,21.46177043221745,4.847054222624259
29.29292929292929,83.83838383838385,3.1726895752782562,19.73346769951334,4.464224348714616
30.3030303030303,83.83838383838385,7.103535100124843,24.87704747126518,4.620020239988242
31.31313131313131,83.83838383838385,9.015410795549396,34.81400155958613,4.494322241719892
32.32323232323233,83.83838383838385,11.167770720628788,33.03421846611214,3.02773249917195
33.33333333333334,83.83838383838385,21.647482694259434,4.48540213603796,4.804322362966112
34.34343434343435,83.83838383838385,7.618658631167042,26.15968273357842,4.148384968304438
35.35353535353536,83.83838383838385,4.183096018892714,25.9421386855687,4.158688991272032
36.36363636363637,83.83838383838385,1.7469418077228802,24.10024833782502,5.03497027391908
37.37373737373738,83.83838383838385,4.5194032024022945,26.94964199044426,3.884171259695815
38.38383838383839,83.83838383838385,8.733220779479716,29.22348525437995,3.995500032768286
39.3939393939394,83.83838383838385,10.605590731973907,14.95500334933051,3.479674415237005
40.40404040404041,83.83838383838385,12.405893955464997,10.34074116986326,3.85210952789237
41.41414141414142,83.83838383838385,12.145254961828716,27.96145674424259,3.685526816257834
42.42424242424243,83.83838383838385,6.3559356516874566,26.78002783148587,4.606701881211651
43.43434343434344,83.83838383838385,7.151766267756486,18.96023379943661,5.211709160829789
44.44444444444445,83.83838383838385,3.234061249552318,22.98115925967444,4.250423859647602
45.45454545454546,83.83838383838385,3.1540702740377418,22.15460225950219,1.896072812972631
46.46464646464647,83.83838383838385,2.565798354384486,19.24983246263111,1.062570592785027
47.47474747474748,83.83838383838385,7.251833456091539,12.67232147374097,1.05290833925379
48.48484848484848,83.83838383838385,7.437782837628626,18.94059648167557,1.415014006577207
49.49494949494949,83.83838383838385,9.910187419008635,13.76347066771121,1.478681661352372
50.50505050505051,83.83838383838385,13.841191152899901,34.51691722281463,4.554879190057753
51.51515151515152,83.83838383838385,7.2093280430637945,26.33857441374955,4.771834056117763
52.52525252525253,83.83838383838385,4.9672445055828724,15.86362446181035,3.316405788022478
53.53535353535354,83.83838383838385,8.187170993638333,24.15467783918869,3.721738502694515
54.54545454545455,83.83838383838385,5.5898470141770895,20.6262813503558,4.584018367907483
55.55555555555556,83.83838383838385,10.278403107640692,31.59096642800586,3.35169110469276
56.56565656565657,83.83838383838385,9.661349988473276,22.74945057956819,4.202975164912875
57.57575757575758,83.83838383838385,7.750992943672966,33.26274590674443,4.202099563117468
58.58585858585859,83.83838383838385,9.463057203134,27.70768849058005,4.290057705684763
59.5959595959596,83.83838383838385,9.244972016268827,17.96871012512566,4.13939798386437
60.60606060606061,83.83838383838385,3.724248743406471,24.97025931616146,5.232321050948807
61.61616161616162,83.83838383838385,6.5986507889772295,18.13308408950599,4.708630267170231
62.62626262626263,83.83838383838385,7.515355443846542,18.81992960827982,4.426255789800403
63.63636363636364,83.83838383838385,4.0935845312152725,23.03931274731552,5.187812913508827
64.64646464646465,83.83838383838385,8.892566674144746,12.94358369693115,4.362213577370538
65.65656565656566,83.83838383838385,9.830495549885923,29.40019614261264,4.586063089721277
66.66666666666667,83.83838383838385,6.022293765927898,19.89978096377363,3.856255001399918
67.67676767676768,83.83838383838385,5.5612391893669,20.95546137599809,4.711331036505888
68.68686868686869,83.83838383838385,5.20338060494139,18.50170256112288,3.846445498091171
69.6969696969697,83.83838383838385,3.14826984652432,20.59342337062565,5.824888818276695
70.70707070707071,83.83838383838385,8.025479228465093,25.34319712202563,4.13117141866991
71.71717171717172,83.83838383838385,9.8324184817558,11.65627967765044,4.525396670306061
72.72727272727273,83.83838383838385,11.95619656231595,10.47670524636199,4.113588340652909
73.73737373737374,83.83838383838385,11.630975776033223,35.11209909109044,3.499146837774285
74.74747474747475,83.83838383838385,6.935465578577254,20.15285708164278,3.62808512922506
75.75757575757576,83.83838383838385,10.759987188605505,12.65720699673812,4.015541957784243
76.76767676767678,83.83838383838385,4.492770121308165,19.81400956315894,1.867905061615471
77.77777777777779,83.83838383838385,5.56949861141436,19.6509825246507,1.44631417931334
78.7878787878788,83.83838383838385,6.534736215740885,14.77495088074109,1.56011598599016
79.7979797979798,83.83838383838385,8.918005023943008,9.272106126301033,1.297035729345436
80.80808080808082,83.83838383838385,6.5617078032195115,21.86869699848971,1.906342953042378
81.81818181818183,83.83838383838385,5.50407451102633,19.15686805284448,5.145805667326629
82.82828282828284,83.83838383838385,7.925774275321994,26.96596007468077,5.043343720684437
83.83838383838385,83.83838383838385,5.270849291000184,22.46197806983712,5.9061415168848
84.84848484848486,83.83838383838385,12.718757182371949,34.29583481309562,4.552788819057288
85.85858585858587,83.83838383838385,6.812123929283604,20.41705120480497,3.478194737819564
86.86868686868688,83.83838383838385,8.35231023944267,31.25256687740699,4.542864070138349
87.87878787878789,83.83838383838385,7.244801398303061,14.1893932395557,6.177951897123712
88.8888888888889,83.83838383838385,3.0421070427569004,20.36289647406348,4.098306803161123
89.89898989898991,83.83838383838385,3.336101956612011,24.11405630729592,4.145924150544804
90.90909090909092,83.83838383838385,1.7177699719430652,21.30559430241811,3.935964016745924
91.91919191919193,83.83838383838385,7.913291178471021,21.10836182465167,4.939655243610176
92.92929292929294,83.83838383838385,8.334285451846242,28.43740946858098,3.772139238363002
93.93939393939395,83.83838383838385,12.501940786880484,18.18669053464283,4.840816078491409
94.94949494949496,83.83838383838385,9.767360350328632,29.71872721490701,6.361622960629207
95.95959595959597,83.83838383838385,16.92199622243517,10.56134659181033,5.496652177618166
96.96969696969697,83.83838383838385,6.229345048974049,21.60056481409316,4.149178295668325
97.97979797979798,83.83838383838385,10.18035346100423,23.80241893184525,4.889667838957282
98.98989898989899,83.83838383838385,6.62454219243772,18.55582684675436,4.235299903694118
100.0,83.83838383838385,5.3948466863690365,22.43437932749591,5.777211748782273
0.0,84.84848484848486,4.442386482163207,31.85968621318938,4.986353185955276
1.01010101010101,84.84848484848486,10.646739750201075,32.33354459768884,4.190010300846394
2.02020202020202,84.84848484848486,9.733817017056708,25.36404708306035,3.784349470389763
3.03030303030303,84.84848484848486,4.002511412794678,21.19054431513499,4.112951922524198
4.040404040404041,84.84848484848486,3.285463241044953,21.62475097738179,5.396184215852519
5.050505050505051,84.84848484848486,7.485101833189373,30.44147415305014,5.247950455472397
6.060606060606061,84.84848484848486,8.514044430218082,20.79857945473652,5.786336905451327
7.070707070707071,84.84848484848486,10.676303217841387,34.01787748874277,5.493678512183667
8.080808080808081,84.84848484848486,9.378096454770914,18.95470477313765,4.494694773431814
9.090909090909092,84.84848484848486,6.13448671950802,23.15938274172463,4.635211522443504
10.1010101010101,84.84848484848486,14.56637232487509,35.17298069906705,5.413599533224843
11.11111111111111,84.84848484848486,8.263457836874567,17.89722729284081,4.192233731464527
12.12121212121212,84.84848484848486,7.376099371966108,12.41140651630954,2.127435863908003
13.13131313131313,84.84848484848486,6.719668028993889,17.02480952980583,1.727473445273354
14.14141414141414,84.84848484848486,8.463506495599491,8.778743488072324,1.526492273844587
15.15151515151515,84.84848484848486,2.963146811051431,13.70980671794471,1.651161252503072
16.16161616161616,84.84848484848486,4.21914210877482,17.10990442425256,0.6097412381960926
17.17171717171717,84.84848484848486,8.01350430018709,20.17085584094659,1.961616999761044
18.18181818181818,84.84848484848486,11.310175637428467,7.512955015231475,1.833003640130975
19.19191919191919,84.84848484848486,2.5369413201768407,14.77060450252783,2.068918051131636
20.2020202020202,84.84848484848486,4.09157713628535,14.24100228974838,4.577299048916822
21.21212121212121,84.84848484848486,7.695882381848914,26.28928713120942,3.982837347813214
22.22222222222222,84.84848484848486,18.219170648617986,11.25378272337415,5.211397539022464
23.23232323232324,84.84848484848486,11.12524007791747,33.75578087949947,5.186217912922236
24.24242424242424,84.84848484848486,9.917409470779857,33.70003288062983,4.778979173307212
25.25252525252525,84.84848484848486,14.108443193823788,11.23034050552305,4.829952766081628
26.26262626262626,84.84848484848486,8.376982454838206,16.58820605593486,4.615636041381006
27.27272727272727,84.84848484848486,10.75724588908093,32.56773838607223,6.663688054808032
28.28282828282828,84.84848484848486,4.90232327910471,21.5212875362926,3.700414572329067
29.29292929292929,84.84848484848486,1.970121455936673,20.73316183290646,5.011858246627177
30.3030303030303,84.84848484848486,10.214868832605003,15.00955098466888,4.845872010105771
31.31313131313131,84.84848484848486,17.786349016060587,38.63179808581999,4.319978565239898
32.32323232323233,84.84848484848486,5.553485872344974,27.17683375619355,4.951667967975268
33.33333333333334,84.84848484848486,7.789874946244472,26.20531039846821,4.122746019981537
34.34343434343435,84.84848484848486,7.1342540445060765,19.66846892362687,4.607867879048028
35.35353535353536,84.84848484848486,5.7813862334291874,29.21151686268055,5.889989295208879
36.36363636363637,84.84848484848486,4.826001373245532,22.43657108542218,4.424026338046064
37.37373737373738,84.84848484848486,6.089077168703639,15.63400188137925,3.772657077264325
38.38383838383839,84.84848484848486,8.74356573795867,15.2325436073035,3.656956047307252
39.3939393939394,84.84848484848486,8.500513763352378,27.51108652702041,5.632989206401985
40.40404040404041,84.84848484848486,10.523722518146435,20.30614267895489,4.968097880516635
41.41414141414142,84.84848484848486,12.896016733359819,34.529437974332,4.812214311936537
42.42424242424243,84.84848484848486,10.623803665572211,19.45858554123385,4.067819827095269
43.43434343434344,84.84848484848486,11.083737422378036,4.187711822188103,1.417472643821576
44.44444444444445,84.84848484848486,7.900523796843301,15.61760436094363,1.757300220963685
45.45454545454546,84.84848484848486,6.904790390112297,27.06065808676891,1.403698735963774
46.46464646464647,84.84848484848486,6.88266711882513,19.50796785015154,0.7560427227808784
47.47474747474748,84.84848484848486,2.23135759743938,12.39732464187616,1.654079536093271
48.48484848484848,84.84848484848486,4.521056540839515,13.44762064182193,1.143083259836115
49.49494949494949,84.84848484848486,4.113921787692739,10.84263983493636,2.022492115286294
50.50505050505051,84.84848484848486,12.232772741753022,9.934626042607048,2.02272301081474
51.51515151515152,84.84848484848486,7.357969440677032,23.3772981236203,4.754387331532103
52.52525252525253,84.84848484848486,9.714704061071684,15.12925792151436,4.517747337379314
53.53535353535354,84.84848484848486,14.568730318623329,34.65971520137646,4.994998701522785
54.54545454545455,84.84848484848486,4.0401647177614795,26.58911562829222,4.647529942361642
55.55555555555556,84.84848484848486,4.539920755606697,27.31877299535739,4.621753517447501
56.56565656565657,84.84848484848486,9.671495393480349,18.14394366778752,4.415170360253232
57.57575757575758,84.84848484848486,10.401513872167607,34.93767625000525,5.427356216352463
58.58585858585859,84.84848484848486,15.40503514338591,13.78009826206937,6.132082889867846
59.5959595959596,84.84848484848486,13.915893515581857,32.6653962854545,4.302086747590049
60.60606060606061,84.84848484848486,3.7457431374581196,25.97609641852173,4.33766806934241
61.61616161616162,84.84848484848486,7.297853956224865,29.91305046135071,6.204670508636267
62.62626262626263,84.84848484848486,14.206710473237049,37.5154874766748,4.27517235475313
63.63636363636364,84.84848484848486,4.58789376737745,22.1747261087068,3.011230128973272
64.64646464646465,84.84848484848486,5.957786643297898,21.3335280914025,5.636900238401054
65.65656565656566,84.84848484848486,3.760535893436712,30.6988485472538,5.604759778052999
66.66666666666667,84.84848484848486,4.090939585770769,27.16800301118927,4.103847951043127
67.67676767676768,84.84848484848486,4.712861122093326,31.66211848474048,4.375044584994359
68.68686868686869,84.84848484848486,5.99568432427325,29.08580234817599,5.057733370560957
69.6969696969697,84.84848484848486,5.420277169860677,18.26711902202793,4.276909496413167
70.70707070707071,84.84848484848486,3.9445790806653616,21.63714321461488,5.771043167884854
71.71717171717172,84.84848484848486,8.78937868253318,26.43654711704897,4.276011861514855
72.72727272727273,84.84848484848486,10.96938327566595,17.30613227998626,5.882968815362544
73.73737373737374,84.84848484848486,12.805822235292254,28.69562190935826,4.276497926708267
74.74747474747475,84.84848484848486,4.91977182587862,17.29549992655734,1.151424427983823
75.75757575757576,84.84848484848486,4.929103558049446,20.94307289568855,2.329739331785307
76.76767676767678,84.84848484848486,4.030688574726561,16.33782423388915,1.627409280257183
77.77777777777779,84.84848484848486,6.828887287187453,8.917464930910967,0.8639587241699829
78.7878787878788,84.84848484848486,3.159105288646298,13.18153126481945,1.439918646122751
79.7979797979798,84.84848484848486,2.9474990540912374,12.19840117829765,1.976664087820594
80.80808080808082,84.84848484848486,3.5197561190894056,15.02179096376701,0.0
81.81818181818183,84.84848484848486,3.1908494481074494,11.72289510145862,1.199653569232315
82.82828282828284,84.84848484848486,7.066106421066387,12.45621515249748,5.949391323907132
83.83838383838385,84.84848484848486,5.231200074783743,24.18193741991826,4.304680251600582
84.84848484848486,84.84848484848486,7.058211450257372,29.72090873646538,2.796885112627272
85.85858585858587,84.84848484848486,6.01144589588786,22.13321225447869,5.11264860703011
86.86868686868688,84.84848484848486,6.7674263287487175,31.47622632406529,5.468990192514714
87.87878787878789,84.84848484848486,6.405461997670564,16.26593668282571,5.064649334554147
88.8888888888889,84.84848484848486,2.6542462096995223,19.90728198273994,4.536951128734308
89.89898989898991,84.84848484848486,6.341230794378124,25.75982098775477,4.779431990881377
90.90909090909092,84.84848484848486,8.137811275051451,18.67640530840746,3.471481252048111
91.91919191919193,84.84848484848486,11.541579103739656,34.25712093486823,5.391131008484296
92.92929292929294,84.84848484848486,8.817866277386727,23.72353505615864,4.869814861267578
93.93939393939395,84.84848484848486,7.90535588170803,30.1636259122125,5.107273361009102
94.94949494949496,84.84848484848486,2.550297124993734,31.0637797886094,4.363665696454895
95.95959595959597,84.84848484848486,6.3132453296163265,25.72150472491705,4.688459310657679
96.96969696969697,84.84848484848486,7.431248304835247,29.06209414100902,4.713355949795372
97.97979797979798,84.84848484848486,8.918652542083226,14.33187022251655,4.202979023976683
98.98989898989899,84.84848484848486,5.98970102517213,22.71900999297544,4.92061301805751
100.0,84.84848484848486,6.941504676315874,18.68790980752004,4.650862476494167
0.0,85.85858585858587,10.033677445101091,24.16806634886868,4.679601781621162
1.01010101010101,85.85858585858587,21.733866699995154,2.873000008272847,5.976354654260547
2.02020202020202,85.85858585858587,7.25456960209536,12.79806078011557,3.53915408619361
3.03030303030303,85.85858585858587,4.021326479382287,17.28661593288,5.401938332004141
4.040404040404041,85.85858585858587,3.3310309419885558,23.17528629765473,4.70358141647672
5.050505050505051,85.85858585858587,9.584990233289425,19.10341769143634,4.566359228224426
6.060606060606061,85.85858585858587,12.052443312834566,11.11749074009941,4.64744189117654
7.070707070707071,85.85858585858587,8.455906736630318,33.52637655506757,4.745154159761327
8.080808080808081,85.85858585858587,7.414584348939061,31.63388845270667,5.116736473054339
9.090909090909092,85.85858585858587,5.282690828031958,20.87558726459243,5.204745741634704
10.1010101010101,85.85858585858587,8.73728830331217,15.28948946776721,3.897936265342847
11.11111111111111,85.85858585858587,7.023784983529547,21.29925373110207,1.331817373772575
12.12121212121212,85.85858585858587,10.046976038461262,5.452193071961508,1.274009924345083
13.13131313131313,85.85858585858587,5.773306171172239,13.53559812618084,1.498736693582594
14.14141414141414,85.85858585858587,6.5483639848209565,20.20296444693762,0.7927031809348587
15.15151515151515,85.85858585858587,5.217711297477682,12.78990245068957,0.9131590676975726
16.16161616161616,85.85858585858587,10.115088069916254,22.92585709604602,1.685233897975717
17.17171717171717,85.85858585858587,8.916333904076186,9.837771807881493,1.692572360352955
18.18181818181818,85.85858585858587,3.5707981547612437,14.7579493575123,1.905734572158416
19.19191919191919,85.85858585858587,1.1345559220829071,14.76251608402377,1.042309799127572
20.2020202020202,85.85858585858587,6.492548442379694,11.6694515618794,1.077435611836003
21.21212121212121,85.85858585858587,7.892211151188613,27.140962916013,4.471819404059121
22.22222222222222,85.85858585858587,8.609651883251043,30.14018282600797,3.993552825159345
23.23232323232324,85.85858585858587,5.819030098516725,26.53002150947737,3.865902552589946
24.24242424242424,85.85858585858587,5.93183609258955,31.20046442886917,3.403628842865454
25.25252525252525,85.85858585858587,8.181179227645888,24.36855595135066,4.699646858426086
26.26262626262626,85.85858585858587,11.960123110602241,12.60559697957372,4.108822905322552
27.27272727272727,85.85858585858587,7.012874489308219,24.62242586856583,3.46029659498499
28.28282828282828,85.85858585858587,6.355526638184301,29.23648699547052,4.302111777292002
29.29292929292929,85.85858585858587,6.462484470870633,20.36410669417661,3.994485849480671
30.3030303030303,85.85858585858587,5.035246844814789,16.6556718791039,2.582245663039814
31.31313131313131,85.85858585858587,22.092720376495908,6.381409978589032,3.908722723759325
32.32323232323233,85.85858585858587,10.719524654647135,31.10690484830308,4.562412433990815
33.33333333333334,85.85858585858587,2.211764662691773,28.13653708844917,4.008398167304119
34.34343434343435,85.85858585858587,3.864819485006157,25.63438187780461,4.743803935631798
35.35353535353536,85.85858585858587,3.37804425398288,25.6733438223877,4.19390199687362
36.36363636363637,85.85858585858587,7.44806076082467,26.49938434470017,4.545722736150679
37.37373737373738,85.85858585858587,9.542798523570676,9.797360793748384,4.863205191552
38.38383838383839,85.85858585858587,6.495794192727117,23.53586371826907,3.431184701208899
39.3939393939394,85.85858585858587,3.930646500924838,25.54860141908323,4.442136931919721
40.40404040404041,85.85858585858587,8.630586211192039,31.00739209900637,3.842647773598805
41.41414141414142,85.85858585858587,8.196485026335505,18.80749999945739,4.191824894148073
42.42424242424243,85.85858585858587,5.580030721393943,14.62653932134092,1.138397241377189
43.43434343434344,85.85858585858587,6.827882261986626,7.049373276650462,1.082242160236366
44.44444444444445,85.85858585858587,7.3461963395823915,16.98319838500522,1.48755077904157
45.45454545454546,85.85858585858587,10.259682393605285,23.34329631602909,2.181388290069421
46.46464646464647,85.85858585858587,9.864677494137752,6.898768207264201,2.032420799917645
47.47474747474748,85.85858585858587,5.758381319484967,11.9078302922046,1.362953854895767
48.48484848484848,85.85858585858587,11.062419901703226,22.38359415849501,1.340707352072757
49.49494949494949,85.85858585858587,17.319402983990997,0.820778116155136,0.9909998968939361
50.50505050505051,85.85858585858587,8.246338093719562,19.932739956069,1.205659423859382
51.51515151515152,85.85858585858587,5.443043225978689,18.59740893416061,1.992655648465262
52.52525252525253,85.85858585858587,9.634614038904436,25.47521014353707,4.096339830228043
53.53535353535354,85.85858585858587,12.119698105829539,14.49088814201725,4.444762867871756
54.54545454545455,85.85858585858587,10.205235982474811,27.98668328125231,4.819669588260203
55.55555555555556,85.85858585858587,4.52664785248114,23.33577010021411,3.58772610563703
56.56565656565657,85.85858585858587,6.149723187010279,26.25585642014066,4.878989517626741
57.57575757575758,85.85858585858587,6.893557184203799,32.95786167474924,4.667814590937928
58.58585858585859,85.85858585858587,7.279941496074888,21.42977259578132,3.395321383723513
59.5959595959596,85.85858585858587,9.33998086513624,17.27310627377381,4.438170767728085
60.60606060606061,85.85858585858587,4.587276912487495,22.62521488081127,4.463976062931335
61.61616161616162,85.85858585858587,3.248671659256865,24.04099206644904,3.207294549141932
62.62626262626263,85.85858585858587,5.776905557124459,22.32740183541367,4.445834111785632
63.63636363636364,85.85858585858587,5.108760498492832,20.86969706307802,3.119571050978794
64.64646464646465,85.85858585858587,3.5707797916595583,26.56821179696714,3.284367363496267
65.65656565656566,85.85858585858587,3.4177615920850197,29.85152337006394,5.07182666871517
66.66666666666667,85.85858585858587,1.7971216636012022,28.23857829724097,5.058496334687558
67.67676767676768,85.85858585858587,3.9367529466598317,30.58776271522526,3.315300947174773
68.68686868686869,85.85858585858587,5.764057593546633,29.08944039550333,4.230906546962734
69.6969696969697,85.85858585858587,4.146094708171282,23.43321583413791,4.684022215707665
70.70707070707071,85.85858585858587,4.9809653661441935,25.53997753484454,4.791078547376106
71.71717171717172,85.85858585858587,7.116473504417613,19.98911856581158,3.9951511230279
72.72727272727273,85.85858585858587,20.524586358625303,33.83433388259108,5.275614632439444
73.73737373737374,85.85858585858587,18.29787465653371,6.678421762094334,1.247657016020589
74.74747474747475,85.85858585858587,3.5233551714998534,15.52146473006043,0.3767871167418575
75.75757575757576,85.85858585858587,2.7792357645168235,17.76534619337181,2.299312325896634
76.76767676767678,85.85858585858587,2.1908449458470707,15.71686322903028,2.222815687329851
77.77777777777779,85.85858585858587,3.8267149456947798,13.81507084903438,1.753109425301731
78.7878787878788,85.85858585858587,7.7617068404500635,7.385726146586181,1.801711351250856
79.7979797979798,85.85858585858587,5.074563916487863,17.25558247067482,1.984544695135338
80.80808080808082,85.85858585858587,3.5759137631758957,13.91195816990984,1.065888799496854
81.81818181818183,85.85858585858587,1.686479589330455,13.02010402915531,1.283817452452262
82.82828282828284,85.85858585858587,5.630524897397725,11.16057670887486,1.748963026496391
83.83838383838385,85.85858585858587,8.161523944601285,26.12208478500419,3.516982659502288
84.84848484848486,85.85858585858587,10.454093458843893,19.18965681059994,4.497160450767895
85.85858585858587,85.85858585858587,4.905904187231635,27.53212423678312,4.545059889392864
86.86868686868688,85.85858585858587,4.305057985644224,29.1834841665549,5.021403424097089
87.87878787878789,85.85858585858587,4.22578034477029,20.95960628908415,4.966521355562168
88.8888888888889,85.85858585858587,4.854330942914623,19.23979594019445,5.123070254060109
89.89898989898991,85.85858585858587,11.103622371650314,14.97661717506327,5.555687313753408
90.90909090909092,85.85858585858587,6.316618095993768,25.93433010879453,4.010034922837244
91.91919191919193,85.85858585858587,7.9756764501195185,27.35386513529654,4.895335114184905
92.92929292929294,85.85858585858587,13.010141868339272,10.13962109379753,4.927233604238221
93.93939393939395,85.85858585858587,8.90446284120599,17.85938249540081,4.485913772659277
94.94949494949496,85.85858585858587,5.101393292553747,28.4500728024261,4.629853862231463
95.95959595959597,85.85858585858587,2.303923458876217,27.13146343049132,4.409086159569115
96.96969696969697,85.85858585858587,3.7429918091737324,24.86944358316833,4.919483613183215
97.97979797979798,85.85858585858587,6.249721947788048,17.41856799256939,6.084143184709172
98.98989898989899,85.85858585858587,6.389051464352125,30.09639099152859,4.858025679367556
100.0,85.85858585858587,10.818375600007533,31.73485413103639,3.782312192059097
0.0,86.86868686868688,2.4808448675048864,25.28241247925542,4.601547436575482
1.01010101010101,86.86868686868688,11.707236086279508,29.12779510639891,3.798987563557189
2.02020202020202,86.86868686868688,6.99787870128663,14.83673696094508,4.429422563779695
3.03030303030303,86.86868686868688,2.0921266430968024,19.090767950615,4.64448828280036
4.040404040404041,86.86868686868688,8.657928797176107,21.36223682096656,5.006204579642243
5.050505050505051,86.86868686868688,13.343648735890412,34.04752660542492,4.295521082657647
6.060606060606061,86.86868686868688,9.096340171569441,19.25136251049547,4.422511342476262
7.070707070707071,86.86868686868688,8.226098739669137,24.49562445955056,4.402417163672783
8.080808080808081,86.86868686868688,11.568619820535538,35.96225287841875,4.81748051319572
9.090909090909092,86.86868686868688,7.532163689875653,23.3781561146486,5.916342974114142
10.1010101010101,86.86868686868688,6.4273464346670925,11.81968954597845,1.109604205659033
11.11111111111111,86.86868686868688,3.91973631777552,18.46296515772056,0.3804342413274201
12.12121212121212,86.86868686868688,5.420419491658961,14.75041806809863,0.7242661854533486
13.13131313131313,86.86868686868688,9.002217382013043,8.682356220092984,2.55029654620273
14.14141414141414,86.86868686868688,6.611966989910288,19.51415778352392,1.661627223076827
15.15151515151515,86.86868686868688,3.643918070165428,15.19182673174066,2.041765013033504
16.16161616161616,86.86868686868688,6.25757709377348,11.50549742169544,1.659527676277801
17.17171717171717,86.86868686868688,5.135800647573481,17.16176055332581,1.354445400919544
18.18181818181818,86.86868686868688,4.8235737121918305,12.64449535689043,0.8296348327642586
19.19191919191919,86.86868686868688,2.601125800389905,16.1950201051955,1.77383249484022
20.2020202020202,86.86868686868688,2.562584852513525,16.50351872725123,1.33905417343176
21.21212121212121,86.86868686868688,6.541937461191049,14.89452536019069,1.636660230323507
22.22222222222222,86.86868686868688,4.687785500039178,21.19735662216319,4.974169391374369
23.23232323232324,86.86868686868688,5.099863153240226,18.76026472135497,5.584227415864457
24.24242424242424,86.86868686868688,5.548102684692077,21.47503990718194,5.311120201624142
25.25252525252525,86.86868686868688,3.9251464894020085,23.37692193589017,4.522997711429062
26.26262626262626,86.86868686868688,13.368795836278945,32.68369248485249,2.872592964456949
27.27272727272727,86.86868686868688,2.915938187908492,28.09772129239551,4.643195015947325
28.28282828282828,86.86868686868688,6.378055848517567,25.01602133010984,5.240781889224015
29.29292929292929,86.86868686868688,11.432234187119029,33.26417432256267,5.106193080133689
30.3030303030303,86.86868686868688,6.2149959267304045,21.16784164834046,4.406893701987479
31.31313131313131,86.86868686868688,10.33417579676085,27.5021466071128,4.707164322869937
32.32323232323233,86.86868686868688,7.658361859341142,19.85473995139203,5.74513337382041
33.33333333333334,86.86868686868688,4.8375368450452285,26.69322809816151,4.635597137846172
34.34343434343435,86.86868686868688,7.036008042274499,18.68213404718537,6.074311519517845
35.35353535353536,86.86868686868688,12.079966782881385,16.56434231364459,4.310252335889155
36.36363636363637,86.86868686868688,16.337053139487868,34.7007500554566,5.429099883618037
37.37373737373738,86.86868686868688,12.409599905730964,11.69138732492775,3.373963053122625
38.38383838383839,86.86868686868688,10.028696334333512,25.46447975287712,2.855598384507249
39.3939393939394,86.86868686868688,4.819060229433456,19.26002890405836,4.35472445600199
40.40404040404041,86.86868686868688,7.70914722258815,24.84497945376182,5.492095538510063
41.41414141414142,86.86868686868688,5.846082739651476,18.12435064665543,1.060153177459534
42.42424242424243,86.86868686868688,9.121369509357473,8.89658937846501,1.161092738128972
43.43434343434344,86.86868686868688,5.910885307093077,13.98824971708939,1.276038454054116
44.44444444444445,86.86868686868688,9.18446989420557,5.257930090115873,1.668376930757433
45.45454545454546,86.86868686868688,7.345753483064299,8.826554552136528,1.13577443598597
46.46464646464647,86.86868686868688,5.370787214497156,12.29468834722258,1.229620348384096
47.47474747474748,86.86868686868688,3.829010782993547,18.9670352692421,1.844834539235644
48.48484848484848,86.86868686868688,2.925882195645795,19.10846797698547,2.516845336428748
49.49494949494949,86.86868686868688,7.45120803885253,19.40175045108417,0.5569495380701531
50.50505050505051,86.86868686868688,3.9550574448758344,17.39279435647496,1.344132514006525
51.51515151515152,86.86868686868688,5.4618916393177095,9.818257450990385,1.652864466140173
52.52525252525253,86.86868686868688,5.759992171406472,15.14482942083831,2.098068547487974
53.53535353535354,86.86868686868688,4.853439873315457,18.32073636522131,3.969304421692142
54.54545454545455,86.86868686868688,17.222579041177063,6.710015324586425,2.779172868974338
55.55555555555556,86.86868686868688,14.856943929024752,29.88835911403064,5.437220058532345
56.56565656565657,86.86868686868688,8.613493213393944,33.12074484129351,5.196783343406846
57.57575757575758,86.86868686868688,5.919475395847695,25.59354184676655,3.595033018028528
58.58585858585859,86.86868686868688,3.1724815308518313,27.21510884539349,5.187652750951568
59.5959595959596,86.86868686868688,4.563426764881395,29.73196479359311,5.055108952320456
60.60606060606061,86.86868686868688,3.9469464089387607,30.85555520037556,2.364348722530546
61.61616161616162,86.86868686868688,6.232946630833143,28.03425289190169,4.543602428879642
62.62626262626263,86.86868686868688,3.921020586119533,27.07564341927936,2.763111885396422
63.63636363636364,86.86868686868688,9.483043130064349,32.8434905051958,4.308879895607817
64.64646464646465,86.86868686868688,3.0143055249843265,26.50160264287947,5.053022373628747
65.65656565656566,86.86868686868688,5.89754266485637,21.92405882483349,3.2955923364345
66.66666666666667,86.86868686868688,5.802273310502705,26.08279641969512,5.946957896298182
67.67676767676768,86.86868686868688,7.314274604381979,19.76261343580737,6.287442560663115
68.68686868686869,86.86868686868688,7.7724745115328275,13.19139494973149,4.520551384152941
69.6969696969697,86.86868686868688,3.6092680251326335,19.77792007563481,4.667016716370273
70.70707070707071,86.86868686868688,5.022166961576988,17.17657106023701,3.335047076360833
71.71717171717172,86.86868686868688,6.871549858186523,22.61150974643218,5.020519026711333
72.72727272727273,86.86868686868688,15.72153701728417,9.26531748797094,1.278320491504631
73.73737373737374,86.86868686868688,10.903120898751467,21.85376515250241,1.430310355454378
74.74747474747475,86.86868686868688,4.282977318113927,14.2890036718354,1.265922140048786
75.75757575757576,86.86868686868688,4.049436442149581,21.41219812146945,3.01019843774285
76.76767676767678,86.86868686868688,5.009631492117029,19.90900666322226,1.24430946920428
77.77777777777779,86.86868686868688,4.907965391329817,11.73695406682277,1.302261230298055
78.7878787878788,86.86868686868688,5.187882216510996,16.33754736361633,1.350328280984832
79.7979797979798,86.86868686868688,4.816803006630872,15.22798872195416,1.906982542843698
80.80808080808082,86.86868686868688,6.732779777064495,22.87030198723674,1.865304414268404
81.81818181818183,86.86868686868688,2.702677867944808,15.71743199774546,1.660697123030361
82.82828282828284,86.86868686868688,2.2899392091148054,15.56600245843336,1.027234087515
83.83838383838385,86.86868686868688,9.464761308524126,17.31007242221856,1.212787808787053
84.84848484848486,86.86868686868688,13.896505794712452,35.19988331952264,6.018362052722789
85.85858585858587,86.86868686868688,8.110669470567004,23.30124682611597,5.141436644516598
86.86868686868688,86.86868686868688,3.5597250090518058,24.13123218873093,3.710686246635395
87.87878787878789,86.86868686868688,6.735328458293013,18.69384274262188,4.088457033557303
88.8888888888889,86.86868686868688,9.48389574052802,32.00664455528658,4.065987434112388
89.89898989898991,86.86868686868688,10.34118179001336,33.38701115011058,4.479773440043402
90.90909090909092,86.86868686868688,5.47889918351586,20.3030304854398,4.267357043031832
91.91919191919193,86.86868686868688,3.55022009649141,20.98819420239118,4.38625631262008
92.92929292929294,86.86868686868688,4.48561313709521,23.66226916169122,3.438203959079582
93.93939393939395,86.86868686868688,1.7593890862604908,22.86253873478451,4.883178981752795
94.94949494949496,86.86868686868688,5.207573437172082,22.56750629735448,5.154943839839345
95.95959595959597,86.86868686868688,2.6068559861336906,22.90635751981849,3.684262873456586
96.96969696969697,86.86868686868688,1.9663486985646728,23.80302234223602,4.723633764277746
97.97979797979798,86.86868686868688,4.60739311914763,19.2020594241106,5.072177346383789
98.98989898989899,86.86868686868688,8.328249358740925,26.23385227114024,3.529600123697682
100.0,86.86868686868688,11.200362638934834,13.96513479403794,3.630069586376709
0.0,87.87878787878789,3.186461429616267,27.76521832423985,5.596431870571502
1.01010101010101,87.87878787878789,6.019902257344808,26.69008663200426,6.378400769490923
2.02020202020202,87.87878787878789,4.222162760901204,22.24448645013834,4.976891476916325
3.03030303030303,87.87878787878789,7.224391540173552,19.05191325598427,4.491728235981256
4.040404040404041,87.87878787878789,14.0928555434288,39.2241438781729,4.887235378500316
5.050505050505051,87.87878787878789,7.913329373387419,23.09849445523966,5.811335749734504
6.060606060606061,87.87878787878789,7.208448453685634,27.46242538239263,4.924489808475602
7.070707070707071,87.87878787878789,7.799630058841194,17.33287196431431,4.543409470121025
8.080808080808081,87.87878787878789,6.2011272971491875,18.06686320462703,4.383330780280359
9.090909090909092,87.87878787878789,2.6775566637719126,19.89463353764246,0.4316983251293238
10.1010101010101,87.87878787878789,2.1036132966264316,15.8575331824458,0.7952668521055517
11.11111111111111,87.87878787878789,2.4238006286473297,15.97613116136403,2.312202522921661
12.12121212121212,87.87878787878789,5.171536330484551,12.14757403522748,1.903540805405147
13.13131313131313,87.87878787878789,9.802618582742868,22.93812043062072,1.420430269803723
14.14141414141414,87.87878787878789,8.809967333973628,8.909229102510668,1.893655470764784
15.15151515151515,87.87878787878789,6.792887910616193,19.3569143695228,1.29699665556924
16.16161616161616,87.87878787878789,3.6221811246160676,15.77285368076319,1.723017021452381
17.17171717171717,87.87878787878789,8.166123017340544,20.20744607010967,1.965095498487488
18.18181818181818,87.87878787878789,13.582511427436488,3.531444453485429,0.4176659381571654
19.19191919191919,87.87878787878789,9.780735444928649,21.30799591522259,0.780119051227151
20.2020202020202,87.87878787878789,4.42594794876123,13.00473847168523,0.809611154574813
21.21212121212121,87.87878787878789,6.2445493560620235,8.885037700281849,2.520231331783956
22.22222222222222,87.87878787878789,8.41675734271741,20.12896398863198,1.981567798646244
23.23232323232324,87.87878787878789,8.404263062692895,26.23809345955829,4.122446384231974
24.24242424242424,87.87878787878789,7.271680466236808,29.32536890972782,5.316035573092496
25.25252525252525,87.87878787878789,6.106535704714143,26.87722130036716,3.773028327480274
26.26262626262626,87.87878787878789,16.49557689549903,13.17934638643479,2.551666789121534
27.27272727272727,87.87878787878789,8.393767938939085,27.57693511933387,4.088944757871475
28.28282828282828,87.87878787878789,8.234169260615284,15.05411655613875,4.369572929466407
29.29292929292929,87.87878787878789,5.644407889502666,20.77979086914764,5.162703211494837
30.3030303030303,87.87878787878789,5.202089089749286,19.25066534364995,5.016179870623433
31.31313131313131,87.87878787878789,12.915542967161413,33.73640155113932,5.041972092945749
32.32323232323233,87.87878787878789,11.506433558094647,14.95935221342876,4.41015951958674
33.33333333333334,87.87878787878789,7.871622940489372,23.63597190601387,4.677679165525
34.34343434343435,87.87878787878789,18.375979800522728,7.619235493223531,4.445857458035752
35.35353535353536,87.87878787878789,18.854978224184105,35.52100846107423,3.69462067475393
36.36363636363637,87.87878787878789,9.698774007964637,18.69967368060243,4.626420722573674
37.37373737373738,87.87878787878789,9.003943661255256,22.65330525819401,4.067164563021872
38.38383838383839,87.87878787878789,14.941593195483563,7.255853726919258,4.82603013724132
39.3939393939394,87.87878787878789,5.538568483869085,18.06176189987163,3.854381978148008
40.40404040404041,87.87878787878789,5.4662946007636,12.47638256546362,1.695119169363278
41.41414141414142,87.87878787878789,7.353270356959317,11.3715591161483,1.457403851727554
42.42424242424243,87.87878787878789,13.016129411722563,25.33269586620419,1.556078768801793
43.43434343434344,87.87878787878789,6.323580691853926,11.10556489475391,2.032213768814134
44.44444444444445,87.87878787878789,5.386309759406036,17.97159728305463,2.672327461340665
45.45454545454546,87.87878787878789,6.658456113297111,16.65606846339446,1.088605999946533
46.46464646464647,87.87878787878789,8.01789321945057,6.347940346297911,0.9098659756216669
47.47474747474748,87.87878787878789,7.988357834358857,20.4100937944159,1.791726041523756
48.48484848484848,87.87878787878789,6.697388429100743,11.1147805577539,1.363841371105075
49.49494949494949,87.87878787878789,5.750717642118492,10.48012919931099,2.265115671312524
50.50505050505051,87.87878787878789,7.67238277274853,21.08958553629047,0.8343619836034277
51.51515151515152,87.87878787878789,4.6100907310319466,9.650951252222269,1.15380776499344
52.52525252525253,87.87878787878789,4.7623010939773405,10.93772037214211,1.176872414731163
53.53535353535354,87.87878787878789,3.6941782098918043,19.11801965026119,2.368945869121144
54.54545454545455,87.87878787878789,9.162211225389758,19.53459870254969,4.608276530488047
55.55555555555556,87.87878787878789,17.5842445195413,3.423901928455241,4.905414994269347
56.56565656565657,87.87878787878789,12.274922943299412,16.29124913066041,3.603197451079175
57.57575757575758,87.87878787878789,4.333075427783447,18.42873008451236,4.073043009782882
58.58585858585859,87.87878787878789,4.075485215060622,24.4489419184249,4.482626152376961
59.5959595959596,87.87878787878789,4.225691523322072,27.5775626088689,4.109220251237268
60.60606060606061,87.87878787878789,12.458772992932591,34.46810780131,5.075391237877563
61.61616161616162,87.87878787878789,16.434059477463983,10.87563897511797,4.431037535977585
62.62626262626263,87.87878787878789,6.458938767025112,22.86625921720569,3.842993978980776
63.63636363636364,87.87878787878789,8.608525669137148,18.99484637528896,3.781121509933914
64.64646464646465,87.87878787878789,7.9990552291091035,27.57278390836679,3.502725940658451
65.65656565656566,87.87878787878789,8.666053781625344,14.99763412354607,3.299929608057114
66.66666666666667,87.87878787878789,6.5760802887179715,15.50840563397953,4.017070882434936
67.67676767676768,87.87878787878789,7.944536242985539,25.30316110395377,4.75274608290153
68.68686868686869,87.87878787878789,7.332398597469357,15.22550393811176,4.944309908661239
69.6969696969697,87.87878787878789,5.887364927888997,18.1840178749085,4.927742853420206
70.70707070707071,87.87878787878789,3.786188342256138,20.86554473034446,6.085174468543228
71.71717171717172,87.87878787878789,4.82277204778133,16.5288324389631,2.220667679685556
72.72727272727273,87.87878787878789,6.744706373024277,21.64780923949476,1.000668545437447
73.73737373737374,87.87878787878789,5.788898223802212,13.5698340931031,1.974704519157526
74.74747474747475,87.87878787878789,2.0478401849588446,15.50049595576502,1.407665427326194
75.75757575757576,87.87878787878789,4.607294876941117,17.48769018885001,1.367935410989511
76.76767676767678,87.87878787878789,4.698495296555467,13.73786818359281,1.105541555785856
77.77777777777779,87.87878787878789,5.039691144440864,16.51805295673738,2.08047886388451
78.7878787878788,87.87878787878789,3.9826752798481357,10.24799165305823,1.408490825334831
79.7979797979798,87.87878787878789,9.647509806906076,6.740242351096079,1.613316597041398
80.80808080808082,87.87878787878789,5.425266131142346,19.69270995107952,1.786903812973986
81.81818181818183,87.87878787878789,3.1183278994502053,14.90834802335976,0.9746012499142169
82.82828282828284,87.87878787878789,5.20671428803168,12.70717087462994,1.525996949525666
83.83838383838385,87.87878787878789,9.560818005439469,7.896920411996966,1.329021761025811
84.84848484848486,87.87878787878789,10.231296770939245,25.41253404030629,2.02952192775128
85.85858585858587,87.87878787878789,17.21739659334994,38.78442544169521,4.910368293355783
86.86868686868688,87.87878787878789,7.538064326968782,21.21195893907169,4.310353441247806
87.87878787878789,87.87878787878789,4.227658345913142,24.61920177055791,4.418849296585793
88.8888888888889,87.87878787878789,5.926725923788378,21.53107861575533,3.134147622608173
89.89898989898991,87.87878787878789,5.235626732540298,24.89702522459924,4.402168207829246
90.90909090909092,87.87878787878789,3.5589679235935776,22.81818321452634,5.105918082441731
91.91919191919193,87.87878787878789,4.4502889286572485,25.46416497920004,4.225313424941975
92.92929292929294,87.87878787878789,1.5812802547143887,22.71627006741082,3.645485178783103
93.93939393939395,87.87878787878789,4.703451439067729,23.80217597610603,4.286961117309535
94.94949494949496,87.87878787878789,16.475045674552323,8.25366271363181,5.148211555702697
95.95959595959597,87.87878787878789,8.743885527094161,27.87315950879888,5.109231278350194
96.96969696969697,87.87878787878789,2.968523442883855,25.10436815501945,3.387119564253362
97.97979797979798,87.87878787878789,3.5481817523733126,24.21538470400485,4.316960489752389
98.98989898989899,87.87878787878789,5.299403770820265,16.08390388069683,5.304260522774487
100.0,87.87878787878789,7.11396074411664,17.52778589674169,3.69053817855223
0.0,88.8888888888889,16.72530759871024,33.76666507586863,5.037845622587986
1.01010101010101,88.8888888888889,19.031758576733832,10.56891795112119,4.984311698795243
2.02020202020202,88.8888888888889,9.374528593328627,24.08721462852991,4.600060672830317
3.03030303030303,88.8888888888889,15.086228520724296,13.55800560626349,3.936720995522336
4.040404040404041,88.8888888888889,16.13389819100786,41.43577894955989,4.23214814954135
5.050505050505051,88.8888888888889,7.412307164064147,22.88378946196146,5.31557410863509
6.060606060606061,88.8888888888889,6.26014496529693,21.33317878477855,4.930310049343418
7.070707070707071,88.8888888888889,15.902888027804497,30.5050950460518,4.012253543797124
8.080808080808081,88.8888888888889,8.012630935001194,13.71950526315015,2.37052551638314
9.090909090909092,88.8888888888889,5.3127488936410705,21.25646692751188,2.017034037757432
10.1010101010101,88.8888888888889,3.4087233570355946,16.07844439836929,1.421108047398861
11.11111111111111,88.8888888888889,5.398523233860181,19.23734457454204,1.300713260660223
12.12121212121212,88.8888888888889,8.214948172695179,8.683376267690214,2.051192077591215
13.13131313131313,88.8888888888889,8.979843116211814,23.07339282756116,0.1038590986512809
14.14141414141414,88.8888888888889,6.459874332956028,9.067593162269747,1.183738002482944
15.15151515151515,88.8888888888889,6.14122422236697,10.38219632061192,1.491262663385562
16.16161616161616,88.8888888888889,4.631882232257855,17.97556884205362,1.402557767027
17.17171717171717,88.8888888888889,4.843059452110895,11.69923352350207,1.85438942552236
18.18181818181818,88.8888888888889,6.294158340889227,14.29588618146498,0.9345862504022444
19.19191919191919,88.8888888888889,2.9761815156671902,13.37783885080961,1.342347002601169
20.2020202020202,88.8888888888889,1.5104498711270953,14.78679179622341,0.8308414122606957
21.21212121212121,88.8888888888889,5.8008476354421035,12.49012040486759,1.90430247495342
22.22222222222222,88.8888888888889,9.609668939452712,4.883383010569987,2.515785140263782
23.23232323232324,88.8888888888889,7.222159234588219,9.295274868085864,1.401464993731767
24.24242424242424,88.8888888888889,8.286550731456764,13.62439910685666,4.960001894268449
25.25252525252525,88.8888888888889,6.6938241644830905,22.09740036928061,4.9588921859233
26.26262626262626,88.8888888888889,11.648036790676622,31.56184422318176,3.851133632055557
27.27272727272727,88.8888888888889,4.780691724219744,21.44305683273337,4.71197146489129
28.28282828282828,88.8888888888889,2.190845373804445,19.78039594842478,4.511885999592772
29.29292929292929,88.8888888888889,3.1672159799443818,17.94134260305858,5.833942627875779
30.3030303030303,88.8888888888889,2.198080254293112,22.12698366496952,3.279584296754548
31.31313131313131,88.8888888888889,7.489275464484575,21.57127017172014,4.628508100360301
32.32323232323233,88.8888888888889,10.909524860202044,28.6360296775484,5.305613356250424
33.33333333333334,88.8888888888889,4.464115986869167,27.37185137044827,5.003531964145859
34.34343434343435,88.8888888888889,5.665172463367171,26.14174676071156,6.505636133668789
35.35353535353536,88.8888888888889,7.658699196855445,23.78086946008996,5.043911056748516
36.36363636363637,88.8888888888889,3.2228648041506025,20.71872697954343,2.953215860620427
37.37373737373738,88.8888888888889,5.1792520305097565,16.95053165530557,4.21532958190131
38.38383838383839,88.8888888888889,9.112633601772414,22.61024077866852,4.584408744940979
39.3939393939394,88.8888888888889,4.678916281626503,13.4970424759424,2.336827596074103
40.40404040404041,88.8888888888889,3.3005502475876325,15.28276129649649,1.044935654424495
41.41414141414142,88.8888888888889,3.5354829174400884,18.96588881410723,1.043388259994417
42.42424242424243,88.8888888888889,4.285429067629551,17.89255242855929,2.0243847958084
43.43434343434344,88.8888888888889,3.921224901066796,12.42403948008313,1.47322396535325
44.44444444444445,88.8888888888889,6.019830525319271,18.62160791977912,1.34832822423456
45.45454545454546,88.8888888888889,7.323777199095508,9.475414858220665,2.417489599759663
46.46464646464647,88.8888888888889,5.0884914254993525,8.102483657960992,0.9769497317833393
47.47474747474748,88.8888888888889,6.734102889065522,13.25718766693426,1.189416243517329
48.48484848484848,88.8888888888889,6.980068894535493,19.98068225982039,2.376836431980355
49.49494949494949,88.8888888888889,3.3232124217943397,13.31727082058939,1.153782740345341
50.50505050505051,88.8888888888889,5.38571529408793,16.14493624615955,1.063291589855588
51.51515151515152,88.8888888888889,9.850260772295417,4.103297930850641,1.684571877667154
52.52525252525253,88.8888888888889,5.766348989471634,16.31274730131635,1.17796203387436
53.53535353535354,88.8888888888889,2.584445269625802,13.73546842614143,1.712040970814211
54.54545454545455,88.8888888888889,5.947282947087793,12.23761300533687,1.857981973285842
55.55555555555556,88.8888888888889,11.363215556411392,18.31837884474542,3.571822130513999
56.56565656565657,88.8888888888889,16.488582304012365,33.55661703716785,4.93463365502624
57.57575757575758,88.8888888888889,11.491720440029368,16.41893292339725,4.404280996457924
58.58585858585859,88.8888888888889,8.902346647154626,28.83588332734226,4.71698896582294
59.5959595959596,88.8888888888889,6.725783474777519,22.84836458318992,5.143785075591976
60.60606060606061,88.8888888888889,7.62677816001143,18.72858244914719,4.91352726027749
61.61616161616162,88.8888888888889,7.599759398384422,23.87017389991044,4.873084514200684
62.62626262626263,88.8888888888889,10.204171642672033,17.10192143518336,4.185817041093217
63.63636363636364,88.8888888888889,8.795512345798763,27.13095454693615,4.180741789570748
64.64646464646465,88.8888888888889,9.806909905021158,17.80083157531625,4.642411701545534
65.65656565656566,88.8888888888889,13.407512080561062,29.64950325350585,3.818395980550946
66.66666666666667,88.8888888888889,7.069637150675552,20.93280902272813,4.812775615709838
67.67676767676768,88.8888888888889,8.11187152421654,31.66834577193328,5.280627931252901
68.68686868686869,88.8888888888889,6.076462328361383,29.48481823697017,4.723650437931503
69.6969696969697,88.8888888888889,13.793365648019527,34.49953459350547,2.911148110317073
70.70707070707071,88.8888888888889,9.150810780583559,16.42800417824468,1.475738396496782
71.71717171717172,88.8888888888889,5.325166389931909,20.28155423070632,1.537216424870083
72.72727272727273,88.8888888888889,4.059377071499137,23.04719103314473,1.904820198733923
73.73737373737374,88.8888888888889,5.783676812849231,18.43285891985906,1.694856009519566
74.74747474747475,88.8888888888889,3.542800242137394,12.43848359560617,1.495008249070748
75.75757575757576,88.8888888888889,7.735295947459058,8.720034852047176,1.619169414856121
76.76767676767678,88.8888888888889,7.235654837571307,19.83070411178345,1.098193077570866
77.77777777777779,88.8888888888889,5.216145355127191,10.19063334571226,0.8218369754846321
78.7878787878788,88.8888888888889,5.388522662837861,10.18465684986509,0.877159413949575
79.7979797979798,88.8888888888889,6.267876746615308,20.38231830591671,1.480323189840822
80.80808080808082,88.8888888888889,0.9863000064426739,20.47935291178848,0.9186239107099536
81.81818181818183,88.8888888888889,4.653291876612765,19.5870365703253,0.6065513942589503
82.82828282828284,88.8888888888889,7.9601120246621795,23.66376883159045,1.739624549912391
83.83838383838385,88.8888888888889,7.361493568507458,14.40117633259095,1.293562949991805
84.84848484848486,88.8888888888889,6.988169813975137,25.16220126546391,1.241336378647862
85.85858585858587,88.8888888888889,10.934812561701683,16.34237558788715,0.7564438867964158
86.86868686868688,88.8888888888889,9.700411731436446,27.46523366317783,5.134694342067355
87.87878787878789,88.8888888888889,6.878002382378279,20.12929340113018,4.916825913768777
88.8888888888889,88.8888888888889,9.138297784072746,14.75381062377956,4.465686387743805
89.89898989898991,88.8888888888889,7.756679207241419,17.8892928388662,3.817399120536397
90.90909090909092,88.8888888888889,11.41656802495892,29.81407840506751,5.04841187388376
91.91919191919193,88.8888888888889,6.845790207377132,17.53285671784282,3.8298684863262
92.92929292929294,88.8888888888889,5.182043321533753,24.26159117150355,4.076012395283118
93.93939393939395,88.8888888888889,1.7762068267335236,22.56242663232607,3.514185631903155
94.94949494949496,88.8888888888889,7.4767269715417,24.67199177047714,4.781150664148528
95.95959595959597,88.8888888888889,8.030197660421077,20.25270753834914,4.111497244506119
96.96969696969697,88.8888888888889,7.232715513774279,32.01934130897741,4.674185419837388
97.97979797979798,88.8888888888889,4.6379634007722625,24.37432215928123,4.77657422878235
98.98989898989899,88.8888888888889,7.767189765710654,14.61160002721206,5.178258189335295
100.0,88.8888888888889,13.546764296563078,33.863135010343,3.272170068834661
0.0,89.89898989898991,18.25871421643482,12.78993615611413,4.087515627060421
1.01010101010101,89.89898989898991,24.89919271488793,33.85873977501729,4.789766827825051
2.02020202020202,89.89898989898991,16.759868211742088,12.47933413328211,4.367012507314216
3.03030303030303,89.89898989898991,11.278245848692244,30.00202967387707,3.629529746958535
4.040404040404041,89.89898989898991,8.627308640675277,25.54158408781026,3.324678443762984
5.050505050505051,89.89898989898991,10.23432644103874,13.55186596376441,4.809010100625969
6.060606060606061,89.89898989898991,17.021113292947675,29.52198510989603,4.870272732658766
7.070707070707071,89.89898989898991,16.799238087976022,6.02327206074621,1.968387871923465
8.080808080808081,89.89898989898991,4.736570090732214,17.10011961441467,1.944872616951806
9.090909090909092,89.89898989898991,4.593537106739181,14.08228893632134,1.316294317799779
10.1010101010101,89.89898989898991,2.9524585876840344,11.00138489146574,1.744226282093612
11.11111111111111,89.89898989898991,3.1920775052446193,14.6173335353039,0.866054669218062
12.12121212121212,89.89898989898991,3.6474165924026383,13.13498632421089,0.9304901218500807
13.13131313131313,89.89898989898991,4.297298669168338,15.68510898481671,2.336987988341453
14.14141414141414,89.89898989898991,4.56000712340074,19.42832361070119,0.6808366418842748
15.15151515151515,89.89898989898991,3.3793010619037256,17.06439948138505,0.9708413530820783
16.16161616161616,89.89898989898991,5.278739745055484,20.43067476980136,1.599045049229252
17.17171717171717,89.89898989898991,5.6237190079573445,13.69027080882359,0.3550572956408704
18.18181818181818,89.89898989898991,8.446778238975956,3.398394534505899,1.482379823171388
19.19191919191919,89.89898989898991,3.529241152664403,11.730270128623,1.049410637748557
20.2020202020202,89.89898989898991,2.807689694620568,15.34091361942399,1.336065183515263
21.21212121212121,89.89898989898991,7.829339309441203,22.18501945639684,1.256297359789087
22.22222222222222,89.89898989898991,7.297911999825591,16.05784853850536,1.190279640086555
23.23232323232324,89.89898989898991,8.47407553427977,6.090472617492084,2.454514788532959
24.24242424242424,89.89898989898991,4.662804611137657,18.26750672861781,2.650074800918558
25.25252525252525,89.89898989898991,3.766183944987892,18.0393697587599,3.43723126269709
26.26262626262626,89.89898989898991,4.077694667177786,22.93542614157179,3.959977039760327
27.27272727272727,89.89898989898991,2.1844611940899323,22.65049716825486,4.48723016784697
28.28282828282828,89.89898989898991,3.3755787418877476,20.31578382168174,3.857417151334046
29.29292929292929,89.89898989898991,6.93500919232064,14.13562135664725,5.046746889233754
30.3030303030303,89.89898989898991,5.659137889637687,23.30163180566208,2.756175426519765
31.31313131313131,89.89898989898991,11.704560442320265,31.74276765116162,4.593230526564998
32.32323232323233,89.89898989898991,20.40476974128297,7.003545513788261,4.987236874896539
33.33333333333334,89.89898989898991,9.391166756045426,15.74554980424284,5.634183051229959
34.34343434343435,89.89898989898991,7.891777948687837,25.59455008508921,4.877032474217819
35.35353535353536,89.89898989898991,11.705248249725923,10.30923145482058,4.283108757766815
36.36363636363637,89.89898989898991,9.295227325422026,24.76079509242045,4.603312424791737
37.37373737373738,89.89898989898991,8.688874872492338,11.36420158375579,4.962293841365231
38.38383838383839,89.89898989898991,4.06560708728531,16.28700084941719,0.799970743411477
39.3939393939394,89.89898989898991,1.8302388083025596,16.74907105523897,1.185785291274348
40.40404040404041,89.89898989898991,6.986432688762849,20.20973721764932,1.004152512004136
41.41414141414142,89.89898989898991,2.2518526990723253,17.17475074546449,1.501050834432189
42.42424242424243,89.89898989898991,2.5760012328702104,14.73282892971009,1.477730215495812
43.43434343434344,89.89898989898991,3.1290363989447605,15.12438311084894,1.755067370463888
44.44444444444445,89.89898989898991,6.781487456173888,10.53605795648097,2.800928072390414
45.45454545454546,89.89898989898991,6.362586916101554,21.07074578761077,1.302611982995776
46.46464646464647,89.89898989898991,4.7819895686427945,20.17427083906238,1.241173714042119
47.47474747474748,89.89898989898991,6.467789402101556,21.16249449385531,1.555609255030215
48.48484848484848,89.89898989898991,4.133664086194408,14.31321441586204,2.014807908179517
49.49494949494949,89.89898989898991,2.3303567763803024,12.35263961949159,1.436210909399307
50.50505050505051,89.89898989898991,4.8067292034864,17.87384439150128,1.410611751659125
51.51515151515152,89.89898989898991,5.062567615343474,13.70560001288607,1.557730344533268
52.52525252525253,89.89898989898991,4.111489306282161,19.21638808438802,0.985606180125155
53.53535353535354,89.89898989898991,3.7639257571043467,14.6155639845454,1.492322983237251
54.54545454545455,89.89898989898991,8.15522674731077,21.15113783626211,1.364251965914063
55.55555555555556,89.89898989898991,8.32164773072238,9.078997567221009,2.271627367976699
56.56565656565657,89.89898989898991,10.538622871933292,17.24357803381885,3.854588620847589
57.57575757575758,89.89898989898991,15.1234089449565,30.82138300468401,5.159761494367459
58.58585858585859,89.89898989898991,10.1467684337773,16.01790729573846,4.497187641966981
59.5959595959596,89.89898989898991,12.4546660147823,10.78172958795389,4.79543683863897
60.60606060606061,89.89898989898991,6.39767373389592,24.23479615222412,4.848852367618047
61.61616161616162,89.89898989898991,9.012899961700175,18.37551514665555,6.206477773566276
62.62626262626263,89.89898989898991,14.756936830330952,35.35698464736929,3.758383287113641
63.63636363636364,89.89898989898991,10.826871542199154,19.44416941876097,3.490090259726379
64.64646464646465,89.89898989898991,11.759271569922454,9.523938938091664,3.58956563867036
65.65656565656566,89.89898989898991,11.957862963962697,11.2366899701887,4.177744999904633
66.66666666666667,89.89898989898991,7.003888043539271,24.33472325669887,4.971347424276158
67.67676767676768,89.89898989898991,8.981724153608685,18.50510862721489,4.57324008948161
68.68686868686869,89.89898989898991,7.754449997712222,26.63652711388146,5.133971092854396
69.6969696969697,89.89898989898991,11.651669058381831,18.72783549182044,1.076352554577948
70.70707070707071,89.89898989898991,10.28251771940703,6.187382075732653,1.582912633999202
71.71717171717172,89.89898989898991,5.719440989398732,9.352797317621954,1.477871655241006
72.72727272727273,89.89898989898991,5.43309775715381,15.58903345652224,1.593213811013464
73.73737373737374,89.89898989898991,4.142733416407623,10.76988393275666,1.765088446219334
74.74747474747475,89.89898989898991,3.7991675682644455,13.83484813618501,1.30171651537783
75.75757575757576,89.89898989898991,2.8348400927272386,16.0644453017853,2.196740906207321
76.76767676767678,89.89898989898991,3.843922849647452,17.73166071549633,1.562447941934761
77.77777777777779,89.89898989898991,4.866338998401401,15.08174789327754,2.622982004724061
78.7878787878788,89.89898989898991,5.957258551021789,21.47177474612461,0.9842167705787863
79.7979797979798,89.89898989898991,5.076692687611107,21.51705327563392,1.196258808199725
80.80808080808082,89.89898989898991,3.913766879345447,18.3101467940617,0.2963771212641118
81.81818181818183,89.89898989898991,9.065280708812862,10.62160621356811,1.624079508374004
82.82828282828284,89.89898989898991,3.9827569674112944,16.11924345016689,1.392993824306418
83.83838383838385,89.89898989898991,1.8279622484797997,17.31927725415434,1.567932482889584
84.84848484848486,89.89898989898991,2.8408248921840946,17.04070539485546,1.722587370021576
85.85858585858587,89.89898989898991,4.384975365339175,17.69689222801838,1.344708593853973
86.86868686868688,89.89898989898991,7.270227712933193,13.37565979887652,1.565365979620218
87.87878787878789,89.89898989898991,10.344364707549648,9.818615280443067,4.446925905557088
88.8888888888889,89.89898989898991,17.442687124428353,36.01876877565751,4.497029930989392
89.89898989898991,89.89898989898991,11.424531489208977,26.84800950081089,4.053315382998391
90.90909090909092,89.89898989898991,7.471809386215755,15.34970874919899,4.537765110294436
91.91919191919193,89.89898989898991,2.5253685963606896,17.09096029057693,4.00950608796102
92.92929292929294,89.89898989898991,8.632337771670388,13.50663798229948,3.913419299313272
93.93939393939395,89.89898989898991,7.009898718843948,24.61877491815165,5.285922409888298
94.94949494949496,89.89898989898991,6.630443223000798,17.71226231143474,5.40112958575825
95.95959595959597,89.89898989898991,8.334745724995901,28.56712820682743,4.374609184051771
96.96969696969697,89.89898989898991,6.834525050508199,34.62357728979212,3.881510629272817
97.97979797979798,89.89898989898991,5.407093104862456,25.35949702532855,4.541302293159301
98.98989898989899,89.89898989898991,9.58594691916853,15.19379812136979,2.880243853753483
100.0,89.89898989898991,10.659469061538394,38.91654380329999,4.661321124502956
0.0,90.90909090909092,17.06164712804478,25.52054626676093,3.724985916400497
1.01010101010101,90.90909090909092,27.379736787921985,0.0,3.062211706925077
2.02020202020202,90.90909090909092,14.444927473790546,29.00882530267253,4.93336831149623
3.03030303030303,90.90909090909092,6.83153511945959,23.31621147338345,5.808259750734483
4.040404040404041,90.90909090909092,4.301115021395452,27.70646007864908,4.366252877579329
5.050505050505051,90.90909090909092,6.044484175725643,17.19741095954485,4.510808109299279
6.060606060606061,90.90909090909092,9.08281673318233,9.095170458504251,1.273743321363348
7.070707070707071,90.90909090909092,5.326775799864782,14.16284082452642,1.847479013288278
8.080808080808081,90.90909090909092,2.6714704652756116,15.62913183451212,1.532881690096141
9.090909090909092,90.90909090909092,5.419148195588372,8.981053223504086,1.434873926437904
10.1010101010101,90.90909090909092,2.423561783954381,11.03730704660457,1.442622142366755
11.11111111111111,90.90909090909092,2.90860206130148,17.66733666211307,1.635809310439249
12.12121212121212,90.90909090909092,4.345973882666525,19.24057276560194,1.551759594161614
13.13131313131313,90.90909090909092,5.282446370284541,12.17753543737811,1.919479505560131
14.14141414141414,90.90909090909092,3.1298490842444915,17.6561643207303,0.7080219300293867
15.15151515151515,90.90909090909092,2.7679873007873574,15.95959781227573,2.296126780590761
16.16161616161616,90.90909090909092,3.6229572877261824,11.87750096672125,1.767460322965329
17.17171717171717,90.90909090909092,4.022245984581403,10.21871229761119,0.9602427630661327
18.18181818181818,90.90909090909092,3.906851029818735,7.664263975015846,0.6316055487946179
19.19191919191919,90.90909090909092,2.421430394368586,12.25714693217591,1.660448552041164
20.2020202020202,90.90909090909092,2.1528998443250873,15.11902599191614,1.111507066550546
21.21212121212121,90.90909090909092,3.977264094049305,13.53383802502561,2.012132930026585
22.22222222222222,90.90909090909092,0.8626717382826556,14.13521290604313,1.423329419511617
23.23232323232324,90.90909090909092,6.022022243784029,14.63756247187838,0.9975136143251839
24.24242424242424,90.90909090909092,4.153813944391743,19.87044647042365,0.8334192660419178
25.25252525252525,90.90909090909092,7.845439382318875,12.15685794199884,1.324873834092034
26.26262626262626,90.90909090909092,5.332573765700263,25.43880137254414,4.592658769352022
27.27272727272727,90.90909090909092,6.415066994028587,27.56125928920305,4.322946369458537
28.28282828282828,90.90909090909092,7.911088677303127,15.86373253899532,3.655111682836871
29.29292929292929,90.90909090909092,7.516004043680688,22.72376396546916,5.220491512053163
30.3030303030303,90.90909090909092,6.652201651495318,19.44687468231826,4.625056528340865
31.31313131313131,90.90909090909092,6.998248360637851,28.27638134419494,5.845420620873591
32.32323232323233,90.90909090909092,12.934432084856468,33.50891388733206,6.152423221361999
33.33333333333334,90.90909090909092,7.674558632743645,23.09291069091816,4.476338551402482
34.34343434343435,90.90909090909092,13.653350770915662,31.48014629310321,5.441605445828872
35.35353535353536,90.90909090909092,8.436180947861804,13.92170418058639,5.186693185016169
36.36363636363637,90.90909090909092,4.26083499385231,19.4701110498739,5.036677853372077
37.37373737373738,90.90909090909092,8.747097811970757,22.2139782278493,1.945616821153836
38.38383838383839,90.90909090909092,7.358995053459953,11.73268190101046,1.469002976716454
39.3939393939394,90.90909090909092,4.942495288970957,16.89526134092051,1.582990226918451
40.40404040404041,90.90909090909092,12.741221949357644,3.686635018345927,1.317421763692563
41.41414141414142,90.90909090909092,4.676934439413818,15.43538630575716,1.191557223598869
42.42424242424243,90.90909090909092,6.068126525200269,19.04363436544848,0.61649013421542
43.43434343434344,90.90909090909092,6.311976748444726,10.28846048134253,1.658662609004137
44.44444444444445,90.90909090909092,5.1153269976091975,14.4534448323806,0.8596088754771444
45.45454545454546,90.90909090909092,7.449987380254747,23.49459974294869,1.567218387348951
46.46464646464647,90.90909090909092,5.113202373037568,15.00279834893391,2.083914235712117
47.47474747474748,90.90909090909092,5.056145843296419,11.03414744515633,1.436882082388634
48.48484848484848,90.90909090909092,2.7313941489990956,12.25588078940648,1.756480185888827
49.49494949494949,90.90909090909092,2.1806284910213054,13.22765595553486,1.394381125300638
50.50505050505051,90.90909090909092,4.436134962157095,10.06528487352231,2.174723982195618
51.51515151515152,90.90909090909092,3.205009810236366,14.67453594210738,1.523860314488527
52.52525252525253,90.90909090909092,4.386436094934503,15.78568381367561,1.744655222008385
53.53535353535354,90.90909090909092,4.42259620905474,11.57635446609131,1.780034930968606
54.54545454545455,90.90909090909092,5.248494617579549,16.05146979870208,0.9388337970340354
55.55555555555556,90.90909090909092,3.965970175833282,12.88948647694718,1.550084627330241
56.56565656565657,90.90909090909092,3.8138687603427894,13.14451098689768,1.41585984040976
57.57575757575758,90.90909090909092,9.452356989376177,13.11147798595547,4.798817564930815
58.58585858585859,90.90909090909092,7.6433804290953695,23.74735158251374,4.297827939443699
59.5959595959596,90.90909090909092,15.08474514264898,29.84451437979226,5.333306258817908
60.60606060606061,90.90909090909092,2.619431182044255,23.46266248955617,3.801000587903745
61.61616161616162,90.90909090909092,4.18379837348408,26.09170573391906,5.573254755007867
62.62626262626263,90.90909090909092,6.314107844074584,27.47858526755346,3.635362885690698
63.63636363636364,90.90909090909092,6.766282357270055,29.23182475010478,5.414962392002177
64.64646464646465,90.90909090909092,14.21677363377676,36.65115106779056,5.671242009669848
65.65656565656566,90.90909090909092,8.34686847636954,25.84454422411514,4.930005815416508
66.66666666666667,90.90909090909092,6.619087553700108,18.64873323250667,4.644789783532962
67.67676767676768,90.90909090909092,8.491516454077617,27.3077349807807,4.890718289266069
68.68686868686869,90.90909090909092,8.330915434322359,14.50712835484887,4.498807679219438
69.6969696969697,90.90909090909092,9.95705944215359,8.342003398126957,0.9177322138474177
70.70707070707071,90.90909090909092,11.634286229840736,21.37096219287166,1.487166243423286
71.71717171717172,90.90909090909092,5.408562040235683,11.90015298134293,0.7790136853156963
72.72727272727273,90.90909090909092,6.196788454853413,18.80788124584912,2.172501842032651
73.73737373737374,90.90909090909092,7.4712587502888415,9.7460389814225,1.989385648853113
74.74747474747475,90.90909090909092,7.0069407112491575,22.34059249963531,2.081708355788273
75.75757575757576,90.90909090909092,6.22430749713911,15.96630795992579,2.152521854787175
76.76767676767678,90.90909090909092,10.371111612115259,26.6911804818692,2.520425355558292
77.77777777777779,90.90909090909092,4.577081920130334,20.61604966425201,0.5618052320156037
78.7878787878788,90.90909090909092,6.99270641092833,15.36516382065335,1.496806940874545
79.7979797979798,90.90909090909092,13.67714170487019,5.59720250598823,1.099836028300006
80.80808080808082,90.90909090909092,6.868584376344614,20.9005611316509,1.688036687122788
81.81818181818183,90.90909090909092,9.214015635451307,24.73112087497,1.538437870716522
82.82828282828284,90.90909090909092,5.02543958851604,14.4304120025315,0.2475791495452568
83.83838383838385,90.90909090909092,6.9383662203378496,20.23441966322382,1.275716595235223
84.84848484848486,90.90909090909092,4.877463433048632,14.73366038918933,1.754437489903395
85.85858585858587,90.90909090909092,6.112519324093535,6.488926669097694,1.705968467438814
86.86868686868688,90.90909090909092,7.449546850194662,6.262599759020371,1.583420667780188
87.87878787878789,90.90909090909092,5.346768933871666,11.12819797630665,1.740103475680137
88.8888888888889,90.90909090909092,11.836150710673394,22.88389119988313,5.10253831855859
89.89898989898991,90.90909090909092,10.931369195576934,10.77766023237819,5.060274906877714
90.90909090909092,90.90909090909092,4.536969660288502,13.16639315319433,4.564808713117128
91.91919191919193,90.90909090909092,6.321660408939987,12.75695618205545,3.906080764335152
92.92929292929294,90.90909090909092,7.376248500330112,22.58457663564734,3.568756385251074
93.93939393939395,90.90909090909092,14.981864192731518,32.58337196513278,2.826412238406759
94.94949494949496,90.90909090909092,6.040981978975754,15.91159738058355,3.880739507466031
95.95959595959597,90.90909090909092,7.229349396044024,20.45388095367949,4.401404417885748
96.96969696969697,90.90909090909092,5.467739486542431,25.21024241600228,5.131372345013741
97.97979797979798,90.90909090909092,3.635275587278616,24.14607864034837,4.011205275451243
98.98989898989899,90.90909090909092,8.435117547028543,19.06694311799722,4.007915295018877
100.0,90.90909090909092,18.87187509808248,42.11879651302798,4.46770585044971
0.0,91.91919191919193,13.329103895701957,12.58676126003432,4.168070048524513
1.01010101010101,91.91919191919193,7.884065411123732,21.13083580723718,4.986035982239965
2.02020202020202,91.91919191919193,4.912805374394618,22.46004570886237,4.980275069326206
3.03030303030303,91.91919191919193,9.804298600203069,12.75875163059342,4.75389997036517
4.040404040404041,91.91919191919193,7.8395883303616305,27.56617370827595,4.533732184723306
5.050505050505051,91.91919191919193,5.984846570842192,19.11851304652215,4.596538617154657
6.060606060606061,91.91919191919193,9.306941984308432,6.36062904422948,2.06398240873708
7.070707070707071,91.91919191919193,7.9664023294312525,20.79641388419747,1.512710814605717
8.080808080808081,91.91919191919193,2.8747545427174903,14.52860737430596,1.508735556481094
9.090909090909092,91.91919191919193,7.931679301628654,16.8520778589318,2.497710147827986
10.1010101010101,91.91919191919193,3.39509119062037,12.00934858867428,1.329221981615972
11.11111111111111,91.91919191919193,3.5132774759486747,18.04847606151245,1.409399661601116
12.12121212121212,91.91919191919193,5.330117468067767,21.88260842316429,1.026335162189735
13.13131313131313,91.91919191919193,3.40474434294476,17.25808115950165,2.545254972902244
14.14141414141414,91.91919191919193,3.6041930442882695,14.08412266552999,2.3579464959781
15.15151515151515,91.91919191919193,2.2187938205383833,11.77111363224467,1.768488821679152
16.16161616161616,91.91919191919193,2.3131866469241333,11.67973113356117,1.000715797372205
17.17171717171717,91.91919191919193,6.215498097787983,18.622900733019,0.9287122368784634
18.18181818181818,91.91919191919193,3.671625792689864,11.87846737402543,1.554603987077275
19.19191919191919,91.91919191919193,2.75920522687429,13.96122968919705,0.782071804140894
20.2020202020202,91.91919191919193,4.7119975538988434,11.1763812687544,1.894432417441697
21.21212121212121,91.91919191919193,5.382295588292607,18.60515012194355,1.949451580612343
22.22222222222222,91.91919191919193,6.0623870939128555,14.55953977985875,1.77628800597404
23.23232323232324,91.91919191919193,6.597639581851968,24.44332802824768,1.964056933188687
24.24242424242424,91.91919191919193,2.7759806515889434,17.8046029616326,1.2254476247338
25.25252525252525,91.91919191919193,4.0071855236432405,16.66057169554317,1.200613012843894
26.26262626262626,91.91919191919193,7.436331335935115,22.01628288791965,4.413103997530196
27.27272727272727,91.91919191919193,11.37021262691187,34.49078047750257,5.404350331537622
28.28282828282828,91.91919191919193,9.016981328122634,24.49847778883984,4.600541466448515
29.29292929292929,91.91919191919193,14.622517283463862,11.38481110919306,4.393331039127474
30.3030303030303,91.91919191919193,12.512526057617363,30.09452821992813,3.490383644207429
31.31313131313131,91.91919191919193,11.179842145584736,17.81181341362402,2.911911978659773
32.32323232323233,91.91919191919193,7.530790634916733,23.92508966100102,4.414575045079884
33.33333333333334,91.91919191919193,7.776599092508461,27.64054553661847,5.122594543647837
34.34343434343435,91.91919191919193,16.274329037081117,8.698017132156435,4.774168322700306
35.35353535353536,91.91919191919193,12.723772511415113,6.896302096709316,4.316780085670347
36.36363636363637,91.91919191919193,9.517347965107263,22.93049293547368,4.531273940624921
37.37373737373738,91.91919191919193,10.059883999342802,11.30052712887402,1.752369140661576
38.38383838383839,91.91919191919193,7.582922497760919,20.97046739969466,1.515122719282258
39.3939393939394,91.91919191919193,2.8736821517302817,15.64267623320285,1.623564342351576
40.40404040404041,91.91919191919193,4.7261208418554865,13.1710430064873,2.288735416946324
41.41414141414142,91.91919191919193,3.8899184025787488,17.04676027660255,0.1602596084273052
42.42424242424243,91.91919191919193,4.9542392539403295,11.44535564418306,1.232123671669795
43.43434343434344,91.91919191919193,3.752671008850594,17.78028661047101,2.324512949500192
44.44444444444445,91.91919191919193,3.1058825810441224,17.7912266853116,1.31260780396912
45.45454545454546,91.91919191919193,6.4700530937358565,13.65146048185049,1.791448171327361
46.46464646464647,91.91919191919193,3.54493852253424,17.82368305316335,1.421756237583735
47.47474747474748,91.91919191919193,3.61633829314444,15.9399995216153,1.355595887118326
48.48484848484848,91.91919191919193,4.476725362146725,18.93061524856877,1.833213352998883
49.49494949494949,91.91919191919193,5.978898255774561,16.94100733543588,1.116055047621569
50.50505050505051,91.91919191919193,4.183556422957885,7.900926693470516,2.224387170125151
51.51515151515152,91.91919191919193,5.378587603503467,8.543831570536524,1.602124162560354
52.52525252525253,91.91919191919193,4.950539328144674,6.991120923802535,1.540626220819651
53.53535353535354,91.91919191919193,9.980270784963077,5.609623828521508,1.138505703977736
54.54545454545455,91.91919191919193,11.923241906818259,24.30868157709458,1.149315457387585
55.55555555555556,91.91919191919193,10.05084482045607,4.253102515045621,2.079808183431001
56.56565656565657,91.91919191919193,11.970521089635925,2.276160503340402,1.761686838974938
57.57575757575758,91.91919191919193,9.643669754039156,22.54209432723116,4.26784676351236
58.58585858585859,91.91919191919193,13.327274551465488,29.85839261828315,4.543850579283458
59.5959595959596,91.91919191919193,24.973929505623573,1.047333288549308,4.130368603500435
60.60606060606061,91.91919191919193,9.589158022801973,24.15735842046626,4.497439465369691
61.61616161616162,91.91919191919193,8.74049351017186,31.09478586259458,3.443129377838549
62.62626262626263,91.91919191919193,15.444262656545005,13.24067228725667,4.890505401816661
63.63636363636364,91.91919191919193,5.9139066812659244,21.12691645260547,5.334933644526242
64.64646464646465,91.91919191919193,4.392835640334217,25.13720182374361,4.756928487219913
65.65656565656566,91.91919191919193,2.052151758285775,25.06734240784731,4.685577920398881
66.66666666666667,91.91919191919193,5.083888831741635,23.58428068323241,5.043482675374736
67.67676767676768,91.91919191919193,9.408339709553868,31.0115660693195,4.967683555756818
68.68686868686869,91.91919191919193,8.65826584171905,12.27859695924577,0.7531816067513377
69.6969696969697,91.91919191919193,7.225015045151075,18.59032532158122,1.60429100464278
70.70707070707071,91.91919191919193,6.115767761832404,12.51716539692115,1.743978935323286
71.71717171717172,91.91919191919193,2.0370548729306877,14.60850800252977,1.610766466999344
72.72727272727273,91.91919191919193,3.625230846171139,13.20914574469516,1.493037516837074
73.73737373737374,91.91919191919193,4.864702953398178,16.95083324860427,0.8929410761127003
74.74747474747475,91.91919191919193,5.068942153811895,22.89377292325931,0.6908160709089185
75.75757575757576,91.91919191919193,7.1741794866032205,23.66624354496979,0.4572619511580924
76.76767676767678,91.91919191919193,9.466475191560955,10.96625713934163,0.7129920577345084
77.77777777777779,91.91919191919193,6.934548322274418,19.16804041592099,2.015257549632443
78.7878787878788,91.91919191919193,10.678958024819325,8.51979626067507,1.841274638325653
79.7979797979798,91.91919191919193,8.239178541947982,19.31459861549551,1.289212484340766
80.80808080808082,91.91919191919193,3.650348483107495,15.15055633284341,1.703924297313889
81.81818181818183,91.91919191919193,2.8634071322588626,16.11584161032426,0.9553693913087583
82.82828282828284,91.91919191919193,6.1046119997537165,16.73862237582945,1.807925153151716
83.83838383838385,91.91919191919193,14.838513879291908,33.76797520077893,1.688991202315332
84.84848484848486,91.91919191919193,6.842921371510636,18.1909761215916,1.276263661642717
85.85858585858587,91.91919191919193,6.579322643288991,11.25997777638219,1.007388662082084
86.86868686868688,91.91919191919193,10.41683255377175,23.85580199257927,1.48633631188724
87.87878787878789,91.91919191919193,4.336385100926497,14.58439957506697,1.928629438481343
88.8888888888889,91.91919191919193,7.212874674854735,12.53609012404536,1.501024218036837
89.89898989898991,91.91919191919193,13.132229533409475,23.93782385793215,3.820652453672294
90.90909090909092,91.91919191919193,20.900549709579725,0.0,4.105351971850878
91.91919191919193,91.91919191919193,10.799465749236315,23.47253628456315,3.366561779351347
92.92929292929294,91.91919191919193,5.766724657906822,21.98393707075208,4.22866600676595
93.93939393939395,91.91919191919193,14.622410712445852,7.291082155222492,4.072493579969414
94.94949494949496,91.91919191919193,8.63067624577296,14.76239255317689,4.556741930721384
95.95959595959597,91.91919191919193,8.644487303941759,31.95938624928892,5.463852316808062
96.96969696969697,91.91919191919193,10.3074182765498,31.84734025040547,4.122297955674488
97.97979797979798,91.91919191919193,6.492886978979793,16.96169397421915,3.762393289205767
98.98989898989899,91.91919191919193,3.954091881235532,20.80327939210205,4.183482514334758
100.0,91.91919191919193,15.746969798537345,11.75727732353929,0.9556842526728563
0.0,92.92929292929294,10.514463827371765,31.09621339321072,3.842573151287845
1.01010101010101,92.92929292929294,5.280719209552483,21.66297719566688,5.087324834852853
2.02020202020202,92.92929292929294,4.66049670295181,24.53198363273654,5.932121239232997
3.03030303030303,92.92929292929294,5.407535038310162,16.90977003266418,3.040300396265034
4.040404040404041,92.92929292929294,4.919902181282212,19.60318949663889,4.690394170756985
5.050505050505051,92.92929292929294,2.676514930181092,18.30577351417715,1.52963651258064
6.060606060606061,92.92929292929294,4.584162360548181,13.66018672492778,0.9150167648549399
7.070707070707071,92.92929292929294,2.866104035669575,16.26796897600301,1.644122517626604
8.080808080808081,92.92929292929294,5.805134190746075,12.72139065815951,1.326059594851972
9.090909090909092,92.92929292929294,14.264344119575146,0.1625850427282588,2.499246702561658
10.1010101010101,92.92929292929294,4.908348728708798,13.73581506599036,1.427907988613568
11.11111111111111,92.92929292929294,2.0781660065444547,14.24976539160714,0.7238996818680554
12.12121212121212,92.92929292929294,4.7213884547665295,11.66283383377005,2.087495067032429
13.13131313131313,92.92929292929294,4.253508252667779,16.51813526748045,1.797865932472143
14.14141414141414,92.92929292929294,4.756788667723936,8.726359670834203,1.533900163616279
15.15151515151515,92.92929292929294,3.3558333489797185,9.488814062091016,0.933506171911622
16.16161616161616,92.92929292929294,3.9794811977861535,13.70015578995629,0.3576470556883404
17.17171717171717,92.92929292929294,7.42646054163583,21.39310173031172,1.213586338115246
18.18181818181818,92.92929292929294,4.92782222401751,13.52357147161011,2.334889716462643
19.19191919191919,92.92929292929294,7.988214597613577,18.4263571040588,1.095804069396275
20.2020202020202,92.92929292929294,10.236229285849609,6.484653049952564,1.580103749649105
21.21212121212121,92.92929292929294,7.704160369064969,23.58864118292209,2.037514067357094
22.22222222222222,92.92929292929294,5.141718358546815,24.45536269122082,1.976253382457505
23.23232323232324,92.92929292929294,3.58728230316456,24.50560748428224,0.6222848097572358
24.24242424242424,92.92929292929294,5.732528999205477,19.05992572649281,0.8588898528325448
25.25252525252525,92.92929292929294,6.469030889006544,21.68585757810589,2.196776274229839
26.26262626262626,92.92929292929294,5.712740230177875,13.52368481076308,0.5997198317405078
27.27272727272727,92.92929292929294,10.455991405593956,18.40625143640025,3.908041028335742
28.28282828282828,92.92929292929294,6.795546130738917,28.82568848317635,5.058425094292089
29.29292929292929,92.92929292929294,6.491114668047303,26.71254359639056,5.489825812344603
30.3030303030303,92.92929292929294,7.847164341908703,21.68450944410773,4.87147486862051
31.31313131313131,92.92929292929294,8.352871950092679,33.67062301171093,4.96906620678066
32.32323232323233,92.92929292929294,5.890841990269167,34.63569585134246,5.432075213265636
33.33333333333334,92.92929292929294,5.392998191301171,23.73976829236441,5.030901698176288
34.34343434343435,92.92929292929294,10.711630954517858,30.26896067962497,4.972600078233805
35.35353535353536,92.92929292929294,12.907599851623822,32.93008418428121,4.740520905877825
36.36363636363637,92.92929292929294,7.033126700087726,15.98563960600843,1.806438290441996
37.37373737373738,92.92929292929294,5.673925591824145,19.32670594984965,1.65714560820036
38.38383838383839,92.92929292929294,4.825270841563842,14.87429434464763,1.662140666316672
39.3939393939394,92.92929292929294,5.479276248904023,18.08539533919896,1.328133126650357
40.40404040404041,92.92929292929294,5.4416429807469004,10.09831812403753,1.446469226968905
41.41414141414142,92.92929292929294,3.808191409385745,12.57558253966769,2.15473036262076
42.42424242424243,92.92929292929294,2.2603640707112196,11.1630129483946,0.8065594842146171
43.43434343434344,92.92929292929294,3.772220512928068,16.60729974532565,1.871014348390531
44.44444444444445,92.92929292929294,4.468333890758351,12.85618449236781,1.498020737497007
45.45454545454546,92.92929292929294,7.147440429859123,21.37654482092175,2.467676160769557
46.46464646464647,92.92929292929294,4.339880294278073,12.52071977011674,1.71389139528969
47.47474747474748,92.92929292929294,2.0902654644615333,11.25479768399803,0.2657291305916377
48.48484848484848,92.92929292929294,6.194575538152518,12.67867189923052,2.550446919465064
49.49494949494949,92.92929292929294,12.967467261303899,26.11356042353485,1.160041309809386
50.50505050505051,92.92929292929294,6.8668177354295565,12.78780868621889,0.8777761455739306
51.51515151515152,92.92929292929294,8.909604754862727,21.73186208917954,0.5373684296063
52.52525252525253,92.92929292929294,4.812347807848603,15.06450760449314,1.993914703340372
53.53535353535354,92.92929292929294,6.081707488314597,19.48342148694992,1.470823701328296
54.54545454545455,92.92929292929294,5.989311061103888,24.98980061535309,2.228411682743385
55.55555555555556,92.92929292929294,6.066014238460875,13.78757676121417,1.864003002905089
56.56565656565657,92.92929292929294,7.873941569627723,17.04701854273085,1.376986935620791
57.57575757575758,92.92929292929294,4.834900984815721,20.98026376729297,2.402847943034308
58.58585858585859,92.92929292929294,3.881354725975809,18.78769306897645,5.055003756339576
59.5959595959596,92.92929292929294,7.4495294797538305,20.22478575814985,2.59269791729792
60.60606060606061,92.92929292929294,6.271358964416177,16.54287483421373,4.723639959850759
61.61616161616162,92.92929292929294,6.057812319758287,25.9274329680489,6.897081118894079
62.62626262626263,92.92929292929294,13.133063505611478,35.03945219245319,4.028464168286901
63.63636363636364,92.92929292929294,5.349048009271635,24.78110534368292,5.732085708849179
64.64646464646465,92.92929292929294,2.8162007505060407,23.15995329348813,3.896312992970234
65.65656565656566,92.92929292929294,3.938871831370821,19.18885833148324,4.248879687068326
66.66666666666667,92.92929292929294,4.040543354480686,17.0946199176936,3.07863631498472
67.67676767676768,92.92929292929294,7.651274257367261,23.24229281580365,4.059098103077053
68.68686868686869,92.92929292929294,5.139797530681266,19.63843145810969,1.139303142925548
69.6969696969697,92.92929292929294,5.881524696704995,12.3234753514267,1.092683026171755
70.70707070707071,92.92929292929294,5.655990592505756,19.96193711803157,2.165411304692962
71.71717171717172,92.92929292929294,4.945531530629422,12.65934839543709,0.9472124711766647
72.72727272727273,92.92929292929294,4.084266100571809,9.448007622908284,2.284925436868403
73.73737373737374,92.92929292929294,3.9471629504472734,14.38144288075748,0.8818366968947609
74.74747474747475,92.92929292929294,13.634670973288907,9.886595028001251,1.17431476081937
75.75757575757576,92.92929292929294,17.86710950441627,31.19056887900003,1.480635430863778
76.76767676767678,92.92929292929294,5.869209487554784,12.20546488085036,1.603127115004275
77.77777777777779,92.92929292929294,5.334424387171105,11.72788380697962,0.620720495082987
78.7878787878788,92.92929292929294,11.20579693663342,22.94721428990773,1.15835577666507
79.7979797979798,92.92929292929294,4.501303776761215,15.0341251946834,2.053987676875745
80.80808080808082,92.92929292929294,3.7027519537432507,11.42849475935387,1.293906573233261
81.81818181818183,92.92929292929294,3.1246326472737103,17.36612483172793,1.067000936334047
82.82828282828284,92.92929292929294,5.950287878405996,12.2805183405672,1.320362616915676
83.83838383838385,92.92929292929294,7.689325029705481,20.55382712530321,1.191490642917622
84.84848484848486,92.92929292929294,2.517400299008979,16.78460379234806,1.426851682115132
85.85858585858587,92.92929292929294,4.984753223674106,13.27939468084717,1.739958124111992
86.86868686868688,92.92929292929294,6.157726479580571,21.64890064476055,1.275041221687285
87.87878787878789,92.92929292929294,6.184079657181575,12.01477263865521,1.740672952602235
88.8888888888889,92.92929292929294,9.013092306332494,7.48243568537259,1.491460985335098
89.89898989898991,92.92929292929294,5.094707759302135,19.90862694166714,3.897137803495207
90.90909090909092,92.92929292929294,11.258984183184907,23.02544554262927,5.348328941265089
91.91919191919193,92.92929292929294,6.065896174160262,30.99368368062649,5.148035153270537
92.92929292929294,92.92929292929294,5.828044309128975,28.26874200814345,3.706237172738976
93.93939393939395,92.92929292929294,8.50820436060523,18.32426988161163,4.91343302417136
94.94949494949496,92.92929292929294,4.664803514172455,23.46758861479564,4.321765773648064
95.95959595959597,92.92929292929294,6.322547871434004,26.19598202412679,3.169777244951719
96.96969696969697,92.92929292929294,11.421730251309258,12.25245725367923,3.952578336406596
97.97979797979798,92.92929292929294,2.8784642334736743,16.90176241849842,4.567262308707579
98.98989898989899,92.92929292929294,3.0178142284901517,21.99572315649369,3.095842346055614
100.0,92.92929292929294,7.65895699604701,19.59066546109988,1.456635797447024
0.0,93.93939393939395,6.31730826334642,27.49551024181567,6.022907012432225
1.01010101010101,93.93939393939395,8.106587646143511,29.95147001083361,5.877241951343111
2.02020202020202,93.93939393939395,3.5288695081455472,30.61081248352759,4.135501481151202
3.03030303030303,93.93939393939395,6.856985022622796,24.073258719787,5.034527300274302
4.040404040404041,93.93939393939395,8.263847834932877,11.87740042958355,4.331849620963854
5.050505050505051,93.93939393939395,5.904049768494897,22.25609093084541,1.690718097766923
6.060606060606061,93.93939393939395,3.0188825612917602,17.4439094460976,1.067908579146995
7.070707070707071,93.93939393939395,4.461298581576671,17.04957964156812,1.487887132928942
8.080808080808081,93.93939393939395,8.108672898123244,7.413454544596414,2.215825012533571
9.090909090909092,93.93939393939395,6.539576597699018,14.39843306613195,1.746498006949592
10.1010101010101,93.93939393939395,3.6676232158120508,9.916066977350127,1.231499831151295
11.11111111111111,93.93939393939395,3.1741222007395256,12.8366939187885,1.175668880977205
12.12121212121212,93.93939393939395,1.5210978297999853,10.43928759564566,1.532640191025106
13.13131313131313,93.93939393939395,2.641024513905683,12.89112517918718,1.711996940277526
14.14141414141414,93.93939393939395,2.4529055521164143,13.8415213591311,1.887648493863554
15.15151515151515,93.93939393939395,2.7938006202263406,15.65605176873415,1.873619851774644
16.16161616161616,93.93939393939395,2.4021175417656453,15.69336825648508,1.874160934588166
17.17171717171717,93.93939393939395,8.236206498573377,10.01993676011816,0.8707268752332741
18.18181818181818,93.93939393939395,7.38430481822307,18.81744037894517,1.117983594496071
19.19191919191919,93.93939393939395,9.427858530544004,7.783115815021164,2.132420176843283
20.2020202020202,93.93939393939395,3.9851976359348265,13.6921497874734,1.358439417612663
21.21212121212121,93.93939393939395,5.100606181798483,15.72620040890901,0.720761185215828
22.22222222222222,93.93939393939395,4.108134594310663,14.70127846975578,1.677540318208243
23.23232323232324,93.93939393939395,5.74671141837174,15.71468427850941,1.201310072534542
24.24242424242424,93.93939393939395,9.39810996895595,5.456746103933622,1.985707142586553
25.25252525252525,93.93939393939395,5.461174983182694,11.62312452359832,1.052617788424316
26.26262626262626,93.93939393939395,6.5541655909932315,12.21006136018813,1.096106081892487
27.27272727272727,93.93939393939395,10.839376586433495,28.84368434526049,4.17329724113671
28.28282828282828,93.93939393939395,12.250217738753284,18.50329658811908,4.463804129480178
29.29292929292929,93.93939393939395,7.836732941146939,30.20809074231365,5.979312040964681
30.3030303030303,93.93939393939395,4.408903229673832,27.64900031603611,4.423625649524558
31.31313131313131,93.93939393939395,5.628641643066552,29.06913121666186,6.211762513112783
32.32323232323233,93.93939393939395,6.678933144025854,33.64393447921682,3.640662116011327
33.33333333333334,93.93939393939395,7.05110768481185,23.98586386707642,4.519280720211681
34.34343434343435,93.93939393939395,7.998716705213557,18.18369630093889,4.123668889549014
35.35353535353536,93.93939393939395,8.302609536137295,26.93903494828685,4.14448248200638
36.36363636363637,93.93939393939395,4.093764499984157,16.88778215478008,0.7790757524008508
37.37373737373738,93.93939393939395,5.6106057939141545,12.45066035257194,2.086436315555116
38.38383838383839,93.93939393939395,6.382952772510667,20.41569205610262,0.5313795265368852
39.3939393939394,93.93939393939395,13.854324853312928,26.36160301910618,1.334794978789196
40.40404040404041,93.93939393939395,15.855671509266871,1.868812714291291,1.653861901151741
41.41414141414142,93.93939393939395,9.452027596131343,19.44733643337256,0.7185637276835832
42.42424242424243,93.93939393939395,5.300639810684519,9.260755749542323,0.6921058017966129
43.43434343434344,93.93939393939395,4.843358024334947,11.88680660864763,1.29478260917356
44.44444444444445,93.93939393939395,4.382117145887591,13.52300228094564,1.310094915767211
45.45454545454546,93.93939393939395,10.509254990117173,24.86503682192803,1.297961521643437
46.46464646464647,93.93939393939395,5.199810677594197,14.4555305272587,1.265795135896082
47.47474747474748,93.93939393939395,2.1423466106875275,12.24086140287569,2.089784121041453
48.48484848484848,93.93939393939395,4.346027827581814,16.34626796296552,1.17019766860503
49.49494949494949,93.93939393939395,7.075400824479392,10.17688472803851,1.578597321936017
50.50505050505051,93.93939393939395,3.626585264792147,13.09839249491213,1.065404205513358
51.51515151515152,93.93939393939395,4.325856756424608,14.8928814760187,0.0
52.52525252525253,93.93939393939395,1.9661437493761897,15.15424378805377,1.208025289373699
53.53535353535354,93.93939393939395,1.968657778797847,18.95568220297989,2.185881483278441
54.54545454545455,93.93939393939395,3.5689275665376674,18.42227839173814,3.082833642118915
55.55555555555556,93.93939393939395,3.6568602099063816,13.51965968919482,0.9220854420594896
56.56565656565657,93.93939393939395,5.528703998860966,7.514797309689204,1.289899479135172
57.57575757575758,93.93939393939395,6.533514057239873,9.32830631084692,0.8387400282004809
58.58585858585859,93.93939393939395,4.521047991976313,19.61274903608306,5.241556393031668
59.5959595959596,93.93939393939395,8.46484298961003,25.72644759445511,4.483392008074873
60.60606060606061,93.93939393939395,11.91176518084988,12.13839162057284,3.865832094993259
61.61616161616162,93.93939393939395,7.968192354210086,26.49475199429691,5.467559829730962
62.62626262626263,93.93939393939395,6.0811216649450035,23.67634414837836,4.004182319546596
63.63636363636364,93.93939393939395,7.736231571016088,30.64360959072695,5.804365541425631
64.64646464646465,93.93939393939395,7.676337046533677,19.46464583391913,5.179238908603947
65.65656565656566,93.93939393939395,4.170836887701917,23.00052820480792,3.274735698725098
66.66666666666667,93.93939393939395,5.085730080868606,18.52522125817784,5.0039728685636
67.67676767676768,93.93939393939395,8.346702195629694,10.15800329565447,1.801684323645
68.68686868686869,93.93939393939395,5.26533390704618,17.3578932986255,1.247539026099699
69.6969696969697,93.93939393939395,6.151359857426831,10.0176444080491,1.611909096954999
70.70707070707071,93.93939393939395,3.2198858664574783,19.72379695831832,0.735608779280577
71.71717171717172,93.93939393939395,4.592624267667699,19.97838541573881,1.856554865260219
72.72727272727273,93.93939393939395,3.8033031861728808,13.87915787303064,2.537151058346793
73.73737373737374,93.93939393939395,5.186195021801643,18.17242120409436,0.8139180680273673
74.74747474747475,93.93939393939395,13.163709807539163,25.61927932214381,1.322298875513553
75.75757575757576,93.93939393939395,13.295657504341204,7.535534044513631,0.2954552865413991
76.76767676767678,93.93939393939395,1.8184361828233895,9.430519744160366,2.331434130813354
77.77777777777779,93.93939393939395,1.658670193779274,9.527254424035421,1.345831625094909
78.7878787878788,93.93939393939395,5.1330071874345595,11.68386415075916,1.364451616396585
79.7979797979798,93.93939393939395,4.521716078048424,17.24014735036229,1.770621174870892
80.80808080808082,93.93939393939395,2.869060427342075,12.97418049313374,2.325202304220673
81.81818181818183,93.93939393939395,2.530810755445112,17.59113563588431,1.90388471902459
82.82828282828284,93.93939393939395,3.864052175669777,18.26465054303219,1.544765417591134
83.83838383838385,93.93939393939395,6.556903223076377,26.05444705095826,1.931022130683274
84.84848484848486,93.93939393939395,6.101011027758516,18.1734002146844,1.477183113045989
85.85858585858587,93.93939393939395,10.986210224849922,7.234513766029992,1.84864129647214
86.86868686868688,93.93939393939395,5.189673317960347,17.2285300442757,1.397173830219905
87.87878787878789,93.93939393939395,4.719210503412982,20.01499937158179,2.096127019094183
88.8888888888889,93.93939393939395,5.122171792727288,21.52262226245263,1.940660820966775
89.89898989898991,93.93939393939395,5.227754282482192,19.10200267798029,3.338244338989907
90.90909090909092,93.93939393939395,7.796560319464489,33.95087999378028,4.270567307907145
91.91919191919193,93.93939393939395,10.148236776725021,37.04294117072394,5.774687727620429
92.92929292929294,93.93939393939395,7.0602283951244456,23.91078350803378,5.250909648822663
93.93939393939395,93.93939393939395,4.08569108361522,26.23610873792758,3.651379908798894
94.94949494949496,93.93939393939395,3.870121837754154,25.54989446735155,5.717124878049532
95.95959595959597,93.93939393939395,3.0831063345069376,23.34111294333161,3.198033324834769
96.96969696969697,93.93939393939395,4.603321990684025,19.75166532692327,3.55414689538526
97.97979797979798,93.93939393939395,5.397575583422112,15.19110294313891,5.080434364824618
98.98989898989899,93.93939393939395,8.901699240604815,25.37551787267358,1.597684291891023
100.0,93.93939393939395,11.61899325865956,6.85224030591325,1.045332865253586
0.0,94.94949494949496,9.791615775363681,14.6002483721894,5.366303988120849
1.01010101010101,94.94949494949496,13.9960080034992,8.928914483138215,3.837238222711633
2.02020202020202,94.94949494949496,13.735459753317883,31.45056542888416,3.569754175330543
3.03030303030303,94.94949494949496,5.249811852020312,22.54221937036267,4.549797538268685
4.040404040404041,94.94949494949496,3.8971495284720645,14.63245391079441,3.778738811814066
5.050505050505051,94.94949494949496,4.58217410128426,17.78108125954375,1.869581378803858
6.060606060606061,94.94949494949496,4.704656719085113,14.35861321137767,2.623850747982012
7.070707070707071,94.94949494949496,6.706809243696053,10.01645088232773,2.126086968173661
8.080808080808081,94.94949494949496,5.412811722902028,17.91910640501905,1.491260841740375
9.090909090909092,94.94949494949496,3.1391512495138296,14.85354682320697,1.896551045992587
10.1010101010101,94.94949494949496,8.562450193086626,6.468315232962353,1.357034510733036
11.11111111111111,94.94949494949496,8.678975637082175,18.80207798434675,0.5808580955000722
12.12121212121212,94.94949494949496,5.940462856202104,10.45088877003685,1.653606047858406
13.13131313131313,94.94949494949496,3.859908757567406,16.4259793830312,1.337635753001955
14.14141414141414,94.94949494949496,3.824416319549135,11.90998742850931,1.215344726850023
15.15151515151515,94.94949494949496,5.68187992583579,12.4999338918259,1.882117021481553
16.16161616161616,94.94949494949496,3.274358293245888,17.59787797290102,1.473864632205077
17.17171717171717,94.94949494949496,4.055832566218189,17.12066266902418,1.754057894045495
18.18181818181818,94.94949494949496,5.692986455246874,23.22896256175137,1.115023973149484
19.19191919191919,94.94949494949496,6.574247978399077,17.9079501117833,1.492487631886375
20.2020202020202,94.94949494949496,6.470007666240612,12.90194057514278,0.7235340136309543
21.21212121212121,94.94949494949496,11.667743597085892,25.20721180150102,1.016629434742614
22.22222222222222,94.94949494949496,5.472315030832108,19.34140487762653,1.416932366579655
23.23232323232324,94.94949494949496,2.7732763407572074,12.7901057941247,2.545365509634884
24.24242424242424,94.94949494949496,4.322414312208716,13.02168976295775,1.952080112450803
25.25252525252525,94.94949494949496,4.569061963145419,16.65177614556702,1.645172361470177
26.26262626262626,94.94949494949496,4.779196526921899,19.89254045192394,1.303887025802223
27.27272727272727,94.94949494949496,6.319944056579041,22.89762165060051,4.388165893798559
28.28282828282828,94.94949494949496,14.261363100539867,35.13659373673897,3.932059106348287
29.29292929292929,94.94949494949496,11.406707482016529,16.6205907041211,4.420728717392742
30.3030303030303,94.94949494949496,3.662096724848575,19.95709959617245,4.813785016187604
31.31313131313131,94.94949494949496,5.480396735786409,17.15099060262543,4.508484240368692
32.32323232323233,94.94949494949496,8.580994650073192,22.1528371499344,4.640538526259119
33.33333333333334,94.94949494949496,12.397840668109733,36.48396085333388,4.832403367968822
34.34343434343435,94.94949494949496,10.038423290908625,23.53579252962155,4.580819524325385
35.35353535353536,94.94949494949496,4.932357145109699,18.52623748058676,3.649898337825043
36.36363636363637,94.94949494949496,2.8228790170243734,17.87232301023015,0.9550885006875232
37.37373737373738,94.94949494949496,5.332522238776997,15.61488442521203,1.540898331998207
38.38383838383839,94.94949494949496,4.3791607329884705,14.33622134404918,0.2912291693922677
39.3939393939394,94.94949494949496,7.195649680895835,9.659212553580137,0.996071792577697
40.40404040404041,94.94949494949496,7.000833204047028,14.99067931771638,1.766626562831801
41.41414141414142,94.94949494949496,2.0935740269911376,16.27608434546356,1.399968245481444
42.42424242424243,94.94949494949496,4.637456422657763,15.74842625049258,1.363641101000765
43.43434343434344,94.94949494949496,8.29548446560107,22.27749903790608,1.615658944134873
44.44444444444445,94.94949494949496,5.745603005875388,9.639581699253505,1.971225295466696
45.45454545454546,94.94949494949496,8.700606275636508,8.068049698117335,1.534231508024315
46.46464646464647,94.94949494949496,8.254840681241461,20.69578706144119,1.484438320003754
47.47474747474748,94.94949494949496,3.5691693023590525,10.97761436347608,1.978337354687603
48.48484848484848,94.94949494949496,6.012578820936986,12.9045425113901,2.596834159716519
49.49494949494949,94.94949494949496,3.542024653737424,6.902848127417914,1.326743887745215
50.50505050505051,94.94949494949496,7.788415225935872,3.61863199241697,1.349266205978263
51.51515151515152,94.94949494949496,7.83717898065515,6.484286356622749,1.453240558856538
52.52525252525253,94.94949494949496,5.062389120500869,18.86628187503671,1.385726197440486
53.53535353535354,94.94949494949496,3.3893128811892432,15.9436325979264,0.9130046010558931
54.54545454545455,94.94949494949496,1.410412594334582,16.15011286298749,1.657631002876754
55.55555555555556,94.94949494949496,3.6989298894264415,16.97170237475206,1.284580686390709
56.56565656565657,94.94949494949496,2.801983580525286,12.27902069142809,2.087734146853372
57.57575757575758,94.94949494949496,3.3026948619918253,11.7124533569665,2.649159849737899
58.58585858585859,94.94949494949496,3.574708884735062,20.47374375327351,6.435833310708568
59.5959595959596,94.94949494949496,8.149509782512096,17.07049200457457,4.690073305976164
60.60606060606061,94.94949494949496,10.860576520409793,27.43655278272513,4.033211857764447
61.61616161616162,94.94949494949496,11.976051208638616,12.36406982334719,4.383082434415252
62.62626262626263,94.94949494949496,6.861386744173741,26.8520494758164,4.156462084931251
63.63636363636364,94.94949494949496,8.84915524330996,23.70741675286304,5.415813374365508
64.64646464646465,94.94949494949496,15.530057734191448,7.169451235050036,4.920206837253211
65.65656565656566,94.94949494949496,6.5236470567296205,18.14003984484381,4.951748922332271
66.66666666666667,94.94949494949496,5.654757694801511,12.45542718434111,4.774324081569141
67.67676767676768,94.94949494949496,3.9369661615548526,14.89341459252967,1.771402212979303
68.68686868686869,94.94949494949496,6.133071802589788,21.5985518737786,1.724953687105195
69.6969696969697,94.94949494949496,4.638935380452445,15.2708514535332,1.350440972489731
70.70707070707071,94.94949494949496,3.6334725882426477,17.04313465989137,1.612097541446696
71.71717171717172,94.94949494949496,6.737716972860281,24.67602946597923,1.406193774328231
72.72727272727273,94.94949494949496,3.136085222837945,14.26872949382792,1.370213179334255
73.73737373737374,94.94949494949496,2.8774397539043566,12.95874088933784,2.372742131927575
74.74747474747475,94.94949494949496,4.076481297516798,14.22772778180935,2.236843051985568
75.75757575757576,94.94949494949496,9.287532815039455,17.08439825011514,1.209880458816306
76.76767676767678,94.94949494949496,6.972325584545637,6.923440529078593,1.190358304682722
77.77777777777779,94.94949494949496,5.680283160009194,7.346547438461317,0.476365600564566
78.7878787878788,94.94949494949496,2.8082809705300305,13.23964983502196,1.279782516780055
79.7979797979798,94.94949494949496,4.894706173297051,11.18155525067916,1.434862531069693
80.80808080808082,94.94949494949496,1.8899204215251877,11.92654651752443,0.9877893770730962
81.81818181818183,94.94949494949496,3.9342529240501896,12.98337346815869,1.083662640563384
82.82828282828284,94.94949494949496,3.567118597711269,19.27341562817236,1.620605784002341
83.83838383838385,94.94949494949496,4.41764055303135,20.99829742850773,0.3850835169532963
84.84848484848486,94.94949494949496,5.4563719944980615,13.97808581091494,0.8176894637292301
85.85858585858587,94.94949494949496,9.71127318465602,24.20157102371238,1.050582833553506
86.86868686868688,94.94949494949496,4.902214187468103,20.78636711008044,1.989694265899395
87.87878787878789,94.94949494949496,5.223500510821605,13.43247630903337,0.2661672922945938
88.8888888888889,94.94949494949496,3.4170543456713545,19.00236414396669,1.706920833464022
89.89898989898991,94.94949494949496,4.847604762923408,21.93689864394988,4.156673654737398
90.90909090909092,94.94949494949496,7.271193411722429,31.63101165981699,3.358580611639511
91.91919191919193,94.94949494949496,11.003072619245549,18.72347039355513,4.541434322379444
92.92929292929294,94.94949494949496,4.820410122725084,15.48531132022963,4.641904911982218
93.93939393939395,94.94949494949496,8.535699910100027,20.81672276025248,5.417637128389187
94.94949494949496,94.94949494949496,10.730006029615794,36.05308017121629,4.288456341689366
95.95959595959597,94.94949494949496,5.665783699496265,27.0204400601359,4.230309514421635
96.96969696969697,94.94949494949496,7.794074485648301,22.51573521622263,3.295788051217785
97.97979797979798,94.94949494949496,10.347841808526587,10.056437398129,4.616169572935814
98.98989898989899,94.94949494949496,10.938481105236546,28.89482762261795,1.854237806405565
100.0,94.94949494949496,9.187439911429616,10.44751735994497,1.798574647347158
0.0,95.95959595959597,7.227833274846003,25.40849993960299,4.412256986051786
1.01010101010101,95.95959595959597,8.609618461835003,15.69740613464249,4.609743998801753
2.02020202020202,95.95959595959597,14.86236454626888,8.778476365236639,4.74541875732498
3.03030303030303,95.95959595959597,4.558447092901373,19.8921228297955,5.644622377641328
4.040404040404041,95.95959595959597,3.6331986110827375,16.40760573515421,4.240666213714238
5.050505050505051,95.95959595959597,8.976422415178401,10.49848992262379,1.401411726913104
6.060606060606061,95.95959595959597,7.487771126811319,22.32731347578217,1.641618168577612
7.070707070707071,95.95959595959597,4.640459315540525,17.56574124613029,1.092883906626715
8.080808080808081,95.95959595959597,1.8552677036361924,17.74172647833698,2.119988232066621
9.090909090909092,95.95959595959597,2.345148841333532,15.50424689213057,2.002018719639297
10.1010101010101,95.95959595959597,4.8128725050051395,16.55136991929207,1.543255953368492
11.11111111111111,95.95959595959597,6.127081483679397,10.73651146727059,0.9341835130640881
12.12121212121212,95.95959595959597,13.514630088700896,1.026918346923874,1.396741813893004
13.13131313131313,95.95959595959597,5.155025104587074,17.83967764194056,1.614976848292452
14.14141414141414,95.95959595959597,5.6798505049975345,20.17018035824558,1.465249202859573
15.15151515151515,95.95959595959597,10.593274631636474,26.3834451738691,1.630767685953304
16.16161616161616,95.95959595959597,7.159887957083111,11.98011390128537,0.1599736150707787
17.17171717171717,95.95959595959597,4.267930753985901,19.65775182838689,0.9286971337308744
18.18181818181818,95.95959595959597,4.383454949347065,16.29785126626533,1.005450742121993
19.19191919191919,95.95959595959597,6.469361107411524,12.06281448155772,1.105103171496945
20.2020202020202,95.95959595959597,8.142950974800847,5.123399885509714,1.403338922913426
21.21212121212121,95.95959595959597,10.41339253729995,6.188326955982206,2.174021341796302
22.22222222222222,95.95959595959597,10.662727809136218,24.17343258570789,2.501456299052817
23.23232323232324,95.95959595959597,6.3247616212990305,11.40446196781546,1.356517180244741
24.24242424242424,95.95959595959597,10.20943741765281,18.88473300132617,2.053712022370727
25.25252525252525,95.95959595959597,7.576857301333861,10.27503060392023,2.514024619960438
26.26262626262626,95.95959595959597,3.691641886199077,14.70407894100564,1.145276016516163
27.27272727272727,95.95959595959597,4.65704516884661,18.80796140375936,4.466849193420655
28.28282828282828,95.95959595959597,7.175334587252164,25.47941360195573,4.866427499763966
29.29292929292929,95.95959595959597,4.839607190891945,26.80740866932544,5.24556487739304
30.3030303030303,95.95959595959597,4.551695064867321,19.14323130224018,5.342120957896314
31.31313131313131,95.95959595959597,0.876660807916517,19.34648139087865,3.528858443702553
32.32323232323233,95.95959595959597,5.132660292476037,18.6529261296325,3.644877261448194
33.33333333333334,95.95959595959597,11.072613730205187,26.66998719426423,4.047447858883314
34.34343434343435,95.95959595959597,19.502998230572494,6.691918967416828,4.824915565101666
35.35353535353536,95.95959595959597,11.18122580631588,24.17939907393407,3.767544317193689
36.36363636363637,95.95959595959597,10.31263472552251,10.47670085295746,5.380496808870355
37.37373737373738,95.95959595959597,14.240813563174575,0.9851212089250994,1.770685747735933
38.38383838383839,95.95959595959597,9.58481218674666,19.81772169231773,1.288816425896009
39.3939393939394,95.95959595959597,8.312960165473958,7.587479850128131,1.212666522022612
40.40404040404041,95.95959595959597,7.662171430939704,23.25527373859598,0.7205107454053137
41.41414141414142,95.95959595959597,5.225261158929238,19.66606524280095,1.172003102514429
42.42424242424243,95.95959595959597,7.987646544644594,10.74300194319626,1.463320583920183
43.43434343434344,95.95959595959597,4.911800046147044,18.65324373082632,1.66434937709449
44.44444444444445,95.95959595959597,4.696891856637652,14.52912380127418,2.073991197577176
45.45454545454546,95.95959595959597,5.2646009716838975,11.87421831239264,1.935357276130041
46.46464646464647,95.95959595959597,11.70258197004801,25.12898319093558,0.8164447179524975
47.47474747474748,95.95959595959597,6.9361088538499045,12.34594368763355,1.938649441354763
48.48484848484848,95.95959595959597,13.676150316059323,25.58450981167642,1.820584454198814
49.49494949494949,95.95959595959597,9.323439153896377,8.510999622773884,2.213539879821686
50.50505050505051,95.95959595959597,8.568330188003694,19.14266189445858,1.340218438176038
51.51515151515152,95.95959595959597,5.1892649796355705,14.17675727722766,2.747396449821214
52.52525252525253,95.95959595959597,6.0548084442367,20.09915547453298,0.3446217114705931
53.53535353535354,95.95959595959597,6.878655786075575,8.527560220394315,1.624782655358268
54.54545454545455,95.95959595959597,2.741600952717914,13.80869779122547,1.043419062006551
55.55555555555556,95.95959595959597,3.0213578760000535,11.14229669769207,2.341645553098474
56.56565656565657,95.95959595959597,3.048811719737678,13.46348261400479,1.809997578936497
57.57575757575758,95.95959595959597,7.847684020998825,10.21367868588738,2.443481595504885
58.58585858585859,95.95959595959597,5.3635113058194746,19.20044507652966,4.653141782959617
59.5959595959596,95.95959595959597,8.33058263027133,27.24326301789292,3.42112493237425
60.60606060606061,95.95959595959597,3.8469381810120122,24.73095160076674,4.444980498490718
61.61616161616162,95.95959595959597,7.426475612572459,16.57712987510478,3.628153664445943
62.62626262626263,95.95959595959597,5.395135993345507,20.21482020198205,3.990869862018982
63.63636363636364,95.95959595959597,9.293968523161235,14.92958685825347,5.735972573211877
64.64646464646465,95.95959595959597,13.97751412396475,29.48593344533997,3.837241974351599
65.65656565656566,95.95959595959597,4.742830187425626,22.71893844150171,3.792206513806443
66.66666666666667,95.95959595959597,4.279550564826199,20.88206382101916,4.734204996520221
67.67676767676768,95.95959595959597,4.063863932761018,16.76274325243639,4.525098118442584
68.68686868686869,95.95959595959597,3.535000525256265,14.33976094006688,2.30020053602681
69.6969696969697,95.95959595959597,4.4656974771351585,10.06830060381109,2.846547450843716
70.70707070707071,95.95959595959597,3.60927073805664,14.59508461779376,1.90261826287926
71.71717171717172,95.95959595959597,6.700991660414712,20.4630004030177,1.196840900464096
72.72727272727273,95.95959595959597,2.951623131023757,14.70621018774103,2.097449521581776
73.73737373737374,95.95959595959597,3.864444939704618,9.241637685438523,2.094733264315596
74.74747474747475,95.95959595959597,6.215328201460427,15.01644407076478,0.9125349550038454
75.75757575757576,95.95959595959597,13.556386170856342,2.500759384901159,0.3581957365756505
76.76767676767678,95.95959595959597,10.370094420131991,21.7215990217601,1.825793297952531
77.77777777777779,95.95959595959597,9.873994098502024,21.57076378698062,1.462309031183708
78.7878787878788,95.95959595959597,3.9363411167817404,14.96579105197584,1.416921640148936
79.7979797979798,95.95959595959597,8.684367301414227,21.89870199299617,1.591083182546768
80.80808080808082,95.95959595959597,5.754695469338042,16.63677601053634,1.035173631880885
81.81818181818183,95.95959595959597,4.450028665527448,9.20099305033148,1.93828034763207
82.82828282828284,95.95959595959597,4.412790259707025,14.02863028281649,0.8975336493129068
83.83838383838385,95.95959595959597,4.369914911826815,17.12897825676102,1.706661438673956
84.84848484848486,95.95959595959597,2.7693532004262713,13.59160906708238,0.139773652769174
85.85858585858587,95.95959595959597,3.2251449635388596,15.96222466920006,1.887038080070328
86.86868686868688,95.95959595959597,2.366503385562828,15.50444214069178,1.000773472695262
87.87878787878789,95.95959595959597,2.7105538510184384,12.04477596427576,2.12504906099234
88.8888888888889,95.95959595959597,6.96465090445801,16.35882721468372,1.09521855451669
89.89898989898991,95.95959595959597,6.697998939017423,25.86377421382362,3.118998010638848
90.90909090909092,95.95959595959597,6.649548671789071,27.46776062901954,2.883183831205852
91.91919191919193,95.95959595959597,6.597830877319678,28.27058975378115,5.358655812649048
92.92929292929294,95.95959595959597,6.565458958200762,17.77190910997747,4.138850303629522
93.93939393939395,95.95959595959597,14.226458384288009,12.66107794851413,4.518453119171902
94.94949494949496,95.95959595959597,9.998962585000513,27.90523927866204,3.69351776750705
95.95959595959597,95.95959595959597,8.803034821673478,21.57397733394879,4.606327828240092
96.96969696969697,95.95959595959597,11.65345675769347,33.96396060750958,4.131866253941348
97.97979797979798,95.95959595959597,10.765850837502743,15.01545104464286,3.910675553603291
98.98989898989899,95.95959595959597,10.389662515965757,31.84374180645784,5.017927126240718
100.0,95.95959595959597,7.502112438360133,15.96724977752912,1.076818214264958
0.0,96.96969696969697,2.8957100077763065,24.24434548743907,3.752834538814865
1.01010101010101,96.96969696969697,4.685340444795418,26.73736475611188,2.811517058966952
2.02020202020202,96.96969696969697,9.221876712398458,27.52326925269993,5.7437777473751
3.03030303030303,96.96969696969697,4.865753210632635,18.90659455795733,4.642435848598445
4.040404040404041,96.96969696969697,1.7262065100312594,19.77161544795365,4.638185181261704
5.050505050505051,96.96969696969697,5.70949511556327,21.38364888072864,4.111766927735083
6.060606060606061,96.96969696969697,7.204262920654279,16.93532501575165,0.0
7.070707070707071,96.96969696969697,6.6926081379810105,11.49075180962932,1.902549991966929
8.080808080808081,96.96969696969697,8.106015078064551,22.57195254778658,2.143161783118543
9.090909090909092,96.96969696969697,6.844791341991102,10.05895420908795,1.494803814001221
10.1010101010101,96.96969696969697,2.8414631215584385,14.24491606478421,2.162885823315182
11.11111111111111,96.96969696969697,5.280834367485468,9.818203621997357,1.152001795142993
12.12121212121212,96.96969696969697,10.029968785247586,19.13911586325108,0.6553379956170048
13.13131313131313,96.96969696969697,1.3949006563975104,17.77653749382333,1.797754519105251
14.14141414141414,96.96969696969697,4.465912089550891,14.25473879992025,1.875271576949035
15.15151515151515,96.96969696969697,5.782066383560939,18.51045401757365,0.8804411965769147
16.16161616161616,96.96969696969697,3.7890771832070707,12.92093245831691,1.577671264624283
17.17171717171717,96.96969696969697,3.1780162182320626,16.16065646102907,1.330692393415029
18.18181818181818,96.96969696969697,3.3823639784765245,19.30562242133838,0.832015059723351
19.19191919191919,96.96969696969697,3.5224233010463495,20.92067190022262,1.656897013091093
20.2020202020202,96.96969696969697,12.229131257338214,21.91232142855954,2.080467591717227
21.21212121212121,96.96969696969697,5.993742766469513,9.772979559465016,1.916221570022805
22.22222222222222,96.96969696969697,5.179778773634953,17.10862530486249,1.747474975346196
23.23232323232324,96.96969696969697,5.286484593073104,15.0686229752992,1.152212777893383
24.24242424242424,96.96969696969697,18.04574366604062,0.0,1.541769803855831
25.25252525252525,96.96969696969697,11.746295856433196,21.16696353311754,0.5917011590919619
26.26262626262626,96.96969696969697,8.003557575660212,15.74925417504452,3.41231065839269
27.27272727272727,96.96969696969697,6.689896676990106,22.57114717135456,4.333684228487048
28.28282828282828,96.96969696969697,7.933442662161136,14.4347026532964,4.980263786108273
29.29292929292929,96.96969696969697,7.713994070105313,26.98684703323391,4.417081261294145
30.3030303030303,96.96969696969697,12.144417450235732,9.617746792426896,4.98515802492389
31.31313131313131,96.96969696969697,4.546772962014604,19.76082848440688,4.42465733484562
32.32323232323233,96.96969696969697,6.479544084636397,26.97303995335687,4.326192303867963
33.33333333333334,96.96969696969697,6.712972880607847,20.18863522399227,3.675575327989678
34.34343434343435,96.96969696969697,9.340190363103435,30.39448999413745,4.252196634898402
35.35353535353536,96.96969696969697,7.206204730062253,32.06096237835643,4.605114924717241
36.36363636363637,96.96969696969697,7.3939365462258735,21.13733973276584,4.171331528884904
37.37373737373738,96.96969696969697,9.465662898267428,14.99443211791148,1.457226995559528
38.38383838383839,96.96969696969697,3.65708773582121,18.02281561918187,2.150370924670673
39.3939393939394,96.96969696969697,6.7033392193958345,10.86955207791451,0.5831941036367241
40.40404040404041,96.96969696969697,4.799785956475558,20.12818481997965,1.255140209630328
41.41414141414142,96.96969696969697,4.1689922760961675,14.66727329982111,1.913534185019983
42.42424242424243,96.96969696969697,7.235078721524786,20.85485872724357,1.421803644700522
43.43434343434344,96.96969696969697,5.011783740246606,14.6646605705001,1.636664738547933
44.44444444444445,96.96969696969697,5.9967504941430265,7.410123895177926,1.749068426075704
45.45454545454546,96.96969696969697,3.2331253410577476,13.21678321742845,1.655840148532972
46.46464646464647,96.96969696969697,6.592443672604638,8.789655822082883,0.462022683659907
47.47474747474748,96.96969696969697,3.282521690074627,11.9914432237363,1.545064167366131
48.48484848484848,96.96969696969697,5.096236584367289,13.87195216067085,1.514209345484409
49.49494949494949,96.96969696969697,6.610076024895781,16.49143228241619,0.5325404286485099
50.50505050505051,96.96969696969697,6.249846065544184,22.29438585551613,0.6748975260370857
51.51515151515152,96.96969696969697,2.7499273125877397,16.35304346062879,1.437977145854736
52.52525252525253,96.96969696969697,4.091692147241103,14.60678874852644,1.472331423323141
53.53535353535354,96.96969696969697,2.3624332621821913,11.77337816219471,2.768164859904848
54.54545454545455,96.96969696969697,3.627457225050026,14.48614786597055,1.006725275220619
55.55555555555556,96.96969696969697,4.6817010015298965,9.873857880597965,1.306404306659894
56.56565656565657,96.96969696969697,7.007269219549981,8.023687502060904,2.039051867519122
57.57575757575758,96.96969696969697,11.943339381006416,27.86906978004387,4.300604305085824
58.58585858585859,96.96969696969697,5.876067053617982,22.35160729105817,3.621512891484278
59.5959595959596,96.96969696969697,7.531026472500048,14.64883286861539,4.675773717357182
60.60606060606061,96.96969696969697,9.248051106325804,22.71493320146522,5.927103018613732
61.61616161616162,96.96969696969697,7.759649255906566,30.2784602210978,4.322153888666875
62.62626262626263,96.96969696969697,6.297706404113737,26.23521123092388,4.952721354504622
63.63636363636364,96.96969696969697,5.654333115484845,23.48605112547376,4.397425029885286
64.64646464646465,96.96969696969697,8.065937636656958,17.21570075069566,3.295885662316324
65.65656565656566,96.96969696969697,7.740482989996678,28.5074909702255,3.738553647523602
66.66666666666667,96.96969696969697,6.908741485121077,18.14669338745773,4.231736301901659
67.67676767676768,96.96969696969697,6.622496335802023,24.60656744262146,4.663654384703806
68.68686868686869,96.96969696969697,5.511878910149452,14.15299242137884,1.989396863138814
69.6969696969697,96.96969696969697,3.8386256361084485,13.93029531239116,1.607384839169544
70.70707070707071,96.96969696969697,5.535435447233187,16.1894177287161,0.4690352807299826
71.71717171717172,96.96969696969697,6.089262266786949,9.496768824820986,2.051511182192958
72.72727272727273,96.96969696969697,2.754502941872263,14.55856107513829,1.315546278362073
73.73737373737374,96.96969696969697,4.409630159210651,9.742935352728912,1.338999653901347
74.74747474747475,96.96969696969697,9.18411392467622,20.79854951646118,1.588949589740524
75.75757575757576,96.96969696969697,8.526199905165063,10.40614088038999,1.135532365778701
76.76767676767678,96.96969696969697,7.219421294742009,14.41105470555206,2.372766125255633
77.77777777777779,96.96969696969697,10.464272390081407,3.05481171127608,0.9072491735605531
78.7878787878788,96.96969696969697,4.980090326880272,14.48445147782787,2.576894499274281
79.7979797979798,96.96969696969697,10.689492889081887,10.07321645313643,1.319723897103846
80.80808080808082,96.96969696969697,7.954798010230871,22.24761945221191,1.370196480157381
81.81818181818183,96.96969696969697,5.767830852729441,10.95530710192419,1.236081542106599
82.82828282828284,96.96969696969697,8.901718467015193,18.50702076985918,1.939789154526965
83.83838383838385,96.96969696969697,8.09052829028322,10.15635494482364,1.367354866184662
84.84848484848486,96.96969696969697,6.809399115541904,8.808657801006174,1.563199168775917
85.85858585858587,96.96969696969697,3.297789765115919,14.1293893001829,2.252574531519063
86.86868686868688,96.96969696969697,1.3349236206484099,15.77108200863013,1.490305008945402
87.87878787878789,96.96969696969697,5.587387368303981,13.72557359676792,1.744799644617509
88.8888888888889,96.96969696969697,10.783079644703237,27.75489565368493,4.600081521199519
89.89898989898991,96.96969696969697,10.663742533196345,14.10758744196349,3.470104919893148
90.90909090909092,96.96969696969697,12.763454893415382,7.439632512618235,4.414691842094329
91.91919191919193,96.96969696969697,9.004416129620852,22.72789537329374,4.794864626712622
92.92929292929294,96.96969696969697,8.880483705073031,26.13763534776566,4.568507804232061
93.93939393939395,96.96969696969697,15.386310708371624,41.05627418231656,4.780512178814803
94.94949494949496,96.96969696969697,8.801604987890043,38.17782545124869,4.235427399507892
95.95959595959597,96.96969696969697,5.455015841368396,32.61840867618155,5.436701045580293
96.96969696969697,96.96969696969697,6.532523789716078,30.13685180445015,4.09438930638439
97.97979797979798,96.96969696969697,13.40782827401347,12.68786166582744,3.915523924936665
98.98989898989899,96.96969696969697,9.377786243772949,25.9387887171784,3.49620771177551
100.0,96.96969696969697,5.76322388581599,14.85713690896159,0.9106052739262483
0.0,97.97979797979798,3.0949115120012087,19.21438918494688,4.855279682708778
1.01010101010101,97.97979797979798,3.588261374466569,22.31488536366046,4.746501722104846
2.02020202020202,97.97979797979798,8.00593467716823,18.78313448190003,6.063858319106905
3.03030303030303,97.97979797979798,8.452779724768806,27.90238354391078,5.703190384986316
4.040404040404041,97.97979797979798,6.237764687817863,18.70785344339936,3.484582055201241
5.050505050505051,97.97979797979798,9.02386723399383,27.27611308712489,5.094471119417886
6.060606060606061,97.97979797979798,9.755204570594945,30.46749116723893,4.998101591011631
7.070707070707071,97.97979797979798,7.481433155909972,15.6604209807728,1.371379934829863
8.080808080808081,97.97979797979798,2.7437468676680923,18.57231738183387,1.841214779168528
9.090909090909092,97.97979797979798,2.5904521692510967,15.29386669961485,2.578290154957027
10.1010101010101,97.97979797979798,0.8226352027906518,14.69164039802699,1.649261223151522
11.11111111111111,97.97979797979798,6.112515238244268,16.27560856262542,1.78689785363081
12.12121212121212,97.97979797979798,8.017099899165917,7.814928849269416,2.736723555651406
13.13131313131313,97.97979797979798,5.102999644992719,17.14445207968135,0.9853908015164001
14.14141414141414,97.97979797979798,4.736111660986973,10.0840459115985,1.528091904643329
15.15151515151515,97.97979797979798,5.390750294588136,13.10041641653548,1.240336099981336
16.16161616161616,97.97979797979798,7.489975313435378,7.534687844489069,2.108972937805883
17.17171717171717,97.97979797979798,6.127920537089206,18.99093600357803,1.101081545777034
18.18181818181818,97.97979797979798,8.902727544482332,25.06729174097788,1.535371157401495
19.19191919191919,97.97979797979798,7.400329845533019,18.29553512192328,1.466036183504567
20.2020202020202,97.97979797979798,12.569860109027324,2.915709339687955,2.353762627185605
21.21212121212121,97.97979797979798,3.013973385429287,10.68831040736826,1.952821391772838
22.22222222222222,97.97979797979798,4.279267638461703,12.82996556612884,1.149922716725162
23.23232323232324,97.97979797979798,1.4910192804863605,14.69547091535301,1.979713934975527
24.24242424242424,97.97979797979798,6.213246211636018,17.06265515441958,1.375960872258583
25.25252525252525,97.97979797979798,9.991679505281466,11.65838592777262,0.9030489943502803
26.26262626262626,97.97979797979798,15.123409698710276,34.47870688926343,5.244714062253598
27.27272727272727,97.97979797979798,9.300011818563355,30.60921059735158,3.852109979972536
28.28282828282828,97.97979797979798,8.619027086211947,14.43517345528594,3.807537893737526
29.29292929292929,97.97979797979798,6.326769822289503,27.74214032900217,4.328214617711795
30.3030303030303,97.97979797979798,5.93303179013475,21.15775015076954,4.872651747710812
31.31313131313131,97.97979797979798,5.356669761677185,20.17828007800709,3.693245640307939
32.32323232323233,97.97979797979798,5.862685536894211,30.5744862698635,4.155161182024631
33.33333333333334,97.97979797979798,6.263414255135467,23.56891527664192,3.811086544164176
34.34343434343435,97.97979797979798,3.432126434277821,28.60862672280849,5.174168980339981
35.35353535353536,97.97979797979798,5.012508801750056,23.70780179233934,4.588699845581952
36.36363636363637,97.97979797979798,5.806281603197421,19.28876268811568,4.635516132954787
37.37373737373738,97.97979797979798,11.28961171049178,29.67648168587006,5.117918832391712
38.38383838383839,97.97979797979798,8.733341568577735,15.37101779157064,1.783242267107239
39.3939393939394,97.97979797979798,11.334542774917823,3.750163711450052,1.671007998385176
40.40404040404041,97.97979797979798,7.674128773776026,18.77567417491743,1.662883486355295
41.41414141414142,97.97979797979798,3.7398312400388023,14.63859308599728,0.647964879064406
42.42424242424243,97.97979797979798,3.949447832177188,14.40418420935767,2.038833082994918
43.43434343434344,97.97979797979798,4.6959176350578815,17.27847753909466,2.303134311054845
44.44444444444445,97.97979797979798,3.4378858324803856,11.21692996808108,1.917154309882146
45.45454545454546,97.97979797979798,1.7344494567271744,11.86063347582936,1.147583780505143
46.46464646464647,97.97979797979798,3.784726942867074,11.19118834664976,1.950078533667293
47.47474747474748,97.97979797979798,7.8426635433505485,19.68473318154959,1.219412104068882
48.48484848484848,97.97979797979798,6.9860473872798465,9.699552532887154,1.898353031373069
49.49494949494949,97.97979797979798,6.578243337395125,6.453994537320654,1.336455563408837
50.50505050505051,97.97979797979798,4.926171004919453,12.19102152238422,1.297076099273015
51.51515151515152,97.97979797979798,3.292227939403862,15.21721750066865,1.524932593462815
52.52525252525253,97.97979797979798,5.121610162819716,8.312052184002651,1.053438446667704
53.53535353535354,97.97979797979798,4.464834489406357,11.11564334537391,1.038662033014143
54.54545454545455,97.97979797979798,7.5562366991902294,20.99346700227715,0.9736749435433221
55.55555555555556,97.97979797979798,6.346808887370858,20.8697627057138,1.606488146877337
56.56565656565657,97.97979797979798,11.112315022485706,7.129958392324892,1.264671882683293
57.57575757575758,97.97979797979798,9.449727055419498,23.11394811714336,3.986929770000202
58.58585858585859,97.97979797979798,6.059183817750391,15.21873820254323,3.763893180887069
59.5959595959596,97.97979797979798,7.91290719832304,16.40963385404544,5.292119369674732
60.60606060606061,97.97979797979798,21.34110222882425,42.06149187498451,3.655583987564065
61.61616161616162,97.97979797979798,8.743415365477142,24.54796955327105,4.555693349026046
62.62626262626263,97.97979797979798,9.645190191516726,13.8571857390348,3.45003343212654
63.63636363636364,97.97979797979798,6.116598597209558,18.44469341098289,3.358592060456624
64.64646464646465,97.97979797979798,8.001703379307969,14.78432349302008,5.0079688625017
65.65656565656566,97.97979797979798,12.490010647542125,32.02828259919081,3.532553806922786
66.66666666666667,97.97979797979798,4.872760494758648,26.22561725644911,5.087116047501551
67.67676767676768,97.97979797979798,2.695831514557792,26.33927951923813,4.190254542037362
68.68686868686869,97.97979797979798,9.187526487516921,25.33746741305831,5.132745924644928
69.6969696969697,97.97979797979798,15.82208182918891,4.919607001850056,1.32226387836511
70.70707070707071,97.97979797979798,16.846098103072745,27.78505508650645,1.457606139746823
71.71717171717172,97.97979797979798,6.096744515632266,11.13314515955965,1.184333826245522
72.72727272727273,97.97979797979798,4.485866415698099,15.55150575729792,1.831165904701101
73.73737373737374,97.97979797979798,3.3128424075264777,8.476952269318343,0.3975249718556338
74.74747474747475,97.97979797979798,7.162711361887563,11.29222206325615,1.126678229654536
75.75757575757576,97.97979797979798,7.192082411625716,22.20823654432815,1.327607322767391
76.76767676767678,97.97979797979798,7.330789370530205,20.61703874887401,0.4942020996925942
77.77777777777779,97.97979797979798,11.623109497574376,3.610066435069397,2.043561078794506
78.7878787878788,97.97979797979798,7.360767441501165,18.08259841995776,1.202838930802486
79.7979797979798,97.97979797979798,8.185006569888998,24.42006444583732,1.555539419080859
80.80808080808082,97.97979797979798,3.4694517377870424,19.5059862023272,1.649996500978022
81.81818181818183,97.97979797979798,6.165264564709039,13.42829044302653,1.403970781379502
82.82828282828284,97.97979797979798,13.624705312691752,3.280916881811635,1.929272337253566
83.83838383838385,97.97979797979798,12.722335259436583,25.84748182516613,1.940154019882681
84.84848484848486,97.97979797979798,10.365125473848757,24.59487435410339,1.300905937543576
85.85858585858587,97.97979797979798,8.701027093832568,9.73348981636034,0.9176793666042815
86.86868686868688,97.97979797979798,5.37093337806372,17.15693550297598,1.446436228294814
87.87878787878789,97.97979797979798,9.734841316636231,9.131652224823373,1.66907425875056
88.8888888888889,97.97979797979798,7.468538443259526,23.69527578251164,5.373355014504659
89.89898989898991,97.97979797979798,5.287486795181406,24.69110766182205,4.72205945124978
90.90909090909092,97.97979797979798,12.462352517940943,16.5091061798577,5.833688269950882
91.91919191919193,97.97979797979798,16.48221556440166,34.50486267614232,4.213099245973284
92.92929292929294,97.97979797979798,9.183330756571337,17.30980557428454,4.124751065145364
93.93939393939395,97.97979797979798,9.00253097969914,25.70331514825125,4.745192670341813
94.94949494949496,97.97979797979798,8.707259587324621,21.68185717841017,4.568082576937782
95.95959595959597,97.97979797979798,4.12476537975634,29.88375029973927,4.106831058863028
96.96969696969697,97.97979797979798,3.3659676559555436,32.50929114990092,3.405102953512021
97.97979797979798,97.97979797979798,11.598217276846514,33.29166819309223,4.952748916967761
98.98989898989899,97.97979797979798,8.383277903390601,18.66517569093382,4.290006651454556
100.0,97.97979797979798,2.936385202394407,19.95504388962522,4.989314419915313
0.0,98.98989898989899,3.0360161224109725,18.06010713014902,3.663774016388859
1.01010101010101,98.98989898989899,3.72445016782273,25.61320440860131,4.064479920423919
2.02020202020202,98.98989898989899,8.885717412470266,29.41573847600188,3.840906367775206
3.03030303030303,98.98989898989899,4.831201609236429,21.40083279331117,5.272970223528413
4.040404040404041,98.98989898989899,7.677927157629685,24.83236044587958,4.728773082379318
5.050505050505051,98.98989898989899,15.7819780861685,8.832746081385388,3.872448178850284
6.060606060606061,98.98989898989899,13.791058361567345,22.97728730292659,5.403632285358502
7.070707070707071,98.98989898989899,10.991776204241575,7.623324115803589,0.6380794104190118
8.080808080808081,98.98989898989899,5.601757325273809,19.35732260327344,1.779328898648989
9.090909090909092,98.98989898989899,3.536227408640922,14.04764749694424,0.8724753488246669
10.1010101010101,98.98989898989899,3.8367697120879183,14.03401838629345,1.625793725875776
11.11111111111111,98.98989898989899,9.765608252646242,24.22361669702,0.909441929190279
12.12121212121212,98.98989898989899,6.726223005824376,10.76893848818348,2.236721921977899
13.13131313131313,98.98989898989899,2.4174063341102574,13.75446831234724,1.564503250800743
14.14141414141414,98.98989898989899,5.0366478035189575,14.78102299420481,1.072757369459091
15.15151515151515,98.98989898989899,5.317788095158811,20.67128091686646,2.295215057061091
16.16161616161616,98.98989898989899,3.977720932600458,15.08636775326737,1.343944109967073
17.17171717171717,98.98989898989899,2.9820108534072243,14.84213729425898,1.783277145894806
18.18181818181818,98.98989898989899,14.766274034387889,8.066163239142494,0.707947960342282
19.19191919191919,98.98989898989899,10.344229654665654,23.12013532446609,1.683999974155108
20.2020202020202,98.98989898989899,6.435747964010882,11.04611083701004,1.812845144266616
21.21212121212121,98.98989898989899,4.98726596291625,9.462003939995238,2.340855826934983
22.22222222222222,98.98989898989899,8.349174374336013,21.66121587325725,1.471729774211555
23.23232323232324,98.98989898989899,3.144909325975276,16.05370638906152,1.356446129167871
24.24242424242424,98.98989898989899,4.823104739370778,17.04377892800862,2.460494359516441
25.25252525252525,98.98989898989899,3.995523623156127,13.8919361554158,4.386872567520869
26.26262626262626,98.98989898989899,9.569821766061894,19.40433806204388,4.040343058826492
27.27272727272727,98.98989898989899,4.00226016560652,21.49076018307267,4.92599716356417
28.28282828282828,98.98989898989899,5.733215082305601,19.42980698236232,5.569242101251787
29.29292929292929,98.98989898989899,4.96088184842864,23.08171138756127,4.994426318066155
30.3030303030303,98.98989898989899,7.757100491126449,25.78601370197082,4.87562932161344
31.31313131313131,98.98989898989899,7.8692283259551825,29.81183126649676,4.419330189231296
32.32323232323233,98.98989898989899,5.50749765220134,28.12696762387127,4.63747511882408
33.33333333333334,98.98989898989899,9.715584305584413,13.94082074813785,4.538525055579939
34.34343434343435,98.98989898989899,4.1616126765762385,26.60652063366189,4.606540159296785
35.35353535353536,98.98989898989899,4.331377106323766,26.08481237862966,5.102580585340655
36.36363636363637,98.98989898989899,4.029290600290418,25.85855395427716,4.512548709220099
37.37373737373738,98.98989898989899,3.8864516773828095,23.89326730391531,5.185366635899795
38.38383838383839,98.98989898989899,8.540601951186076,21.72626826385034,1.394436246652329
39.3939393939394,98.98989898989899,9.70179769208815,15.32258190106892,1.846402150504765
40.40404040404041,98.98989898989899,8.549119374604395,8.594261277263076,1.015721113830254
41.41414141414142,98.98989898989899,9.683435618115482,25.1977478667689,1.266974341723084
42.42424242424243,98.98989898989899,5.628610764899722,20.64259881380392,1.410030231642126
43.43434343434344,98.98989898989899,5.92111233736366,10.04446486820826,1.335618971724561
44.44444444444445,98.98989898989899,3.966593066278314,14.45641614633761,0.9843538716340527
45.45454545454546,98.98989898989899,2.6001044302138987,16.12913292421109,2.335358374913783
46.46464646464647,98.98989898989899,1.5558961442220771,14.76557362947175,1.683543476206316
47.47474747474748,98.98989898989899,4.742547162768213,14.48609444952295,1.376588573113299
48.48484848484848,98.98989898989899,7.228018825288352,20.24060380999391,1.692122225857661
49.49494949494949,98.98989898989899,4.011567447653879,13.74694516117555,1.413201812418036
50.50505050505051,98.98989898989899,2.097547869766082,13.02911824558213,1.660421835293354
51.51515151515152,98.98989898989899,3.0062679168656072,17.31894200337353,1.769711455584139
52.52525252525253,98.98989898989899,4.3977642416936575,12.79499979272047,0.9510159189712593
53.53535353535354,98.98989898989899,4.187765798873376,15.63583166790404,1.90863615795264
54.54545454545455,98.98989898989899,11.410533751115363,7.277367295289423,1.526685670799049
55.55555555555556,98.98989898989899,3.906530834660159,20.34194059129846,1.790793491402274
56.56565656565657,98.98989898989899,8.118790599210545,20.96169533432433,4.750211976258996
57.57575757575758,98.98989898989899,10.377689110761139,13.94936119778448,4.99331200930536
58.58585858585859,98.98989898989899,5.456956335861964,23.23649881892752,3.981605800216978
59.5959595959596,98.98989898989899,3.110048855352548,19.45770798946627,4.597890953412449
60.60606060606061,98.98989898989899,8.806580390993755,19.20902197585934,4.230719693437861
61.61616161616162,98.98989898989899,1.7554500449589545,23.50910489513894,4.357007687053344
62.62626262626263,98.98989898989899,5.133413565224007,24.78162952702829,4.353123658081221
63.63636363636364,98.98989898989899,5.912696922363871,29.62185249541935,4.641887494593557
64.64646464646465,98.98989898989899,8.746276114178604,23.45543072844284,2.493642700696198
65.65656565656566,98.98989898989899,16.77766694761436,8.635656086900049,3.774814381797959
66.66666666666667,98.98989898989899,15.383453215440184,31.7214077609616,4.328667885242666
67.67676767676768,98.98989898989899,8.853706039834938,18.40413990659247,3.773850836724226
68.68686868686869,98.98989898989899,4.002450835170437,21.19150897205817,3.65395777633532
69.6969696969697,98.98989898989899,5.759651584591356,15.91393751219995,1.869592558371871
70.70707070707071,98.98989898989899,9.172723846207713,11.51365804360901,1.360165042220558
71.71717171717172,98.98989898989899,3.1739479373074024,12.81347636266498,1.006802210635708
72.72727272727273,98.98989898989899,6.915984289288238,21.00911265221284,1.44266601558056
73.73737373737374,98.98989898989899,7.595634059541866,10.5725155340963,1.991980524568501
74.74747474747475,98.98989898989899,7.487961513782194,16.70545578259156,2.03707538022328
75.75757575757576,98.98989898989899,10.129001514324216,26.66725825036671,1.926132146662872
76.76767676767678,98.98989898989899,4.493952465549116,16.09803541933389,0.8748481997956309
77.77777777777779,98.98989898989899,7.602256383844664,18.06774540288061,2.129298806103997
78.7878787878788,98.98989898989899,4.51178969785249,13.04767360685091,0.6177834820865398
79.7979797979798,98.98989898989899,4.802247135613772,17.27843042837189,0.6908462131810466
80.80808080808082,98.98989898989899,7.857358379972718,19.65038590077987,1.307770960961184
81.81818181818183,98.98989898989899,7.680348584206521,7.46528484580828,1.22404100898507
82.82828282828284,98.98989898989899,5.486369589889471,9.839695739961705,1.165889308076614
83.83838383838385,98.98989898989899,4.731440365219946,14.46844008217953,1.369967715001076
84.84848484848486,98.98989898989899,3.617064355668832,15.03458102061137,1.843069613434069
85.85858585858587,98.98989898989899,4.8374033293126875,17.85686848350936,1.90194031183137
86.86868686868688,98.98989898989899,10.87967678562718,12.5077844498352,1.328675763080628
87.87878787878789,98.98989898989899,9.708183701754137,20.88818928358288,4.417295268568175
88.8888888888889,98.98989898989899,8.722959689948201,13.4401973176455,4.029253876415578
89.89898989898991,98.98989898989899,5.92632742479198,23.30251406222974,3.957512964354792
90.90909090909092,98.98989898989899,12.102835629378559,31.11128460613304,4.747517697512082
91.91919191919193,98.98989898989899,10.853452722964736,15.54378131952664,4.954527221525002
92.92929292929294,98.98989898989899,4.09715538545068,19.62673215126428,4.670083816385804
93.93939393939395,98.98989898989899,6.504289735261857,17.46111780732779,4.421623182479438
94.94949494949496,98.98989898989899,4.555502046783769,27.79157616369996,4.485749764085021
95.95959595959597,98.98989898989899,2.3000872100959926,26.94678112864694,5.020325369323433
96.96969696969697,98.98989898989899,3.0255552276387663,24.82577776488247,4.317197753309515
97.97979797979798,98.98989898989899,5.357664178420967,22.91147515832068,4.150725002694076
98.98989898989899,98.98989898989899,6.876819768405647,29.00831357740183,4.523893748437301
100.0,98.98989898989899,3.8313572240093094,22.37642431745341,4.152571775127967
0.0,100.0,4.299142813457518,17.65943809616625,5.681304761173195
1.01010101010101,100.0,5.9918696640713485,25.85705468909852,5.151717228635095
2.02020202020202,100.0,8.776021965460911,16.32291257031395,6.06101477391953
3.03030303030303,100.0,5.0141099458761795,20.02401044222418,3.618188289075033
4.040404040404041,100.0,7.245251149392749,29.9884200568555,4.616778844165855
5.050505050505051,100.0,13.24234922670695,23.37313583428449,3.812722787609028
6.060606060606061,100.0,16.136835713839215,4.801762129633756,4.99512317474344
7.070707070707071,100.0,7.3973509389231085,16.46537039320783,5.715766705235277
8.080808080808081,100.0,4.8571531990111,14.77897211741682,0.6761242445100639
9.090909090909092,100.0,6.319208246440091,6.472261282031148,1.936485098981217
10.1010101010101,100.0,4.9224788245341085,9.547788971052656,1.378183850406162
11.11111111111111,100.0,5.400657408380435,16.75346834039268,2.49592863291972
12.12121212121212,100.0,5.276506813620702,18.27961283956664,1.238645235758349
13.13131313131313,100.0,6.9623906417613455,11.48691124926165,1.627956510158401
14.14141414141414,100.0,6.925713869696295,23.31382452115511,1.619505071670408
15.15151515151515,100.0,2.6408377876384024,22.89639771090998,1.616249816178921
16.16161616161616,100.0,3.78112026861734,17.61642795228342,1.276536339155711
17.17171717171717,100.0,6.169819556246317,14.08309710407401,2.215130121597825
18.18181818181818,100.0,16.351826792971096,28.30018473441858,2.096798245912139
19.19191919191919,100.0,8.444483142255827,13.69581348112594,1.184620908785725
20.2020202020202,100.0,1.9527808738785037,15.00056981126063,1.799235550321568
21.21212121212121,100.0,2.013204492584784,14.4014424940104,1.788241387175106
22.22222222222222,100.0,3.577458965911484,14.90249010049936,1.129805245143689
23.23232323232324,100.0,9.613981030355484,11.42988658201176,1.781167643006379
24.24242424242424,100.0,16.35877259714198,32.17540634754085,3.810884552114599
25.25252525252525,100.0,11.439222240787956,18.97623574117623,3.84407138188109
26.26262626262626,100.0,14.138915967181438,35.01043227141504,4.009554658495253
27.27272727272727,100.0,6.980291052486904,24.2339751094807,4.426177461867375
28.28282828282828,100.0,12.348975596352664,31.65517617859904,5.086278632088258
29.29292929292929,100.0,11.455357581220802,14.25481965489611,7.764068352501768
30.3030303030303,100.0,11.790666070792895,6.115995167601791,4.709165472511597
31.31313131313131,100.0,11.477397306664963,13.67915035831713,4.159003655694201
32.32323232323233,100.0,9.10163287646982,24.41550617941705,6.092619291543651
33.33333333333334,100.0,9.610212212643173,11.55842481556173,4.922220909987892
34.34343434343435,100.0,9.43779958538344,25.14958415705981,4.251394615709374
35.35353535353536,100.0,11.361426924217282,11.88428121900965,4.328607571577732
36.36363636363637,100.0,4.7380133208310635,18.50272789399132,4.946933559412125
37.37373737373738,100.0,7.2144127323029545,18.26296066676564,3.615321669636604
38.38383838383839,100.0,12.093205429153798,2.489796334232126,6.220274580291902
39.3939393939394,100.0,7.354644399448397,1.219816308922459,2.131999739317036
40.40404040404041,100.0,5.881745632026166,7.911003889811522,1.51264295258282
41.41414141414142,100.0,6.956764143267967,18.1817958175494,1.901320179880262
42.42424242424243,100.0,4.995607285594318,21.76534427039592,1.322611404684978
43.43434343434344,100.0,7.078232418775893,11.48481632305149,1.213740781804229
44.44444444444445,100.0,8.007059779278462,20.99863417719151,0.3587193975763359
45.45454545454546,100.0,4.599676459067469,13.03349072435004,2.118377700394456
46.46464646464647,100.0,3.398775307725847,15.77173444884993,2.028819056905716
47.47474747474748,100.0,7.431796930279581,22.2236558281494,2.274715921726391
48.48484848484848,100.0,5.380466761360007,14.11774779523658,1.285752988527804
49.49494949494949,100.0,1.7249690781616298,12.20511155882671,0.8465059884412899
50.50505050505051,100.0,4.069576838264623,10.48467416310053,1.014708038901569
51.51515151515152,100.0,3.054414032717737,18.42852319968662,1.141861091573139
52.52525252525253,100.0,3.2624097198920037,18.53833506494065,1.216024528072998
53.53535353535354,100.0,2.713924176255876,14.60425304273885,1.110672991859095
54.54545454545455,100.0,4.942237330739762,17.78036492413949,1.919585944765428
55.55555555555556,100.0,5.202213390217416,18.92796740610807,6.0381369780282
56.56565656565657,100.0,8.677791341528126,31.97303190960135,3.677218232073526
57.57575757575758,100.0,8.509122377711966,29.99605896378727,5.156604196454671
58.58585858585859,100.0,3.525940862565841,22.49236254246824,5.416212018398799
59.5959595959596,100.0,7.044349173777274,24.82235243238745,4.66318870894924
60.60606060606061,100.0,11.26632984741081,11.38393924389602,4.840609871038508
61.61616161616162,100.0,5.768160375429719,23.9194328656737,5.115616282123356
62.62626262626263,100.0,2.6594487268271223,28.27809239965042,2.747859436254396
63.63636363636364,100.0,3.87248211787713,28.1548686257679,4.666259966463367
64.64646464646465,100.0,6.344832796359294,18.12762991567048,5.277295527192269
65.65656565656566,100.0,3.9512466486962565,14.44817104946238,4.018927384569667
66.66666666666667,100.0,13.229850515814531,12.08640493214404,4.671660870656681
67.67676767676768,100.0,13.818137721306067,29.77918753345173,4.0961347175533
68.68686868686869,100.0,6.676859765058613,17.39260459770048,4.106935995192726
69.6969696969697,100.0,6.2990209566317334,13.54751261263358,3.981345913965372
70.70707070707071,100.0,14.114844904099805,26.23305859789551,0.8308509559584069
71.71717171717172,100.0,7.533713160922034,11.29347042514453,1.828682677729806
72.72727272727273,100.0,4.85685919010104,17.4350157976392,1.164590096974655
73.73737373737374,100.0,10.200245309272642,22.28995114087401,1.295095396869137
74.74747474747475,100.0,8.450649210725379,8.261586163068605,1.810873394453944
75.75757575757576,100.0,8.093427342264139,11.14129919791638,1.738326543727745
76.76767676767678,100.0,4.9007373933640705,17.01590913741069,1.651859169473224
77.77777777777779,100.0,8.19139722107529,9.106180614889592,0.5056313028351601
78.7878787878788,100.0,5.48653149458611,16.80907896760334,2.260910911950405
79.7979797979798,100.0,6.450437530647601,11.81378819731119,0.5681309119193463
80.80808080808082,100.0,13.453703304739483,2.922408606721238,0.9042700044828158
81.81818181818183,100.0,8.499902729586617,17.6641616362911,1.39441174817302
82.82828282828284,100.0,5.0164189979353315,18.22324000499827,1.743054897999939
83.83838383838385,100.0,4.29865995361154,12.11660564493601,1.11123076478231
84.84848484848486,100.0,2.5697193766224635,16.55411670846485,1.043512186099672
85.85858585858587,100.0,9.217606957938722,14.80200532997978,1.354983101288981
86.86868686868688,100.0,17.83259166779135,37.6478516717813,4.283598029412411
87.87878787878789,100.0,9.376334572767577,32.13599023215487,4.955043702240441
88.8888888888889,100.0,6.935185521806083,20.76664890205055,3.696339916980431
89.89898989898991,100.0,2.9256338520863765,18.65688525114167,3.981860369705605
90.90909090909092,100.0,4.26224565465645,20.67839434540385,3.875767956192568
91.91919191919193,100.0,4.559022466729212,20.34605673642587,3.877972079580427
92.92929292929294,100.0,9.100662836162307,11.80360236211544,4.520624479900865
93.93939393939395,100.0,7.40129950393997,22.74000670714309,4.798263472148392
94.94949494949496,100.0,2.81379716746603,28.72861197412005,4.512177921184866
95.95959595959597,100.0,3.2828382581678177,30.24436239912109,3.530463970403748
96.96969696969697,100.0,3.5852038164267164,25.20917932009283,4.235985203538185
97.97979797979798,100.0,4.35903234417881,19.8721525050513,4.040021728430176
98.98989898989899,100.0,4.591146269475086,24.57290006927682,3.928074949482109
100.0,100.0,3.539039860163024,19.93562233320209,3.934980526148808
