Y Position_µm,X Position_µm,KAMM,modulus,hardness
0.0,0.0,64.8263380003318,14.18854586762403,3.976280674891541
1.01010101010101,0.0,46.9585893264376,24.68485707557529,4.97110906644895
2.02020202020202,0.0,18.471569336354886,21.90710983679688,4.481919962045442
3.03030303030303,0.0,24.95118811628882,23.91525908898285,3.866849521919784
4.040404040404041,0.0,75.57039094317973,29.49049303727335,4.527563172022626
5.050505050505051,0.0,42.89688756754375,11.16957042491,2.038621082632567
6.060606060606061,0.0,20.601585878491978,15.61373873187696,2.524925078246126
7.070707070707071,0.0,22.842720584684,9.077909964935715,1.41275959955779
8.080808080808081,0.0,19.104893069292032,12.99838398760207,0.175000522981455
9.090909090909092,0.0,8.829717885934024,10.21268437539497,1.908763937777799
10.1010101010101,0.0,5.087943675051078,14.08210205069049,0.9508731630866656
11.11111111111111,0.0,5.852793323619918,13.25195348165099,1.659323027468243
12.12121212121212,0.0,3.2907761157094804,17.68618288103578,1.250805006213245
13.13131313131313,0.0,8.122578894608838,19.2616963569269,1.478890100843133
14.14141414141414,0.0,12.986594140858854,20.02313743983458,0.7138657707557203
15.15151515151515,0.0,3.8634781995639425,9.11584555229794,1.855827275124162
16.16161616161616,0.0,5.293975787908581,20.21569800948485,1.05836690167281
17.17171717171717,0.0,4.179266970922425,11.69979243776939,1.160548763764892
18.18181818181818,0.0,10.682742745769126,18.8274788023313,0.7632047894796558
19.19191919191919,0.0,11.41025669247018,23.08434856015122,1.083059184774647
20.2020202020202,0.0,10.142878976454542,12.44136972875483,0.9800103026778718
21.21212121212121,0.0,9.99692011263903,16.14720119454054,1.591583348946119
22.22222222222222,0.0,16.571183434344167,14.35947705695194,1.033689793003259
23.23232323232324,0.0,31.898698355399123,22.68458021522433,2.081857787416794
24.24242424242424,0.0,20.070873542383264,5.007974518308903,2.195815703784359
25.25252525252525,0.0,17.256727966638383,13.24981504462764,1.744901406130825
26.26262626262626,0.0,33.2045766735305,19.78919134463332,2.162097033946935
27.27272727272727,0.0,41.94024882554169,21.2122703594736,4.904729340050943
28.28282828282828,0.0,38.89008079355933,18.62685316773808,4.366136374786469
29.29292929292929,0.0,59.69703204728042,25.95969183650923,5.336404946566245
30.3030303030303,0.0,43.78596810464014,15.4628114572167,5.05614478379764
31.31313131313131,0.0,34.85112479820959,21.98182804947572,4.922114234848754
32.32323232323233,0.0,29.712486300384615,23.07050755617339,3.172884136154668
33.33333333333334,0.0,44.26790370100471,8.44874736124113,5.841514352707901
34.34343434343435,0.0,27.727129495870447,21.26554583002886,4.446995198686457
35.35353535353536,0.0,33.67299709430728,16.00705288126242,4.474330148253632
36.36363636363637,0.0,20.448829088372346,10.49417251067056,1.540877298492811
37.37373737373738,0.0,9.185023711021843,17.28268469818119,1.230257565467222
38.38383838383839,0.0,21.02849172139891,10.30633475940134,1.15605657124466
39.3939393939394,0.0,15.253801170366627,17.29403290701383,1.748241195024676
40.40404040404041,0.0,13.870178710223145,14.94246181426661,0.5824797886614528
41.41414141414142,0.0,7.982777305533688,17.86699860708674,1.24397490222694
42.42424242424243,0.0,8.483738906594667,14.05649494565467,1.146655153071004
43.43434343434344,0.0,11.737512271925915,12.83767958980242,2.45429525718223
44.44444444444445,0.0,4.860946610601366,11.644548609254,2.048913429993439
45.45454545454546,0.0,2.8837713412504087,12.92879387132446,1.69927620913483
46.46464646464647,0.0,10.435163343890236,21.70203007415221,1.297199726481785
47.47474747474748,0.0,17.16429966870768,16.40436540678212,0.8082474586879157
48.48484848484848,0.0,11.305699456427007,4.611153444011714,1.183868793181069
49.49494949494949,0.0,18.856226913172776,23.3864818324562,0.8698139184924847
50.50505050505051,0.0,12.076789956458924,3.851020855538841,1.438900071503352
51.51515151515152,0.0,7.320933473956454,12.42096895206947,1.445225274634001
52.52525252525253,0.0,2.9569898087201856,11.64371951053387,1.304380918970827
53.53535353535354,0.0,12.050637897669036,14.65574257679208,1.155839140135368
54.54545454545455,0.0,3.978910504322609,9.692163926203097,1.26040042479482
55.55555555555556,0.0,7.887409564445423,22.42169408859104,0.7073946148668081
56.56565656565657,0.0,17.5821186854804,15.95729565640393,2.105769097101619
57.57575757575758,0.0,39.91594126357976,12.76280713083703,1.345544892688653
58.58585858585859,0.0,42.420143600546574,21.12941988633327,5.32186780039441
59.5959595959596,0.0,36.832769666905854,27.66582988123275,5.150262060920831
60.60606060606061,0.0,79.98724873363102,38.86202700690522,4.037658290064513
61.61616161616162,0.0,37.484555053386764,15.10540925102068,3.921013769849086
62.62626262626263,0.0,17.633293570154958,15.96569776369463,4.529063248121864
63.63636363636364,0.0,23.61456214331898,17.98750567167434,4.676220061458936
64.64646464646465,0.0,22.912497565659375,10.6091421864058,4.468918607867576
65.65656565656566,0.0,19.591303930628563,13.4430022098243,5.162164295033138
66.66666666666667,0.0,13.464510924127312,9.541182580690933,4.567283906516963
67.67676767676768,0.0,17.292296333167048,20.79808421692574,1.617139753526412
68.68686868686869,0.0,15.037514635196983,8.074935221285974,2.310806101764948
69.6969696969697,0.0,17.481845242707248,18.59075526353769,2.286459945958315
70.70707070707071,0.0,16.27529540058504,17.58037369283917,1.980368673573361
71.71717171717172,0.0,13.683133720958438,16.881947999431,1.099208062548601
72.72727272727273,0.0,17.374409982312297,19.01819251026428,2.02627150346047
73.73737373737374,0.0,9.286331771938825,17.23923443075817,1.489082052320947
74.74747474747475,0.0,4.501584178186973,17.27852379519125,2.010908020658526
75.75757575757576,0.0,16.29240567163794,13.53939153679576,2.248412693634581
76.76767676767678,0.0,18.371169642822583,10.80893811761606,0.913411883561398
77.77777777777779,0.0,10.590295721023866,15.13655050034577,1.572249866639879
78.7878787878788,0.0,15.066853198384829,17.63450728884433,1.220489688945554
79.7979797979798,0.0,20.507472967594317,30.27417540679669,1.298672492530337
80.80808080808082,0.0,12.398061821884463,10.71693444978807,1.784296717043083
81.81818181818183,0.0,8.478826749239529,17.29622354484296,1.444771230570086
82.82828282828284,0.0,22.68360357068831,20.55480287541497,1.010952479958591
83.83838383838385,0.0,48.83900427276308,21.56246884988816,3.425824394796704
84.84848484848486,0.0,21.949644874156395,13.7561024835343,2.267230634000201
85.85858585858587,0.0,22.912363227774136,10.03350944809623,0.9125526444569566
86.86868686868688,0.0,16.587465170910647,18.84479414835056,1.752171070366289
87.87878787878789,0.0,11.834330619772894,13.74250495898744,0.8408001810395358
88.8888888888889,0.0,53.52657844616533,24.35215171701212,0.1027122727380585
89.89898989898991,0.0,85.75519209127894,22.4590402066832,5.10047111815197
90.90909090909092,0.0,49.35790486523763,8.5082013962159,4.984918282846373
91.91919191919193,0.0,31.618789537011924,20.52150926695213,4.609291390118882
92.92929292929294,0.0,21.13005327666899,31.15489472662377,2.545665915976731
93.93939393939395,0.0,9.363168979216695,26.1814507216442,3.613052100166706
94.94949494949496,0.0,18.851033785976735,21.94949157711184,4.274345205267039
95.95959595959597,0.0,20.262511674467362,25.71374231132873,3.94776799123282
96.96969696969697,0.0,39.31768400383227,12.38856102886795,4.617131075502088
97.97979797979798,0.0,31.086350962717898,18.36436504829731,3.322293954039955
98.98989898989899,0.0,33.76265775866082,11.91144745105737,1.476625108754874
100.0,0.0,12.03787338006013,15.17933483882389,1.800611160871749
0.0,1.01010101010101,50.59930551479388,24.08907993743053,4.972246386158248
1.01010101010101,1.01010101010101,27.606782394003528,16.05209880979588,4.526138898859042
2.02020202020202,1.01010101010101,24.655653298003692,16.52358421520056,4.418267402880118
3.03030303030303,1.01010101010101,12.956753334957144,17.24268143305198,3.733509246509831
4.040404040404041,1.01010101010101,52.734560569586414,9.782364885181456,5.990556325831379
5.050505050505051,1.01010101010101,33.05889542653438,15.3781481758998,1.564469076140126
6.060606060606061,1.01010101010101,11.560553322507843,15.75023404102435,1.325083651392442
7.070707070707071,1.01010101010101,23.79297394352721,22.14993180460359,1.995684234937196
8.080808080808081,1.01010101010101,14.753626017570788,14.80840365031766,2.148803061826381
9.090909090909092,1.01010101010101,7.6021504555193955,11.11849477752292,1.468421821863194
10.1010101010101,1.01010101010101,7.631681994365765,16.89533524680428,0.7593072929479844
11.11111111111111,1.01010101010101,10.453167928424524,16.80771856558891,1.8334420732412
12.12121212121212,1.01010101010101,7.337140241018967,20.8317948102451,0.8998887714043076
13.13131313131313,1.01010101010101,5.996075216215792,15.72035035539385,1.569574496218906
14.14141414141414,1.01010101010101,13.948662655209063,21.36107626947908,1.70580884632044
15.15151515151515,1.01010101010101,5.968844217102115,16.48798959200827,1.298282975313419
16.16161616161616,1.01010101010101,5.687141872367708,16.29410170894633,1.533187689892138
17.17171717171717,1.01010101010101,11.415478911486343,7.460513500405099,1.293324795936274
18.18181818181818,1.01010101010101,14.036120873333807,17.91560971762674,1.95326392469867
19.19191919191919,1.01010101010101,12.230602318723786,20.08706426655005,1.781790827132985
20.2020202020202,1.01010101010101,10.145799012518525,17.09820156094671,0.9536275570346613
21.21212121212121,1.01010101010101,11.632600340649066,23.947163676035,1.308174094796617
22.22222222222222,1.01010101010101,14.796291076314269,7.810034447532526,1.071556267160275
23.23232323232324,1.01010101010101,14.000113945479438,11.88230602139469,1.695149145753547
24.24242424242424,1.01010101010101,12.152663354236068,13.26246018591004,1.723413054849852
25.25252525252525,1.01010101010101,23.94109609203099,2.008961657338792,1.562498622085485
26.26262626262626,1.01010101010101,19.526224510584722,18.35038311742366,1.312956009394216
27.27272727272727,1.01010101010101,41.84666769708878,15.06815899568061,4.127050615201417
28.28282828282828,1.01010101010101,44.12617891378357,25.77674104275479,4.580893796711536
29.29292929292929,1.01010101010101,39.819514697857315,17.74272398433919,4.339446020433346
30.3030303030303,1.01010101010101,50.405664619923805,23.00377503975665,5.180716986959966
31.31313131313131,1.01010101010101,35.76696442440655,19.65853240807119,3.492405714776452
32.32323232323233,1.01010101010101,53.13976507950974,9.935578223387623,4.318437976070291
33.33333333333334,1.01010101010101,48.70609862727186,25.13238947695082,4.500022589750611
34.34343434343435,1.01010101010101,27.63086890754691,19.25568257735355,4.131125112764567
35.35353535353536,1.01010101010101,38.067944104863756,11.13760560395425,4.399455122241876
36.36363636363637,1.01010101010101,28.19046302749286,20.15051722166363,0.762574641163447
37.37373737373738,1.01010101010101,20.779977932371473,5.851624976206934,1.392169097030603
38.38383838383839,1.01010101010101,30.60491624788842,23.33319126237255,2.028582303485023
39.3939393939394,1.01010101010101,11.309760688878224,11.33480653577804,2.145835542660486
40.40404040404041,1.01010101010101,6.589047644806238,14.31968830352295,1.065759477766623
41.41414141414142,1.01010101010101,3.697901607185363,9.437273454431665,1.89761665195797
42.42424242424243,1.01010101010101,2.659585194052979,12.88534692432637,1.557701158726921
43.43434343434344,1.01010101010101,4.239957504394245,17.9077216642528,1.079601723930252
44.44444444444445,1.01010101010101,3.434534660053719,14.82069757833021,1.269420443444124
45.45454545454546,1.01010101010101,4.74724710661572,13.82946676438577,1.546670888351536
46.46464646464647,1.01010101010101,10.351851855586464,16.4928160366405,1.086638804896265
47.47474747474748,1.01010101010101,26.361420758703698,20.76517535286805,2.025449731556383
48.48484848484848,1.01010101010101,20.746806652810463,7.250067711364876,2.302520054820476
49.49494949494949,1.01010101010101,33.276342631963885,20.3750051358525,2.317890369573686
50.50505050505051,1.01010101010101,13.562914984759626,11.38695480986135,1.278751606402858
51.51515151515152,1.01010101010101,8.544539162096049,11.40182120563736,2.169897374328789
52.52525252525253,1.01010101010101,15.568073657735788,4.70955514202115,2.299997314986686
53.53535353535354,1.01010101010101,31.08001625174705,19.47508031159941,2.393627401494921
54.54545454545455,1.01010101010101,13.150244221366487,16.83711416963507,0.9374580103680125
55.55555555555556,1.01010101010101,2.0322608069034342,11.89746038998648,1.5244296863774
56.56565656565657,1.01010101010101,12.26237376553881,9.230326142541603,1.627988903694432
57.57575757575758,1.01010101010101,28.993299811989118,13.77918390078086,1.830025234110919
58.58585858585859,1.01010101010101,35.121748898452154,28.46129802691032,4.019320059037156
59.5959595959596,1.01010101010101,50.74994001224134,21.44197456504386,3.565509835282303
60.60606060606061,1.01010101010101,62.954999026859944,4.992166439565645,5.82076318901742
61.61616161616162,1.01010101010101,21.226499287556805,14.02810272050822,4.101699196183956
62.62626262626263,1.01010101010101,30.28505241427026,18.60832110286519,2.380375490184216
63.63636363636364,1.01010101010101,39.593836524251195,23.41644951215124,4.546000852936309
64.64646464646465,1.01010101010101,32.40357634830214,16.38910717230256,3.506179438622448
65.65656565656566,1.01010101010101,32.989354304079164,19.3012060589118,4.163864584485022
66.66666666666667,1.01010101010101,31.468470235583872,11.07475721248047,4.353074677497894
67.67676767676768,1.01010101010101,42.63634577924075,6.914412654845169,0.9652591170456428
68.68686868686869,1.01010101010101,12.58346780384712,9.344458747253162,1.323594325558336
69.6969696969697,1.01010101010101,14.118909534683745,18.11753074551204,1.192231186972908
70.70707070707071,1.01010101010101,19.11187863194814,12.38720517295696,0.8024392034491421
71.71717171717172,1.01010101010101,4.70509265965212,11.88359430660027,1.156676001542338
72.72727272727273,1.01010101010101,6.9870003401405425,16.91236758286736,1.138659422593017
73.73737373737374,1.01010101010101,6.016184314220613,11.3405002112436,1.741714505129873
74.74747474747475,1.01010101010101,10.919853731502595,17.85513490536373,1.93888422135034
75.75757575757576,1.01010101010101,20.604312950829517,3.370029884095523,1.910200372544508
76.76767676767678,1.01010101010101,17.944995111552092,23.9875462551272,1.271158245162507
77.77777777777779,1.01010101010101,24.742106217735625,6.726594236658599,1.223306211600069
78.7878787878788,1.01010101010101,32.240516450493445,25.09728035469382,1.85892987377162
79.7979797979798,1.01010101010101,19.03126890044708,8.72582567024573,1.808582124712101
80.80808080808082,1.01010101010101,12.143450997549197,17.73586737104095,1.705889691737282
81.81818181818183,1.01010101010101,14.581674829486822,12.87959259272169,0.7475902914454968
82.82828282828284,1.01010101010101,11.37840907481735,8.662835162400128,1.157540012141364
83.83838383838385,1.01010101010101,20.470837706671894,20.80460962241058,1.111412186927079
84.84848484848486,1.01010101010101,7.9906388571272835,13.67969194832471,2.196865884415857
85.85858585858587,1.01010101010101,12.959041477990588,15.55200402867707,2.057474154172628
86.86868686868688,1.01010101010101,8.364852765779943,26.33763162388916,1.085318074882884
87.87878787878789,1.01010101010101,17.087188492621507,9.418879484836628,1.756010814085438
88.8888888888889,1.01010101010101,23.226230043914548,16.89869171812102,2.484046931702806
89.89898989898991,1.01010101010101,26.966434482815615,7.482654534298875,5.542889590826467
90.90909090909092,1.01010101010101,35.11588742653338,12.81492004159128,5.16354987556321
91.91919191919193,1.01010101010101,16.186741630794124,17.47739592735455,3.844384900469051
92.92929292929294,1.01010101010101,54.545708128996495,11.94431893126077,3.891762126225484
93.93939393939395,1.01010101010101,43.198701743742824,19.79331786067505,5.386879545663627
94.94949494949496,1.01010101010101,48.173529948767154,8.843482932378274,5.171495128991401
95.95959595959597,1.01010101010101,30.834044823434706,25.16184924325011,3.685294208178019
96.96969696969697,1.01010101010101,39.996307430968145,18.3243069132297,6.932222601008345
97.97979797979798,1.01010101010101,30.568228352955757,27.14910978993839,3.942508142681965
98.98989898989899,1.01010101010101,46.21564132675685,12.33701798621497,5.326271050087262
100.0,1.01010101010101,22.448088699727663,14.33606737720532,0.9067807761210226
0.0,2.02020202020202,19.459515617936116,15.85439186103041,4.948845504013271
1.01010101010101,2.02020202020202,26.401967708398423,20.90485858852398,4.092334494644322
2.02020202020202,2.02020202020202,66.49425397765197,29.41262243618315,4.673722650820546
3.03030303030303,2.02020202020202,45.7594553420669,19.82738573393472,3.716976186954808
4.040404040404041,2.02020202020202,64.65005950438442,30.05267383018535,5.134475399543758
5.050505050505051,2.02020202020202,63.57316469342298,24.31819359004555,4.82250759345732
6.060606060606061,2.02020202020202,30.688429922163497,13.45026638219782,1.638428246037342
7.070707070707071,2.02020202020202,12.181290956627624,11.03542911213817,1.461615829044786
8.080808080808081,2.02020202020202,7.400757152103959,21.19008744800318,1.42656737812298
9.090909090909092,2.02020202020202,7.460475401017966,14.65028222505912,1.677557243005741
10.1010101010101,2.02020202020202,7.985839895901561,15.67934280954367,1.359037917871628
11.11111111111111,2.02020202020202,10.93174942836675,16.82606981193656,2.005520981598588
12.12121212121212,2.02020202020202,5.869309036527138,16.73801597377362,1.596458535258604
13.13131313131313,2.02020202020202,6.042495351775241,11.22540183335949,1.977055802702192
14.14141414141414,2.02020202020202,9.522280389416071,14.19883778781654,2.083468497599383
15.15151515151515,2.02020202020202,3.6223875526215865,12.81149869097925,1.731658064274048
16.16161616161616,2.02020202020202,9.370233455659239,11.74616644341014,2.105242447338056
17.17171717171717,2.02020202020202,17.664624197509497,7.357744764532916,1.45470853258152
18.18181818181818,2.02020202020202,21.517058806834484,20.41705594140207,2.173262681102088
19.19191919191919,2.02020202020202,16.638905176791948,16.57838387802612,1.0821580804555
20.2020202020202,2.02020202020202,5.561016242784796,10.26416050176109,1.397302726596485
21.21212121212121,2.02020202020202,8.085049970756508,16.43362940214967,1.728407675817839
22.22222222222222,2.02020202020202,10.896094526752936,13.39101928100072,1.967598153291873
23.23232323232324,2.02020202020202,8.908310612557518,23.52753178501683,1.469390935739992
24.24242424242424,2.02020202020202,11.86862299690117,23.53077468091942,1.579851479095574
25.25252525252525,2.02020202020202,15.060576059299537,20.5682743553321,1.859700005848577
26.26262626262626,2.02020202020202,46.80000325221589,15.57205156759424,1.570581921816125
27.27272727272727,2.02020202020202,37.105939376699254,20.61014270858846,4.547909719264478
28.28282828282828,2.02020202020202,35.421452551716754,15.67239594973765,4.805219837039305
29.29292929292929,2.02020202020202,18.84380390842393,20.3676638549345,4.490669239352689
30.3030303030303,2.02020202020202,51.51397749046135,12.09602751302861,4.236941137244324
31.31313131313131,2.02020202020202,46.83752897654386,22.47037752161191,4.268377819135853
32.32323232323233,2.02020202020202,54.355884410035,24.48394064727232,5.278228561791526
33.33333333333334,2.02020202020202,33.32037384049392,16.81425032657519,5.100054668046607
34.34343434343435,2.02020202020202,35.31703245465049,24.69679525644896,4.49264925408585
35.35353535353536,2.02020202020202,26.490451607370467,23.0004855041337,4.976780543873832
36.36363636363637,2.02020202020202,39.93944239695877,17.10631346334928,5.054930299370235
37.37373737373738,2.02020202020202,22.5693522473998,13.44638567544964,2.360782474417981
38.38383838383839,2.02020202020202,13.349887472421731,17.38537276314809,1.295902170929018
39.3939393939394,2.02020202020202,11.335177618548887,12.70615367709184,2.485268864098567
40.40404040404041,2.02020202020202,10.030482201024466,14.65813167890382,1.593081721247755
41.41414141414142,2.02020202020202,6.5334425402877505,10.31521938195956,1.187048696656044
42.42424242424243,2.02020202020202,4.208294311369631,12.1651491079923,1.338927424360204
43.43434343434344,2.02020202020202,1.9727757729713722,15.31450825125642,1.032057262053444
44.44444444444445,2.02020202020202,6.7072256868696325,10.06445725426635,1.313134022017474
45.45454545454546,2.02020202020202,9.922861388940255,8.656738395183591,1.042475802346638
46.46464646464647,2.02020202020202,7.179859453326017,11.58946747752671,1.238145303656055
47.47474747474748,2.02020202020202,11.6937331725299,16.51061282958831,0.903397447012617
48.48484848484848,2.02020202020202,19.667231367843122,17.14583585121453,1.898258745532348
49.49494949494949,2.02020202020202,27.053962944514247,10.75004581714573,0.391285936777144
50.50505050505051,2.02020202020202,7.542474544089798,8.572675171538682,1.976892535122221
51.51515151515152,2.02020202020202,13.431887633900704,16.9548118166172,1.653851564963789
52.52525252525253,2.02020202020202,12.58480229724043,14.78683827173128,1.288675623163323
53.53535353535354,2.02020202020202,11.159761471151517,13.43169250543941,1.383931762648539
54.54545454545455,2.02020202020202,14.154168354180674,19.34657816788336,1.63502979954368
55.55555555555556,2.02020202020202,7.935672863330724,13.60431958623774,1.361869017409047
56.56565656565657,2.02020202020202,18.71611334134595,16.37828353720711,1.966109147989019
57.57575757575758,2.02020202020202,40.29158693914606,14.26668268036403,1.167375569355217
58.58585858585859,2.02020202020202,41.28768810537435,25.68498146149166,4.009248129933475
59.5959595959596,2.02020202020202,51.89585357956908,31.23239522079894,4.100863225521018
60.60606060606061,2.02020202020202,37.56205042129296,14.66282338910437,5.261650793590199
61.61616161616162,2.02020202020202,32.4604026866882,25.09165143474281,3.946750569484559
62.62626262626263,2.02020202020202,38.489812909561714,12.56107804785031,4.937431580946362
63.63636363636364,2.02020202020202,34.894514818294894,26.39922855980964,4.975312964869746
64.64646464646465,2.02020202020202,40.961385237938316,25.90894866251015,4.057794589093465
65.65656565656566,2.02020202020202,61.1383473865314,25.01740229203545,5.847512887514613
66.66666666666667,2.02020202020202,36.71426484418545,29.19582344365552,3.279844539566448
67.67676767676768,2.02020202020202,47.19829678806016,19.98898443997443,5.154401730814999
68.68686868686869,2.02020202020202,37.87768583392531,17.51161500976809,2.368983182103152
69.6969696969697,2.02020202020202,25.569540080565275,19.13934128474015,0.3617521512211598
70.70707070707071,2.02020202020202,35.07273831315524,21.32620673251675,2.159130146765284
71.71717171717172,2.02020202020202,9.131737570909701,12.35905289358501,1.491787961685718
72.72727272727273,2.02020202020202,5.368272979496179,11.40015495618192,1.455635085745457
73.73737373737374,2.02020202020202,5.61076961654142,23.31478122281453,0.7277576314811066
74.74747474747475,2.02020202020202,12.061379899560063,14.65683532660739,2.327572018203302
75.75757575757576,2.02020202020202,11.347917955241613,16.12403236240212,0.7823002672792245
76.76767676767678,2.02020202020202,8.727628063387519,10.84237024707978,2.365604420894424
77.77777777777779,2.02020202020202,14.296981826610333,17.16377651589922,1.802556213780441
78.7878787878788,2.02020202020202,19.105597876456994,8.973873893816862,1.350752193495615
79.7979797979798,2.02020202020202,6.02142182876293,12.64697495060368,1.820578332373889
80.80808080808082,2.02020202020202,4.709162629969343,13.91534678754864,2.006109373984141
81.81818181818183,2.02020202020202,6.493931740134646,15.46208062555803,2.041719726237459
82.82828282828284,2.02020202020202,14.350487950186565,14.31925115479516,2.185521111307547
83.83838383838385,2.02020202020202,8.634857509523084,12.12562522724541,0.9905263421671309
84.84848484848486,2.02020202020202,13.164336147922352,21.16773875957514,0.382707443369489
85.85858585858587,2.02020202020202,8.279734259749464,16.86084929902048,0.4959392908659225
86.86868686868688,2.02020202020202,12.22090501479328,12.40583714956851,1.21056596118557
87.87878787878789,2.02020202020202,26.464732500150582,18.70011898279205,2.268483541075458
88.8888888888889,2.02020202020202,38.40952901030431,14.10701800869628,1.026950277755307
89.89898989898991,2.02020202020202,56.484509151848904,6.625339304318488,4.812208516177803
90.90909090909092,2.02020202020202,96.73255704491051,40.36850804447768,3.893181515511648
91.91919191919193,2.02020202020202,43.60564086636751,18.78088640792681,4.409391312763952
92.92929292929294,2.02020202020202,93.38510301472085,26.66877195184606,5.661926060976691
93.93939393939395,2.02020202020202,50.8299189375369,14.15154643491499,4.726596302885755
94.94949494949496,2.02020202020202,23.48077385831398,17.98178873642892,4.585611373139243
95.95959595959597,2.02020202020202,26.14131016175258,14.85082127154898,4.004482585434985
96.96969696969697,2.02020202020202,26.157200335825593,25.9105747835568,3.518387969419396
97.97979797979798,2.02020202020202,15.649236226495518,25.39238442028716,4.80328501551816
98.98989898989899,2.02020202020202,47.01800453675004,20.24144733955563,5.356108669780517
100.0,2.02020202020202,34.68113694134699,12.5241989207727,1.062015672381272
0.0,3.03030303030303,9.736221522929712,12.30183744247007,5.567219706681452
1.01010101010101,3.03030303030303,36.36040831986769,13.00730393229902,3.985680064027728
2.02020202020202,3.03030303030303,50.44853447739632,11.55141054065419,4.470063172017493
3.03030303030303,3.03030303030303,25.33910445761877,19.64719027608409,5.244425159978242
4.040404040404041,3.03030303030303,27.7155787352249,22.83526441945197,4.775255331035
5.050505050505051,3.03030303030303,48.6222812274912,29.18293431316206,3.031411016318257
6.060606060606061,3.03030303030303,46.70790930927329,6.142698768574366,0.2597572873569438
7.070707070707071,3.03030303030303,5.661680971850327,10.32463494914241,1.624536057104812
8.080808080808081,3.03030303030303,8.987391995950077,16.30254715930145,1.347595828917645
9.090909090909092,3.03030303030303,14.142816818793413,21.11098979706923,1.764402154152558
10.1010101010101,3.03030303030303,14.555496158878352,14.14943815000924,2.054359349938905
11.11111111111111,3.03030303030303,13.86367596824502,8.954516053002699,1.385535315629564
12.12121212121212,3.03030303030303,8.406559565667905,12.91813979930881,1.762742400403301
13.13131313131313,3.03030303030303,16.67175868364468,15.60016468198021,2.048973501269165
14.14141414141414,3.03030303030303,17.300377634581512,12.4119726065562,1.058338858538987
15.15151515151515,3.03030303030303,10.223011202272602,12.15899278078497,2.134595972430276
16.16161616161616,3.03030303030303,17.8025664523161,8.062461661857071,0.5047502578224736
17.17171717171717,3.03030303030303,20.82654081646779,17.5769721545917,1.855493531943029
18.18181818181818,3.03030303030303,7.612287154057181,14.31771614412678,1.940291811924591
19.19191919191919,3.03030303030303,14.612241338854146,16.6114288562321,2.204268641717186
20.2020202020202,3.03030303030303,6.231997714170283,13.1549596410616,1.289465250851727
21.21212121212121,3.03030303030303,5.2680658059726735,9.95966578681643,1.516576734826404
22.22222222222222,3.03030303030303,8.97163006781486,8.556688668086894,1.288101519991485
23.23232323232324,3.03030303030303,11.048926155067907,13.74044313347407,1.760768898018966
24.24242424242424,3.03030303030303,16.733933554334175,7.753854263438517,0.9928929650343864
25.25252525252525,3.03030303030303,38.3218007816024,17.04360737102892,1.64223824370788
26.26262626262626,3.03030303030303,75.84038739156816,28.8378082899788,4.446375902939526
27.27272727272727,3.03030303030303,48.518414888590996,23.08459009204263,2.796452965061859
28.28282828282828,3.03030303030303,46.15995216021764,34.29441816151041,4.071945998990804
29.29292929292929,3.03030303030303,21.973062186169525,18.36066569155073,5.228535370615946
30.3030303030303,3.03030303030303,40.81237190261453,21.68462051425507,4.819267438761342
31.31313131313131,3.03030303030303,61.936946549743624,2.872521576955442,4.804180947720046
32.32323232323233,3.03030303030303,36.43508345150946,20.32003430825415,3.687590550242422
33.33333333333334,3.03030303030303,21.824649709740036,11.59788468048436,4.181237202818784
34.34343434343435,3.03030303030303,53.805709905199954,6.024062462006285,4.94800427019577
35.35353535353536,3.03030303030303,54.843723659421656,26.33951895851577,4.686863346217347
36.36363636363637,3.03030303030303,25.27435948079321,19.19952792396969,4.195039527749005
37.37373737373738,3.03030303030303,20.685923635769736,17.46841583793078,1.660459828995996
38.38383838383839,3.03030303030303,19.117162388552348,10.00305376132195,1.219274076762363
39.3939393939394,3.03030303030303,34.28549341394388,19.80722487114955,2.644907061330819
40.40404040404041,3.03030303030303,20.823739493676705,4.852643096048403,2.195395610300355
41.41414141414142,3.03030303030303,7.421405915792073,12.81933040993174,1.370138675590375
42.42424242424243,3.03030303030303,8.722991134027582,26.59817021913493,0.2919271841202867
43.43434343434344,3.03030303030303,5.92746939444876,13.28050985578311,1.287339453057152
44.44444444444445,3.03030303030303,9.225700656051933,15.8343848215652,1.747220361471637
45.45454545454546,3.03030303030303,9.273493883950742,16.19514187899345,1.656925722810158
46.46464646464647,3.03030303030303,18.74294759526787,17.40875651840731,1.93037269227419
47.47474747474748,3.03030303030303,8.542810806838133,10.94468910622942,1.493840210545399
48.48484848484848,3.03030303030303,7.700986836124154,17.62169455640933,0.891207844025917
49.49494949494949,3.03030303030303,14.832816834667499,18.75821917137656,1.509722214037641
50.50505050505051,3.03030303030303,20.863954313715748,13.5408181292319,0.9599073230544775
51.51515151515152,3.03030303030303,29.251601332370246,27.15317014386286,2.150376681133197
52.52525252525253,3.03030303030303,28.239926509670575,23.36418964722149,2.213600299395346
53.53535353535354,3.03030303030303,10.533309847881403,13.29129778445045,1.631855221791568
54.54545454545455,3.03030303030303,7.194153677447841,18.05987299954371,0.9419955000142947
55.55555555555556,3.03030303030303,11.119110035721654,10.48896020467586,2.202354722856589
56.56565656565657,3.03030303030303,31.399698101726784,3.352768151029701,1.113340418467771
57.57575757575758,3.03030303030303,35.35497936014096,11.42460673228075,5.898622628888116
58.58585858585859,3.03030303030303,20.50876053637448,11.58326967923952,5.237684998575775
59.5959595959596,3.03030303030303,27.282634699867273,9.634070686392109,4.998512037122766
60.60606060606061,3.03030303030303,16.320682856857164,10.44684960514517,4.575910640247417
61.61616161616162,3.03030303030303,20.71297995399967,13.24463425176736,5.252781531739463
62.62626262626263,3.03030303030303,33.11951150024585,19.43807427214153,4.728763508200891
63.63636363636364,3.03030303030303,24.81081703580013,28.18511083767267,5.339452681188992
64.64646464646465,3.03030303030303,45.148861419643225,30.80091566183466,4.997938054162487
65.65656565656566,3.03030303030303,51.21903393252597,13.56124372337678,4.376175134484817
66.66666666666667,3.03030303030303,27.652987231576894,11.15176705944668,4.865106441195468
67.67676767676768,3.03030303030303,31.30985292333279,16.33795463615771,4.86077695717354
68.68686868686869,3.03030303030303,34.886294452810205,13.3497872465617,1.13844399326093
69.6969696969697,3.03030303030303,8.403893773317623,11.33011268410815,1.839512979836979
70.70707070707071,3.03030303030303,17.15243375527077,12.53104039857649,0.6856978115329775
71.71717171717172,3.03030303030303,7.287864003595918,9.61322554613548,1.669922782624359
72.72727272727273,3.03030303030303,17.487346268490697,21.69394927251384,0.0
73.73737373737374,3.03030303030303,11.153143718682108,17.54767403852394,1.08879446864749
74.74747474747475,3.03030303030303,6.096369490274211,21.74023782382808,1.150946678593122
75.75757575757576,3.03030303030303,4.714485712412113,14.56136523193777,1.187606709121155
76.76767676767678,3.03030303030303,8.155536714703977,11.33011840022169,1.227373946378768
77.77777777777779,3.03030303030303,5.692811150219988,15.70790907278096,1.309393713233351
78.7878787878788,3.03030303030303,4.704966365593433,15.725740353787,1.544648809320049
79.7979797979798,3.03030303030303,6.2827186721845365,12.68696652179197,1.897445840796363
80.80808080808082,3.03030303030303,10.636899810143067,20.47900006264262,1.751462761689251
81.81818181818183,3.03030303030303,6.201150932082626,25.98302861844707,1.219128420004541
82.82828282828284,3.03030303030303,10.00916884098308,16.5254582014873,0.8906866553175692
83.83838383838385,3.03030303030303,11.437861567016862,13.76661033516177,0.889431817471223
84.84848484848486,3.03030303030303,22.573580155354676,22.91075578771207,1.511796129503859
85.85858585858587,3.03030303030303,8.913266300485576,7.825392599886182,1.396476005994017
86.86868686868688,3.03030303030303,3.944506758057815,9.033727537474896,1.523185420262313
87.87878787878789,3.03030303030303,31.897205792157287,17.0513760200068,1.042717844322523
88.8888888888889,3.03030303030303,44.098292984226845,23.46600393042265,4.061465723329235
89.89898989898991,3.03030303030303,39.49281901406354,20.60879017108504,5.121737519846199
90.90909090909092,3.03030303030303,40.37965394210588,11.2188886553268,5.424086165575841
91.91919191919193,3.03030303030303,25.009409850996605,12.77314239101036,5.20984905285865
92.92929292929294,3.03030303030303,87.48084946635326,7.401912075130912,4.628624986925857
93.93939393939395,3.03030303030303,62.61511549117113,29.37713472094387,4.452304019370355
94.94949494949496,3.03030303030303,37.40552249191042,11.7779705509975,5.418111118399636
95.95959595959597,3.03030303030303,15.144550667097269,16.60461996659956,4.58275435534304
96.96969696969697,3.03030303030303,22.026805591532376,22.78647096745858,4.2758061007445
97.97979797979798,3.03030303030303,34.551519045736995,29.12928717252692,4.300745760526501
98.98989898989899,3.03030303030303,49.172810101831956,16.63968036460031,4.309844045210424
100.0,3.03030303030303,39.001704828440175,14.32708419738623,1.530568591510655
0.0,4.040404040404041,30.410040607233388,19.58411988797214,3.629354441398328
1.01010101010101,4.040404040404041,51.5822690345272,29.11658754161327,5.039270694281777
2.02020202020202,4.040404040404041,31.84929762714124,23.72721287571385,4.888423567115524
3.03030303030303,4.040404040404041,16.412601586159873,24.63880063549699,4.774812576373443
4.040404040404041,4.040404040404041,44.04994968089619,18.17334578216866,3.853288717831245
5.050505050505051,4.040404040404041,35.70050287623832,6.04412416781661,5.002239345708706
6.060606060606061,4.040404040404041,37.142558263567466,12.98681422981377,5.077347875537009
7.070707070707071,4.040404040404041,27.742743971150883,14.50599003465739,1.268624060171335
8.080808080808081,4.040404040404041,9.908206274723675,13.39065774405801,1.101891625790896
9.090909090909092,4.040404040404041,16.022459527702914,10.31484369796043,1.629484124313832
10.1010101010101,4.040404040404041,31.953162566844878,24.48080082311488,2.233968111897658
11.11111111111111,4.040404040404041,15.772234088230917,10.69286991771873,1.82340920277968
12.12121212121212,4.040404040404041,6.995748126297574,8.029910618490508,1.575713183634182
13.13131313131313,4.040404040404041,21.44241873199951,2.47375620327396,1.240861951182942
14.14141414141414,4.040404040404041,16.383529082508208,19.32188953376398,1.772296123529808
15.15151515151515,4.040404040404041,9.39516445733923,13.88132269453446,1.695469966132924
16.16161616161616,4.040404040404041,6.603027770603951,6.996701668400174,0.5990481036791849
17.17171717171717,4.040404040404041,18.028010469500963,3.003187973034145,1.530446398763659
18.18181818181818,4.040404040404041,8.8746818474132,13.8948089883549,2.012960569518439
19.19191919191919,4.040404040404041,7.275656921290264,16.2911339277999,1.554919309887674
20.2020202020202,4.040404040404041,5.19354719920702,11.28039762779346,1.57429521502723
21.21212121212121,4.040404040404041,4.649024960387388,8.869119638596068,1.909599587966078
22.22222222222222,4.040404040404041,4.424308290951142,8.400468939649418,1.705567623744985
23.23232323232324,4.040404040404041,6.364073970510084,16.78860840743883,1.193803300302027
24.24242424242424,4.040404040404041,25.496267691710766,8.189692639146966,1.022283259302982
25.25252525252525,4.040404040404041,39.287793039112074,14.28700915460628,3.534030235994746
26.26262626262626,4.040404040404041,39.475400105871465,19.57862375344576,4.726153286990892
27.27272727272727,4.040404040404041,55.68861176724508,12.81634551034685,2.997595736538823
28.28282828282828,4.040404040404041,65.07619774709165,27.05640324337118,5.103287272923313
29.29292929292929,4.040404040404041,46.5266256370339,11.78941623580344,5.495803421924218
30.3030303030303,4.040404040404041,45.674978834518626,21.47753606243483,4.363479795198558
31.31313131313131,4.040404040404041,51.69575216185599,0.0,6.14256914312319
32.32323232323233,4.040404040404041,35.045103724181175,16.70507620843485,4.717255900249924
33.33333333333334,4.040404040404041,19.21497931959998,16.25357785004241,3.285869582331167
34.34343434343435,4.040404040404041,10.189081593226147,14.3956386518181,3.581217642408467
35.35353535353536,4.040404040404041,35.90997026325781,10.54957390110138,4.702159118868386
36.36363636363637,4.040404040404041,37.47705610218269,16.5960885920165,4.809440914904225
37.37373737373738,4.040404040404041,17.672021335844903,18.09187666239569,2.247671415722396
38.38383838383839,4.040404040404041,21.810123134339193,11.84821026319221,1.800347194268693
39.3939393939394,4.040404040404041,16.060638531295755,11.19708783009939,1.606038884233827
40.40404040404041,4.040404040404041,14.431170247061111,17.84505989018342,1.827100195731152
41.41414141414142,4.040404040404041,9.054224605278808,13.71004042052549,1.839525641010651
42.42424242424243,4.040404040404041,5.480958413985396,8.931628642087771,1.679631389812793
43.43434343434344,4.040404040404041,7.60240666627625,7.960113156131587,1.831525746641948
44.44444444444445,4.040404040404041,12.014226381901981,20.40211916454738,1.897701697571685
45.45454545454546,4.040404040404041,15.16691558340507,21.15426075553776,1.820681084139188
46.46464646464647,4.040404040404041,30.3740429182631,3.33666034785109,0.5743928376334924
47.47474747474748,4.040404040404041,17.128216131217062,16.05687417833083,1.942226898210353
48.48484848484848,4.040404040404041,6.51822171215614,11.17898267191311,1.467554586060068
49.49494949494949,4.040404040404041,7.640586727748342,10.50126061627101,2.003442205779498
50.50505050505051,4.040404040404041,13.107076426502218,12.99080502159899,2.447195343470937
51.51515151515152,4.040404040404041,16.3350639016601,12.67985764711339,1.87652899427925
52.52525252525253,4.040404040404041,19.972469070470453,15.08911939955031,0.5383270103769024
53.53535353535354,4.040404040404041,10.064912303306805,15.76508736808873,1.650173358808742
54.54545454545455,4.040404040404041,8.499633919201045,13.31342789528127,1.532571077383246
55.55555555555556,4.040404040404041,9.451485405382675,10.06439769695743,0.8597445725042343
56.56565656565657,4.040404040404041,27.52818810007135,3.805367121089725,4.68773001179129
57.57575757575758,4.040404040404041,36.374058175540796,10.2747099008535,4.582220934309476
58.58585858585859,4.040404040404041,28.30173186438236,20.20242686380458,4.017496955334422
59.5959595959596,4.040404040404041,42.69996475278075,8.557044508237746,3.717978765212457
60.60606060606061,4.040404040404041,16.384705553173657,12.42267496815659,4.960307489334706
61.61616161616162,4.040404040404041,17.206863035988874,17.58528818893371,4.483836929004141
62.62626262626263,4.040404040404041,54.962009690288134,16.21394746416043,4.333337006625252
63.63636363636364,4.040404040404041,67.07317898473046,32.62551093577243,5.166652574106541
64.64646464646465,4.040404040404041,43.062331583652494,24.03910310461843,5.000028198102036
65.65656565656566,4.040404040404041,23.55676565753489,20.55395634728661,3.775077290055858
66.66666666666667,4.040404040404041,24.398138310000686,20.69049340407129,4.500172567994756
67.67676767676768,4.040404040404041,13.388504801911832,13.10033713359724,5.127320893202229
68.68686868686869,4.040404040404041,36.01681841170017,12.38686731153848,4.730441727383045
69.6969696969697,4.040404040404041,14.08134255885282,11.96526766495955,1.591087876939569
70.70707070707071,4.040404040404041,3.906739603275688,12.16633192892771,1.647043124955555
71.71717171717172,4.040404040404041,2.4362325138882284,12.0697113146854,1.599613790591725
72.72727272727273,4.040404040404041,12.146440404288668,10.02465706227634,1.815100969439595
73.73737373737374,4.040404040404041,14.608088592735449,17.72839789167761,2.062128261344273
74.74747474747475,4.040404040404041,5.403469175265413,14.93346732381467,1.785896274144461
75.75757575757576,4.040404040404041,6.624452475915702,17.27706595674822,1.17822177365034
76.76767676767678,4.040404040404041,5.536910218014561,15.92536520153192,1.55334233533885
77.77777777777779,4.040404040404041,4.180019392927958,18.25777986207635,1.236940830558637
78.7878787878788,4.040404040404041,4.1854217081066505,11.70772651091447,2.306213960853928
79.7979797979798,4.040404040404041,17.181133558449133,20.65505237429265,1.749808918303955
80.80808080808082,4.040404040404041,18.12123778315953,20.18675898795349,0.8550177211087144
81.81818181818183,4.040404040404041,12.508012647205303,19.94099310375241,1.766443509290446
82.82828282828284,4.040404040404041,15.024529883621511,13.0323076182574,0.8203104179132346
83.83838383838385,4.040404040404041,18.054801974451827,17.72555613679786,1.855835873454339
84.84848484848486,4.040404040404041,13.45018631589923,14.02440980133182,1.210586532904828
85.85858585858587,4.040404040404041,2.9792039910449706,10.51903202040255,1.661230312796423
86.86868686868688,4.040404040404041,11.201163832583912,17.20626653050587,1.245373360297471
87.87878787878789,4.040404040404041,31.93778655433237,9.09472259828635,4.308117169929623
88.8888888888889,4.040404040404041,32.28550690270067,20.79964583702466,4.957167972741638
89.89898989898991,4.040404040404041,49.18760230596456,28.44086321948789,4.743412705078196
90.90909090909092,4.040404040404041,46.774643440922816,16.3059609360785,4.640425920665474
91.91919191919193,4.040404040404041,37.7510103451867,29.15072775142904,3.853703307830223
92.92929292929294,4.040404040404041,41.10169338001988,30.6760457790846,4.519076737588188
93.93939393939395,4.040404040404041,33.83763445384257,25.36953937153125,4.247597916693078
94.94949494949496,4.040404040404041,37.15764712692912,20.75847536091799,5.565494398388044
95.95959595959597,4.040404040404041,21.05564571240809,14.45905738282308,4.547869736823788
96.96969696969697,4.040404040404041,15.404284563021552,17.33950079820097,3.735583324246035
97.97979797979798,4.040404040404041,39.264868109585485,16.73144977396184,4.290885699664771
98.98989898989899,4.040404040404041,56.18118494475822,23.09002767782996,5.558920588885582
100.0,4.040404040404041,43.50754205576976,16.17246517521992,4.978843169404279
0.0,5.050505050505051,48.583522813031784,10.32106362859094,5.627997970239193
1.01010101010101,5.050505050505051,65.32104386436902,23.23110562665819,6.533725816375152
2.02020202020202,5.050505050505051,33.58492573696493,22.62337612898143,3.772173331660686
3.03030303030303,5.050505050505051,28.596572547164484,29.89465046071988,3.876217937188347
4.040404040404041,5.050505050505051,46.49674425008194,23.78055774834798,5.037660552522171
5.050505050505051,5.050505050505051,58.27480714198089,4.50627268020492,4.695869296952749
6.060606060606061,5.050505050505051,14.630457482420603,16.6943640784772,4.00886789856364
7.070707070707071,5.050505050505051,28.238699346424436,16.31064541762484,4.693879099687361
8.080808080808081,5.050505050505051,41.21522518467693,25.83653369070531,1.605218159124338
9.090909090909092,5.050505050505051,11.729279900436335,13.04631832071398,1.573090206196197
10.1010101010101,5.050505050505051,11.362347756250529,16.18935060585384,1.579512477235958
11.11111111111111,5.050505050505051,15.361733158335074,14.15498431514393,2.363778119862478
12.12121212121212,5.050505050505051,8.769645489294565,8.027450371770767,1.39723663141918
13.13131313131313,5.050505050505051,12.014553758012427,12.36380822420162,1.551849105301494
14.14141414141414,5.050505050505051,7.52896828772903,17.15728953296764,1.847686646560913
15.15151515151515,5.050505050505051,8.491078071061295,10.99517526710963,1.675883084641028
16.16161616161616,5.050505050505051,11.124925147786174,9.253382375520156,1.159876253392578
17.17171717171717,5.050505050505051,15.189633140904213,17.97527767075071,1.385913412773
18.18181818181818,5.050505050505051,5.43455343901106,18.31670466464174,1.019392902165089
19.19191919191919,5.050505050505051,6.204483037538649,19.61424190490648,0.9036520875080386
20.2020202020202,5.050505050505051,9.398069428178797,18.71467610288208,1.567866868344989
21.21212121212121,5.050505050505051,13.812364813650545,21.87387853289124,1.38382358911191
22.22222222222222,5.050505050505051,15.544893048479674,9.208870417026047,0.8969228705001073
23.23232323232324,5.050505050505051,14.183163981242632,18.91171355781761,1.267061518563121
24.24242424242424,5.050505050505051,40.991571833205825,10.8561068842984,5.148730721032123
25.25252525252525,5.050505050505051,65.55811784760755,0.0,5.423028789359418
26.26262626262626,5.050505050505051,30.545494709300637,17.84541780137515,3.725121216585793
27.27272727272727,5.050505050505051,24.484927074954594,18.96132879890815,4.285785707842559
28.28282828282828,5.050505050505051,46.51158719030421,15.76951433050938,3.31544057928746
29.29292929292929,5.050505050505051,64.25216836450173,26.94613847057079,4.359918808512279
30.3030303030303,5.050505050505051,41.677396748487084,13.08106391241047,3.397685826834955
31.31313131313131,5.050505050505051,43.24430115286452,4.116885367794199,4.970743515993903
32.32323232323233,5.050505050505051,43.33801928724338,24.35732771552959,4.553671943515625
33.33333333333334,5.050505050505051,27.40191855641664,24.54657754199345,3.996696476968016
34.34343434343435,5.050505050505051,19.696542767608108,16.84591681631723,3.963099898006426
35.35353535353536,5.050505050505051,46.57061259152625,19.65218067946336,4.439274926982842
36.36363636363637,5.050505050505051,54.33837041764542,0.0,5.864199056242662
37.37373737373738,5.050505050505051,23.346061180349587,7.108593901703358,5.644226677653413
38.38383838383839,5.050505050505051,46.81495365227494,17.23552929853073,4.453319637710174
39.3939393939394,5.050505050505051,39.65908680480864,16.68337572980932,0.3665566569331021
40.40404040404041,5.050505050505051,7.893792901002312,14.38645129235866,1.309410334216692
41.41414141414142,5.050505050505051,5.314319444431311,16.23786569267762,0.8782959431658247
42.42424242424243,5.050505050505051,5.777788028528887,11.99349209976573,0.9134907229782012
43.43434343434344,5.050505050505051,7.354338948501697,16.8415517725075,1.063484611008892
44.44444444444445,5.050505050505051,6.034814012206193,18.48341253220234,1.409434807976093
45.45454545454546,5.050505050505051,5.7650151690640605,21.94242873429499,1.199917201584684
46.46464646464647,5.050505050505051,9.117765166945361,15.76067767351324,1.640522311532148
47.47474747474748,5.050505050505051,5.872910294757218,20.43445067824302,1.055059896840932
48.48484848484848,5.050505050505051,4.457145211065498,18.63185326758635,1.200323545574272
49.49494949494949,5.050505050505051,7.901890921459746,13.95384066826292,0.9418642400623353
50.50505050505051,5.050505050505051,6.876152774423568,17.23224378097626,0.9810170400890997
51.51515151515152,5.050505050505051,5.487688792777773,11.04061641609971,1.51417680686764
52.52525252525253,5.050505050505051,9.485330318671247,10.65750651652775,1.018359549384055
53.53535353535354,5.050505050505051,15.248436291919505,16.26627946354067,2.363510581127805
54.54545454545455,5.050505050505051,12.658569404070928,22.50627787787052,1.495073466930764
55.55555555555556,5.050505050505051,50.69698790759963,10.19833914903223,1.085908931293041
56.56565656565657,5.050505050505051,42.21740964265763,21.48823214146476,3.5097045068163
57.57575757575758,5.050505050505051,36.398422390905324,19.21757647990309,5.668983072133152
58.58585858585859,5.050505050505051,21.08245950010109,16.29206977661235,5.551533370279834
59.5959595959596,5.050505050505051,61.38252598282678,18.94097141978418,5.655465147231879
60.60606060606061,5.050505050505051,40.6984152446046,10.08216774628007,5.646856820192692
61.61616161616162,5.050505050505051,50.00620939622348,9.479766788847469,4.759489423267317
62.62626262626263,5.050505050505051,106.71804720883453,28.25173258625114,5.718507054859325
63.63636363636364,5.050505050505051,55.244331149984504,16.29574924324663,3.989767254028089
64.64646464646465,5.050505050505051,38.74518044375266,17.29878623249886,4.200505596665492
65.65656565656566,5.050505050505051,35.56680299517306,18.16609239844356,3.288188934649532
66.66666666666667,5.050505050505051,20.58394435316194,17.34490114115942,4.372101611406917
67.67676767676768,5.050505050505051,26.958711260265208,26.26915428340528,2.815571934287272
68.68686868686869,5.050505050505051,63.95292150607125,22.35178669833949,4.972015001833581
69.6969696969697,5.050505050505051,56.74623309576014,0.9859174446001395,5.14724822776355
70.70707070707071,5.050505050505051,24.005841703499378,18.92399852091808,1.188289443181465
71.71717171717172,5.050505050505051,4.860714854209399,18.68498620570126,1.282075648244858
72.72727272727273,5.050505050505051,8.965991231254424,12.81837496628316,2.271129079121818
73.73737373737374,5.050505050505051,7.838221279922057,12.87520658475553,1.850795008131451
74.74747474747475,5.050505050505051,5.63511235903804,21.2997722493837,1.075388546349823
75.75757575757576,5.050505050505051,13.240608487263138,15.85584422412746,0.4803391463864996
76.76767676767678,5.050505050505051,17.250285613895436,11.22595164565393,2.629519053072804
77.77777777777779,5.050505050505051,9.282014506023431,14.10007235062995,1.024828169928101
78.7878787878788,5.050505050505051,10.56626273678639,18.6687483796927,1.471648281983706
79.7979797979798,5.050505050505051,26.058887446918487,14.192803081816,0.5292579822543583
80.80808080808082,5.050505050505051,14.803727613545872,14.11320920197507,2.429628769181066
81.81818181818183,5.050505050505051,14.024642360252662,17.32688674572075,2.262956899995006
82.82828282828284,5.050505050505051,15.899472579933976,11.36460815809403,1.761688938606558
83.83838383838385,5.050505050505051,19.4964308888206,20.74271200964525,2.234062863237037
84.84848484848486,5.050505050505051,12.241285664835962,17.78869974586781,2.063396572242895
85.85858585858587,5.050505050505051,10.123174733259692,14.96652274165167,1.229031282354828
86.86868686868688,5.050505050505051,33.48567017705638,4.087686948095655,1.467419186576983
87.87878787878789,5.050505050505051,27.909191923562872,13.11055003891591,4.870261572071004
88.8888888888889,5.050505050505051,22.800463459088405,17.02659216441643,4.551227793947302
89.89898989898991,5.050505050505051,61.01560272259847,15.63213797038886,3.74547888505085
90.90909090909092,5.050505050505051,90.18202258469275,27.25575732703624,5.578233999008896
91.91919191919193,5.050505050505051,49.98069910572421,16.14188204401725,4.341942758303758
92.92929292929294,5.050505050505051,63.251049656065376,25.57561710898604,5.533023773364015
93.93939393939395,5.050505050505051,75.69884328746585,9.887320548918472,3.44732175612122
94.94949494949496,5.050505050505051,29.236083059423805,14.81695364551416,5.1402104241273
95.95959595959597,5.050505050505051,36.03724606284284,10.26482975336314,4.153048901264576
96.96969696969697,5.050505050505051,27.253313910888075,15.21039280378313,5.636183091840766
97.97979797979798,5.050505050505051,41.85522592793571,21.75165985235164,5.139139348376685
98.98989898989899,5.050505050505051,50.61128997100871,17.48617270953473,3.698376348370946
100.0,5.050505050505051,17.451327108539193,16.22347219551778,3.477959964336788
0.0,6.060606060606061,43.68490969679154,4.408270254546951,4.315954417945347
1.01010101010101,6.060606060606061,47.09917892726595,11.62210043436846,4.793103930413245
2.02020202020202,6.060606060606061,30.868590337682065,14.41029265713426,5.456809811751048
3.03030303030303,6.060606060606061,59.86996317142045,7.074483783499527,5.33161820518985
4.040404040404041,6.060606060606061,25.711873683200636,16.20156739168049,5.31679037764282
5.050505050505051,6.060606060606061,43.37305349188051,24.71901940219032,4.077211290999179
6.060606060606061,6.060606060606061,21.952189397205366,14.58544219534156,4.734931758596193
7.070707070707071,6.060606060606061,22.896436282391566,18.43105678953359,4.700534775811404
8.080808080808081,6.060606060606061,73.75356515435539,25.50174121316176,4.8458962580943
9.090909090909092,6.060606060606061,35.12689581043704,20.21397897040547,1.866357461468086
10.1010101010101,6.060606060606061,8.625352841632296,21.38198416340033,1.037141540840448
11.11111111111111,6.060606060606061,9.485673553256138,14.6882257635316,1.096458487345375
12.12121212121212,6.060606060606061,13.045358029782095,10.76759596792323,0.7232594536687885
13.13131313131313,6.060606060606061,10.179641573729064,23.0367405533649,1.330168990934495
14.14141414141414,6.060606060606061,7.287692511707933,16.16123840432563,2.071942469189215
15.15151515151515,6.060606060606061,18.267177250862346,9.18804266327966,1.147096296905054
16.16161616161616,6.060606060606061,19.687364947138484,20.86508800621735,1.28529588499446
17.17171717171717,6.060606060606061,16.997006195702223,6.081060379021634,0.8040153189141327
18.18181818181818,6.060606060606061,5.806585827139573,7.27159175508186,1.845430421624313
19.19191919191919,6.060606060606061,11.605191449886759,15.45429535982836,1.447513208096199
20.2020202020202,6.060606060606061,21.16436050506144,21.93831676357555,1.951189588797388
21.21212121212121,6.060606060606061,17.428605205565148,17.05956686077137,0.6618376026058969
22.22222222222222,6.060606060606061,13.969321162813912,11.70454495528366,2.277636320220245
23.23232323232324,6.060606060606061,43.55450621293341,14.34295556782749,1.309714821175262
24.24242424242424,6.060606060606061,35.75569014502703,5.896165664762297,4.626719827625898
25.25252525252525,6.060606060606061,58.662642306212945,16.84176102909034,5.306466075905903
26.26262626262626,6.060606060606061,34.341154950295426,13.38529922895846,3.856005701112993
27.27272727272727,6.060606060606061,33.62448484423115,19.34575359684109,4.786000129578786
28.28282828282828,6.060606060606061,14.46551353627083,12.81652214352565,4.553039646027481
29.29292929292929,6.060606060606061,33.51722511217044,15.89692819996317,3.23349784062188
30.3030303030303,6.060606060606061,20.998006427871893,4.616401096773031,5.204530942619783
31.31313131313131,6.060606060606061,41.892366262128604,11.20443968855756,5.225119991944863
32.32323232323233,6.060606060606061,60.98281903939022,34.81232750416608,4.277014744183205
33.33333333333334,6.060606060606061,37.312539419116376,15.94294268809423,4.851604801832196
34.34343434343435,6.060606060606061,22.414232093990606,13.27427129164005,5.915016648188231
35.35353535353536,6.060606060606061,47.80598284778278,15.84114629671683,2.92374391562788
36.36363636363637,6.060606060606061,33.612263069135544,1.910204175639409,5.324889353192166
37.37373737373738,6.060606060606061,35.282073659243416,6.812982039062108,3.527922173155812
38.38383838383839,6.060606060606061,40.181759122614636,26.13155408523054,3.877227583733041
39.3939393939394,6.060606060606061,39.47908733255734,13.06615203280727,5.320763852163163
40.40404040404041,6.060606060606061,23.26350368682457,15.83635260960115,1.15733864093669
41.41414141414142,6.060606060606061,1.9410855737526305,14.02699057939408,1.189049475145937
42.42424242424243,6.060606060606061,8.259300443676455,15.56229865960834,1.269780325825148
43.43434343434344,6.060606060606061,15.773330660459308,8.190911592368774,0.8448602370173195
44.44444444444445,6.060606060606061,11.715515812254976,17.36815998205526,1.675829986892994
45.45454545454546,6.060606060606061,13.230058434247741,25.11919795026022,1.451153285356216
46.46464646464647,6.060606060606061,9.571033491139435,18.79212070882804,0.9628184493869246
47.47474747474748,6.060606060606061,5.613589929157591,6.729258240960014,1.901444109735431
48.48484848484848,6.060606060606061,4.24665693030123,17.79953614621204,1.152865301491335
49.49494949494949,6.060606060606061,6.944845017885465,22.70411248997258,1.051351914717453
50.50505050505051,6.060606060606061,6.268981697968459,13.68158206876271,1.869202133211761
51.51515151515152,6.060606060606061,8.77896397643903,21.28194606041682,1.20005820650273
52.52525252525253,6.060606060606061,8.737880039368354,7.874571256986249,1.601049698813348
53.53535353535354,6.060606060606061,8.701221483345224,14.98459983179592,1.486293260450571
54.54545454545455,6.060606060606061,42.038468788213386,17.67064023079005,1.337251021608582
55.55555555555556,6.060606060606061,81.50172633417266,29.52218412098948,4.217974302414131
56.56565656565657,6.060606060606061,34.78599500444448,15.72686416562612,3.942055179187586
57.57575757575758,6.060606060606061,20.90691279653105,19.4074792414061,3.979830015827932
58.58585858585859,6.060606060606061,28.61498724664585,19.25471150190096,2.62642694232012
59.5959595959596,6.060606060606061,96.50541025413861,0.7966780802699552,4.715172323848786
60.60606060606061,6.060606060606061,100.48356563004185,28.8717078917723,5.300598610863086
61.61616161616162,6.060606060606061,38.21457706764611,15.28924059034156,5.439144067630333
62.62626262626263,6.060606060606061,52.62110793101698,9.045990239784224,4.307228231594184
63.63636363636364,6.060606060606061,37.02525496751314,12.00256423408613,4.313765085410914
64.64646464646465,6.060606060606061,78.23825975972395,29.3440245411028,5.436688443751629
65.65656565656566,6.060606060606061,57.10478028435362,33.81557654169208,4.586977702108809
66.66666666666667,6.060606060606061,42.8766983943851,25.14660674595255,4.888183338905383
67.67676767676768,6.060606060606061,55.27689430170207,29.63998371256197,4.587140692026587
68.68686868686869,6.060606060606061,60.47429000283636,12.86548894365816,3.971025117494309
69.6969696969697,6.060606060606061,40.590938401821425,19.58785442185907,4.830829290931886
70.70707070707071,6.060606060606061,41.040216023976754,24.61845569052716,3.947487097177165
71.71717171717172,6.060606060606061,34.28888342265432,10.66365671702685,1.480391989981244
72.72727272727273,6.060606060606061,10.230244906801156,20.05051867663574,0.728363849966968
73.73737373737374,6.060606060606061,11.675695784358963,8.431690018972729,1.353465105048131
74.74747474747475,6.060606060606061,10.447320980296428,13.637201595152,1.867590094830717
75.75757575757576,6.060606060606061,23.553190200026044,4.477478127934205,1.024192796304215
76.76767676767678,6.060606060606061,42.425804093599005,24.88562943621012,2.281128275856107
77.77777777777779,6.060606060606061,11.655873819020488,11.32992241612284,1.355012349105884
78.7878787878788,6.060606060606061,11.279830433391009,11.92116414076296,1.565949999309986
79.7979797979798,6.060606060606061,17.722962522951285,15.84436305101322,2.295837423195517
80.80808080808082,6.060606060606061,12.769342551186043,11.01375634027449,2.1612167496886
81.81818181818183,6.060606060606061,10.996601171809042,10.26252053341823,1.091936504868489
82.82828282828284,6.060606060606061,5.2105363497972625,7.161566492185226,1.572573889256907
83.83838383838385,6.060606060606061,15.513162020261511,21.88201731537271,0.8113784485002633
84.84848484848486,6.060606060606061,12.313087235101307,30.46797972010741,1.162321169146046
85.85858585858587,6.060606060606061,27.296133308700608,6.120230394902232,1.556838010605651
86.86868686868688,6.060606060606061,31.121726799806172,12.80967039902075,4.235996820785967
87.87878787878789,6.060606060606061,8.405553431867647,16.32843033162496,2.962885351916337
88.8888888888889,6.060606060606061,52.165186289084915,12.38845981037335,3.591054358857282
89.89898989898991,6.060606060606061,63.765148678436915,22.12590691810597,5.144382938644904
90.90909090909092,6.060606060606061,52.84494910293864,12.32235886109255,3.499679288450647
91.91919191919193,6.060606060606061,21.371345261998975,16.97017437051623,4.383193746291826
92.92929292929294,6.060606060606061,33.440312274197474,20.85024554182536,3.368712526614848
93.93939393939395,6.060606060606061,62.34212087586225,25.78927787812968,4.408890973697027
94.94949494949496,6.060606060606061,25.973680302584956,14.60899405708816,5.078806234754589
95.95959595959597,6.060606060606061,19.571953010390896,19.41494227817381,4.482198036042067
96.96969696969697,6.060606060606061,27.903366047272378,22.45531850008216,4.659561366935269
97.97979797979798,6.060606060606061,55.14861003344757,11.48215589614617,5.010086614771019
98.98989898989899,6.060606060606061,70.92488796289842,29.42678254843504,5.031817537913067
100.0,6.060606060606061,56.31075524837818,17.64395458665056,4.332199221172936
0.0,7.070707070707071,26.81269099118262,19.3584517485948,3.840159847160785
1.01010101010101,7.070707070707071,53.13172451227369,19.95155192041698,4.431463735157593
2.02020202020202,7.070707070707071,75.1108276851361,5.244406049199373,4.902176801951199
3.03030303030303,7.070707070707071,45.1620243321545,21.16298417626815,5.183621250547142
4.040404040404041,7.070707070707071,31.725807714301794,20.49397725026395,4.501984786326018
5.050505050505051,7.070707070707071,41.339112880640414,14.35157044637927,3.712776080522388
6.060606060606061,7.070707070707071,32.61256622645099,26.68750570566451,3.950759487132265
7.070707070707071,7.070707070707071,39.42285430726539,33.8626070716483,3.355566323097577
8.080808080808081,7.070707070707071,62.48304014321193,11.06739191336379,3.023774887784341
9.090909090909092,7.070707070707071,11.971140016946904,11.98500938353129,1.320403676596964
10.1010101010101,7.070707070707071,25.969819337134016,6.037521577887848,2.102079541239568
11.11111111111111,7.070707070707071,8.08555266523639,16.51137296541666,0.5998850878860242
12.12121212121212,7.070707070707071,10.092476063197477,26.4648736306334,0.9585709467742826
13.13131313131313,7.070707070707071,7.157974805019893,13.05247472773706,2.074516598511554
14.14141414141414,7.070707070707071,7.916718236228189,20.54790472959839,1.552773033509262
15.15151515151515,7.070707070707071,11.944914223714077,18.49571831538259,1.973288684367843
16.16161616161616,7.070707070707071,25.207241176499842,18.42495795206194,2.782934447331806
17.17171717171717,7.070707070707071,17.148331565129666,18.1732727062041,1.232352649391132
18.18181818181818,7.070707070707071,5.196087152521734,7.27719187815547,1.911702637091869
19.19191919191919,7.070707070707071,10.784931224702095,10.82685258285424,0.9219646631851522
20.2020202020202,7.070707070707071,13.09733753963717,20.00552045444138,1.177811844056204
21.21212121212121,7.070707070707071,6.510985730594,17.62874000136154,0.4219447662013908
22.22222222222222,7.070707070707071,70.48944332636833,12.29466839151512,1.010357575545803
23.23232323232324,7.070707070707071,125.38004899323488,31.84354243862169,5.384383453557626
24.24242424242424,7.070707070707071,46.27239455362757,14.09217083045053,5.04552148232402
25.25252525252525,7.070707070707071,46.69817257895077,11.40289683414784,3.853114601108262
26.26262626262626,7.070707070707071,40.743589389135316,22.79708131405377,4.18406294155057
27.27272727272727,7.070707070707071,34.59395090315612,12.04272877320785,3.705560658128047
28.28282828282828,7.070707070707071,16.42323201073512,8.72465649219303,5.472928506941136
29.29292929292929,7.070707070707071,39.54379341936587,18.03117059039177,4.717572772653657
30.3030303030303,7.070707070707071,34.73340227672563,6.317223923937227,3.537652002151827
31.31313131313131,7.070707070707071,24.74168272393974,12.4492936671536,5.073927270289571
32.32323232323233,7.070707070707071,53.45508272445411,24.13631737811632,4.343305372788942
33.33333333333334,7.070707070707071,60.25057171219528,30.08443043022942,4.425212353872239
34.34343434343435,7.070707070707071,62.22454230211793,8.717337321963027,3.898765125196981
35.35353535353536,7.070707070707071,56.66503503190853,29.10642217980902,4.406845267540055
36.36363636363637,7.070707070707071,43.568900832393936,19.29982986709535,4.375229165753534
37.37373737373738,7.070707070707071,37.0791655256933,15.62675155574276,3.70715330462541
38.38383838383839,7.070707070707071,50.544592176498014,27.14882005021757,4.729633647364309
39.3939393939394,7.070707070707071,23.229183330098866,20.53958000949569,3.945640184860785
40.40404040404041,7.070707070707071,37.527596053861004,14.84822283803289,3.908155835336516
41.41414141414142,7.070707070707071,24.589331742307593,16.90005368536136,0.9504543541496737
42.42424242424243,7.070707070707071,12.11685772746728,7.008273689258345,1.633882510655554
43.43434343434344,7.070707070707071,14.575567181152621,24.43819652892849,0.9819263683168218
44.44444444444445,7.070707070707071,18.64415022471759,9.04207261205768,1.640173679872767
45.45454545454546,7.070707070707071,30.269700628212156,26.14440446661294,2.048055906677028
46.46464646464647,7.070707070707071,13.146227179361137,15.08462358038888,1.654578473274008
47.47474747474748,7.070707070707071,5.518325016157499,14.88711941574093,0.9042821226570968
48.48484848484848,7.070707070707071,3.498409749921636,14.70598211207685,1.118750724794097
49.49494949494949,7.070707070707071,14.808747359941748,7.822128221427173,1.517642656201363
50.50505050505051,7.070707070707071,18.02096331466057,21.68467694124706,1.855842864072907
51.51515151515152,7.070707070707071,14.372893889122217,15.01554268072194,2.588467136594144
52.52525252525253,7.070707070707071,12.025207949157462,12.69809280799235,1.827736665655791
53.53535353535354,7.070707070707071,43.818445541247996,7.570956965618558,1.936761696399501
54.54545454545455,7.070707070707071,41.344043527543775,17.36966447424471,4.577704741819102
55.55555555555556,7.070707070707071,33.669904140506745,16.1694030259388,4.662363528967914
56.56565656565657,7.070707070707071,31.923531811833023,24.48912357698923,4.48970815299583
57.57575757575758,7.070707070707071,24.234263136984648,16.24790001374783,4.137528046721099
58.58585858585859,7.070707070707071,19.484959328403036,12.86078949864307,3.846421250874727
59.5959595959596,7.070707070707071,52.200018896416864,20.50149014865274,4.405489873332057
60.60606060606061,7.070707070707071,39.417460920688654,16.72396059151303,3.968298161379316
61.61616161616162,7.070707070707071,15.90891285343731,18.76689169909303,4.391659417885687
62.62626262626263,7.070707070707071,23.99541002113119,14.13809216233258,4.940033789978716
63.63636363636364,7.070707070707071,25.22644898456597,7.742619943069728,4.841565476336334
64.64646464646465,7.070707070707071,41.546050582894296,8.87699322413921,5.140597697641162
65.65656565656566,7.070707070707071,40.21567320194339,12.63520605762975,4.644405539264175
66.66666666666667,7.070707070707071,44.566333639874586,10.76632172749744,4.062075078194975
67.67676767676768,7.070707070707071,31.739664471108135,19.7254295888704,3.790560131753545
68.68686868686869,7.070707070707071,46.47428180845472,26.10283972642048,4.004625742445019
69.6969696969697,7.070707070707071,25.68601612418757,15.21937099579331,4.461715455518424
70.70707070707071,7.070707070707071,22.057375249107867,20.494495157857,5.011001806286478
71.71717171717172,7.070707070707071,33.09209389902041,14.72945975462455,4.222543778696771
72.72727272727273,7.070707070707071,28.482096975416198,24.41459826835827,1.500845816719627
73.73737373737374,7.070707070707071,9.892882357265325,16.78352785965031,1.695032925806228
74.74747474747475,7.070707070707071,6.6263921890437265,14.52271075844459,1.458556651994901
75.75757575757576,7.070707070707071,14.240966280592069,13.05030662930517,1.739711299694293
76.76767676767678,7.070707070707071,21.523785405587095,16.30097566664296,0.4851977140137522
77.77777777777779,7.070707070707071,7.000717624342284,20.02671573562088,0.7171227433383677
78.7878787878788,7.070707070707071,12.888639787903756,16.74019158810382,2.028500521044462
79.7979797979798,7.070707070707071,24.131516549701008,21.87940762369644,2.199438102723996
80.80808080808082,7.070707070707071,21.734601190400753,5.064605009997091,1.655124085315566
81.81818181818183,7.070707070707071,5.157975596777778,16.15447511399381,0.4875898919907139
82.82828282828284,7.070707070707071,5.723413280269841,16.67937302045189,1.007043213282366
83.83838383838385,7.070707070707071,10.242018874197893,3.848131987016226,2.193105607864723
84.84848484848486,7.070707070707071,19.919456818629325,19.49858167065075,1.58971276532739
85.85858585858587,7.070707070707071,27.60965420558787,9.424061643417064,4.16250852720909
86.86868686868688,7.070707070707071,30.677301178018705,12.31639800080735,6.484792521402353
87.87878787878789,7.070707070707071,51.91458756501032,10.37904472575296,3.854274247466642
88.8888888888889,7.070707070707071,86.1336501016606,31.33956438693301,4.687875337159089
89.89898989898991,7.070707070707071,44.92564946914468,14.33024994125857,3.773428818424159
90.90909090909092,7.070707070707071,11.840636687609313,8.198539933185856,5.198277762846516
91.91919191919193,7.070707070707071,29.810989114570727,7.276816582336312,3.930146108335434
92.92929292929294,7.070707070707071,46.50995780783958,20.67866277984368,4.116272374579006
93.93939393939395,7.070707070707071,60.04741088345716,6.282870451461586,4.284739888610049
94.94949494949496,7.070707070707071,31.72339448001567,5.494129405404338,4.477282379048673
95.95959595959597,7.070707070707071,25.78548754234275,20.24775184459099,4.468766122794532
96.96969696969697,7.070707070707071,28.516992228031956,16.42420600388218,4.666131416008704
97.97979797979798,7.070707070707071,62.48227427864397,6.708353930997973,4.2990151013741
98.98989898989899,7.070707070707071,44.62075206163729,19.78687619089239,5.556565861069308
100.0,7.070707070707071,71.97896679447861,27.39941834510264,5.61047597414715
0.0,8.080808080808081,45.060070845116265,17.93313951972878,4.761516335325974
1.01010101010101,8.080808080808081,87.79793185087121,31.68760210069404,6.041865519013127
2.02020202020202,8.080808080808081,67.51760568997757,27.18151733640394,4.654987880697993
3.03030303030303,8.080808080808081,45.79038721312679,24.25476374789837,4.224508461181046
4.040404040404041,8.080808080808081,62.558444096003164,6.25931945437086,4.457402493866768
5.050505050505051,8.080808080808081,25.74862718650965,19.60986635589124,4.080036283772663
6.060606060606061,8.080808080808081,18.319244322440113,15.19832550390027,4.717924402373412
7.070707070707071,8.080808080808081,16.765023107581715,17.44995778874355,4.085077898294548
8.080808080808081,8.080808080808081,45.42722328381284,21.57374155428493,4.425787619954245
9.090909090909092,8.080808080808081,41.013928426795715,5.306746217833459,3.963671613997223
10.1010101010101,8.080808080808081,75.1631910402086,16.48729107430171,6.135981346900597
11.11111111111111,8.080808080808081,55.736111115440025,14.27939590879476,1.246346631258968
12.12121212121212,8.080808080808081,15.813918381826996,21.56097990591907,1.437087781409456
13.13131313131313,8.080808080808081,13.152889228062858,5.829766917930791,1.466376310307723
14.14141414141414,8.080808080808081,14.323327399929104,15.7180886560145,0.7149787542429615
15.15151515151515,8.080808080808081,16.422053529849297,19.42315469759322,2.005338957545399
16.16161616161616,8.080808080808081,15.839025367711173,13.9347763151236,1.33204519347413
17.17171717171717,8.080808080808081,10.82618468361314,5.438102776486006,1.594819591042484
18.18181818181818,8.080808080808081,8.901557345175085,21.18588070805178,1.028499134689011
19.19191919191919,8.080808080808081,8.978752380460898,13.02350978855593,1.783141776560601
20.2020202020202,8.080808080808081,14.82943905234066,21.2865401534275,1.268588731296423
21.21212121212121,8.080808080808081,58.24702359499313,9.97378322757429,0.8544348641391658
22.22222222222222,8.080808080808081,73.99394288463293,26.04582889399012,4.458434067958186
23.23232323232324,8.080808080808081,33.530231542212604,31.46985785335747,2.605719827315956
24.24242424242424,8.080808080808081,15.69359227252997,19.26317062870125,4.404690780946749
25.25252525252525,8.080808080808081,29.86897001972264,20.92440658140092,5.098465073715749
26.26262626262626,8.080808080808081,32.940621869756754,21.9755221434618,3.567051283480478
27.27272727272727,8.080808080808081,25.23434858517828,17.56400113504957,4.620440824977075
28.28282828282828,8.080808080808081,42.89545422360159,19.47799139340303,3.203581843731467
29.29292929292929,8.080808080808081,10.740017006482267,14.54816607547818,4.163962636556273
30.3030303030303,8.080808080808081,10.878820748493139,13.05966435975972,4.293356597148206
31.31313131313131,8.080808080808081,28.75531000284617,10.38150247067502,4.942021233084971
32.32323232323233,8.080808080808081,65.86886063234982,1.379475278773382,3.65043851076573
33.33333333333334,8.080808080808081,60.810945221948316,14.39836432849765,5.233273672223643
34.34343434343435,8.080808080808081,53.31382294894262,10.88667982405768,4.12711176929991
35.35353535353536,8.080808080808081,38.52344587121394,22.98605314269951,5.293051839037602
36.36363636363637,8.080808080808081,50.86749684775415,9.860220017804057,5.554831729831168
37.37373737373738,8.080808080808081,20.449344573217054,20.93195129881396,3.600653729998062
38.38383838383839,8.080808080808081,19.419798129040615,16.77797143837071,4.240499782539798
39.3939393939394,8.080808080808081,19.057624064980804,13.96352546237907,5.014474750190854
40.40404040404041,8.080808080808081,36.750509762951594,20.35792763676405,5.082017492791552
41.41414141414142,8.080808080808081,34.90534622699707,14.40166589846086,4.667899391644045
42.42424242424243,8.080808080808081,32.81872667076266,17.94397673465963,1.91987956868721
43.43434343434344,8.080808080808081,25.644217285653127,14.83042134519813,0.3022387971745787
44.44444444444445,8.080808080808081,15.724103340761836,20.84740283183729,1.307169256646624
45.45454545454546,8.080808080808081,12.476727474188616,17.70444538497153,0.9523560610761549
46.46464646464647,8.080808080808081,4.797357195497472,9.812677829455307,1.969097941744223
47.47474747474748,8.080808080808081,3.264440726969838,12.58775664903562,1.619184368498049
48.48484848484848,8.080808080808081,7.481065509366238,15.55084873937682,1.209356679233046
49.49494949494949,8.080808080808081,10.811585000282648,18.61197445677324,1.405228556424264
50.50505050505051,8.080808080808081,13.806147719691545,12.18834098500749,1.031927314345297
51.51515151515152,8.080808080808081,24.79961136648536,10.59888283188369,1.107466824189456
52.52525252525253,8.080808080808081,30.337900113393513,6.694273107327758,1.480851921390635
53.53535353535354,8.080808080808081,51.675001553069286,25.05851735592091,4.347139276637109
54.54545454545455,8.080808080808081,53.86350470042038,22.77724159777755,5.269761873944143
55.55555555555556,8.080808080808081,72.9701506063183,5.794317395623358,4.92398651431184
56.56565656565657,8.080808080808081,35.29112375891539,17.71402555333092,6.068185927888686
57.57575757575758,8.080808080808081,26.082306884544913,18.92808091914939,4.948724849244905
58.58585858585859,8.080808080808081,49.68352027667063,15.06311990935853,4.494125489466533
59.5959595959596,8.080808080808081,87.10234092674206,30.44480711387404,4.853110452919129
60.60606060606061,8.080808080808081,52.10944386760647,7.450147020067565,4.747969502701737
61.61616161616162,8.080808080808081,51.296638813584636,13.46643435242026,3.575705926091235
62.62626262626263,8.080808080808081,20.62390606159135,16.85284752808633,5.341138298203482
63.63636363636364,8.080808080808081,25.1953346322495,17.36976360715837,4.812929928919961
64.64646464646465,8.080808080808081,41.91706443523776,17.02640819109376,4.505904276678988
65.65656565656566,8.080808080808081,17.63267939785451,20.42655995340115,4.656587087945915
66.66666666666667,8.080808080808081,29.818132262074045,22.52043518130843,4.299432509261298
67.67676767676768,8.080808080808081,18.492924129630264,17.7985153622764,3.921822289102524
68.68686868686869,8.080808080808081,32.37212939876352,9.352676213519457,4.112959547058882
69.6969696969697,8.080808080808081,30.311340786127083,14.61046576072906,4.332686446240205
70.70707070707071,8.080808080808081,29.469616440820538,20.87538447632796,4.56427427695906
71.71717171717172,8.080808080808081,42.34791256787362,9.154771697274946,4.619690768106743
72.72727272727273,8.080808080808081,64.03366612398568,16.99474264433291,5.577330974956546
73.73737373737374,8.080808080808081,27.18479475025447,13.28236084011254,1.609208526540127
74.74747474747475,8.080808080808081,18.20292031426131,27.23168287735148,1.271065529732107
75.75757575757576,8.080808080808081,23.485217606696907,0.199966773900912,0.8701703214555204
76.76767676767678,8.080808080808081,18.81965937577143,17.72357245864574,1.348443379088978
77.77777777777779,8.080808080808081,14.334816123773216,7.563328892738364,1.771390046644121
78.7878787878788,8.080808080808081,10.995645031771097,17.07124407427248,1.842470174724544
79.7979797979798,8.080808080808081,20.789813761364,17.50699593578683,0.9851733730953718
80.80808080808082,8.080808080808081,31.64442763451647,15.84143918225551,2.503228720478535
81.81818181818183,8.080808080808081,22.866380049732726,18.46716152782994,0.0
82.82828282828284,8.080808080808081,7.931703458438001,11.74790249436778,1.436696075183165
83.83838383838385,8.080808080808081,31.617332310459048,6.605083971716093,1.38937279967035
84.84848484848486,8.080808080808081,34.208010147304876,14.14032761738843,5.337228582738324
85.85858585858587,8.080808080808081,13.329409045516721,17.17058761641115,4.140492117358339
86.86868686868688,8.080808080808081,13.64487817333929,14.08361246457149,4.4927956655361
87.87878787878789,8.080808080808081,31.65602053856918,21.95187659196824,4.214152963604207
88.8888888888889,8.080808080808081,33.24536942068498,20.16996057987377,5.184134472728473
89.89898989898991,8.080808080808081,19.29616645736651,21.78737010824425,3.200438260396235
90.90909090909092,8.080808080808081,25.10942994590014,17.73059493851197,3.609556971715382
91.91919191919193,8.080808080808081,38.46050127288173,5.889046633392594,4.360467616702773
92.92929292929294,8.080808080808081,48.5051824599738,5.887760064066075,4.870833811497064
93.93939393939395,8.080808080808081,90.94414449524808,30.13003432196008,3.976371865573182
94.94949494949496,8.080808080808081,38.03477039586463,7.441804933196594,4.527056282416404
95.95959595959597,8.080808080808081,33.097046853823215,13.01070154459614,5.420924542036986
96.96969696969697,8.080808080808081,21.309142731636186,23.74217937326361,4.256891810236374
97.97979797979798,8.080808080808081,45.6938144863188,36.39505820819153,3.329440384985174
98.98989898989899,8.080808080808081,25.124264679950954,22.81317223170479,4.141101236671072
100.0,8.080808080808081,58.271917110187324,11.6348356299448,5.0581056254288
0.0,9.090909090909092,16.89447295886983,24.43768913388108,4.233479987866131
1.01010101010101,9.090909090909092,45.85341863868972,24.31017162014587,4.701079329654753
2.02020202020202,9.090909090909092,72.62714080178614,7.524191483230236,6.149180953746997
3.03030303030303,9.090909090909092,106.81071158486188,32.50553521515507,5.530142324417648
4.040404040404041,9.090909090909092,44.892358399784335,22.23849347821226,3.916542563088557
5.050505050505051,9.090909090909092,28.529552444005848,17.19088578415203,3.731764184824195
6.060606060606061,9.090909090909092,32.637588006713855,20.59725681039761,4.977635325718956
7.070707070707071,9.090909090909092,12.037578842608502,15.75271322581333,4.518879111828717
8.080808080808081,9.090909090909092,24.57882553122039,19.85843428192338,3.748047856144824
9.090909090909092,9.090909090909092,33.24420661811082,8.094603661249426,3.125866951969536
10.1010101010101,9.090909090909092,48.497506415787306,15.31621515429728,3.426920447344305
11.11111111111111,9.090909090909092,88.00798946952878,30.57262633532446,4.458000830324259
12.12121212121212,9.090909090909092,58.75215193415602,6.264918126482969,1.43182102955675
13.13131313131313,9.090909090909092,6.687088671096406,15.14176176479533,1.156099924020545
14.14141414141414,9.090909090909092,6.013437941983371,12.02830350370062,1.451734189894395
15.15151515151515,9.090909090909092,9.855765572175796,15.41214200789763,1.545182890373266
16.16161616161616,9.090909090909092,7.718716818755288,13.06041381603987,1.449183711934885
17.17171717171717,9.090909090909092,4.714382859136003,7.711343266628616,1.977426893763126
18.18181818181818,9.090909090909092,6.8033176371738895,13.08632976320235,0.6580328753834178
19.19191919191919,9.090909090909092,35.418520064718706,3.190551488842937,1.80619205090806
20.2020202020202,9.090909090909092,35.98557683315199,16.45106623261712,3.68471422183564
21.21212121212121,9.090909090909092,80.6647429235932,26.28000987974272,4.350944686832865
22.22222222222222,9.090909090909092,39.99503060961034,15.74665029420976,4.164255805298238
23.23232323232324,9.090909090909092,17.511435726308477,25.23996947888912,3.553795600692502
24.24242424242424,9.090909090909092,38.05727747158039,16.00221297538921,3.780766077641329
25.25252525252525,9.090909090909092,28.81315364404893,25.90350779508032,4.373305790153433
26.26262626262626,9.090909090909092,97.10682413177788,29.54020195482975,5.487218349264087
27.27272727272727,9.090909090909092,86.30922453158485,7.597339565843386,5.036513229297473
28.28282828282828,9.090909090909092,147.34273317588185,31.34752587042657,6.340399271691357
29.29292929292929,9.090909090909092,42.60172681413238,24.85815196337117,2.925527416094624
30.3030303030303,9.090909090909092,19.73409484854438,12.56467598757092,4.503976750789609
31.31313131313131,9.090909090909092,39.86004108682266,21.81905363412161,4.740422565605135
32.32323232323233,9.090909090909092,61.02431874236676,11.85630165902915,4.396870053176432
33.33333333333334,9.090909090909092,89.40563940809241,33.34238303495085,4.801097199131858
34.34343434343435,9.090909090909092,58.21629994792943,29.29098486447519,4.782573212123781
35.35353535353536,9.090909090909092,19.90881229736645,24.02842974721591,5.224173756496461
36.36363636363637,9.090909090909092,50.29478814044488,29.05124452250299,4.856287015373906
37.37373737373738,9.090909090909092,31.534714799532747,27.02345499949855,4.252216164768433
38.38383838383839,9.090909090909092,29.512096891306648,13.2435091641047,4.23405475468944
39.3939393939394,9.090909090909092,47.71014752139261,9.276528267904103,4.244921350085932
40.40404040404041,9.090909090909092,69.64232460702607,26.60755877019723,5.087193212894383
41.41414141414142,9.090909090909092,35.74437094256484,10.27703131638398,4.648814335181703
42.42424242424243,9.090909090909092,43.184484223504114,17.1468923856973,4.664542234102518
43.43434343434344,9.090909090909092,37.27616638855542,15.82349555261028,2.199786761420697
44.44444444444445,9.090909090909092,17.653928104401082,17.26966113344728,2.580715335545767
45.45454545454546,9.090909090909092,14.701262128881103,18.42518007394538,0.894950718007328
46.46464646464647,9.090909090909092,6.820086657148076,18.4409943324974,0.5037812730844956
47.47474747474748,9.090909090909092,8.519538818462312,17.41991453531501,0.9689502096581442
48.48484848484848,9.090909090909092,15.67234581337139,19.57996409595195,1.912856365995431
49.49494949494949,9.090909090909092,8.584583281141354,21.442978989897,1.594619117141027
50.50505050505051,9.090909090909092,45.11168959890832,18.82584099121816,1.366209084591598
51.51515151515152,9.090909090909092,60.151046731420195,19.02685972408076,4.264643525486832
52.52525252525253,9.090909090909092,57.8239036483761,3.130471924429776,5.470409481096601
53.53535353535354,9.090909090909092,43.339145080776355,23.90584613440101,4.653494917965213
54.54545454545455,9.090909090909092,63.803256503060624,14.27619691761546,3.340619198544226
55.55555555555556,9.090909090909092,52.36844727039411,28.48706469077542,3.619007135317042
56.56565656565657,9.090909090909092,59.39259467541021,30.13182053455879,5.091510557258863
57.57575757575758,9.090909090909092,69.95398417964412,13.88794787784737,4.002089378729995
58.58585858585859,9.090909090909092,69.23627401203947,31.92592683048592,4.453161912218857
59.5959595959596,9.090909090909092,66.21047309090146,22.86978910888973,2.151788694200399
60.60606060606061,9.090909090909092,53.54819558201069,28.44737702444979,3.081492396918927
61.61616161616162,9.090909090909092,79.79284182219558,30.3081091792075,5.425361817120463
62.62626262626263,9.090909090909092,46.340277533561256,22.86135820295355,4.551915150387289
63.63636363636364,9.090909090909092,42.08133923193343,24.02693752942032,5.201400132972274
64.64646464646465,9.090909090909092,86.69623804418917,42.56405183261315,4.417402035090484
65.65656565656566,9.090909090909092,41.4070827431655,20.27685615101107,4.001019542546607
66.66666666666667,9.090909090909092,33.567217437207766,14.02940548257421,4.232079458135403
67.67676767676768,9.090909090909092,20.551875089677278,22.32058442961934,3.604232948919419
68.68686868686869,9.090909090909092,39.94180408612042,7.980253668435022,5.729134690650117
69.6969696969697,9.090909090909092,46.65635720752306,25.52843937326919,4.823334126871306
70.70707070707071,9.090909090909092,27.06088326627512,19.21970764887652,6.283929859057169
71.71717171717172,9.090909090909092,41.71382034943644,18.01468664747171,4.790448789775013
72.72727272727273,9.090909090909092,43.76423910003958,5.430057944102957,4.180011280882352
73.73737373737374,9.090909090909092,24.85176617935246,9.64191232335574,3.773975610823308
74.74747474747475,9.090909090909092,25.759524049696928,16.89409942846342,1.356156489892506
75.75757575757576,9.090909090909092,16.198585359221042,15.80565389327994,0.8491036093772195
76.76767676767678,9.090909090909092,25.999388270455245,25.5897020313549,1.913307797544196
77.77777777777779,9.090909090909092,15.698436530648516,26.69861494037761,1.543734809882974
78.7878787878788,9.090909090909092,17.43557181533452,22.53647496711238,0.9866845462690874
79.7979797979798,9.090909090909092,15.635722115447944,17.84804030953963,0.08831775529234379
80.80808080808082,9.090909090909092,19.084162219786418,9.52612842550423,0.6730221702901906
81.81818181818183,9.090909090909092,30.30068783839942,16.86567984439639,1.604195664362299
82.82828282828284,9.090909090909092,14.236674892608749,18.84430488296017,1.270636225839778
83.83838383838385,9.090909090909092,39.53662502953599,14.16573955953763,4.300108067914591
84.84848484848486,9.090909090909092,24.49641806715023,20.29861727690056,4.786556083097404
85.85858585858587,9.090909090909092,20.542305495033663,18.42220134844181,4.36158545447871
86.86868686868688,9.090909090909092,24.244727079271843,13.52452055669686,4.609659550782886
87.87878787878789,9.090909090909092,48.79245862213912,24.55250564376318,5.104927939039426
88.8888888888889,9.090909090909092,49.48180427952565,36.71052192095682,4.039801060845745
89.89898989898991,9.090909090909092,36.82609930787333,20.24607463577421,4.47961642846297
90.90909090909092,9.090909090909092,78.59566190729635,4.91365197607896,5.900563049778416
91.91919191919193,9.090909090909092,78.66063797612071,36.59052338688643,3.697163510744183
92.92929292929294,9.090909090909092,42.463293548162675,19.63089187716651,3.674265025091431
93.93939393939395,9.090909090909092,56.6466802320829,7.777338222789306,3.364656159737018
94.94949494949496,9.090909090909092,49.13526491194919,11.72809508617316,4.585445241978357
95.95959595959597,9.090909090909092,36.57435760770354,21.82434936597243,5.296257012739567
96.96969696969697,9.090909090909092,24.113090911795314,21.0069210383626,4.327471334431436
97.97979797979798,9.090909090909092,25.72673063661555,17.10416898300701,4.53378290717831
98.98989898989899,9.090909090909092,32.67756267352031,27.58752468782051,2.601718417777342
100.0,9.090909090909092,27.97114891329117,22.49768922312063,4.585848745964366
0.0,10.1010101010101,12.838334074508884,20.99194096578419,3.890452897683145
1.01010101010101,10.1010101010101,21.735542670422173,15.26879427405643,5.690204619097358
2.02020202020202,10.1010101010101,21.718457767917197,17.21566618028126,3.195061249462347
3.03030303030303,10.1010101010101,50.710533019480664,12.43429967477266,4.501099661805512
4.040404040404041,10.1010101010101,38.10128383119145,18.1508365015918,4.536109227641781
5.050505050505051,10.1010101010101,58.548548715441676,5.412835641852318,5.026890503543255
6.060606060606061,10.1010101010101,69.3148697870839,28.5816182768879,4.637266298699203
7.070707070707071,10.1010101010101,38.71823366843585,13.57780110737447,4.251123043389546
8.080808080808081,10.1010101010101,22.085390010693907,24.84454396321017,3.997729433458616
9.090909090909092,10.1010101010101,25.86584254915154,13.44111880602355,5.780658750443998
10.1010101010101,10.1010101010101,19.2493654925913,22.50042551184047,3.858108256082755
11.11111111111111,10.1010101010101,35.14579260302021,24.31582005449876,4.683553621528739
12.12121212121212,10.1010101010101,49.7482545510395,24.11231575721381,3.571053510559789
13.13131313131313,10.1010101010101,30.281252292222014,20.56831490780008,1.299005223339265
14.14141414141414,10.1010101010101,14.148774567440462,21.33150469897181,1.354601222329986
15.15151515151515,10.1010101010101,24.996401882006282,12.91333617816888,0.8338096530116174
16.16161616161616,10.1010101010101,23.721163769888662,18.79163023859493,2.174939480856812
17.17171717171717,10.1010101010101,29.40821485053535,9.667391781762127,1.373960517298121
18.18181818181818,10.1010101010101,54.598156743042274,6.820896512067058,0.5955607514764778
19.19191919191919,10.1010101010101,45.43845477895823,17.92879179582138,4.031147147849829
20.2020202020202,10.1010101010101,40.70436742210697,13.74089883040994,4.284210550518869
21.21212121212121,10.1010101010101,74.46591060889659,0.0,3.080991889935297
22.22222222222222,10.1010101010101,51.744241875227445,6.536268055797827,4.442579501236821
23.23232323232324,10.1010101010101,27.01569753321965,21.05269675392261,3.831798441925317
24.24242424242424,10.1010101010101,31.951119298481796,20.63221020437551,5.157064685231226
25.25252525252525,10.1010101010101,26.936163546186837,20.24170662527082,5.247870978510758
26.26262626262626,10.1010101010101,62.74609117820037,6.754502502559877,4.443107389214187
27.27272727272727,10.1010101010101,31.62040132670798,13.57573435231734,4.14640602775629
28.28282828282828,10.1010101010101,64.77785072585819,6.528896161086955,4.941990406909354
29.29292929292929,10.1010101010101,21.607464771039723,14.42736714934607,3.924922962181819
30.3030303030303,10.1010101010101,38.75419973938733,12.99570123711263,5.542867751745712
31.31313131313131,10.1010101010101,19.959151535563404,22.50317916949186,5.003929754152643
32.32323232323233,10.1010101010101,38.665259020895775,13.90469130648341,6.464195577865175
33.33333333333334,10.1010101010101,77.75885041596766,2.955258200260642,5.119705389278014
34.34343434343435,10.1010101010101,52.576587158025966,7.131272782221706,5.178338530992688
35.35353535353536,10.1010101010101,25.32198135039767,17.02717392419779,4.690493057247667
36.36363636363637,10.1010101010101,36.22494909234831,11.93097776584319,5.694038468753689
37.37373737373738,10.1010101010101,37.54762669517916,25.68738245171863,4.53530558542822
38.38383838383839,10.1010101010101,51.64536720963436,7.047417745412559,4.06248600303821
39.3939393939394,10.1010101010101,33.05895893647805,17.66122384839666,4.920488027370395
40.40404040404041,10.1010101010101,27.577665831409448,16.02811204255395,4.507604086930761
41.41414141414142,10.1010101010101,50.33791937447352,16.34546356191284,3.151688051659104
42.42424242424243,10.1010101010101,59.16840336637278,25.55923136766799,5.078702424574842
43.43434343434344,10.1010101010101,41.48501730434816,19.70809596283829,5.005716608941232
44.44444444444445,10.1010101010101,30.784959381925177,12.35769683905432,2.355420838787861
45.45454545454546,10.1010101010101,35.87216088370555,23.09267600719571,1.716800477388948
46.46464646464647,10.1010101010101,25.47034472657464,7.103282924726555,0.9615244014686879
47.47474747474748,10.1010101010101,23.606646734024284,13.06881714821419,1.106999564519705
48.48484848484848,10.1010101010101,17.200736026843863,19.26168824742593,0.895368855259201
49.49494949494949,10.1010101010101,52.8782247793305,17.54389338360515,1.118792783293536
50.50505050505051,10.1010101010101,100.92458891402791,23.33941993787713,5.532620447915457
51.51515151515152,10.1010101010101,64.99769662848288,7.14115460069607,4.114740802457201
52.52525252525253,10.1010101010101,56.439279662391286,17.83453583609688,4.657831384730816
53.53535353535354,10.1010101010101,32.91912694180937,21.82261853004836,5.710326603218608
54.54545454545455,10.1010101010101,46.22832771654471,32.06161213265822,3.481019991426584
55.55555555555556,10.1010101010101,37.34082382498383,20.27567965681753,3.645253676817694
56.56565656565657,10.1010101010101,25.537325506674655,24.84444756029221,4.424644613759394
57.57575757575758,10.1010101010101,16.725945595841168,27.31013497085929,4.133319131821387
58.58585858585859,10.1010101010101,41.43527233586082,25.42950889380547,4.689546953973287
59.5959595959596,10.1010101010101,56.1523110160945,5.301757592493751,2.700973993707037
60.60606060606061,10.1010101010101,38.02704884640926,7.295725609370853,5.616494602043628
61.61616161616162,10.1010101010101,62.295711805794376,19.61165121146741,5.031861770039368
62.62626262626263,10.1010101010101,80.42223885715399,3.019065241906294,4.647688514768003
63.63636363636364,10.1010101010101,46.850666442776415,22.96887930552463,3.569272379558547
64.64646464646465,10.1010101010101,41.74585141712189,31.61244965790118,3.874549003012236
65.65656565656566,10.1010101010101,29.42829019327813,22.920442286614,4.542560712804548
66.66666666666667,10.1010101010101,36.05980249284554,25.58634839693226,4.430539610327439
67.67676767676768,10.1010101010101,33.6396627123398,13.98716441648803,4.625006179318095
68.68686868686869,10.1010101010101,26.119881453488965,16.13133830388785,5.337034735393845
69.6969696969697,10.1010101010101,24.690917344343525,18.5082799534988,4.111972199287359
70.70707070707071,10.1010101010101,16.645498994082164,16.17498413114693,4.628124175056234
71.71717171717172,10.1010101010101,15.784781985521212,13.26403911293811,4.638629515217314
72.72727272727273,10.1010101010101,46.52992423205011,14.00964335510427,3.453027936722092
73.73737373737374,10.1010101010101,29.10992836488048,16.95418215519236,5.52154119378412
74.74747474747475,10.1010101010101,39.49029520250174,16.48223324871799,5.538037375171824
75.75757575757576,10.1010101010101,27.653486247344823,20.82541812171529,0.3315022241121401
76.76767676767678,10.1010101010101,37.24010756708419,7.678945601568583,1.733428048379099
77.77777777777779,10.1010101010101,25.8712149592414,13.22714851923508,2.492177031475465
78.7878787878788,10.1010101010101,14.726732166377614,24.86707344660056,1.734121630914556
79.7979797979798,10.1010101010101,14.890087736271848,22.65336259292086,1.013225756221103
80.80808080808082,10.1010101010101,37.95186366369532,25.19703556303724,0.9534829171748841
81.81818181818183,10.1010101010101,58.56171523230572,30.41987493862331,3.203386031233161
82.82828282828284,10.1010101010101,38.61382141869751,8.102140713573881,4.16474084910242
83.83838383838385,10.1010101010101,35.913071614591374,20.69912197887762,4.546434899695774
84.84848484848486,10.1010101010101,17.343003429015933,23.77802528309174,5.06346124046653
85.85858585858587,10.1010101010101,31.12514379171627,22.04436956478001,5.373112152604238
86.86868686868688,10.1010101010101,22.945498123895717,14.89615180689155,3.17516846627363
87.87878787878789,10.1010101010101,27.554805974359418,12.87503669326376,3.802623246536219
88.8888888888889,10.1010101010101,33.341254302362046,15.61886618937559,4.781934555170373
89.89898989898991,10.1010101010101,32.05275306607991,19.8179021448522,4.221721274063532
90.90909090909092,10.1010101010101,65.87046806402596,30.56560586292035,4.592760647001441
91.91919191919193,10.1010101010101,26.075767663829883,26.13301999932746,3.814355549220399
92.92929292929294,10.1010101010101,14.086286162520206,19.7329393368544,4.531428111792793
93.93939393939395,10.1010101010101,36.458479783441845,26.23198433330479,3.261024314420827
94.94949494949496,10.1010101010101,67.31976542862525,30.34012408008864,4.641089622148533
95.95959595959597,10.1010101010101,47.55768141836138,23.98514044777668,4.204128200125307
96.96969696969697,10.1010101010101,45.44366392387253,9.532083435030048,4.475023742304908
97.97979797979798,10.1010101010101,48.4595220662438,25.29106548922204,4.653542429862554
98.98989898989899,10.1010101010101,40.85823918888353,25.40661175208779,5.613534452441383
100.0,10.1010101010101,20.555802416398265,24.5678603205547,4.533062464854009
0.0,11.11111111111111,26.151328802531054,21.32448119391596,4.369646438143372
1.01010101010101,11.11111111111111,38.56866485065975,10.4382691866726,6.172837223085621
2.02020202020202,11.11111111111111,38.17799424352662,23.09955979611977,4.342120669976723
3.03030303030303,11.11111111111111,26.873965486031825,21.34625829408968,5.044859365839565
4.040404040404041,11.11111111111111,64.27120934912051,24.17493639952617,6.142100263290289
5.050505050505051,11.11111111111111,33.37101039841886,12.53056518451367,5.107992995021091
6.060606060606061,11.11111111111111,21.636984938807508,14.53323479453022,4.503233740045118
7.070707070707071,11.11111111111111,16.803690216797975,17.7937366265694,4.648242382304684
8.080808080808081,11.11111111111111,19.949993209500917,15.94051104955161,6.244957683780467
9.090909090909092,11.11111111111111,37.40269838194279,14.59108818650743,3.931496889836995
10.1010101010101,11.11111111111111,20.41776955822611,17.46942288490267,4.597700139880789
11.11111111111111,11.11111111111111,37.19474477235508,13.42959131757809,3.765049052390223
12.12121212121212,11.11111111111111,19.1501700435538,14.05854734485123,3.657246887171552
13.13131313131313,11.11111111111111,28.66687023392612,16.46013582333892,4.681920273986012
14.14141414141414,11.11111111111111,21.830298233471332,9.774074045529005,5.499369622315135
15.15151515151515,11.11111111111111,25.94584594361573,10.0264833194324,4.934306914404451
16.16161616161616,11.11111111111111,20.16342311363205,12.93716616391242,4.337901769369132
17.17171717171717,11.11111111111111,44.956139354851615,16.78899958830108,5.488181134244037
18.18181818181818,11.11111111111111,68.43317642012859,25.20711540507715,5.572799981149251
19.19191919191919,11.11111111111111,30.14726629001342,26.5511530310744,3.988547461578759
20.2020202020202,11.11111111111111,60.4145211447056,26.6273175292087,5.545590590879256
21.21212121212121,11.11111111111111,52.4727242186234,29.67565194375646,3.221967255799074
22.22222222222222,11.11111111111111,52.280075169962146,22.6259817809494,5.251041881321908
23.23232323232324,11.11111111111111,35.04841207926646,13.29261690656501,4.438452933797247
24.24242424242424,11.11111111111111,35.683151768945486,11.97435704107146,4.209488139309204
25.25252525252525,11.11111111111111,31.473315600021007,16.83753454850234,4.865912455794321
26.26262626262626,11.11111111111111,56.906058171000964,4.208367478962102,3.232508830915496
27.27272727272727,11.11111111111111,69.33120002317399,28.34350081230873,4.037659849132814
28.28282828282828,11.11111111111111,25.08992893763051,16.5836523348882,4.613080917618214
29.29292929292929,11.11111111111111,27.896483065212706,17.3473607482269,5.026214268626413
30.3030303030303,11.11111111111111,77.57591794371709,27.88316083614982,5.581497205440599
31.31313131313131,11.11111111111111,23.415004087064272,22.49050938402824,4.678999116341434
32.32323232323233,11.11111111111111,13.128615618151752,26.27804700635806,4.160026705503604
33.33333333333334,11.11111111111111,25.197627613450717,16.5567071911747,5.113625284603518
34.34343434343435,11.11111111111111,14.303337118721641,16.57545486727601,4.786629941852136
35.35353535353536,11.11111111111111,4.523242241038652,21.49380238944838,3.680542717407302
36.36363636363637,11.11111111111111,26.100525470818802,18.00020198203586,4.399641191985572
37.37373737373738,11.11111111111111,30.707310886049626,25.51258104042788,4.089549191184347
38.38383838383839,11.11111111111111,30.111314593570683,13.99747882718083,4.40264285050899
39.3939393939394,11.11111111111111,34.945516824015186,20.82430152494941,4.739112465999851
40.40404040404041,11.11111111111111,36.26592394154686,21.00169853415481,4.002704791293751
41.41414141414142,11.11111111111111,89.35729808666962,31.55312720838202,4.757156961371217
42.42424242424243,11.11111111111111,65.74459556323379,15.76126170853051,3.324984988970201
43.43434343434344,11.11111111111111,34.48761120679554,25.9309978778956,3.85824841995745
44.44444444444445,11.11111111111111,39.88689479999496,14.15870805149929,4.004843106170744
45.45454545454546,11.11111111111111,48.58674024794066,24.22063036243294,4.815101508770442
46.46464646464647,11.11111111111111,41.59940106384363,14.35380850182754,4.584036261985151
47.47474747474748,11.11111111111111,51.24141364661342,20.34329071685353,4.722223770081365
48.48484848484848,11.11111111111111,36.13597558153784,16.29984378097429,3.722803178495956
49.49494949494949,11.11111111111111,64.69077563463179,20.76713395951248,5.041313908710711
50.50505050505051,11.11111111111111,53.50821596877302,8.989106830050137,4.236487174882974
51.51515151515152,11.11111111111111,53.37143109238671,19.63675810895298,4.287143530641893
52.52525252525253,11.11111111111111,68.88234366552241,30.76282041668469,4.799683547003506
53.53535353535354,11.11111111111111,44.89761162016879,17.4989078100358,3.477788581596267
54.54545454545455,11.11111111111111,37.11474787498576,8.399426597048521,4.918652488788433
55.55555555555556,11.11111111111111,51.115482794034556,6.43622372173673,4.264389881315742
56.56565656565657,11.11111111111111,62.47579726346584,33.91496343249636,3.821823795676922
57.57575757575758,11.11111111111111,20.306021213392686,30.24910637594338,3.72253775542142
58.58585858585859,11.11111111111111,19.314155244167043,19.07064383824996,4.600503893655453
59.5959595959596,11.11111111111111,31.863450907633666,19.52569196742756,3.71042668183193
60.60606060606061,11.11111111111111,10.65290190907918,13.66907396886701,4.538523818057291
61.61616161616162,11.11111111111111,27.57892399095821,14.51889254115671,3.96777980875639
62.62626262626263,11.11111111111111,43.52358286401893,17.93696842458019,5.189694567685019
63.63636363636364,11.11111111111111,64.27071348439753,10.68336871158231,4.307944618076704
64.64646464646465,11.11111111111111,84.1748734347311,27.1106903020138,6.088393979958685
65.65656565656566,11.11111111111111,65.20921876779732,13.40556245377066,2.760350935959372
66.66666666666667,11.11111111111111,35.70652034408117,17.82179856930988,4.546360945398909
67.67676767676768,11.11111111111111,69.05354536926453,3.850048765927512,4.146268049896067
68.68686868686869,11.11111111111111,57.96658796627807,22.01888402052894,5.395764045332088
69.6969696969697,11.11111111111111,48.441194897352176,8.643008774776407,4.119190683816933
70.70707070707071,11.11111111111111,23.96116254084508,15.10328196583523,5.359616688226786
71.71717171717172,11.11111111111111,24.658673059210464,19.76242611721845,3.714648955488649
72.72727272727273,11.11111111111111,74.05949192555137,25.23213390850998,5.961786752405878
73.73737373737374,11.11111111111111,37.913235508673154,20.91911527870284,3.918420571770406
74.74747474747475,11.11111111111111,30.984973825889533,18.66370487817986,4.736238997185319
75.75757575757576,11.11111111111111,51.38046859184012,5.482782216824324,3.687520801794288
76.76767676767678,11.11111111111111,55.00745848172669,20.50423710540768,4.904378026223939
77.77777777777779,11.11111111111111,37.20893192661356,23.08982690169426,4.261029768056588
78.7878787878788,11.11111111111111,24.20520581196518,10.02053098487184,5.071151077002905
79.7979797979798,11.11111111111111,32.31056730013652,7.27709595646743,5.482285515332253
80.80808080808082,11.11111111111111,33.114429856817004,17.41116907451972,4.808701697040076
81.81818181818183,11.11111111111111,17.28792734705108,15.62222120486219,4.526593119744466
82.82828282828284,11.11111111111111,21.841407139063733,12.56621967401529,4.323683916183447
83.83838383838385,11.11111111111111,23.52065706096643,18.37426917498504,3.826204787825336
84.84848484848486,11.11111111111111,13.470756002436485,17.94639719799444,5.712002925601295
85.85858585858587,11.11111111111111,22.59211433585354,25.26015621645039,4.162463462658913
86.86868686868688,11.11111111111111,27.997779710121915,12.99730861277359,3.941118948329155
87.87878787878789,11.11111111111111,26.158276888937962,10.9032315268291,5.081766348716109
88.8888888888889,11.11111111111111,52.989266006267925,26.19874548898019,3.806741756990228
89.89898989898991,11.11111111111111,62.53837577480871,8.89704891825106,3.166864918951167
90.90909090909092,11.11111111111111,36.61421152332265,21.08728946916577,4.064086694074224
91.91919191919193,11.11111111111111,13.902124862838981,25.46899459085014,4.6103534364669
92.92929292929294,11.11111111111111,31.403007645833206,18.86114397671868,6.062026412657045
93.93939393939395,11.11111111111111,22.059473964090508,13.48506986060645,4.317934096936884
94.94949494949496,11.11111111111111,75.11528048683506,14.32162124130307,3.757088357027121
95.95959595959597,11.11111111111111,107.87254761754212,30.90803707397275,5.764249513243404
96.96969696969697,11.11111111111111,62.215358773214604,8.58750666225658,4.931494892345177
97.97979797979798,11.11111111111111,31.927747494518915,16.5809070075938,3.857811043442528
98.98989898989899,11.11111111111111,50.21703778635753,26.11265734260741,4.067565415456415
100.0,11.11111111111111,30.931584187413765,24.16468088157968,5.528116133025534
0.0,12.12121212121212,42.721779190982225,17.60476222792492,3.123328144104657
1.01010101010101,12.12121212121212,80.0889390234367,28.28770516892899,4.653807082552964
2.02020202020202,12.12121212121212,63.50711035388075,10.26498060255787,3.520727719375356
3.03030303030303,12.12121212121212,33.4093921427999,20.97705909624536,4.771768285692617
4.040404040404041,12.12121212121212,37.88616857265943,15.27562952090639,5.422074957852119
5.050505050505051,12.12121212121212,15.63024746547489,20.01745508571704,3.735460638116623
6.060606060606061,12.12121212121212,12.144352093535467,15.6993388938432,4.216541220083429
7.070707070707071,12.12121212121212,20.264431855681472,18.4811794992045,4.035716503258438
8.080808080808081,12.12121212121212,31.539850324503973,27.63797308163817,4.345489510863787
9.090909090909092,12.12121212121212,53.886111919823975,24.50820060281374,4.957710308873134
10.1010101010101,12.12121212121212,35.437302814005605,16.53061705195667,3.499472960516964
11.11111111111111,12.12121212121212,47.11964071116345,21.03435262540616,5.011424291978787
12.12121212121212,12.12121212121212,25.362082655466516,18.61563421622386,3.589643685309219
13.13131313131313,12.12121212121212,16.798737618820763,16.75122659853466,5.517361134852813
14.14141414141414,12.12121212121212,14.905979047775736,17.85037794377089,4.964913230341971
15.15151515151515,12.12121212121212,47.61945980266533,22.86350699386913,4.532407832943786
16.16161616161616,12.12121212121212,42.93856878206941,8.184611622769172,4.078786799882283
17.17171717171717,12.12121212121212,22.586327366936203,15.46322011972939,4.884430619900818
18.18181818181818,12.12121212121212,22.74178762614748,20.25426904646894,4.248994622274804
19.19191919191919,12.12121212121212,10.619212517195507,25.50572145470813,3.73546582093703
20.2020202020202,12.12121212121212,32.84453390126528,16.2103040338156,5.466603514249222
21.21212121212121,12.12121212121212,29.544731355995868,11.47172994419728,4.932410620619045
22.22222222222222,12.12121212121212,32.678852573579256,17.90249432181088,4.606569662614485
23.23232323232324,12.12121212121212,40.81118630559902,22.89728374172894,4.765508605469405
24.24242424242424,12.12121212121212,21.24391767484525,22.26357161905927,4.358060704834662
25.25252525252525,12.12121212121212,24.93570686653096,14.39167889707965,5.571486281534344
26.26262626262626,12.12121212121212,28.992563674138943,13.21425432372595,4.211831193854651
27.27272727272727,12.12121212121212,48.22199492176831,8.043546610237485,4.232590484305166
28.28282828282828,12.12121212121212,25.18451401305776,26.00923482104484,3.229466435893085
29.29292929292929,12.12121212121212,12.8544893292995,21.02886991020857,4.236280080394002
30.3030303030303,12.12121212121212,44.21588209541055,12.1879750888786,3.918402037414367
31.31313131313131,12.12121212121212,29.601322148695992,17.30896770579317,4.242039574046474
32.32323232323233,12.12121212121212,18.123175389916597,25.06863024892578,4.533962199991978
33.33333333333334,12.12121212121212,15.07915492064349,16.59244748248197,5.179691129456147
34.34343434343435,12.12121212121212,18.254369880353263,15.53972796286853,4.510734220904101
35.35353535353536,12.12121212121212,19.02367580301782,14.03864721548924,4.422801864223313
36.36363636363637,12.12121212121212,66.95934315087489,2.287513181323027,4.929986569575918
37.37373737373738,12.12121212121212,32.85014437751278,13.21992403148045,4.653617187781399
38.38383838383839,12.12121212121212,37.16321269114904,10.9236775766034,4.938663505090812
39.3939393939394,12.12121212121212,58.18199109861219,4.109443370987154,5.44633872950082
40.40404040404041,12.12121212121212,88.57719212361437,21.38356041544756,6.390301215095898
41.41414141414142,12.12121212121212,54.93907127604624,14.78230866856348,3.720539447052238
42.42424242424243,12.12121212121212,41.847198523524575,17.3642024654493,5.335291161785908
43.43434343434344,12.12121212121212,52.3180043034894,33.73139807607451,4.316941963993449
44.44444444444445,12.12121212121212,39.364248926928106,24.00065920988216,3.557774741944686
45.45454545454546,12.12121212121212,44.69682454058197,21.62597606406987,5.698918431206568
46.46464646464647,12.12121212121212,33.51140356574665,11.49818673412024,3.432087300442314
47.47474747474748,12.12121212121212,31.18946226954312,8.904743997943045,4.3066892841594
48.48484848484848,12.12121212121212,22.926814601127155,14.32909110143486,2.719571946362962
49.49494949494949,12.12121212121212,23.431529645670317,11.06882039338779,3.760123819383962
50.50505050505051,12.12121212121212,30.922468001619272,13.68012875295575,3.534646068793392
51.51515151515152,12.12121212121212,46.41899900636277,29.15134862602893,4.572692642028881
52.52525252525253,12.12121212121212,41.82579960512665,16.77872699522477,5.183019808653929
53.53535353535354,12.12121212121212,40.805494334839565,14.82488332952085,4.745617678044984
54.54545454545455,12.12121212121212,26.037649830916184,21.23861891754002,4.052460551018294
55.55555555555556,12.12121212121212,33.35725968516037,16.1802638256614,4.289629053310405
56.56565656565657,12.12121212121212,65.489168448194,3.724409377164469,4.990592392680376
57.57575757575758,12.12121212121212,34.022621536207566,19.02304302549584,3.865830585515977
58.58585858585859,12.12121212121212,18.309190032840732,19.20766223787635,4.276993528673699
59.5959595959596,12.12121212121212,45.110346239755806,5.812112930033867,4.958736643005597
60.60606060606061,12.12121212121212,19.273393844833045,12.07953481510378,5.691206855624239
61.61616161616162,12.12121212121212,31.878961988343153,21.43739617204364,4.055476075393432
62.62626262626263,12.12121212121212,21.60747872418764,24.54099028524884,4.302286065302546
63.63636363636364,12.12121212121212,19.38408757422831,22.76408273899213,4.438841676882539
64.64646464646465,12.12121212121212,40.98834652255145,20.52961790217645,5.749320733469172
65.65656565656566,12.12121212121212,34.835068099529934,13.22601654906451,4.434495378715511
66.66666666666667,12.12121212121212,6.893971308570421,21.60290571929931,3.685454014564042
67.67676767676768,12.12121212121212,32.67858012207583,13.03405979970744,5.795873720604121
68.68686868686869,12.12121212121212,25.759241002397044,25.12116596864107,4.207981861268783
69.6969696969697,12.12121212121212,24.529424645905003,11.82943891534635,5.098428379319607
70.70707070707071,12.12121212121212,21.806117593351914,13.89574226021736,3.171766246641991
71.71717171717172,12.12121212121212,15.836712334204554,14.81246793201801,5.104227278724391
72.72727272727273,12.12121212121212,53.583655809118504,22.71760774352372,4.477600945253378
73.73737373737374,12.12121212121212,68.32040980200665,4.015935086519791,4.19450464792921
74.74747474747475,12.12121212121212,82.82006185443089,29.50901894265307,4.569736355365519
75.75757575757576,12.12121212121212,38.29963404536177,16.62285773551052,3.844404974272999
76.76767676767678,12.12121212121212,22.370379206218928,10.96176009274308,4.588412110205005
77.77777777777779,12.12121212121212,19.857276959213202,15.67912168801832,4.127632962655595
78.7878787878788,12.12121212121212,22.345860650677984,18.66910225738399,4.362932404281364
79.7979797979798,12.12121212121212,23.360198420959488,22.56134062814928,4.31910195365827
80.80808080808082,12.12121212121212,21.36053361090356,22.09092262302342,4.510584927807098
81.81818181818183,12.12121212121212,22.053546907815996,18.96925220094252,4.414682651094785
82.82828282828284,12.12121212121212,21.753505193774316,16.87004031434182,5.26107296543683
83.83838383838385,12.12121212121212,11.007987052659033,17.01242782225463,5.431637425565846
84.84848484848486,12.12121212121212,17.186403843816812,20.56216205821647,4.92928932866925
85.85858585858587,12.12121212121212,16.056345671879917,18.28660693280064,4.628171592829983
86.86868686868688,12.12121212121212,24.240863830463784,26.01157289406321,3.889985310134179
87.87878787878789,12.12121212121212,35.048474153232746,21.53800244601362,4.879008741241761
88.8888888888889,12.12121212121212,67.90606073199444,25.64882098347412,6.657817541712237
89.89898989898991,12.12121212121212,49.86875644141432,20.80200991611776,4.507180883544134
90.90909090909092,12.12121212121212,23.1796009856207,21.15394479889413,3.931606189305905
91.91919191919193,12.12121212121212,20.27157319653932,22.7451072743515,5.027798319548242
92.92929292929294,12.12121212121212,63.706316324293645,26.63465178478734,5.850911966007766
93.93939393939395,12.12121212121212,51.036646820517916,14.19848157984472,4.073280588854875
94.94949494949496,12.12121212121212,84.2826483641829,28.83543475584499,4.802805755672991
95.95959595959597,12.12121212121212,52.596293076066345,20.86673831126467,4.033352597200517
96.96969696969697,12.12121212121212,71.28169574912192,28.75520257625396,4.641750382455639
97.97979797979798,12.12121212121212,35.75291376027156,17.18230397364949,4.311660380353259
98.98989898989899,12.12121212121212,73.35340280367754,2.42044016687061,4.698275738046813
100.0,12.12121212121212,50.68572600709362,16.72043293528477,5.405251592877239
0.0,13.13131313131313,22.42386242473496,13.44353400968967,3.100016633933362
1.01010101010101,13.13131313131313,27.241434008713796,11.95753533765762,4.237239988822072
2.02020202020202,13.13131313131313,30.61694307973456,16.9814435374543,3.918688314622041
3.03030303030303,13.13131313131313,43.04278073889752,11.88936598966009,4.649602271943144
4.040404040404041,13.13131313131313,45.67586887134674,4.644167049478267,4.793853983141954
5.050505050505051,13.13131313131313,39.698651075961294,11.94156467418834,3.320377341368421
6.060606060606061,13.13131313131313,47.21113102704705,24.54792720381295,3.953839497010786
7.070707070707071,13.13131313131313,14.002879390616412,21.73696051315721,4.306679229337131
8.080808080808081,13.13131313131313,32.41150394235331,19.34851859090215,3.174071616007057
9.090909090909092,13.13131313131313,34.99834486638326,8.821614579178549,3.98566495744719
10.1010101010101,13.13131313131313,17.24046220925065,9.417181139723091,5.287111477664313
11.11111111111111,13.13131313131313,26.930960257719413,14.862166423669,3.898132148796393
12.12121212121212,13.13131313131313,31.798649821800176,18.36709531141353,4.827996095691027
13.13131313131313,13.13131313131313,16.23909481974514,19.27573028423575,3.630534346584012
14.14141414141414,13.13131313131313,15.38376630389961,16.4966188094742,5.011581079428266
15.15151515151515,13.13131313131313,28.159137162931906,11.69567429181852,4.492815274226954
16.16161616161616,13.13131313131313,29.30508106596242,16.94083240827501,4.132707107994719
17.17171717171717,13.13131313131313,27.35903243847896,24.46546582222388,3.947821661313708
18.18181818181818,13.13131313131313,16.053506424968447,12.70277629091822,5.451862259157751
19.19191919191919,13.13131313131313,27.319979100180117,16.57198200937378,4.785160889046989
20.2020202020202,13.13131313131313,22.03161099269927,9.68870451539042,5.674497965823022
21.21212121212121,13.13131313131313,34.63065910104317,11.14488469053283,3.172117201207417
22.22222222222222,13.13131313131313,58.98183752169828,28.97974070299128,4.289537576856458
23.23232323232324,13.13131313131313,62.08679313705991,7.041713134433766,4.932084935844188
24.24242424242424,13.13131313131313,40.005716479706464,23.39789558764918,3.744121750033119
25.25252525252525,13.13131313131313,51.60038883296815,5.738498232718785,4.105068734200323
26.26262626262626,13.13131313131313,30.09435721771463,16.48162477321364,5.062355088369083
27.27272727272727,13.13131313131313,21.978415710296233,16.60872792799008,4.514166330294353
28.28282828282828,13.13131313131313,54.53460008497598,11.89082708007657,3.850973455069008
29.29292929292929,13.13131313131313,35.48480322103756,21.10030078903333,4.369344410070196
30.3030303030303,13.13131313131313,26.573317130775116,10.88871397961738,4.56929818912912
31.31313131313131,13.13131313131313,25.922038506042313,9.491320105240698,5.555667693056192
32.32323232323233,13.13131313131313,47.042424344115865,25.08091019859565,4.539656380070533
33.33333333333334,13.13131313131313,29.426800330159427,12.72673055219882,5.537221742562473
34.34343434343435,13.13131313131313,32.156589394911244,26.61273183644933,4.133903992876681
35.35353535353536,13.13131313131313,50.60174214689431,11.3785740610171,5.434101650543606
36.36363636363637,13.13131313131313,58.42217431221481,28.16326240670321,3.910838069305482
37.37373737373738,13.13131313131313,78.31090738307282,7.914490561113094,3.885219364271293
38.38383838383839,13.13131313131313,119.49186653272665,29.98741206871984,5.19500118235925
39.3939393939394,13.13131313131313,41.32227198699688,6.770481020360732,4.869547643690838
40.40404040404041,13.13131313131313,32.44969216800598,6.50807859612355,4.73835971980978
41.41414141414142,13.13131313131313,28.66545459164842,9.508547110145688,5.220675260338377
42.42424242424243,13.13131313131313,48.9546153548592,35.66057019186248,3.622388162845164
43.43434343434344,13.13131313131313,37.70185503204434,20.3468008904984,4.674626152307338
44.44444444444445,13.13131313131313,37.22074995770002,22.07919626263193,5.25730717142303
45.45454545454546,13.13131313131313,41.80296305189169,15.41789907798836,4.71626401305046
46.46464646464647,13.13131313131313,43.186824592381896,3.550535730487442,4.688721280642331
47.47474747474748,13.13131313131313,53.57254572329065,20.69632653524604,5.008635966808072
48.48484848484848,13.13131313131313,30.607530163036316,21.23590935044919,4.977134019392525
49.49494949494949,13.13131313131313,31.68878181977627,15.95529307522749,3.941471228291777
50.50505050505051,13.13131313131313,61.17375340172815,7.07022562750258,3.764623985841626
51.51515151515152,13.13131313131313,70.46523974248794,29.40644917230987,4.712577457602969
52.52525252525253,13.13131313131313,78.38737494455265,12.36436975374684,3.501636914707366
53.53535353535354,13.13131313131313,104.44042258080003,35.52098566129003,5.398296039567484
54.54545454545455,13.13131313131313,61.37527877127144,20.15639021780722,5.610512904099017
55.55555555555556,13.13131313131313,28.937438793393433,12.80892228961463,3.546021181925127
56.56565656565657,13.13131313131313,25.725949797895257,12.39304530806748,5.143247926378578
57.57575757575758,13.13131313131313,42.19864355698326,8.440291596577568,4.748294764018739
58.58585858585859,13.13131313131313,13.267754810463579,14.45657029278975,5.28751320822253
59.5959595959596,13.13131313131313,30.473139393864486,16.3558137246097,4.425185363043769
60.60606060606061,13.13131313131313,31.131216403275403,11.94300708211864,4.729242735415612
61.61616161616162,13.13131313131313,69.48790984051986,25.41928291903334,5.833696722111792
62.62626262626263,13.13131313131313,56.81094962059301,14.25192851129744,3.846997485674811
63.63636363636364,13.13131313131313,29.139841269341222,21.5699020031909,4.730587604586969
64.64646464646465,13.13131313131313,21.250430373018645,15.77732907631069,4.91040178025488
65.65656565656566,13.13131313131313,29.98957488877042,18.42930787529503,5.208978816822244
66.66666666666667,13.13131313131313,19.649700959653714,24.93516884056621,3.238238757869986
67.67676767676768,13.13131313131313,33.54516390892081,27.0467871576442,4.157213092041555
68.68686868686869,13.13131313131313,19.08653049181641,18.67428663306575,4.890963184724161
69.6969696969697,13.13131313131313,21.816694735451538,14.29700345552169,5.041933127883302
70.70707070707071,13.13131313131313,36.619252993029434,8.313444331808384,4.991070783285038
71.71717171717172,13.13131313131313,24.475399147628835,13.16581534575676,5.476411041504444
72.72727272727273,13.13131313131313,28.10624176209967,8.22376901705641,5.725316564597965
73.73737373737374,13.13131313131313,24.595131818267614,5.673089215412794,3.899526639148649
74.74747474747475,13.13131313131313,51.64552948185427,10.92788258642637,3.565912860110078
75.75757575757576,13.13131313131313,31.21890224041558,23.00286886258678,3.863215769904367
76.76767676767678,13.13131313131313,17.1533559324225,15.30970021670647,4.016187163375537
77.77777777777779,13.13131313131313,35.59550194949498,10.47140948983275,4.785629901884329
78.7878787878788,13.13131313131313,31.260950757710063,23.79442201592398,4.516688749473531
79.7979797979798,13.13131313131313,21.35033003431386,14.77598280241724,5.396899943795956
80.80808080808082,13.13131313131313,50.392359011722206,12.79763248222316,3.767628025448068
81.81818181818183,13.13131313131313,71.50788948328591,26.73491703429121,5.1624842530239
82.82828282828284,13.13131313131313,66.15297225704376,8.956025168737408,5.00498308113105
83.83838383838385,13.13131313131313,36.315189968841274,19.07862116443996,5.332320980619498
84.84848484848486,13.13131313131313,31.13633886392642,17.93092542583802,3.314890566616622
85.85858585858587,13.13131313131313,24.85981318356992,16.39738616067043,4.524713078388033
86.86868686868688,13.13131313131313,42.071969091079914,23.2746849796513,5.488230977874291
87.87878787878789,13.13131313131313,33.396351847086734,25.91567332747022,4.862734464553951
88.8888888888889,13.13131313131313,34.954681955579936,22.10246204172434,5.106311498743435
89.89898989898991,13.13131313131313,35.355729786623755,15.28022216779943,3.106123356494532
90.90909090909092,13.13131313131313,45.687250695814406,9.140728411468777,3.802808704571834
91.91919191919193,13.13131313131313,32.578221835563724,20.49310104579185,5.318999610847253
92.92929292929294,13.13131313131313,27.54835988261965,21.71241599597333,3.776354578327949
93.93939393939395,13.13131313131313,24.606609303519985,16.95533271920257,4.891000872443848
94.94949494949496,13.13131313131313,86.16708503769368,5.060753773091674,4.155204253012543
95.95959595959597,13.13131313131313,46.07896288237376,19.43932994913072,4.985239871006589
96.96969696969697,13.13131313131313,54.11509456803807,7.89931562272754,6.098590287550838
97.97979797979798,13.13131313131313,25.763589375972707,23.90636537762244,3.550313174758408
98.98989898989899,13.13131313131313,32.24838671266871,12.86058820226382,5.304877462170799
100.0,13.13131313131313,48.65378508722151,25.65685501166429,4.685767519214557
0.0,14.14141414141414,31.514454887101476,19.86210923822606,4.362312539137936
1.01010101010101,14.14141414141414,34.637059111497535,19.32199258395331,2.460905195446319
2.02020202020202,14.14141414141414,97.78197993707339,0.5951266367837132,2.72915584512431
3.03030303030303,14.14141414141414,81.2267409712366,37.89371849657208,3.651095318961595
4.040404040404041,14.14141414141414,42.571609046882145,19.6743949246279,4.777802748531339
5.050505050505051,14.14141414141414,42.4366258476102,32.87105748310889,2.693131636882374
6.060606060606061,14.14141414141414,101.53548239686066,34.54878687114717,5.620716097083696
7.070707070707071,14.14141414141414,51.583946267902256,17.31340067884044,5.484268512662428
8.080808080808081,14.14141414141414,22.709670140768317,9.018290492294778,5.423269815356578
9.090909090909092,14.14141414141414,23.155461643306385,12.21066264988924,3.92489353627134
10.1010101010101,14.14141414141414,29.23300102604109,28.46036697482672,3.089140974970626
11.11111111111111,14.14141414141414,31.44858086768887,20.10259991499854,3.94449350657499
12.12121212121212,14.14141414141414,51.4314442318677,6.574456249418827,4.984606160378066
13.13131313131313,14.14141414141414,23.783967969195405,10.17853418263017,5.782187465195013
14.14141414141414,14.14141414141414,21.039417845736413,16.81864784138097,4.156760609444049
15.15151515151515,14.14141414141414,36.5404373480967,8.210457033610988,4.699229578292579
16.16161616161616,14.14141414141414,38.38713089968374,20.36091561463667,5.233793032859413
17.17171717171717,14.14141414141414,40.78497987759029,27.952349464257,4.68868812113169
18.18181818181818,14.14141414141414,36.63003736906483,16.28879730114464,4.867394103634717
19.19191919191919,14.14141414141414,68.18453410270827,26.75263749334048,5.167209641058878
20.2020202020202,14.14141414141414,34.44803415153214,13.81889207014623,4.741442876538236
21.21212121212121,14.14141414141414,35.079344784844,10.51733676320814,4.18952589754942
22.22222222222222,14.14141414141414,51.391616051135635,24.99497604671775,4.351238490043203
23.23232323232324,14.14141414141414,83.00475812560124,0.7218244736881807,4.465950136572895
24.24242424242424,14.14141414141414,76.76530569293422,21.04091297412517,5.764204547348012
25.25252525252525,14.14141414141414,39.940820785740115,11.57030930907815,4.270052283337262
26.26262626262626,14.14141414141414,32.345788946158166,25.5039585385482,4.222617178415496
27.27272727272727,14.14141414141414,29.062024068842007,18.75263931300341,4.496120395927355
28.28282828282828,14.14141414141414,51.523804882324164,30.51795935156216,4.919675126516613
29.29292929292929,14.14141414141414,49.386471511753726,32.59557526656072,4.361925578601443
30.3030303030303,14.14141414141414,38.76622484095901,23.99286153220301,4.527726513947901
31.31313131313131,14.14141414141414,24.71037160780825,20.59846717926969,3.476915802581682
32.32323232323233,14.14141414141414,50.953690670395005,6.642341971855852,4.577239052696712
33.33333333333334,14.14141414141414,46.40076255761245,13.36410279071595,3.828785715883155
34.34343434343435,14.14141414141414,32.98457640857897,18.11353166727934,6.127796761846754
35.35353535353536,14.14141414141414,63.19099560056103,29.19203217529467,5.737513841899598
36.36363636363637,14.14141414141414,27.14735265534469,20.10888207179217,5.123102724129886
37.37373737373738,14.14141414141414,53.89699172389085,19.1260961500819,5.688285314534041
38.38383838383839,14.14141414141414,68.83021220573224,7.319553081357705,3.757609037092466
39.3939393939394,14.14141414141414,26.078041384010422,15.28014506801002,4.104901136556313
40.40404040404041,14.14141414141414,30.67552551806798,9.090445554061693,3.728269389923475
41.41414141414142,14.14141414141414,24.893462352201396,9.26828046453251,4.172851066752168
42.42424242424243,14.14141414141414,39.054447982973905,15.59518255303728,5.353540909590937
43.43434343434344,14.14141414141414,38.60831203761359,12.62955835830331,3.945920783121245
44.44444444444445,14.14141414141414,32.548229895619,13.93562181261886,4.463952821410546
45.45454545454546,14.14141414141414,18.414598913250245,10.78361447944594,5.143216673415123
46.46464646464647,14.14141414141414,37.86927837532209,3.221260207303452,3.040979255793818
47.47474747474748,14.14141414141414,43.813081437249,11.15907467053699,3.91852175900203
48.48484848484848,14.14141414141414,20.514164824940792,18.01261367794125,5.264591816059422
49.49494949494949,14.14141414141414,16.23113280009384,16.55351063989004,5.394507458697628
50.50505050505051,14.14141414141414,35.1774073817096,24.05400022347358,4.21302341423784
51.51515151515152,14.14141414141414,49.22711159116335,12.44702174716158,5.563361938309353
52.52525252525253,14.14141414141414,56.60836119146568,4.006493622337563,4.282266440462657
53.53535353535354,14.14141414141414,82.07690793262364,31.54221804541745,3.884097338699934
54.54545454545455,14.14141414141414,56.26903764828582,9.751618290662247,4.198039716860829
55.55555555555556,14.14141414141414,13.28486566471261,12.62580870305258,4.05495391289591
56.56565656565657,14.14141414141414,21.847115288042783,10.60305458930356,4.524498810882182
57.57575757575758,14.14141414141414,50.889101774276504,22.43309704022951,5.14342139615377
58.58585858585859,14.14141414141414,45.89231607978233,13.82074759443999,5.028971133679249
59.5959595959596,14.14141414141414,72.79457075322537,25.6346240236335,5.100732818541005
60.60606060606061,14.14141414141414,37.72100304147794,11.40371689100408,4.553375202964501
61.61616161616162,14.14141414141414,53.6844664935725,25.17760690576621,4.645181367827486
62.62626262626263,14.14141414141414,39.58003809451998,17.71241285302771,5.117499959255554
63.63636363636364,14.14141414141414,52.16366799495259,36.7023193179135,3.973292773355892
64.64646464646465,14.14141414141414,28.462972377027256,16.46540069450782,4.623013650684511
65.65656565656566,14.14141414141414,22.68474719457798,12.64822950070313,3.728856560006847
66.66666666666667,14.14141414141414,33.689058235478626,8.698296075493694,5.773752941563508
67.67676767676768,14.14141414141414,48.50973758151281,18.81277226214597,3.611978651118457
68.68686868686869,14.14141414141414,27.2482366213301,23.18153899951341,4.872518850829165
69.6969696969697,14.14141414141414,24.19975868157597,22.63470288379114,4.317974360461764
70.70707070707071,14.14141414141414,35.413515129574634,23.72156668697431,5.235276906789238
71.71717171717172,14.14141414141414,38.521611795090095,22.43989326610317,4.940846308030074
72.72727272727273,14.14141414141414,48.13071160625338,10.49972116351455,3.740524939130305
73.73737373737374,14.14141414141414,38.1084457201534,16.22961813261851,4.523738764361248
74.74747474747475,14.14141414141414,26.57718538760235,19.78453844004929,4.191492886300674
75.75757575757576,14.14141414141414,34.6981397539128,20.08558803106401,5.551493578502154
76.76767676767678,14.14141414141414,22.65710115612639,19.72950640927201,4.062835605312213
77.77777777777779,14.14141414141414,32.78982904349144,26.76640548025121,4.07805561139789
78.7878787878788,14.14141414141414,22.536719261312864,20.60423986028589,4.539617484493841
79.7979797979798,14.14141414141414,9.569894076564722,16.1392911091876,4.41770888106023
80.80808080808082,14.14141414141414,15.340422015176694,19.95929882166318,3.859366020655493
81.81818181818183,14.14141414141414,34.415805914019685,21.09961487085736,4.230318589036839
82.82828282828284,14.14141414141414,48.01921823268398,23.16066491439398,4.982778952768103
83.83838383838385,14.14141414141414,27.501544911570427,13.81946950885746,4.703756399699858
84.84848484848486,14.14141414141414,19.707074418738024,21.58162561898421,3.939366459181522
85.85858585858587,14.14141414141414,21.53435517024918,19.96915167087693,4.752071756828638
86.86868686868688,14.14141414141414,42.26537741397146,15.40787183314033,2.67787599606844
87.87878787878789,14.14141414141414,48.41262876288346,7.612341313973521,3.710731823260033
88.8888888888889,14.14141414141414,38.49277384680536,18.65810507106615,5.869043234689943
89.89898989898991,14.14141414141414,28.94791569070839,17.97830539679249,3.586956151912772
90.90909090909092,14.14141414141414,20.60009272631619,19.49257817378785,4.214770184467581
91.91919191919193,14.14141414141414,14.708822060755228,20.82421667118409,4.096014557931948
92.92929292929294,14.14141414141414,12.753660612516732,20.13066765135542,3.655484511788411
93.93939393939395,14.14141414141414,14.565258374042106,16.72921930790356,5.584599485183414
94.94949494949496,14.14141414141414,44.881834612289225,23.74779634068697,4.651081688121764
95.95959595959597,14.14141414141414,38.853708584285336,9.790066374492664,5.102822511356271
96.96969696969697,14.14141414141414,44.85364186585394,22.27568675151518,4.215351841455035
97.97979797979798,14.14141414141414,46.630019529543674,25.43351802247766,4.867080629539826
98.98989898989899,14.14141414141414,21.915387854604134,12.11177179976284,5.344527681639896
100.0,14.14141414141414,41.91107124834161,14.00453450216236,4.006047258817506
0.0,15.15151515151515,21.172783309727862,20.91640611709724,4.643407998441318
1.01010101010101,15.15151515151515,33.35818776257112,18.74366612557509,5.226295534576858
2.02020202020202,15.15151515151515,79.41129457598399,29.34781203398098,4.946758498552562
3.03030303030303,15.15151515151515,42.72332769015469,17.13880715556024,4.527850374346259
4.040404040404041,15.15151515151515,35.227414951379245,12.44244426598365,3.639024118134022
5.050505050505051,15.15151515151515,20.95712913154586,26.24299698041657,3.744232157308732
6.060606060606061,15.15151515151515,50.308573998002984,25.8588384682943,3.483442357424198
7.070707070707071,15.15151515151515,80.18008583781044,30.41491404562697,5.08532101396458
8.080808080808081,15.15151515151515,31.306971057016288,18.7088525989896,4.28762557251984
9.090909090909092,15.15151515151515,25.875665778276304,19.90317805290599,4.36142609273152
10.1010101010101,15.15151515151515,38.970016074487916,14.28207928045408,4.042165406839246
11.11111111111111,15.15151515151515,62.502560388113785,26.29269191314506,4.890408405869174
12.12121212121212,15.15151515151515,52.920986999062485,23.58501012098323,4.663345269037476
13.13131313131313,15.15151515151515,84.11687456941786,3.042516062072197,3.939287898660202
14.14141414141414,15.15151515151515,42.80444001512337,18.86612194356313,5.243289759669072
15.15151515151515,15.15151515151515,31.18852551765743,16.50363385555436,4.330599245847925
16.16161616161616,15.15151515151515,51.408278181750745,23.39885497398291,5.602111552311964
17.17171717171717,15.15151515151515,41.18636433766995,16.71535142893034,4.706174813895919
18.18181818181818,15.15151515151515,29.367890294747824,23.90407648338819,4.394463546997917
19.19191919191919,15.15151515151515,47.195696451671864,15.7851647685625,3.554142541893827
20.2020202020202,15.15151515151515,23.33891576932282,18.94811101464146,5.203518121534739
21.21212121212121,15.15151515151515,25.2222849567157,20.37584250607053,4.393191586095439
22.22222222222222,15.15151515151515,9.764601861062015,18.16663017661991,4.897723928889034
23.23232323232324,15.15151515151515,46.08663968384687,15.79217081372116,5.074666841198491
24.24242424242424,15.15151515151515,43.21456218246024,6.781825027483414,5.579804033931456
25.25252525252525,15.15151515151515,32.22822966935625,14.58783668176822,3.643740032119278
26.26262626262626,15.15151515151515,32.71511971881348,23.34140591634586,5.618857586462969
27.27272727272727,15.15151515151515,27.581057407924895,21.07777703346123,4.840121694232549
28.28282828282828,15.15151515151515,45.76018645934474,21.98349732822279,5.557519067189651
29.29292929292929,15.15151515151515,65.48755500321175,8.890797418347724,4.063067482905783
30.3030303030303,15.15151515151515,27.177011103101037,18.76192604148953,4.424273257081472
31.31313131313131,15.15151515151515,28.232584229128282,14.23367959699734,4.910584992329622
32.32323232323233,15.15151515151515,38.33654274831254,19.96543034475567,4.446835030951379
33.33333333333334,15.15151515151515,62.27015400745444,24.11325360347377,5.676398609489968
34.34343434343435,15.15151515151515,40.77205775491498,20.03882781406249,4.808699443935422
35.35353535353536,15.15151515151515,53.22164591425924,31.31337224963794,4.513935256901078
36.36363636363637,15.15151515151515,34.026875428201556,17.96190325236364,3.997192871893823
37.37373737373738,15.15151515151515,17.721412717517186,14.05282758198688,4.149868122279149
38.38383838383839,15.15151515151515,25.781581574182695,11.45773412889845,5.065059594664295
39.3939393939394,15.15151515151515,23.08010277788773,15.83152434823293,4.625582655070679
40.40404040404041,15.15151515151515,47.3628845830702,25.2449236225454,4.750433879647209
41.41414141414142,15.15151515151515,32.19695237165196,20.3147872589834,3.824076615484544
42.42424242424243,15.15151515151515,43.423244118798436,11.67162192990686,4.406169122822156
43.43434343434344,15.15151515151515,34.85057967699661,21.14386293695839,5.342595251428679
44.44444444444445,15.15151515151515,50.30174283724001,20.77468327181979,5.748030127212772
45.45454545454546,15.15151515151515,38.27205411219991,8.733346969295502,5.893348786775347
46.46464646464647,15.15151515151515,28.607830021014244,13.52517869340514,5.532144301727823
47.47474747474748,15.15151515151515,15.77077104849809,16.88734422335217,4.382740117789598
48.48484848484848,15.15151515151515,22.486185362120345,19.82892151361238,4.048143066888561
49.49494949494949,15.15151515151515,27.075820119811244,25.31148989336248,4.355287214878039
50.50505050505051,15.15151515151515,37.101255092626175,17.13042437192087,4.640198555919421
51.51515151515152,15.15151515151515,50.71665223555637,8.727443074542737,2.962484642615542
52.52525252525253,15.15151515151515,27.35841635725785,13.74108054742016,4.366837930471639
53.53535353535354,15.15151515151515,37.46366672450148,15.38348244074428,3.274726704014814
54.54545454545455,15.15151515151515,40.44008493149995,21.45242982495418,4.756061200957586
55.55555555555556,15.15151515151515,45.76006571080377,23.17038804572916,3.671808008074831
56.56565656565657,15.15151515151515,38.937278575718395,12.41462511707374,3.943900353790217
57.57575757575758,15.15151515151515,41.917215812916,20.28137801923508,4.951361639645301
58.58585858585859,15.15151515151515,68.33638507046113,0.0,3.778349990925129
59.5959595959596,15.15151515151515,43.83776009839958,7.641070484416467,4.977854785092609
60.60606060606061,15.15151515151515,14.495005771292059,12.97908148990883,4.190922219351274
61.61616161616162,15.15151515151515,71.31123797819068,5.515486487642839,4.512919889870338
62.62626262626263,15.15151515151515,51.89924155924777,26.00181228890246,5.063117046430041
63.63636363636364,15.15151515151515,36.63076489932537,21.44694225641623,4.935911698869178
64.64646464646465,15.15151515151515,23.79724546922464,13.57692476724979,4.587692935532721
65.65656565656566,15.15151515151515,29.157691103976667,13.06815953137699,4.365822422638966
66.66666666666667,15.15151515151515,66.00951545224626,24.11709435844317,5.542372876832659
67.67676767676768,15.15151515151515,66.1290852460719,29.33122660468429,5.276686348210026
68.68686868686869,15.15151515151515,43.16128170293967,18.28414540705035,4.692281086083668
69.6969696969697,15.15151515151515,34.88135568575302,25.05002111251462,5.078408792111896
70.70707070707071,15.15151515151515,44.53242932129125,28.22003593846545,5.080689475762247
71.71717171717172,15.15151515151515,40.99154324770854,20.38223413218558,3.948083647936509
72.72727272727273,15.15151515151515,33.7439249329027,28.40272247812448,4.163207401323787
73.73737373737374,15.15151515151515,40.88972908426402,30.49984816143301,4.29195127285066
74.74747474747475,15.15151515151515,29.863556866596895,17.9385929168693,5.975393878342286
75.75757575757576,15.15151515151515,41.480580929906836,9.920346916974584,5.572179517362209
76.76767676767678,15.15151515151515,10.333526306656811,13.95437205824832,4.912071761057507
77.77777777777779,15.15151515151515,30.26839796935977,20.48724919600425,3.985642205983174
78.7878787878788,15.15151515151515,48.70881590575157,26.59638757103568,4.958922076306199
79.7979797979798,15.15151515151515,19.807660082982657,17.98422012794458,4.068245745729105
80.80808080808082,15.15151515151515,29.81531292434901,13.89925053666804,4.492434729099939
81.81818181818183,15.15151515151515,31.2441073363197,9.909411759844224,3.908365044978188
82.82828282828284,15.15151515151515,23.457732202264502,14.22367798248345,4.953343026331976
83.83838383838385,15.15151515151515,6.28579382298593,19.93936859957402,3.116584230835956
84.84848484848486,15.15151515151515,27.654907975309953,11.45237085394809,5.384032291908278
85.85858585858587,15.15151515151515,30.44203787451915,20.66014925883402,4.686292726402429
86.86868686868688,15.15151515151515,32.07769530055507,9.512577196968854,6.012872971347031
87.87878787878789,15.15151515151515,37.47754270661751,6.629062995456628,4.018879285612399
88.8888888888889,15.15151515151515,29.38889828109325,15.58107016316771,5.466034114908367
89.89898989898991,15.15151515151515,24.30123059753882,21.79912922045915,4.613337549258585
90.90909090909092,15.15151515151515,16.3613500988665,21.00581189829929,4.586916775333903
91.91919191919193,15.15151515151515,24.86423060547578,16.45448936735941,3.951263084602005
92.92929292929294,15.15151515151515,27.5986848810137,19.51416969378094,4.337768569928444
93.93939393939395,15.15151515151515,27.758919540028863,23.84284246827784,4.375484335613057
94.94949494949496,15.15151515151515,18.0969505227257,21.56781131404845,4.537919804661747
95.95959595959597,15.15151515151515,21.057607049427524,10.52939258796118,4.362430567709942
96.96969696969697,15.15151515151515,30.196453538529425,8.286300495947387,4.108041843080358
97.97979797979798,15.15151515151515,28.640514655753638,14.8869273640849,4.374389095628292
98.98989898989899,15.15151515151515,29.656778732839427,11.81909212449635,4.082077407695879
100.0,15.15151515151515,45.048103375213394,21.6277930436966,5.043877439017514
0.0,16.16161616161616,25.225585086051684,11.0838572508111,4.052764927151786
1.01010101010101,16.16161616161616,33.49831395817381,12.87078110128414,4.894082557649312
2.02020202020202,16.16161616161616,30.301528193419117,18.01161807110426,4.767749872383434
3.03030303030303,16.16161616161616,14.6951146744812,26.2280754145614,3.349291021967381
4.040404040404041,16.16161616161616,32.1841577727717,15.1522105620066,3.442459629366395
5.050505050505051,16.16161616161616,26.297597724123236,24.73690698421144,4.494942842002354
6.060606060606061,16.16161616161616,49.52088846274973,24.60578390747354,4.650410331389105
7.070707070707071,16.16161616161616,72.22350935322939,6.710927115517229,4.874497362589597
8.080808080808081,16.16161616161616,47.27849762188777,19.76773762806713,4.709379325146002
9.090909090909092,16.16161616161616,43.184107066754024,14.12614753637033,4.095218780746349
10.1010101010101,16.16161616161616,17.40537729073739,9.42332001339995,3.392138807135529
11.11111111111111,16.16161616161616,79.72392753174613,5.644970357748704,3.066024536447296
12.12121212121212,16.16161616161616,57.97655024101964,22.69367308275502,5.634097565952258
13.13131313131313,16.16161616161616,52.51913897078479,28.96925617813943,4.026651642536605
14.14141414141414,16.16161616161616,26.641037514362157,20.13485823655776,3.531057988342386
15.15151515151515,16.16161616161616,13.037995127620915,25.20031623699148,3.026733188671855
16.16161616161616,16.16161616161616,39.01582046089173,13.58337413204077,4.564260779201632
17.17171717171717,16.16161616161616,38.86234143377061,22.9180326355869,4.896514694508616
18.18181818181818,16.16161616161616,17.984150031955227,21.9520188297744,4.038750283434541
19.19191919191919,16.16161616161616,26.26008817412345,17.31326956827215,4.119081605048359
20.2020202020202,16.16161616161616,38.13129669006733,24.73184816304256,4.338583075656619
21.21212121212121,16.16161616161616,43.597350947554844,9.451272450236054,4.623701738078263
22.22222222222222,16.16161616161616,36.04271769664067,19.66750035599456,5.02730942878574
23.23232323232324,16.16161616161616,53.386279249193066,7.358346622331812,3.240361757464159
24.24242424242424,16.16161616161616,24.371043122074013,19.18711390998861,3.629772112446014
25.25252525252525,16.16161616161616,24.67629435869967,27.15894811192482,3.130016779193498
26.26262626262626,16.16161616161616,46.667166415814464,29.17938452089598,4.485390020834959
27.27272727272727,16.16161616161616,35.36704518450765,11.68208874850046,5.023706703140084
28.28282828282828,16.16161616161616,22.177464401868292,22.87723713112717,3.204154183180993
29.29292929292929,16.16161616161616,26.08406246432646,17.84406069632108,3.311174169517399
30.3030303030303,16.16161616161616,41.655718842768266,27.80330671638772,3.81589619868017
31.31313131313131,16.16161616161616,72.54239659318851,30.11213572376053,4.951595369938834
32.32323232323233,16.16161616161616,31.072258929870692,17.77468053080061,3.420423662017775
33.33333333333334,16.16161616161616,47.99337134461449,12.93416101952216,4.802258118962261
34.34343434343435,16.16161616161616,87.87423586882984,22.87360356357223,6.964884929992667
35.35353535353536,16.16161616161616,57.90494572710304,14.96625310554662,4.619612052658263
36.36363636363637,16.16161616161616,28.26861243456479,15.07352480080647,3.313194575794434
37.37373737373738,16.16161616161616,25.1205505082131,9.497054979690558,5.440857882639802
38.38383838383839,16.16161616161616,67.28229993201279,23.40282707753547,4.920394935522308
39.3939393939394,16.16161616161616,50.937083543733564,9.14327430647978,5.830120084468914
40.40404040404041,16.16161616161616,26.06270828878473,27.15758062601953,3.882483780428172
41.41414141414142,16.16161616161616,21.904737174135835,27.3488846262724,3.618639829650821
42.42424242424243,16.16161616161616,15.838305285442043,17.83108159112926,5.903381921100114
43.43434343434344,16.16161616161616,18.96471077036737,26.36353208309244,3.97044723639636
44.44444444444445,16.16161616161616,57.00994555129501,11.44446096460753,4.352090528822263
45.45454545454546,16.16161616161616,60.37644570124101,22.58684761355639,4.837489764994992
46.46464646464647,16.16161616161616,34.001507598863505,9.574601991249999,5.178737943470288
47.47474747474748,16.16161616161616,31.757153062882303,9.46189006578107,5.102932918400323
48.48484848484848,16.16161616161616,37.190322945547614,20.02861738616026,5.962984642326059
49.49494949494949,16.16161616161616,26.069609701457765,18.31091217143132,4.565312412064666
50.50505050505051,16.16161616161616,45.55227498158688,26.02661173925701,4.674377289792674
51.51515151515152,16.16161616161616,52.450789490027134,19.97665746615477,4.882966242553119
52.52525252525253,16.16161616161616,31.30904541216846,9.191622135634663,4.046960479083618
53.53535353535354,16.16161616161616,34.7953480460711,8.000962560983188,4.241879324916645
54.54545454545455,16.16161616161616,53.10506860458989,32.79776644571513,4.088504003719535
55.55555555555556,16.16161616161616,95.37387586864963,37.3435883413221,4.851443541683744
56.56565656565657,16.16161616161616,44.46109459348555,28.2673182271882,4.108952130976678
57.57575757575758,16.16161616161616,18.154101498609517,22.37240106260294,4.45159362305974
58.58585858585859,16.16161616161616,56.00927837368317,15.2639864766529,4.283600701945076
59.5959595959596,16.16161616161616,11.69373264101522,15.26721764201145,4.340910796231684
60.60606060606061,16.16161616161616,7.559614413405674,17.4786780768936,3.664114097036635
61.61616161616162,16.16161616161616,33.47783537473248,19.184315996255,4.264403072401172
62.62626262626263,16.16161616161616,20.43840937197528,18.31060100062876,5.330763091676995
63.63636363636364,16.16161616161616,29.520469969143758,18.97872014994993,3.618234378738694
64.64646464646465,16.16161616161616,41.31407045699114,7.139146123535609,4.165447669361012
65.65656565656566,16.16161616161616,37.77793634039282,23.56037978500695,3.478213638237776
66.66666666666667,16.16161616161616,39.205791037734315,15.41871620076522,3.294074769532656
67.67676767676768,16.16161616161616,41.346575367089095,14.8645635550573,4.518045866839629
68.68686868686869,16.16161616161616,37.674117162892614,25.51251567849927,4.738227730341857
69.6969696969697,16.16161616161616,29.820443268022515,14.61121929521461,5.115924543192855
70.70707070707071,16.16161616161616,31.162215000274017,12.91604158693639,4.916774049147176
71.71717171717172,16.16161616161616,42.02709229137815,10.08400911816452,4.719157203590384
72.72727272727273,16.16161616161616,52.17884177449278,25.63681725117252,4.829658476403476
73.73737373737374,16.16161616161616,56.84913056588756,13.19246488117538,4.639117659173436
74.74747474747475,16.16161616161616,14.562765247572539,19.36401774743242,4.525158280254815
75.75757575757576,16.16161616161616,24.17277047618756,25.81323647085514,3.866004606157611
76.76767676767678,16.16161616161616,28.165921326874308,16.10731181679236,4.047883831516898
77.77777777777779,16.16161616161616,27.12454033703755,12.36017482786521,4.1606073902537
78.7878787878788,16.16161616161616,35.285925812112,19.5403602006384,4.317625150427959
79.7979797979798,16.16161616161616,26.927841119355616,15.49801308128977,4.210027528491008
80.80808080808082,16.16161616161616,76.93197838387752,26.57857643129742,4.991965447186474
81.81818181818183,16.16161616161616,30.286251836764556,14.37675434758908,4.016240184031863
82.82828282828284,16.16161616161616,20.459252831724413,14.81296409256922,4.159244326213453
83.83838383838385,16.16161616161616,27.25336049190181,18.09644767523654,4.179294210678034
84.84848484848486,16.16161616161616,38.33318787400506,32.07149314053125,3.532084033156016
85.85858585858587,16.16161616161616,44.83917763391028,10.74641352675534,4.816228473828941
86.86868686868688,16.16161616161616,27.013614316672253,25.03577533345578,3.970040742427613
87.87878787878789,16.16161616161616,40.46052652755235,14.41490130809263,5.956603397809349
88.8888888888889,16.16161616161616,33.65559136907832,20.43187983446257,5.112517953810341
89.89898989898991,16.16161616161616,37.050804975581954,15.17873910366881,3.890710389286739
90.90909090909092,16.16161616161616,18.556079803990105,16.28194203855101,4.953488289086356
91.91919191919193,16.16161616161616,29.83715638028376,20.70686256016302,4.502122434989162
92.92929292929294,16.16161616161616,50.00244176592946,7.344337310316316,3.352485987394998
93.93939393939395,16.16161616161616,52.87407272465538,5.300225454243089,5.719250519008605
94.94949494949496,16.16161616161616,31.747355301265078,27.24227662357059,3.540650423113143
95.95959595959597,16.16161616161616,25.954833190742576,15.21815925888591,4.094346450253949
96.96969696969697,16.16161616161616,15.011241607882878,14.85079952301838,3.501015331774478
97.97979797979798,16.16161616161616,47.644972592664374,13.49783687771387,4.236266311293413
98.98989898989899,16.16161616161616,14.281732928954243,19.69920053941371,3.689086812139704
100.0,16.16161616161616,12.492177816672433,24.01558364202675,3.654719675144681
0.0,17.17171717171717,42.05380792528238,10.75123322551333,4.680717571615298
1.01010101010101,17.17171717171717,53.725752068077085,23.56990268627193,5.136212381371642
2.02020202020202,17.17171717171717,49.25192785456346,13.77950036862969,3.543322815162008
3.03030303030303,17.17171717171717,11.67742455058954,18.32340469552954,4.200292211430712
4.040404040404041,17.17171717171717,20.91370836142632,15.96261532390155,4.967875882099358
5.050505050505051,17.17171717171717,23.448774457611663,19.94942557867752,4.07018337890672
6.060606060606061,17.17171717171717,56.1045878056743,6.684242629780557,3.836374830919069
7.070707070707071,17.17171717171717,35.28864612101309,12.60782127799799,4.564885091915692
8.080808080808081,17.17171717171717,67.99598268180226,3.291769385404755,3.792031446165452
9.090909090909092,17.17171717171717,91.80082963777568,27.88600792157837,5.038403222647227
10.1010101010101,17.17171717171717,60.41317614432938,8.997791284938685,3.920890493389824
11.11111111111111,17.17171717171717,57.807126876759206,19.25957853662329,5.17771461625238
12.12121212121212,17.17171717171717,72.26374799431281,10.98491937089332,3.239487244434891
13.13131313131313,17.17171717171717,30.06798309899702,14.36791218146638,4.732581794523887
14.14141414141414,17.17171717171717,37.89175303327136,20.42444451964938,4.8524833838103
15.15151515151515,17.17171717171717,23.489412316715363,16.08441593340229,3.007912479937187
16.16161616161616,17.17171717171717,26.36009269790094,11.02447617638173,3.584452156595862
17.17171717171717,17.17171717171717,35.68875351052014,17.373513251503,3.689663549531672
18.18181818181818,17.17171717171717,20.67458284751871,19.20068534794641,3.854690841983957
19.19191919191919,17.17171717171717,38.905782196423104,21.54413901603957,5.004271394378228
20.2020202020202,17.17171717171717,33.937059106296125,12.30621805609121,5.124892988337449
21.21212121212121,17.17171717171717,18.47561729726423,11.95855626433518,4.473624936072101
22.22222222222222,17.17171717171717,25.144604759624983,21.52029355052012,4.78340872794852
23.23232323232324,17.17171717171717,25.74451783810774,11.22016601178522,5.370728949828544
24.24242424242424,17.17171717171717,6.934478238143395,11.49413021300826,5.666242850827522
25.25252525252525,17.17171717171717,11.073636614813013,24.31419241330726,3.265275377554563
26.26262626262626,17.17171717171717,25.009518173093127,24.39617197839325,2.563921075162455
27.27272727272727,17.17171717171717,24.76380323896303,15.38527792310624,4.550818660197544
28.28282828282828,17.17171717171717,8.332000626680749,17.63858819254298,4.779766471756691
29.29292929292929,17.17171717171717,20.22403234463533,18.85723934447071,4.201729455108198
30.3030303030303,17.17171717171717,32.166032136436186,14.7355829736823,3.56800412155494
31.31313131313131,17.17171717171717,29.92635197284605,18.00120033599195,3.858392548775832
32.32323232323233,17.17171717171717,10.395307800971484,22.52050589141206,2.996270193595239
33.33333333333334,17.17171717171717,17.395328234540727,22.02028879039413,3.669721481691403
34.34343434343435,17.17171717171717,51.789449995935215,10.79674658884793,5.384859216650817
35.35353535353536,17.17171717171717,44.57146071777286,25.28934908519444,4.712628933604917
36.36363636363637,17.17171717171717,43.898507164863446,21.91379632469884,5.486631757714227
37.37373737373738,17.17171717171717,46.07386724833347,18.03437510635123,4.452576927345349
38.38383838383839,17.17171717171717,64.98598131889877,6.097624265568797,4.667848746714195
39.3939393939394,17.17171717171717,65.9056806384961,23.62594137030231,5.212653260195038
40.40404040404041,17.17171717171717,27.914885811715017,20.28633132477835,3.661533883901022
41.41414141414142,17.17171717171717,45.89639025869939,10.52724757997311,4.312456703224561
42.42424242424243,17.17171717171717,19.062684966716855,23.81715077396734,4.530087130705676
43.43434343434344,17.17171717171717,21.424166598847076,21.9006202394157,5.332698880470883
44.44444444444445,17.17171717171717,30.82994454955068,20.45625031469453,4.591112196115866
45.45454545454546,17.17171717171717,44.61354469943062,9.386634397815644,4.760859681348079
46.46464646464647,17.17171717171717,35.55733455702621,21.67453776255946,4.584699642953381
47.47474747474748,17.17171717171717,26.303903522538317,18.00377875963182,4.284358351220078
48.48484848484848,17.17171717171717,22.31888699238252,18.12717920770353,6.443987911937969
49.49494949494949,17.17171717171717,22.50037296527838,22.15705027570655,3.941464550650018
50.50505050505051,17.17171717171717,49.07972413046753,11.02940522398762,3.970727475288129
51.51515151515152,17.17171717171717,30.184910292757294,10.67700878690518,4.110953381559551
52.52525252525253,17.17171717171717,29.060598330289,19.20681055924951,3.958030737991383
53.53535353535354,17.17171717171717,49.2585989180882,14.49915422120452,3.673954379797571
54.54545454545455,17.17171717171717,46.538730381895164,19.44344399815205,5.192981660150989
55.55555555555556,17.17171717171717,106.85673927451026,2.583638665822654,3.044413790206159
56.56565656565657,17.17171717171717,36.608551016030304,20.6146458830268,4.223655610719644
57.57575757575758,17.17171717171717,36.742055342077236,17.08069695973058,4.599827840462869
58.58585858585859,17.17171717171717,99.86938647290896,35.86021288181431,5.268800068078959
59.5959595959596,17.17171717171717,38.14352980666973,14.21736412404178,5.74596692249929
60.60606060606061,17.17171717171717,33.24381371352757,18.32453313567534,3.527360489302924
61.61616161616162,17.17171717171717,59.02786507950209,26.08960653602993,4.80025195998671
62.62626262626263,17.17171717171717,13.128112826217201,19.01011582067978,5.291000496052876
63.63636363636364,17.17171717171717,22.020506963370696,27.86140336243746,2.931971682418676
64.64646464646465,17.17171717171717,29.14188952679469,16.86921978836533,4.226809965504452
65.65656565656566,17.17171717171717,70.75082643616491,25.45371069528515,4.902903383194545
66.66666666666667,17.17171717171717,63.51275689346185,6.352085974735969,3.836341601445214
67.67676767676768,17.17171717171717,23.940609649970803,16.83174221683528,3.533745111451732
68.68686868686869,17.17171717171717,27.362302029375083,27.20341397480718,3.864843709727516
69.6969696969697,17.17171717171717,21.161146814572746,13.91839263288919,4.69244741668331
70.70707070707071,17.17171717171717,27.4162060434582,17.01792255267608,4.766754884987471
71.71717171717172,17.17171717171717,25.843335242562045,18.61101022957195,4.871706049706725
72.72727272727273,17.17171717171717,51.53660713340487,12.16715837897767,4.891616638883759
73.73737373737374,17.17171717171717,63.69347422854359,23.23181609289353,5.58957292900899
74.74747474747475,17.17171717171717,13.284219351255679,19.07193463159422,4.59936029474201
75.75757575757576,17.17171717171717,16.51179837915208,20.39093851767779,4.628602856165239
76.76767676767678,17.17171717171717,45.86797798372967,28.42136958127692,4.438618124942938
77.77777777777779,17.17171717171717,38.382824933131715,22.10188880358778,3.754347794296807
78.7878787878788,17.17171717171717,33.773761413844184,24.94986864447398,5.047208384526775
79.7979797979798,17.17171717171717,32.37648452715216,16.69903516837673,4.700157683704138
80.80808080808082,17.17171717171717,56.399525438090684,12.12760593210452,3.097098581637693
81.81818181818183,17.17171717171717,41.55836207604034,16.93728793364713,4.786216731966112
82.82828282828284,17.17171717171717,40.01569374170427,25.55603855665095,4.566977317767004
83.83838383838385,17.17171717171717,29.07492429600189,22.95146358856922,5.206103361210223
84.84848484848486,17.17171717171717,14.332336274616594,20.18986284756597,5.484761753261888
85.85858585858587,17.17171717171717,22.859241904363827,20.73994391774927,3.70751618161052
86.86868686868688,17.17171717171717,38.831252076087395,21.64136998097237,4.809645249793077
87.87878787878789,17.17171717171717,53.37515465200363,3.694806686948491,4.159321938136797
88.8888888888889,17.17171717171717,35.77104774468352,11.79872803260269,4.502557836369224
89.89898989898991,17.17171717171717,31.250477010173462,19.44692038467352,5.077926303365146
90.90909090909092,17.17171717171717,26.507749335234077,20.87195195214303,5.031080674226146
91.91919191919193,17.17171717171717,14.668992608209305,16.20740222191716,5.137188659596178
92.92929292929294,17.17171717171717,30.069313814778752,19.90938657860759,4.536092498328608
93.93939393939395,17.17171717171717,26.165374693656087,22.20192679369426,4.322388416092334
94.94949494949496,17.17171717171717,30.130080208545532,19.47936227219388,3.653743838848568
95.95959595959597,17.17171717171717,49.55177179671449,4.901551454974934,3.942885726299039
96.96969696969697,17.17171717171717,76.02106119052615,7.622134177818518,3.332847703221825
97.97979797979798,17.17171717171717,146.3571181552394,34.4059048168449,6.369265914926345
98.98989898989899,17.17171717171717,42.2271043253897,14.08529017121724,5.00951948671854
100.0,17.17171717171717,17.582221078782315,22.56256378420981,3.84307252912713
0.0,18.18181818181818,28.826192752767827,21.94967589501066,4.571600621790524
1.01010101010101,18.18181818181818,15.982806644964857,23.03587659156827,4.653511912923549
2.02020202020202,18.18181818181818,24.965704545383936,24.04869523718564,4.507937445479872
3.03030303030303,18.18181818181818,37.11781956639618,12.6227948209038,5.67313609769422
4.040404040404041,18.18181818181818,44.622809840442315,27.45028576523149,4.793448831348379
5.050505050505051,18.18181818181818,28.181971548518177,18.80717627934038,4.655013885106442
6.060606060606061,18.18181818181818,28.187242716258172,14.27191497250558,5.171928547899771
7.070707070707071,18.18181818181818,34.52356888840638,18.61881478091491,5.203672982083138
8.080808080808081,18.18181818181818,36.16582052136451,6.417100820734478,4.794364498196999
9.090909090909092,18.18181818181818,36.59326022430004,20.4623456660648,4.358687884354209
10.1010101010101,18.18181818181818,26.489176543478326,19.32585984972862,5.379065668778011
11.11111111111111,18.18181818181818,25.704398655555547,21.09871373590556,5.685644373532225
12.12121212121212,18.18181818181818,76.476026782243,28.04548514273489,4.84287316954211
13.13131313131313,18.18181818181818,42.70531030030169,16.66700173133615,3.593984269897713
14.14141414141414,18.18181818181818,71.35418401000702,37.53410544990988,3.751884910776832
15.15151515151515,18.18181818181818,37.80207558493346,12.68146455018783,4.325326630692705
16.16161616161616,18.18181818181818,40.39773377168559,14.35610327375568,6.201279200002956
17.17171717171717,18.18181818181818,44.6512690040023,21.77933420009065,5.704736788976908
18.18181818181818,18.18181818181818,22.46519277790907,24.69139368407531,3.983360449223545
19.19191919191919,18.18181818181818,37.672782931362605,13.93614538408087,4.824305210530718
20.2020202020202,18.18181818181818,32.16228408111951,8.231392306288386,3.142550321148374
21.21212121212121,18.18181818181818,33.04495971145565,15.93138035720459,3.677654610680675
22.22222222222222,18.18181818181818,37.99236571084853,20.6333902287828,5.201805120658245
23.23232323232324,18.18181818181818,25.4349453194215,18.86109588336014,4.203033828738547
24.24242424242424,18.18181818181818,14.08726476124707,17.18875392845372,4.026939076144949
25.25252525252525,18.18181818181818,8.828480719273397,18.78477094692454,3.823314749442826
26.26262626262626,18.18181818181818,34.44186998144192,17.25657030626466,3.1959578973495
27.27272727272727,18.18181818181818,52.77472931199675,23.98541216778358,5.669451356265224
28.28282828282828,18.18181818181818,27.512899663683886,18.47243768867602,4.404102249953771
29.29292929292929,18.18181818181818,41.54943257132827,18.04735151698799,5.998066279441507
30.3030303030303,18.18181818181818,31.509283849783692,16.48862984629954,5.105782882753513
31.31313131313131,18.18181818181818,32.55588159551203,15.74722858386657,3.064346011137739
32.32323232323233,18.18181818181818,22.832578156594387,21.49563512167759,4.050551920194931
33.33333333333334,18.18181818181818,26.267204757596975,27.14162473295768,3.525740295920371
34.34343434343435,18.18181818181818,44.09169932555321,7.004799721469992,5.119909555923997
35.35353535353536,18.18181818181818,34.9097568070961,14.63653985286143,3.623020285032867
36.36363636363637,18.18181818181818,43.49573590661583,14.90839514433212,3.750733252721221
37.37373737373738,18.18181818181818,69.04703019274568,29.30060004474627,4.921313971728626
38.38383838383839,18.18181818181818,37.20004743701124,13.63647257996794,4.047281396262556
39.3939393939394,18.18181818181818,21.914549336510355,20.8208133466642,3.503435383821388
40.40404040404041,18.18181818181818,10.003690039946079,19.72816602167962,3.626027066431002
41.41414141414142,18.18181818181818,24.55033945678728,20.03552534584582,4.19455623014955
42.42424242424243,18.18181818181818,23.906537298825928,28.70218185630151,3.836757479878941
43.43434343434344,18.18181818181818,30.562793380736153,17.39075634547394,4.311213533547344
44.44444444444445,18.18181818181818,15.42962508793058,18.22498077880078,4.763118111413748
45.45454545454546,18.18181818181818,23.687032853240375,16.74596211762598,3.263840286058963
46.46464646464647,18.18181818181818,24.408522154750877,20.62420873180497,4.065523253319276
47.47474747474748,18.18181818181818,34.81879484803991,14.22233137641431,4.407404327535213
48.48484848484848,18.18181818181818,29.418412007610982,15.75217155007968,6.304627199390851
49.49494949494949,18.18181818181818,25.491501803152484,20.01454382483584,3.701432914240734
50.50505050505051,18.18181818181818,53.63951943091753,22.03657335724684,5.38268031079288
51.51515151515152,18.18181818181818,27.004076639554576,18.12203135978725,4.34572052673559
52.52525252525253,18.18181818181818,43.43024884625406,26.94406121353104,3.657954435632492
53.53535353535354,18.18181818181818,85.37147737398597,30.74257875576319,5.2214676673138
54.54545454545455,18.18181818181818,26.798795096152094,27.34656043154819,4.139314657945916
55.55555555555556,18.18181818181818,34.14158283208137,16.5056704605791,5.433326366448694
56.56565656565657,18.18181818181818,33.331802242750186,21.07888863769194,5.537250051306274
57.57575757575758,18.18181818181818,32.3880185047156,19.40730915923289,3.684052330387713
58.58585858585859,18.18181818181818,69.13777920451282,24.82822038702913,5.261675133635779
59.5959595959596,18.18181818181818,25.76995841434425,19.3189788135527,4.893876230437926
60.60606060606061,18.18181818181818,47.77287314599631,25.05629226672091,4.763849486040391
61.61616161616162,18.18181818181818,90.35804185303414,3.565917005612815,4.993345838424283
62.62626262626263,18.18181818181818,35.99000707877356,21.10209855884107,4.482538839633672
63.63636363636364,18.18181818181818,32.583789789174105,8.44055504024775,4.253956235343475
64.64646464646465,18.18181818181818,21.73788567378262,14.42853857379926,4.17094440835982
65.65656565656566,18.18181818181818,72.4346854927857,8.240558077606465,4.679930502323486
66.66666666666667,18.18181818181818,63.79388080749838,20.16888806448979,5.774217143283417
67.67676767676768,18.18181818181818,32.567307862603684,17.06831411869383,3.913313292232578
68.68686868686869,18.18181818181818,24.036020783662792,19.09216685299078,5.076342372459209
69.6969696969697,18.18181818181818,43.783743486776274,10.50839987848964,4.352695596261329
70.70707070707071,18.18181818181818,42.790114808855456,3.326534784464215,4.33679343855863
71.71717171717172,18.18181818181818,34.9121851504662,15.82667377073772,4.490569557419466
72.72727272727273,18.18181818181818,36.783711494899805,22.71791100350491,4.396282423156366
73.73737373737374,18.18181818181818,39.384869425189066,16.1422460814875,3.482331643253037
74.74747474747475,18.18181818181818,36.61911940254518,21.13480771770535,4.351212231107775
75.75757575757576,18.18181818181818,33.3651999302396,25.01315269542206,4.660880181518353
76.76767676767678,18.18181818181818,33.22453059998537,15.11338935490001,5.198982838451491
77.77777777777779,18.18181818181818,39.13232418052668,27.9271974328448,4.255160129713142
78.7878787878788,18.18181818181818,26.898476425330333,31.139496044245,4.145054230449001
79.7979797979798,18.18181818181818,19.43696982951831,23.80348240844356,4.469354647694996
80.80808080808082,18.18181818181818,38.87860159850601,23.14293987555953,3.612622345569044
81.81818181818183,18.18181818181818,48.17586761727924,4.218340132655938,4.103645443052249
82.82828282828284,18.18181818181818,27.760406786103232,13.86284712043294,3.619483459080101
83.83838383838385,18.18181818181818,35.59626964977658,16.49224221425841,3.551382159840068
84.84848484848486,18.18181818181818,32.00450126308223,22.30423241226624,4.41816942962254
85.85858585858587,18.18181818181818,11.937518238917672,18.44134093962529,3.88419419584961
86.86868686868688,18.18181818181818,24.131112316768064,14.97096577706851,4.633610533721599
87.87878787878789,18.18181818181818,25.797476537092955,7.625876504394218,4.182674978958655
88.8888888888889,18.18181818181818,11.751613526727784,17.14877506578128,3.585831113490907
89.89898989898991,18.18181818181818,13.367495124575537,13.37899634948283,4.882734709311452
90.90909090909092,18.18181818181818,41.5459090601606,14.59325548380761,3.518062057295575
91.91919191919193,18.18181818181818,25.62215602714287,18.24765870370849,3.471524128083998
92.92929292929294,18.18181818181818,24.595521045734813,10.07619693012264,4.806125134346447
93.93939393939395,18.18181818181818,22.620937050722606,25.84710047653073,3.381546409215152
94.94949494949496,18.18181818181818,44.36539702987268,12.00719298249569,4.378554705977081
95.95959595959597,18.18181818181818,70.01480600961104,21.96139359219572,5.31057772611159
96.96969696969697,18.18181818181818,35.083858588615556,22.94659606545419,4.492347922613785
97.97979797979798,18.18181818181818,51.96053852379147,27.76954357547041,4.969061687138096
98.98989898989899,18.18181818181818,31.338243867785856,14.19153645070747,4.826291963967241
100.0,18.18181818181818,62.05451894762181,27.26129561649161,4.484252823639451
0.0,19.19191919191919,43.599185302857556,14.42519300728651,4.903976920378124
1.01010101010101,19.19191919191919,53.99673128096347,27.82515523902514,5.362118909142161
2.02020202020202,19.19191919191919,28.99735545059973,28.86671651888401,3.677018815567133
3.03030303030303,19.19191919191919,33.16326706038333,29.59290462391944,3.986070429651976
4.040404040404041,19.19191919191919,21.24041537880863,23.13695030839703,4.727335656228463
5.050505050505051,19.19191919191919,62.7772976330197,31.84383145156449,4.275788579907992
6.060606060606061,19.19191919191919,49.700119453587604,10.00378248393394,4.602425050134269
7.070707070707071,19.19191919191919,30.575728354265483,19.34495816597568,4.513740334994851
8.080808080808081,19.19191919191919,63.925630671498695,5.344272447475145,5.413164607510137
9.090909090909092,19.19191919191919,28.66614215878322,25.62837863510781,4.33351238089998
10.1010101010101,19.19191919191919,27.941991911374988,22.10165838441005,4.99805280047585
11.11111111111111,19.19191919191919,46.55293078128891,15.46100824649462,4.478817121867315
12.12121212121212,19.19191919191919,80.32644256129403,5.048317068269087,4.344531335759664
13.13131313131313,19.19191919191919,21.271574234914176,17.69021823525714,3.053583907204956
14.14141414141414,19.19191919191919,35.17090834833316,16.33339431037716,3.919341088113369
15.15151515151515,19.19191919191919,20.663054916307228,18.25500634651499,4.351788239287476
16.16161616161616,19.19191919191919,39.19763864882671,10.16880097272202,4.556944284446981
17.17171717171717,19.19191919191919,33.39430172689228,11.17958252659962,5.983502138312148
18.18181818181818,19.19191919191919,25.402031293380595,19.43660164163532,4.622676170900418
19.19191919191919,19.19191919191919,63.12363706357619,6.132959645272726,4.827806651813773
20.2020202020202,19.19191919191919,49.18586650736723,12.8297997662383,3.369422080600605
21.21212121212121,19.19191919191919,52.28644848208174,24.2533878460669,4.296909965643273
22.22222222222222,19.19191919191919,63.31934174749211,8.331329324240329,4.387023614245391
23.23232323232324,19.19191919191919,43.65275322129001,23.86331554790168,5.191543537463921
24.24242424242424,19.19191919191919,24.1566601724049,25.48965167606888,4.269175877025734
25.25252525252525,19.19191919191919,22.106532455660414,20.37536360862976,3.940578809940593
26.26262626262626,19.19191919191919,23.01462717506708,14.48507594128044,6.076494871568336
27.27272727272727,19.19191919191919,16.96394561891498,19.56959386739426,6.454717833478312
28.28282828282828,19.19191919191919,56.443073298216945,22.65904935803531,4.718995221209401
29.29292929292929,19.19191919191919,99.88353050339197,5.095076185210301,4.322648920520326
30.3030303030303,19.19191919191919,44.58563338345826,31.4642610114517,3.769975804286263
31.31313131313131,19.19191919191919,35.871222070165274,20.39995959251183,4.04565053204799
32.32323232323233,19.19191919191919,17.02812025120327,21.99039828271175,5.064413514545762
33.33333333333334,19.19191919191919,20.386041032163522,20.75689392995285,5.656994410991113
34.34343434343435,19.19191919191919,38.2985414576755,25.94381605627859,4.35405493147873
35.35353535353536,19.19191919191919,32.46783315313607,24.10024514481122,4.41751515703297
36.36363636363637,19.19191919191919,39.93499396477809,15.00714868004988,4.958694659478567
37.37373737373738,19.19191919191919,33.41693462996017,19.09622289703756,5.718104132162814
38.38383838383839,19.19191919191919,26.404955446010405,15.10128543458229,4.668637966459024
39.3939393939394,19.19191919191919,15.350262307597017,18.39302959909102,2.971717373511295
40.40404040404041,19.19191919191919,23.33385784628885,10.11354428856783,4.763820864606925
41.41414141414142,19.19191919191919,20.095583471194736,15.12359012420624,4.170244270702275
42.42424242424243,19.19191919191919,27.234992227344968,18.30249684295336,4.259414722891107
43.43434343434344,19.19191919191919,37.653074114649094,10.34334101180329,4.014056791248311
44.44444444444445,19.19191919191919,36.289601347661495,20.86260843699364,4.6702199412379
45.45454545454546,19.19191919191919,59.88464602371328,7.135684698627216,4.37510300210799
46.46464646464647,19.19191919191919,33.45242917606751,14.53532056749733,3.583948933002844
47.47474747474748,19.19191919191919,61.04697759993669,27.73812468405833,4.676416701810728
48.48484848484848,19.19191919191919,42.45627864009407,14.21992184901392,4.289387704416779
49.49494949494949,19.19191919191919,30.5343037577942,22.55113691472535,4.125616625507543
50.50505050505051,19.19191919191919,36.78603635150912,18.9614707046285,3.337014521155153
51.51515151515152,19.19191919191919,33.442859584531824,21.10143348103575,4.371247175882479
52.52525252525253,19.19191919191919,64.19658616504483,6.033053557918877,4.83109449295547
53.53535353535354,19.19191919191919,62.56322730074747,9.432031041896725,3.771639051572673
54.54545454545455,19.19191919191919,25.813542801844918,21.17527309628172,4.206231223981968
55.55555555555556,19.19191919191919,20.084996564283713,19.50345772400061,4.813417765683992
56.56565656565657,19.19191919191919,53.160395908041885,25.84808758533227,5.731041257568066
57.57575757575758,19.19191919191919,47.218765744008564,20.87063933918861,4.293920769634468
58.58585858585859,19.19191919191919,104.3113494190545,1.365860839003111,5.581096504425458
59.5959595959596,19.19191919191919,38.45582367656758,19.21319388427588,3.395067869163159
60.60606060606061,19.19191919191919,21.9976905949906,29.7081157781961,3.681766496414779
61.61616161616162,19.19191919191919,42.295817613451796,20.85201565471181,4.482229918959935
62.62626262626263,19.19191919191919,19.737413589942037,20.05753085692815,4.840531237556782
63.63636363636364,19.19191919191919,32.13586967133024,10.99544887361814,3.410293858531527
64.64646464646465,19.19191919191919,48.91825122865565,8.494310484623393,3.56023215715565
65.65656565656566,19.19191919191919,75.02454256090759,25.89246233694712,5.505943804774676
66.66666666666667,19.19191919191919,38.98143389479154,28.72763849136283,5.290518958976969
67.67676767676768,19.19191919191919,32.74460433761129,26.56993072268685,4.138427217087769
68.68686868686869,19.19191919191919,18.303979142670826,21.0307947996151,4.293517476329739
69.6969696969697,19.19191919191919,49.47053322800072,24.03651174111064,4.942959280881221
70.70707070707071,19.19191919191919,56.88330620067906,8.980688655277865,3.444671846807771
71.71717171717172,19.19191919191919,49.501878197340034,23.67637349942045,4.463313172894583
72.72727272727273,19.19191919191919,36.332823359931744,28.97666501433356,4.630852044895798
73.73737373737374,19.19191919191919,62.24457043445105,13.84265074948338,3.736822635590557
74.74747474747475,19.19191919191919,97.1766897592182,34.47365085895271,5.042242954110117
75.75757575757576,19.19191919191919,47.08380048659792,13.17841437283376,5.156507229542002
76.76767676767678,19.19191919191919,22.364323316228013,21.18711835002156,4.041395231187053
77.77777777777779,19.19191919191919,41.17317150264,12.90520939800287,3.770769332336815
78.7878787878788,19.19191919191919,37.42125900377671,22.43205020334349,2.565864690312077
79.7979797979798,19.19191919191919,22.31549063219471,23.26281811334954,4.384878447248239
80.80808080808082,19.19191919191919,25.115354795450024,14.00575550943437,4.51344723078398
81.81818181818183,19.19191919191919,26.892208499196755,9.85903050113599,4.777060079816368
82.82828282828284,19.19191919191919,14.803209875293541,10.06900745889516,5.305467110413342
83.83838383838385,19.19191919191919,34.751530078523736,27.78683054580401,3.299057959089701
84.84848484848486,19.19191919191919,36.322784665707275,13.55831665220749,3.658738407087898
85.85858585858587,19.19191919191919,32.7610403369419,16.75427391878272,5.069849132166034
86.86868686868688,19.19191919191919,19.70746510688713,23.88583691583673,3.828343972902538
87.87878787878789,19.19191919191919,41.31184777327534,12.01765143734393,4.284421686582207
88.8888888888889,19.19191919191919,7.237021564060182,18.71784152003396,3.563518923594453
89.89898989898991,19.19191919191919,30.140161004067764,17.56726261361409,3.591887907293046
90.90909090909092,19.19191919191919,72.99339944435083,28.17319161385712,4.893368147565874
91.91919191919193,19.19191919191919,72.68281645846952,1.805950258526499,4.263014420506656
92.92929292929294,19.19191919191919,28.402123207806248,13.49422140621833,3.781675101004594
93.93939393939395,19.19191919191919,34.41163342248728,13.94960702311638,5.683767850966597
94.94949494949496,19.19191919191919,51.39158144092362,22.04815816417171,5.10494959718996
95.95959595959597,19.19191919191919,99.49673298924202,2.444065251614092,4.691783396943755
96.96969696969697,19.19191919191919,33.87868193354324,16.48529089835703,5.391316204281891
97.97979797979798,19.19191919191919,40.02694348206583,24.15330038195464,4.790184343489157
98.98989898989899,19.19191919191919,27.825675735735654,16.03103619970235,4.270321612562663
100.0,19.19191919191919,56.63866180317553,5.600780491044893,4.530440237123911
0.0,20.2020202020202,43.05099666347226,9.320273734239722,5.150983212225857
1.01010101010101,20.2020202020202,40.4155888466457,21.87127928701911,4.423071843571628
2.02020202020202,20.2020202020202,39.49430779513179,16.36473275114069,2.89004814378641
3.03030303030303,20.2020202020202,44.8248375274277,12.03071038991126,4.326770021218109
4.040404040404041,20.2020202020202,65.88868649483494,27.08811976163011,5.048993812205845
5.050505050505051,20.2020202020202,69.81300764156668,11.90712807817627,4.245802731864507
6.060606060606061,20.2020202020202,25.993777965742815,15.71764895793413,5.451081211388307
7.070707070707071,20.2020202020202,27.29521050170419,14.93830727180156,4.970339611124472
8.080808080808081,20.2020202020202,71.31436018071898,27.0786854799833,5.254143308653466
9.090909090909092,20.2020202020202,35.68685388345244,23.14615481065605,4.36337510366214
10.1010101010101,20.2020202020202,60.87128366177369,12.88602269600698,3.64901902278993
11.11111111111111,20.2020202020202,53.12978624622461,34.99901416773937,3.32047390109078
12.12121212121212,20.2020202020202,60.84902144934061,26.02203381430812,5.762414129525458
13.13131313131313,20.2020202020202,43.78662671275677,20.16297557909093,4.520112333447688
14.14141414141414,20.2020202020202,40.60879249342088,17.44924877344963,5.872397230160589
15.15151515151515,20.2020202020202,31.6402999894764,14.99069253607323,4.663506281488749
16.16161616161616,20.2020202020202,51.97770542412955,24.59846478841456,4.341084327751815
17.17171717171717,20.2020202020202,31.028308630768677,21.57272165818023,4.61728916555429
18.18181818181818,20.2020202020202,44.31456499426443,23.69296288272853,4.210330466224063
19.19191919191919,20.2020202020202,70.68784822586593,34.78712183721535,4.904664946714104
20.2020202020202,20.2020202020202,72.65589920130205,31.45200872423698,4.705745547037748
21.21212121212121,20.2020202020202,34.050398969784155,15.66603695670547,4.426380358867404
22.22222222222222,20.2020202020202,21.58779673999956,16.48202657084861,3.885649628611837
23.23232323232324,20.2020202020202,26.299661423049002,22.92676866565964,4.200128958519816
24.24242424242424,20.2020202020202,43.30205533023425,26.49115292366336,4.614672316167149
25.25252525252525,20.2020202020202,46.08606205850652,10.29293721664211,3.55506628493208
26.26262626262626,20.2020202020202,29.682357379111927,20.85444857604123,3.589290729364412
27.27272727272727,20.2020202020202,54.36539771278332,27.3645928136555,4.634386161095703
28.28282828282828,20.2020202020202,109.4243946742924,2.987619296758863,3.68891533989025
29.29292929292929,20.2020202020202,96.22790958483593,31.09391029932978,4.947411370992663
30.3030303030303,20.2020202020202,29.287073314500663,19.4158053141323,5.531204016514034
31.31313131313131,20.2020202020202,22.102345859518373,23.86199747919083,5.314479111858629
32.32323232323233,20.2020202020202,22.612699268284626,23.5829597277117,4.344060293474492
33.33333333333334,20.2020202020202,36.696739992549894,18.41884335388158,3.698320022355857
34.34343434343435,20.2020202020202,37.810367247347884,13.09309334493375,3.652454549620456
35.35353535353536,20.2020202020202,35.38332150751033,15.00720489887211,4.569239623114673
36.36363636363637,20.2020202020202,77.75684234349453,0.0,4.919635250639742
37.37373737373738,20.2020202020202,41.868573321042504,19.84343949695238,4.23312669408033
38.38383838383839,20.2020202020202,33.658070308794095,28.2053910689805,3.767902308553432
39.3939393939394,20.2020202020202,28.218050073324758,18.05463462875037,4.179044692969175
40.40404040404041,20.2020202020202,51.38218148600328,20.43206729466423,4.737115854828478
41.41414141414142,20.2020202020202,60.39350372483155,9.65761986849713,3.462200361557509
42.42424242424243,20.2020202020202,45.893427424309266,22.09258265488808,4.680506706672318
43.43434343434344,20.2020202020202,36.74653090921829,14.05299092593821,4.71936338365012
44.44444444444445,20.2020202020202,45.08427641029232,25.11475058955626,4.37345833513112
45.45454545454546,20.2020202020202,105.98204899015896,33.85624941063136,4.732746441105509
46.46464646464647,20.2020202020202,49.11206076271378,11.39548889987666,4.883821684868888
47.47474747474748,20.2020202020202,40.06114819188957,21.29423789677529,4.644450712240474
48.48484848484848,20.2020202020202,35.67446600753817,19.0066131672505,4.826751687309107
49.49494949494949,20.2020202020202,34.11620257176715,12.35393958776396,4.181679360035834
50.50505050505051,20.2020202020202,42.20925090551641,22.48193679689162,4.285671745889728
51.51515151515152,20.2020202020202,24.461991027522203,30.90723430859091,3.897680157427993
52.52525252525253,20.2020202020202,74.00021475048672,24.80433460951186,5.92627893057758
53.53535353535354,20.2020202020202,55.333002197153355,25.09401885284519,4.023194490445122
54.54545454545455,20.2020202020202,16.331358010312595,14.36209101179471,4.751809500649535
55.55555555555556,20.2020202020202,7.812795154140996,20.94613819247231,3.666750397449331
56.56565656565657,20.2020202020202,34.91056953135768,14.84106711949505,5.369560182140741
57.57575757575758,20.2020202020202,38.56677207050802,27.07564533063341,4.426825245357014
58.58585858585859,20.2020202020202,93.17826892551113,30.05120772727021,5.399197429522571
59.5959595959596,20.2020202020202,42.15825914151143,19.35734477349749,4.545223261512768
60.60606060606061,20.2020202020202,32.78656906803701,21.73080280171343,4.20770040205759
61.61616161616162,20.2020202020202,72.34905570690906,5.112321145540281,3.810074163285885
62.62626262626263,20.2020202020202,25.63073401494673,23.3197529260231,3.595859182542413
63.63636363636364,20.2020202020202,25.85662379285402,21.35443773954679,4.570564877331907
64.64646464646465,20.2020202020202,35.6986209281308,15.89541414930693,4.806360306986477
65.65656565656566,20.2020202020202,41.396200884157224,14.80013921185489,4.608326557638187
66.66666666666667,20.2020202020202,27.60236778082039,17.11858525657206,4.850343719461448
67.67676767676768,20.2020202020202,17.55442637449549,21.02408609244121,3.987398156286864
68.68686868686869,20.2020202020202,20.32171126346325,14.30862173632139,5.023510548740488
69.6969696969697,20.2020202020202,22.578617040451412,26.37259067833686,4.185875681819944
70.70707070707071,20.2020202020202,31.510691863825574,19.55484830259992,4.057520673942681
71.71717171717172,20.2020202020202,63.53016543392776,18.79812532597122,2.421676071626067
72.72727272727273,20.2020202020202,57.53421596644367,27.53979313540606,4.870710045830006
73.73737373737374,20.2020202020202,74.32103567112999,2.833472621314358,4.161142325375013
74.74747474747475,20.2020202020202,57.42068870145124,26.40760992964913,3.595447687694715
75.75757575757576,20.2020202020202,22.608666672500533,11.04283500505265,4.689825569144304
76.76767676767678,20.2020202020202,29.748057286448095,14.76230070892679,3.918994432205482
77.77777777777779,20.2020202020202,57.34805148689515,0.0,2.675281862839682
78.7878787878788,20.2020202020202,43.76391320689781,17.86374937365512,4.611757791361589
79.7979797979798,20.2020202020202,21.1804214192096,23.73835624698486,4.227826759709854
80.80808080808082,20.2020202020202,26.38125580260275,20.01718621589323,4.414993425919113
81.81818181818183,20.2020202020202,36.763453414892034,23.74253177184684,4.314566912339238
82.82828282828284,20.2020202020202,30.849500039829735,15.51713103110723,2.708334022513984
83.83838383838385,20.2020202020202,15.466936902692337,16.60328372229841,3.97981279589671
84.84848484848486,20.2020202020202,24.343340184607314,17.89327899863491,3.83163928754078
85.85858585858587,20.2020202020202,79.77221368283601,2.275935923432535,3.974732862963628
86.86868686868688,20.2020202020202,56.19957096668558,23.75642119219026,4.282775265990312
87.87878787878789,20.2020202020202,59.67595061691331,29.85482809877028,4.755570659823449
88.8888888888889,20.2020202020202,46.264896638068244,12.0186615134434,5.140048894914964
89.89898989898991,20.2020202020202,41.65533300993939,18.69090190470343,5.514443676968234
90.90909090909092,20.2020202020202,40.424812755058014,25.19041304439445,5.493693539974076
91.91919191919193,20.2020202020202,46.06893068733153,17.82647485935719,3.886729559879893
92.92929292929294,20.2020202020202,33.764476269296225,21.9776703646787,4.115468960908845
93.93939393939395,20.2020202020202,45.69421660631749,34.43488696364068,4.277407527546718
94.94949494949496,20.2020202020202,22.20201000543457,27.26543561339169,4.539973587079501
95.95959595959597,20.2020202020202,51.00090031438803,30.71254658423174,4.095889311867334
96.96969696969697,20.2020202020202,40.68234494169841,13.28269536064126,5.405612343481547
97.97979797979798,20.2020202020202,37.56809044798776,10.27167965876707,5.05693608114689
98.98989898989899,20.2020202020202,38.93176646019615,21.01838641830994,4.253457116483962
100.0,20.2020202020202,22.86543848777897,10.85599814118413,5.097068586232326
0.0,21.21212121212121,26.14141562866334,20.93679448647023,5.048511962847928
1.01010101010101,21.21212121212121,10.478453725880147,22.90080958934283,4.705685314686539
2.02020202020202,21.21212121212121,27.00370369435771,23.55421842912367,3.915259471338254
3.03030303030303,21.21212121212121,12.763206259367497,18.15159406042269,4.185599256802084
4.040404040404041,21.21212121212121,63.02009356436348,18.17953249494481,3.934682376585755
5.050505050505051,21.21212121212121,46.11624957981702,23.22701687523073,5.289955144672632
6.060606060606061,21.21212121212121,37.042345680675226,17.50577358934362,3.878273364977523
7.070707070707071,21.21212121212121,15.077786334741855,16.02865971399904,3.59317817612937
8.080808080808081,21.21212121212121,26.576399017930104,17.1859720093864,4.635786282712468
9.090909090909092,21.21212121212121,35.99932699301894,13.55333230394809,4.690170013854011
10.1010101010101,21.21212121212121,60.18292233449776,20.10150327256139,5.168597426973054
11.11111111111111,21.21212121212121,53.659067840886756,17.46250796140754,3.068794372394741
12.12121212121212,21.21212121212121,72.12676097302682,23.29375062410094,5.457174251512079
13.13131313131313,21.21212121212121,44.58658748010242,16.22282122797079,1.433387115608601
14.14141414141414,21.21212121212121,21.75362751525079,20.05295277134076,1.115858802187723
15.15151515151515,21.21212121212121,16.89863303859923,13.79730799538376,1.617364380796939
16.16161616161616,21.21212121212121,42.46635786091742,5.538307810666248,0.6084667150414731
17.17171717171717,21.21212121212121,27.700868513770104,15.05426458248911,1.031795533981523
18.18181818181818,21.21212121212121,63.517758908457324,3.159015114459849,1.080942843231446
19.19191919191919,21.21212121212121,78.208049292511,28.67024828629058,4.267706973880799
20.2020202020202,21.21212121212121,48.28968689527033,13.74616295219922,4.614599112339739
21.21212121212121,21.21212121212121,14.088976549258126,17.16377076820699,5.052087918850744
22.22222222222222,21.21212121212121,14.9724747634265,23.81471094814594,3.583854668340758
23.23232323232324,21.21212121212121,21.202678703559766,15.32949897757552,5.016041661364719
24.24242424242424,21.21212121212121,18.334980907266786,14.11223081557836,5.249097368717847
25.25252525252525,21.21212121212121,25.048068047979722,11.50798606495023,4.633404070802742
26.26262626262626,21.21212121212121,24.890494069898672,21.11628997262316,4.27112346316874
27.27272727272727,21.21212121212121,26.10446269352054,17.52323892844569,4.429592628449796
28.28282828282828,21.21212121212121,33.437373562116235,23.45493227927136,4.016275763619003
29.29292929292929,21.21212121212121,25.325271522893072,19.29706296279705,4.663286988561283
30.3030303030303,21.21212121212121,40.4468809961559,15.53126018925191,4.335392010280135
31.31313131313131,21.21212121212121,22.73606476729374,27.94380329655708,4.52612971931043
32.32323232323233,21.21212121212121,15.42156625566271,24.3956290007572,5.13528938817175
33.33333333333334,21.21212121212121,31.76729103722032,30.57767382351366,3.629413126341908
34.34343434343435,21.21212121212121,30.547863335652654,16.18732356120915,5.737705149451391
35.35353535353536,21.21212121212121,12.943494518017381,15.13543137880855,5.476686729061125
36.36363636363637,21.21212121212121,31.64121386567911,21.70180228809874,3.872498309196069
37.37373737373738,21.21212121212121,23.628335871818745,11.403215036938,4.208905623464787
38.38383838383839,21.21212121212121,32.64441513306001,13.5586308959088,4.463208618284614
39.3939393939394,21.21212121212121,51.640785587190564,27.32388667764111,4.222280280698278
40.40404040404041,21.21212121212121,74.46181764467913,7.119530906820928,3.449763862965118
41.41414141414142,21.21212121212121,64.24074456235502,22.39856855436782,5.002902678758204
42.42424242424243,21.21212121212121,42.629835499350136,14.45327537044796,3.620529172213948
43.43434343434344,21.21212121212121,65.81661206247946,21.55834680646265,5.005227342658875
44.44444444444445,21.21212121212121,41.641561257513345,22.42869205173136,1.596991390737556
45.45454545454546,21.21212121212121,43.631825474151974,8.682811503077774,2.337120069341684
46.46464646464647,21.21212121212121,16.19436831653558,8.893182699094972,1.190911391613313
47.47474747474748,21.21212121212121,27.00285746642844,15.56021819424492,1.277409821146729
48.48484848484848,21.21212121212121,22.51939033602323,17.92389637475085,1.507909106087143
49.49494949494949,21.21212121212121,14.987235336205643,16.48954414959503,2.507195458962709
50.50505050505051,21.21212121212121,48.92738792860704,6.059660673153095,4.85093097164465
51.51515151515152,21.21212121212121,70.98318326605133,26.86717562317356,5.189988829374325
52.52525252525253,21.21212121212121,65.74117978328132,8.209684566251251,5.04500250897198
53.53535353535354,21.21212121212121,69.37051461959823,4.673574552244267,5.084223260075182
54.54545454545455,21.21212121212121,20.209680502545734,14.92246756512553,4.356732587625408
55.55555555555556,21.21212121212121,12.139761894925346,13.01722700947088,5.690243534724793
56.56565656565657,21.21212121212121,20.1277522014976,13.19403922888498,3.906996720472997
57.57575757575758,21.21212121212121,23.79272539835039,15.68900550482944,4.996922270026117
58.58585858585859,21.21212121212121,46.38100814959813,12.26399482568821,4.960123845400476
59.5959595959596,21.21212121212121,70.17862827086297,5.51645276979959,3.593972112462655
60.60606060606061,21.21212121212121,36.77694190501637,15.34001495897625,3.496978857584293
61.61616161616162,21.21212121212121,38.76139069100793,19.82482845952138,4.97127781233541
62.62626262626263,21.21212121212121,24.357452464462266,14.97783886680111,4.85314935247784
63.63636363636364,21.21212121212121,31.63432035293669,16.96145122339022,5.260724981256947
64.64646464646465,21.21212121212121,78.23071010708524,29.01799252076579,4.949971381691666
65.65656565656566,21.21212121212121,85.95354822445958,0.0,4.745043789524038
66.66666666666667,21.21212121212121,28.28657381098223,16.95652681110388,3.373460445940776
67.67676767676768,21.21212121212121,40.14327334927128,10.88264130967628,4.823487882840865
68.68686868686869,21.21212121212121,16.409565798619962,22.57982492528831,3.732757943483416
69.6969696969697,21.21212121212121,27.332773420395533,22.10194392966053,4.436627358259562
70.70707070707071,21.21212121212121,28.616567455508225,14.03661394611906,4.743275382896587
71.71717171717172,21.21212121212121,32.84210854123016,22.98498184833855,5.092669883611499
72.72727272727273,21.21212121212121,18.93634152714322,19.17236971703451,5.99889462238225
73.73737373737374,21.21212121212121,33.08092963510505,16.5573643688323,3.843185115417611
74.74747474747475,21.21212121212121,20.129499653434333,13.40349095877459,5.256591425340487
75.75757575757576,21.21212121212121,32.73033983366847,14.72649303800468,5.217494960308475
76.76767676767678,21.21212121212121,24.74745613434629,16.98719551286012,1.79847629943203
77.77777777777779,21.21212121212121,21.72680012240774,15.12002152387227,2.678103229982992
78.7878787878788,21.21212121212121,19.685570493277453,26.0088718990032,1.250149188972921
79.7979797979798,21.21212121212121,26.554053095376354,20.6954587800341,2.282975663039177
80.80808080808082,21.21212121212121,32.216117248669995,18.25592455862629,1.865758046469471
81.81818181818183,21.21212121212121,31.332327853318503,21.49321419332269,3.964165298003892
82.82828282828284,21.21212121212121,14.24279503015225,14.10495252688773,4.9317999988004
83.83838383838385,21.21212121212121,13.982620853620263,17.72114490491786,4.278408008095916
84.84848484848486,21.21212121212121,29.375027387080742,12.82205638298592,4.066311104003742
85.85858585858587,21.21212121212121,70.01581069031343,21.4460228570115,4.664182243116338
86.86868686868688,21.21212121212121,79.04383959110858,4.920282486134139,4.100547037304814
87.87878787878789,21.21212121212121,64.19208721498846,24.75312206753815,4.613340010293421
88.8888888888889,21.21212121212121,73.62359775213054,0.6773347289505671,4.629100655763521
89.89898989898991,21.21212121212121,34.199419392313146,9.583237341753868,5.533702354870697
90.90909090909092,21.21212121212121,43.40526245431526,23.7858043572858,3.432130119735592
91.91919191919193,21.21212121212121,45.457086046550685,10.09181498518742,3.652694281470019
92.92929292929294,21.21212121212121,30.25745641784974,26.06518242832416,4.146654586038723
93.93939393939395,21.21212121212121,33.771723795971965,23.60058855125666,4.78260135284485
94.94949494949496,21.21212121212121,29.01853672957222,15.36353986823935,4.66848528773283
95.95959595959597,21.21212121212121,47.54990762169042,22.75461881231921,4.048614498482788
96.96969696969697,21.21212121212121,60.32133536371739,0.0,4.306500388222553
97.97979797979798,21.21212121212121,26.63478389686715,5.328620733428263,4.267868366379601
98.98989898989899,21.21212121212121,31.521457890728556,6.146463886697235,4.253092649626248
100.0,21.21212121212121,14.3861342372032,11.75871995088983,4.317158316410927
0.0,22.22222222222222,28.350676396710387,20.82637574990759,5.971681101287656
1.01010101010101,22.22222222222222,32.21481456204265,21.9449600543445,4.305472625968696
2.02020202020202,22.22222222222222,32.57626932801013,31.23715374262876,3.954296749832684
3.03030303030303,22.22222222222222,45.54569306800976,13.91434676955067,5.923149162466044
4.040404040404041,22.22222222222222,117.37843772346079,31.94283829447789,6.342272774734039
5.050505050505051,22.22222222222222,31.447293007165467,23.96691708870341,4.883245200681575
6.060606060606061,22.22222222222222,54.59989320081155,26.73600512240608,4.974546681307532
7.070707070707071,22.22222222222222,34.42732295642678,8.657239112937626,5.349548811143224
8.080808080808081,22.22222222222222,32.16198182920834,16.48610585731109,4.497691707641728
9.090909090909092,22.22222222222222,64.69355745673363,23.92848200946601,4.751852287613907
10.1010101010101,22.22222222222222,79.65891085707847,2.567526610282513,4.158477705812286
11.11111111111111,22.22222222222222,51.825178047066956,18.16215644820898,4.5018722808849
12.12121212121212,22.22222222222222,39.41596210756825,21.58665899555091,1.799091495055751
13.13131313131313,22.22222222222222,8.496447908804761,17.76832572388436,1.630587448887714
14.14141414141414,22.22222222222222,7.949487637949131,9.16160004111315,1.789285545690582
15.15151515151515,22.22222222222222,7.394990307528744,13.6645524780926,1.560317806597784
16.16161616161616,22.22222222222222,26.348025771962106,24.14374933875174,1.603426514098384
17.17171717171717,22.22222222222222,16.421991089393085,13.23818780130424,0.9884491225121742
18.18181818181818,22.22222222222222,15.282942396841847,18.5470117332191,1.622123833584069
19.19191919191919,22.22222222222222,42.844239448595395,20.87309679525232,1.708020195728183
20.2020202020202,22.22222222222222,42.817580024897794,14.6826863653803,6.117179328184181
21.21212121212121,22.22222222222222,18.68194251872195,18.48505812699053,5.466873854183937
22.22222222222222,22.22222222222222,46.43904140453793,12.68287580949661,4.461379328034599
23.23232323232324,22.22222222222222,46.778280552945596,3.897148352474137,5.839310565414513
24.24242424242424,22.22222222222222,20.67961137866967,18.25003019995631,4.146438335831691
25.25252525252525,22.22222222222222,22.500168370299953,14.7144210325679,5.379748877019705
26.26262626262626,22.22222222222222,34.18553253592804,10.88753477248746,5.088802258975343
27.27272727272727,22.22222222222222,39.42919838022915,20.20634427112439,5.131618142870045
28.28282828282828,22.22222222222222,23.156984701107802,17.52112629672741,3.677091392029192
29.29292929292929,22.22222222222222,35.757559787054454,16.19745386580653,4.902045387273714
30.3030303030303,22.22222222222222,49.985076040183046,5.869399902687212,4.668633138296756
31.31313131313131,22.22222222222222,37.14879258633948,21.77095439691217,4.419267406928625
32.32323232323233,22.22222222222222,27.981756431944635,18.75953782090084,5.433152685766496
33.33333333333334,22.22222222222222,39.797428296276514,26.60238296157784,6.119279486199251
34.34343434343435,22.22222222222222,31.618228031692695,28.4075578890913,4.996078426589925
35.35353535353536,22.22222222222222,44.75821130563621,24.11346648753295,4.529056131617471
36.36363636363637,22.22222222222222,22.585105867680937,17.37147915557859,4.530923500271058
37.37373737373738,22.22222222222222,22.80616649514566,12.86857624067765,4.50233045295796
38.38383838383839,22.22222222222222,26.19822247678038,8.327497349540495,5.172208143553775
39.3939393939394,22.22222222222222,24.465839645835935,19.56211998524801,4.824960977001385
40.40404040404041,22.22222222222222,43.30877312964383,14.51256723468202,4.95253766824233
41.41414141414142,22.22222222222222,79.8996761528596,32.82559943256858,4.361628851847684
42.42424242424243,22.22222222222222,41.500759672940134,8.780791775288762,5.488162777742218
43.43434343434344,22.22222222222222,42.26071723997727,13.4964514714603,1.028652260251546
44.44444444444445,22.22222222222222,6.341902317445406,17.65342689433663,1.74944640105905
45.45454545454546,22.22222222222222,9.815379234916232,19.88276763093815,1.491360209801051
46.46464646464647,22.22222222222222,12.454878216362996,13.1819444329573,0.7482679036837879
47.47474747474748,22.22222222222222,18.32496484236122,8.243753573027366,0.8885785354559963
48.48484848484848,22.22222222222222,10.750980728283295,12.9264577662661,2.39252223436858
49.49494949494949,22.22222222222222,15.183635732545223,11.56119230932097,1.554657217951788
50.50505050505051,22.22222222222222,18.043683636678615,21.96632736887018,1.645995744251432
51.51515151515152,22.22222222222222,43.8508366831652,16.92741520412509,4.876659704245914
52.52525252525253,22.22222222222222,51.298709573129216,17.83950467879917,4.659559141397263
53.53535353535354,22.22222222222222,98.1587020429343,28.04028984210317,5.889341616577425
54.54545454545455,22.22222222222222,75.47310936644162,10.10995583332357,3.73066851281468
55.55555555555556,22.22222222222222,19.382195553518194,11.11073985477889,5.384459422151383
56.56565656565657,22.22222222222222,17.342032073272037,9.662893755225477,5.024249704837551
57.57575757575758,22.22222222222222,17.46817512417376,17.83466993340133,4.916926010332202
58.58585858585859,22.22222222222222,28.35400675651817,28.19475007937283,3.06307846682102
59.5959595959596,22.22222222222222,75.72657035659658,31.49221436956587,5.003151762686864
60.60606060606061,22.22222222222222,35.71893375827189,17.44301826370288,4.828850270877224
61.61616161616162,22.22222222222222,26.2235732698848,18.50717765923569,5.044617751887825
62.62626262626263,22.22222222222222,58.017855646718566,23.16829014699971,5.030572277582614
63.63636363636364,22.22222222222222,46.55321741402735,9.983376724358951,4.208306106218258
64.64646464646465,22.22222222222222,42.900685976219954,21.48551916002653,4.468194190922881
65.65656565656566,22.22222222222222,29.032214882175317,15.70973799260342,4.759462781402349
66.66666666666667,22.22222222222222,28.59008950370758,22.37029670017202,3.692734269748914
67.67676767676768,22.22222222222222,80.66389745957113,27.33176814248744,5.313364694496199
68.68686868686869,22.22222222222222,49.91490893887149,14.88363672565658,5.147805493417509
69.6969696969697,22.22222222222222,66.1281040417595,28.58412681142342,5.240784681827575
70.70707070707071,22.22222222222222,29.844641154564425,15.80053508983222,5.463559030347612
71.71717171717172,22.22222222222222,14.807381571372954,24.94652673046398,4.398838567038332
72.72727272727273,22.22222222222222,10.946121802818674,28.68662722749772,3.897805365229462
73.73737373737374,22.22222222222222,41.049955626084696,28.50551903667895,3.013821029904329
74.74747474747475,22.22222222222222,29.064467426662716,15.97518145577411,1.729655994069568
75.75757575757576,22.22222222222222,19.006243949966017,20.89233101494557,1.130727794514543
76.76767676767678,22.22222222222222,7.782735454187584,14.95608936745018,1.008939838390551
77.77777777777779,22.22222222222222,12.626666274833518,10.34922585004212,1.15937896919724
78.7878787878788,22.22222222222222,6.236026054300579,13.14025922565484,2.005384362721794
79.7979797979798,22.22222222222222,17.80629041263691,13.24005428336777,1.666442910857246
80.80808080808082,22.22222222222222,15.562634013413641,19.76107276897865,2.240940760140987
81.81818181818183,22.22222222222222,25.151553093187186,19.3911305666664,2.263446947205651
82.82828282828284,22.22222222222222,23.826534696777415,13.59786055588267,5.670114154789943
83.83838383838385,22.22222222222222,30.154189292366393,19.17268510378646,3.106681888583325
84.84848484848486,22.22222222222222,25.35097996749364,4.846083916505373,4.669747452179363
85.85858585858587,22.22222222222222,30.48727317350997,7.933609978556606,4.876573967902706
86.86868686868688,22.22222222222222,35.09495573079959,17.07027346440861,4.739971923628848
87.87878787878789,22.22222222222222,16.322695930931644,17.45631409388237,5.172124632587636
88.8888888888889,22.22222222222222,26.697271272301606,15.28398228540931,5.105628416300377
89.89898989898991,22.22222222222222,24.16732830685539,14.83685599581814,4.130847730353116
90.90909090909092,22.22222222222222,34.7551013774684,10.5776110783059,3.606316444589732
91.91919191919193,22.22222222222222,23.04223402351701,13.90591414886041,5.053363078809695
92.92929292929294,22.22222222222222,15.850857668701675,21.82885158908214,3.696862481847712
93.93939393939395,22.22222222222222,32.397241257933985,13.06948292364241,4.448668339515017
94.94949494949496,22.22222222222222,21.5182674028089,13.6909484435143,5.058683667673182
95.95959595959597,22.22222222222222,67.7724088148264,34.4220047463514,3.954705719136845
96.96969696969697,22.22222222222222,51.789525291397894,13.4291710513975,4.067094517897335
97.97979797979798,22.22222222222222,27.41349953231535,19.18636974357643,3.853680109723827
98.98989898989899,22.22222222222222,16.952081980389757,17.8291781714218,3.418305806509086
100.0,22.22222222222222,15.9179389422204,11.83667710069674,5.468626969152478
0.0,23.23232323232324,34.29196324119648,18.87157672315448,4.656225248184069
1.01010101010101,23.23232323232324,56.42412166746028,9.055083636512835,4.177470585354654
2.02020202020202,23.23232323232324,22.707767506075015,21.18071638898067,4.469054304996463
3.03030303030303,23.23232323232324,14.7934278223447,19.45096660060004,4.980750135341926
4.040404040404041,23.23232323232324,58.85078546144442,16.03937947321306,4.355732931484781
5.050505050505051,23.23232323232324,21.191462585254406,18.56933675114207,5.309707084642964
6.060606060606061,23.23232323232324,34.40000263590761,17.42398721625131,4.7266803452693
7.070707070707071,23.23232323232324,30.496125769291517,15.73215688351992,3.700435206600273
8.080808080808081,23.23232323232324,84.88008587166121,27.46581040636569,4.728933409901823
9.090909090909092,23.23232323232324,55.371170037314805,11.48271597871553,4.149746595768814
10.1010101010101,23.23232323232324,40.54979629900186,13.07377622083514,4.740692536663728
11.11111111111111,23.23232323232324,29.811999267847916,12.98223994980302,1.282667678605247
12.12121212121212,23.23232323232324,9.37011691921799,19.85367779403859,1.120452728691204
13.13131313131313,23.23232323232324,12.355071754622132,17.79022174833621,1.955890093886317
14.14141414141414,23.23232323232324,7.21462822852149,19.41592478128094,1.272085034436742
15.15151515151515,23.23232323232324,6.602401028846497,17.7299306893452,1.555943280424237
16.16161616161616,23.23232323232324,16.44639114143869,16.28876899659213,0.7172188791886175
17.17171717171717,23.23232323232324,15.358102808226914,23.59088545499286,1.428427275778076
18.18181818181818,23.23232323232324,11.61212093700542,14.59919013833913,1.246028770561142
19.19191919191919,23.23232323232324,8.200788033289697,10.26551323703768,1.043331809613785
20.2020202020202,23.23232323232324,47.22643710175364,8.615836967596318,1.199385469902024
21.21212121212121,23.23232323232324,56.74491950297255,19.84812498909469,5.326922951712887
22.22222222222222,23.23232323232324,73.54009736377394,28.34629459455262,4.772232951130091
23.23232323232324,23.23232323232324,33.6205917218782,13.39580449679371,5.150165493948902
24.24242424242424,23.23232323232324,28.770761552819934,10.29737722448761,4.94820767584317
25.25252525252525,23.23232323232324,48.115531760732864,21.7570804414629,5.335236941269665
26.26262626262626,23.23232323232324,31.026267425306585,18.79903205916058,4.538465683177891
27.27272727272727,23.23232323232324,26.736544550692845,16.92031212135405,3.522161606092624
28.28282828282828,23.23232323232324,32.35146749025734,14.19554468780641,3.931646863582679
29.29292929292929,23.23232323232324,70.36758106355416,27.95117841087853,5.183014181324422
30.3030303030303,23.23232323232324,49.6307235172868,17.67800046000442,3.767517674597735
31.31313131313131,23.23232323232324,57.11489155913848,29.40445042105445,4.761859845346075
32.32323232323233,23.23232323232324,46.567558011498704,16.87250722065717,4.73713450580276
33.33333333333334,23.23232323232324,31.085303446542657,29.7879990751537,4.603569399438241
34.34343434343435,23.23232323232324,43.48884623991195,31.73736265784655,3.720471254265483
35.35353535353536,23.23232323232324,102.3937755286842,40.1372785040255,4.950692344331176
36.36363636363637,23.23232323232324,39.74601917118736,25.31240318053444,4.442298731069767
37.37373737373738,23.23232323232324,32.319459275720064,19.14234391071605,5.411167452872834
38.38383838383839,23.23232323232324,28.176752700513294,18.65541605509974,3.443452648101576
39.3939393939394,23.23232323232324,15.945654127590693,28.84333582557115,3.16652329997927
40.40404040404041,23.23232323232324,39.452743811672974,25.50342260070022,4.077269127953521
41.41414141414142,23.23232323232324,53.46952221645165,5.243622508470325,3.999394029209147
42.42424242424243,23.23232323232324,16.093570900961044,13.3526730484412,1.169458176436347
43.43434343434344,23.23232323232324,14.530082896928311,15.58926548235774,2.411718796071466
44.44444444444445,23.23232323232324,7.727211424484372,21.64784235134602,1.324970075683865
45.45454545454546,23.23232323232324,8.35277728369374,17.73830969160968,1.170942757772451
46.46464646464647,23.23232323232324,17.676537082407076,18.63273016148027,1.965821744300997
47.47474747474748,23.23232323232324,16.999718783917942,23.30548988141885,1.799297521908921
48.48484848484848,23.23232323232324,11.096650353051457,17.12848421800324,1.954450105488909
49.49494949494949,23.23232323232324,7.940409428837499,16.5753775629072,1.460206739179224
50.50505050505051,23.23232323232324,12.416605212011618,15.3133586446648,2.415810828376099
51.51515151515152,23.23232323232324,26.9303915737671,8.962514529176678,1.227863043426827
52.52525252525253,23.23232323232324,61.22302740006339,1.890878001638145,1.176881302833884
53.53535353535354,23.23232323232324,68.43531114770884,25.65950108475445,4.805937481374364
54.54545454545455,23.23232323232324,77.71134042940464,29.84569817088069,5.454140746588484
55.55555555555556,23.23232323232324,51.01197202065532,21.94118139226658,4.089263644021726
56.56565656565657,23.23232323232324,31.66783243341625,14.10920473307906,4.571281339176678
57.57575757575758,23.23232323232324,28.4728139928271,23.5417559623388,4.578989759787838
58.58585858585859,23.23232323232324,15.895243981150749,19.44006372864381,5.232510808427823
59.5959595959596,23.23232323232324,25.742856527516544,26.91943566628293,5.086161496083146
60.60606060606061,23.23232323232324,56.142859133867375,22.48998809131207,5.071453337397832
61.61616161616162,23.23232323232324,66.95707067526743,4.744965472738917,5.475376288571302
62.62626262626263,23.23232323232324,50.60559468816686,7.236672223717489,3.601541972953049
63.63636363636364,23.23232323232324,13.157549081864696,5.706393933058701,5.527427733845554
64.64646464646465,23.23232323232324,30.910221069648458,11.35292723203635,4.162399084362641
65.65656565656566,23.23232323232324,18.7827990601669,21.54417956077704,4.040982516734514
66.66666666666667,23.23232323232324,23.943508137171975,16.12977209387919,3.974410191147455
67.67676767676768,23.23232323232324,58.61867303659109,13.06462768812845,3.560843996474106
68.68686868686869,23.23232323232324,73.32463408941351,23.53837123976984,5.387797455550702
69.6969696969697,23.23232323232324,42.47228368827204,18.26352478727836,4.035217092891193
70.70707070707071,23.23232323232324,25.311134509713526,18.42223063303616,5.377926620180999
71.71717171717172,23.23232323232324,19.808418601140946,19.81088400559014,4.205422224908845
72.72727272727273,23.23232323232324,44.42125713014001,22.54409709030801,4.40079903771697
73.73737373737374,23.23232323232324,39.96217680137872,13.15909836182966,2.140841801368976
74.74747474747475,23.23232323232324,10.236155413982068,11.13015200563257,1.481183662075194
75.75757575757576,23.23232323232324,15.629202374545574,20.80670181114275,1.629036531994723
76.76767676767678,23.23232323232324,11.16848010466111,5.706372525052896,1.935553844625707
77.77777777777779,23.23232323232324,7.533803138093818,5.679323406063947,1.308259455658697
78.7878787878788,23.23232323232324,13.40086834637647,10.97358270369324,2.3885487492794
79.7979797979798,23.23232323232324,21.16679774219955,23.3214260662876,1.783700850721566
80.80808080808082,23.23232323232324,16.60416540285182,11.94909344466493,1.244220720073265
81.81818181818183,23.23232323232324,17.532689201351612,12.73236914159502,1.429401374520461
82.82828282828284,23.23232323232324,27.91604661552345,18.35248124283187,2.184037865343683
83.83838383838385,23.23232323232324,34.6267881445082,6.899945798524243,1.401889953549174
84.84848484848486,23.23232323232324,19.54310880505023,10.89054912973508,3.813685770766419
85.85858585858587,23.23232323232324,11.24738232656939,9.608518018230008,4.268709959133208
86.86868686868688,23.23232323232324,16.56143874916846,10.38943949216708,5.088528353391895
87.87878787878789,23.23232323232324,12.63825246175468,18.96861236900807,3.718210712296985
88.8888888888889,23.23232323232324,13.362131209797191,21.02018312812787,3.849971050709692
89.89898989898991,23.23232323232324,39.559438194994335,22.64128529769693,4.850076898659616
90.90909090909092,23.23232323232324,24.928295591185876,16.85032133660024,4.653255771129485
91.91919191919193,23.23232323232324,16.832021248357492,19.59431478377546,4.413484332016134
92.92929292929294,23.23232323232324,12.794611070096014,18.44321214742848,4.540074136018869
93.93939393939395,23.23232323232324,26.763192033900427,20.01397843539426,4.962906223592328
94.94949494949496,23.23232323232324,14.104754520477808,16.97484445226621,4.411107295470874
95.95959595959597,23.23232323232324,48.18429446960384,11.58646811117377,4.956246843100519
96.96969696969697,23.23232323232324,52.69256883837804,20.52189937908757,5.18112308390183
97.97979797979798,23.23232323232324,24.902496372736785,11.84587842688482,4.03460029612036
98.98989898989899,23.23232323232324,23.18733790268047,16.65404067816613,2.685155851457142
100.0,23.23232323232324,34.057951452111205,16.63253876820153,5.69565990038406
0.0,24.24242424242424,16.12160136118609,25.25795639691221,4.125633569196561
1.01010101010101,24.24242424242424,33.02388789319064,21.71207842840746,4.605471585456842
2.02020202020202,24.24242424242424,12.206531707566032,23.48721491591511,3.906081023725222
3.03030303030303,24.24242424242424,36.50139004212592,15.82031280720305,5.145924184253174
4.040404040404041,24.24242424242424,59.54266152812431,11.7694978212597,1.948994668626045
5.050505050505051,24.24242424242424,31.08892994307006,14.48831155869008,5.331545275003509
6.060606060606061,24.24242424242424,46.65754180587764,7.006441005985545,5.106930419597082
7.070707070707071,24.24242424242424,35.025283621069406,14.93134812516185,4.85467713411041
8.080808080808081,24.24242424242424,97.53143056401535,0.0,4.175994460359499
9.090909090909092,24.24242424242424,86.97533217341234,23.25409477666726,4.580645841132976
10.1010101010101,24.24242424242424,43.06958472957286,10.31277032258994,1.041094158246603
11.11111111111111,24.24242424242424,4.892471318121604,19.68944270860882,1.00906999721465
12.12121212121212,24.24242424242424,7.095233239043201,17.25470641218417,1.448328849300637
13.13131313131313,24.24242424242424,9.013920665568886,9.827731472597124,1.408866659263873
14.14141414141414,24.24242424242424,12.62801228331732,17.53037081081217,0.9772328118964757
15.15151515151515,24.24242424242424,10.615735983752392,13.52667407343218,2.139360751890128
16.16161616161616,24.24242424242424,10.80535419030218,13.46157406163389,0.9299548833731012
17.17171717171717,24.24242424242424,11.3860981297749,17.39760960408181,2.12647497476339
18.18181818181818,24.24242424242424,10.333849446268761,13.59874909557394,2.188247455831046
19.19191919191919,24.24242424242424,13.371796397179743,12.43076300470164,0.8619626156952902
20.2020202020202,24.24242424242424,12.408916624980296,20.23117052403328,1.185506913049761
21.21212121212121,24.24242424242424,33.45974333887927,5.398282535156711,1.549588690190033
22.22222222222222,24.24242424242424,50.43308235929682,7.630041529794819,2.04939020549716
23.23232323232324,24.24242424242424,23.210185993616367,17.78935418788698,4.098938364128515
24.24242424242424,24.24242424242424,19.277239082099562,8.558940007396746,5.111876697828302
25.25252525252525,24.24242424242424,26.952013913552594,13.06948228886854,4.317108819247014
26.26262626262626,24.24242424242424,23.527931422729765,8.564382241663216,5.559192333301908
27.27272727272727,24.24242424242424,38.8898783587008,18.50971792891887,5.021156454246091
28.28282828282828,24.24242424242424,51.10378451140199,6.78086770918209,4.109297545138215
29.29292929292929,24.24242424242424,49.493253349196664,17.69802224094882,5.435657659798752
30.3030303030303,24.24242424242424,34.944221956812136,16.00291565985417,3.684719592316464
31.31313131313131,24.24242424242424,38.03649317097474,19.29880231429519,4.605401658141629
32.32323232323233,24.24242424242424,49.82285591443586,7.563910372746111,4.356149143000296
33.33333333333334,24.24242424242424,40.45269971880448,20.18807580121649,5.681728367810251
34.34343434343435,24.24242424242424,41.077384846243746,12.74726420439614,5.307299558003969
35.35353535353536,24.24242424242424,54.51793810397512,12.61873264154183,3.607313316888359
36.36363636363637,24.24242424242424,29.829958690717955,17.85322974574589,4.611069452215936
37.37373737373738,24.24242424242424,24.8554424862068,10.55444945569322,6.457433131324237
38.38383838383839,24.24242424242424,20.060689360516832,23.17980225095413,3.854265873026082
39.3939393939394,24.24242424242424,31.025359778065482,20.94498643519858,5.362479721464466
40.40404040404041,24.24242424242424,70.4112450536258,24.67326663217157,5.431821630105129
41.41414141414142,24.24242424242424,30.814589898828753,13.28690309399403,1.32942323178907
42.42424242424243,24.24242424242424,7.119485692645952,11.36098291306711,1.767206476745699
43.43434343434344,24.24242424242424,14.908119550297188,16.48891798350819,2.067211169674738
44.44444444444445,24.24242424242424,8.82610279306497,14.52121383497669,1.157014692565526
45.45454545454546,24.24242424242424,3.461828628261564,10.74222696896384,1.862885444265804
46.46464646464647,24.24242424242424,10.839900112561878,8.411208700863625,1.646664988574293
47.47474747474748,24.24242424242424,11.554896856994187,16.44080684806859,1.356657824767079
48.48484848484848,24.24242424242424,14.700069749735235,6.779570494357724,1.382112439183374
49.49494949494949,24.24242424242424,13.631405624301852,10.18151512056457,2.0365943954926
50.50505050505051,24.24242424242424,28.14862514613567,22.58638602738765,2.082792939081579
51.51515151515152,24.24242424242424,19.150771443015135,15.06322331603305,0.8240576720019616
52.52525252525253,24.24242424242424,19.101003095272574,16.32711182836487,2.226146323940957
53.53535353535354,24.24242424242424,36.917823470571044,17.69615241269568,2.935943342011237
54.54545454545455,24.24242424242424,63.76776159789801,18.8184717827622,4.757403579227887
55.55555555555556,24.24242424242424,72.6414674468422,3.562253205741222,3.890467118593145
56.56565656565657,24.24242424242424,46.17362740362341,21.92958498309444,4.865284713510236
57.57575757575758,24.24242424242424,46.39661401047139,16.7752291936032,3.778746677507417
58.58585858585859,24.24242424242424,19.296531832774008,16.21984784336661,5.842863003781941
59.5959595959596,24.24242424242424,46.74135468402281,26.54135335764865,4.24412522714757
60.60606060606061,24.24242424242424,64.50799555117648,32.60662782621826,6.068245858326915
61.61616161616162,24.24242424242424,68.59683111919475,28.78551621258357,4.803402744594738
62.62626262626263,24.24242424242424,60.12285466716349,33.89862903096375,3.906876864233662
63.63636363636364,24.24242424242424,53.971684044982666,9.2362834498335,5.68499401272055
64.64646464646465,24.24242424242424,16.902718446143346,13.6958113506371,4.865156626881884
65.65656565656566,24.24242424242424,10.873299627890301,19.61240585079312,4.443287009574448
66.66666666666667,24.24242424242424,29.595026499901905,21.6646482313912,4.654614260569841
67.67676767676768,24.24242424242424,32.37795676346031,16.87724526743607,5.001357504491964
68.68686868686869,24.24242424242424,82.83808931506599,4.353711944892702,3.937999387015685
69.6969696969697,24.24242424242424,37.22213503368815,17.30410497622778,5.142227773867374
70.70707070707071,24.24242424242424,49.3714407407671,11.97366294551768,4.318770691130524
71.71717171717172,24.24242424242424,60.33837810387543,22.71380016803104,4.599186925974309
72.72727272727273,24.24242424242424,43.579791962109084,25.09313233096596,0.8396425981477723
73.73737373737374,24.24242424242424,13.565420966215259,7.516094484072093,1.169233173991999
74.74747474747475,24.24242424242424,3.959415926928788,14.60823100385563,1.176721898543703
75.75757575757576,24.24242424242424,6.9774899922775875,13.31023439700894,1.645979276799508
76.76767676767678,24.24242424242424,12.12023559062709,19.55695092445307,1.289017898198745
77.77777777777779,24.24242424242424,7.090326431154347,8.728904761053318,1.214439120795185
78.7878787878788,24.24242424242424,11.343811844645138,4.958868643090632,1.394716507387247
79.7979797979798,24.24242424242424,11.822709194156042,16.32538439000145,1.138384074352672
80.80808080808082,24.24242424242424,13.91193532637023,12.01305627212121,0.6601339249197138
81.81818181818183,24.24242424242424,21.86128573334539,14.93247463826082,2.506221508785556
82.82828282828284,24.24242424242424,15.97574788081142,10.905846044664,1.625699862797654
83.83838383838385,24.24242424242424,19.034308196228785,22.27107693342715,1.617341257853906
84.84848484848486,24.24242424242424,30.847374789115385,10.88547755918755,1.34501811553432
85.85858585858587,24.24242424242424,38.86651218391217,14.84113083441935,4.804905328644621
86.86868686868688,24.24242424242424,25.87980951305951,10.35409578909499,4.266928180319328
87.87878787878789,24.24242424242424,27.44279915704386,22.83749194079027,2.968511671074419
88.8888888888889,24.24242424242424,33.72167295923556,17.90209685378886,5.150244845191192
89.89898989898991,24.24242424242424,44.889727943047326,12.90018726468116,4.680970954111934
90.90909090909092,24.24242424242424,28.96813581979343,17.90949248940006,5.493507375258099
91.91919191919193,24.24242424242424,31.306398586207386,11.24999628302645,4.104417497262467
92.92929292929294,24.24242424242424,25.456150048737463,12.23567241111297,4.407603511825041
93.93939393939395,24.24242424242424,18.227291496625092,16.25315337979631,4.52244663761358
94.94949494949496,24.24242424242424,12.690267272835417,20.46898220268733,4.092782552710557
95.95959595959597,24.24242424242424,39.91412330665946,16.96743606113647,6.194543221411573
96.96969696969697,24.24242424242424,28.094203203694704,11.14045586853067,4.909959082047664
97.97979797979798,24.24242424242424,12.03624909834877,18.35958376072521,3.249029618886945
98.98989898989899,24.24242424242424,10.08679607890845,12.08741277420717,5.638251957811879
100.0,24.24242424242424,9.116842415223232,12.20420449817744,5.946879337361841
0.0,25.25252525252525,31.148055280055473,20.10754776525638,3.798859161483842
1.01010101010101,25.25252525252525,31.26735359882871,13.66005798307608,3.113305359621618
2.02020202020202,25.25252525252525,31.867938654491006,13.65270088512975,4.718178143577741
3.03030303030303,25.25252525252525,56.50150138646019,4.063866914966718,4.842461810120183
4.040404040404041,25.25252525252525,64.11195388043808,21.65928199623883,4.681915470312746
5.050505050505051,25.25252525252525,39.939309897014866,21.75871700603551,3.217657638883959
6.060606060606061,25.25252525252525,38.98351609648107,19.35147154537118,5.046965681725373
7.070707070707071,25.25252525252525,17.221349772010957,27.77955122848429,3.208281480720134
8.080808080808081,25.25252525252525,53.55842852636263,19.61818461315724,4.1408564831309
9.090909090909092,25.25252525252525,39.85559491282039,18.36849206637975,1.077216075550178
10.1010101010101,25.25252525252525,7.790000941359797,17.32459646676589,1.55034184716817
11.11111111111111,25.25252525252525,7.214085910642622,15.87867921891575,1.383481611054606
12.12121212121212,25.25252525252525,11.76104409005713,17.67213037697527,1.944250671721014
13.13131313131313,25.25252525252525,17.932303235039164,15.97903351560565,0.9088205710455218
14.14141414141414,25.25252525252525,26.934004141067007,17.62699384084489,2.551959619950813
15.15151515151515,25.25252525252525,13.64206250994583,11.52383242504859,1.393123513261075
16.16161616161616,25.25252525252525,11.592414737082674,9.491694690525215,1.16206726147621
17.17171717171717,25.25252525252525,6.853228811797928,17.79641891115942,1.487039864429748
18.18181818181818,25.25252525252525,7.433251730521335,17.63601588564734,1.489518727863677
19.19191919191919,25.25252525252525,10.571551011456457,17.79586362550188,1.791742627667492
20.2020202020202,25.25252525252525,9.450432530210254,17.15480507280703,1.81179334681331
21.21212121212121,25.25252525252525,11.353940218191587,11.57893000481005,1.895588465532948
22.22222222222222,25.25252525252525,18.39348648553075,18.11882746772008,1.831173918745999
23.23232323232324,25.25252525252525,26.28475419757495,23.64449340750766,3.188294137298827
24.24242424242424,25.25252525252525,15.538501927080093,13.76101170151442,5.219422611118897
25.25252525252525,25.25252525252525,27.869130453743338,17.72027602458125,4.689101361215864
26.26262626262626,25.25252525252525,30.203245194370574,8.85871428585681,5.630003146736089
27.27272727272727,25.25252525252525,18.285503925464816,19.29721761719205,4.204208187385167
28.28282828282828,25.25252525252525,25.7828383608785,17.01452689712815,4.168267624975508
29.29292929292929,25.25252525252525,38.82786524184478,15.15330000025338,3.462497350936833
30.3030303030303,25.25252525252525,47.78597446818255,26.35092118624478,4.704223009700642
31.31313131313131,25.25252525252525,31.82334696491947,15.39648380381065,4.787819984919448
32.32323232323233,25.25252525252525,61.00317752338245,3.539825050404075,5.175049051728314
33.33333333333334,25.25252525252525,60.17482443631736,25.94943561445393,4.82795661105952
34.34343434343435,25.25252525252525,61.74047479491527,5.311947531685915,4.320796958934777
35.35353535353536,25.25252525252525,13.23264460840917,13.79862778293746,3.729884814051721
36.36363636363637,25.25252525252525,31.69240280540639,12.36873197650683,3.565119897491027
37.37373737373738,25.25252525252525,27.98978576617323,20.65177514140199,4.686974570935861
38.38383838383839,25.25252525252525,17.951936907991517,19.96902708250029,5.023749300201565
39.3939393939394,25.25252525252525,45.72719234052827,12.04712481370994,4.472374898487033
40.40404040404041,25.25252525252525,38.47954839872249,19.64284022470143,1.042255231903819
41.41414141414142,25.25252525252525,11.20784246923842,25.88960824790136,0.636668715085815
42.42424242424243,25.25252525252525,3.793247506761001,6.139553021889929,2.033246958392515
43.43434343434344,25.25252525252525,8.233404892614493,10.96278213711904,0.8445061462827599
44.44444444444445,25.25252525252525,6.622261063378648,14.13226031958139,0.9816851658263143
45.45454545454546,25.25252525252525,2.80556917699278,8.878615292641216,1.835264407466949
46.46464646464647,25.25252525252525,6.29837987113063,13.94495073565811,1.421063345477426
47.47474747474748,25.25252525252525,10.258395605429932,15.52984584270391,1.10126332583819
48.48484848484848,25.25252525252525,9.397119867177105,19.54649436572478,1.011120449765351
49.49494949494949,25.25252525252525,12.425650649617324,8.431846161809814,0.8717535884992381
50.50505050505051,25.25252525252525,19.259099582783993,8.392634092640641,0.6474489059005543
51.51515151515152,25.25252525252525,16.864844655622726,16.45350151916678,1.765244332192088
52.52525252525253,25.25252525252525,8.347326682139308,19.99667546523319,1.680562590639556
53.53535353535354,25.25252525252525,13.26477784925761,18.7265039531605,1.539379119777597
54.54545454545455,25.25252525252525,29.33105953257904,14.22264134631211,1.473143547104706
55.55555555555556,25.25252525252525,32.745415483072584,17.35909533185333,3.459694731686645
56.56565656565657,25.25252525252525,23.361629689284513,22.11445490744389,4.537071988488606
57.57575757575758,25.25252525252525,44.826678459785946,30.22400364249368,4.297324104886779
58.58585858585859,25.25252525252525,29.03246845932344,19.55362733937662,3.773709129919002
59.5959595959596,25.25252525252525,56.103525840133365,10.64853358762111,4.981518194879624
60.60606060606061,25.25252525252525,82.06367316530552,37.48560375936992,4.493937881508812
61.61616161616162,25.25252525252525,76.40672521653029,14.27809696876134,2.913296085959431
62.62626262626263,25.25252525252525,44.554228314754525,19.55387055016095,4.299974923433382
63.63636363636364,25.25252525252525,84.90590494340931,26.9348065514029,5.694297872674992
64.64646464646465,25.25252525252525,32.830588428294845,16.88129759094707,4.752653357158103
65.65656565656566,25.25252525252525,21.223988779477725,23.75388745645076,4.055948247447804
66.66666666666667,25.25252525252525,40.34759587244517,21.74862447959933,2.267876778659549
67.67676767676768,25.25252525252525,24.438430143452898,15.0448145672047,5.083546342149787
68.68686868686869,25.25252525252525,36.30785506258749,26.73224073459011,3.730373932125841
69.6969696969697,25.25252525252525,55.30630391155114,25.94187501490336,2.485724324399335
70.70707070707071,25.25252525252525,71.22858317538588,20.95480878260188,5.335849923241289
71.71717171717172,25.25252525252525,46.20965263412232,13.07674404659606,1.560987910060229
72.72727272727273,25.25252525252525,6.458480639729022,10.77514453860659,1.909006289563443
73.73737373737374,25.25252525252525,5.717874465987141,16.84184110357098,1.36465578635214
74.74747474747475,25.25252525252525,10.15143602329914,11.08684661247248,1.732066899535081
75.75757575757576,25.25252525252525,10.692458657242032,18.81823005126223,1.584229124964241
76.76767676767678,25.25252525252525,16.799385301358072,21.53808381907744,1.932228876558147
77.77777777777779,25.25252525252525,10.083574619148628,8.644449421831297,2.024222665566404
78.7878787878788,25.25252525252525,4.406735130474159,11.92649698433799,1.479386022306661
79.7979797979798,25.25252525252525,2.3176110075232854,15.38833736186547,1.334701125979038
80.80808080808082,25.25252525252525,8.491592127703633,11.757559033553,1.402730689439106
81.81818181818183,25.25252525252525,8.136236326201903,14.74511600852236,1.247307187655056
82.82828282828284,25.25252525252525,4.222537346712702,14.05192659085193,1.515449600675453
83.83838383838385,25.25252525252525,8.331649636881304,15.05744028004927,1.719995658733815
84.84848484848486,25.25252525252525,12.224009977736532,16.6931529318444,1.982301658792547
85.85858585858587,25.25252525252525,26.736913862358076,20.93608116132614,1.429949634643807
86.86868686868688,25.25252525252525,52.825171436823496,26.19907073331589,3.369181447011862
87.87878787878789,25.25252525252525,66.17051922507414,29.27025792422798,4.332337044725532
88.8888888888889,25.25252525252525,79.01616664334225,6.194737835319282,4.004717746436739
89.89898989898991,25.25252525252525,56.38286483515917,32.53700983733173,3.709696558922845
90.90909090909092,25.25252525252525,41.30259280931082,18.27358899254585,5.073017379757544
91.91919191919193,25.25252525252525,32.22594893520112,24.52663322981227,2.900079964906939
92.92929292929294,25.25252525252525,24.332829469468486,19.7712671849051,4.988132370556129
93.93939393939395,25.25252525252525,17.64334147303682,19.23617387220158,4.717393678053178
94.94949494949496,25.25252525252525,12.230814475917363,21.94987193245499,4.284190468145898
95.95959595959597,25.25252525252525,29.226105123662563,14.13186687342088,4.590044599480027
96.96969696969697,25.25252525252525,17.02757843349087,14.4547943676254,4.157147248248499
97.97979797979798,25.25252525252525,14.334119772006552,17.7955545268266,4.635184849606882
98.98989898989899,25.25252525252525,13.777510522028674,16.47945185403018,4.3775593752687
100.0,25.25252525252525,2.3182563073950746,14.55582476691631,4.933269727268616
0.0,26.26262626262626,23.76519857335914,9.794397181859718,4.555534806617973
1.01010101010101,26.26262626262626,24.567285282448033,7.92839623069106,3.86846197801456
2.02020202020202,26.26262626262626,46.961408990338256,27.42736344177174,3.57073483972529
3.03030303030303,26.26262626262626,29.873259033270273,13.69540039850284,4.197727161927848
4.040404040404041,26.26262626262626,54.96284947322249,9.148795529819456,3.995059605975682
5.050505050505051,26.26262626262626,89.24433567527674,35.61392616840117,4.590547458716026
6.060606060606061,26.26262626262626,65.2507518969273,14.18149964697391,2.807365884019034
7.070707070707071,26.26262626262626,31.14392226906095,12.88629891896257,4.136726321371826
8.080808080808081,26.26262626262626,32.278364298702556,12.96797294725422,1.355357900797849
9.090909090909092,26.26262626262626,6.079455510864572,14.76566762279398,1.622399586317952
10.1010101010101,26.26262626262626,5.715166862772759,20.92673993681145,1.430379058719951
11.11111111111111,26.26262626262626,6.124448875296216,19.06443730400887,1.649248399563201
12.12121212121212,26.26262626262626,8.374843545248737,13.03042895507917,2.218776143866839
13.13131313131313,26.26262626262626,13.61724684056528,17.53416906999282,2.011894426075282
14.14141414141414,26.26262626262626,8.116066773490424,18.47540268753627,1.32554835323957
15.15151515151515,26.26262626262626,6.75908701941936,20.47382529944739,1.161711065561108
16.16161616161616,26.26262626262626,16.257867426175622,18.48387140886543,1.918042274345616
17.17171717171717,26.26262626262626,10.15435466022312,17.37068808086542,1.451380118440679
18.18181818181818,26.26262626262626,24.68022193128479,21.57027883616497,2.16514080013867
19.19191919191919,26.26262626262626,13.407663651228024,7.482641968556068,2.297481986216561
20.2020202020202,26.26262626262626,17.241369031333633,9.310382518529508,1.107658254698386
21.21212121212121,26.26262626262626,13.820806452291071,16.11276531662074,2.074067616931465
22.22222222222222,26.26262626262626,7.151163043505477,25.85408992196477,1.182918598798474
23.23232323232324,26.26262626262626,27.080175036300027,9.514035913705609,1.94267248325188
24.24242424242424,26.26262626262626,20.673123239465287,9.817836483194672,5.354694645636789
25.25252525252525,26.26262626262626,39.61276733898819,9.444274971123106,4.528739140199623
26.26262626262626,26.26262626262626,55.59384120293443,20.23136001460182,5.138137855421483
27.27272727272727,26.26262626262626,40.93606341800775,13.65553730673122,4.48620381915905
28.28282828282828,26.26262626262626,33.69246866803076,11.95937314081496,3.303476318560371
29.29292929292929,26.26262626262626,30.002282867932067,15.7357321430773,4.709180556767162
30.3030303030303,26.26262626262626,41.77654282588793,21.66314561078639,5.518516679500779
31.31313131313131,26.26262626262626,14.286121361690693,18.61501594117344,4.308564448223774
32.32323232323233,26.26262626262626,38.03851214165739,23.04571187380842,3.703071524669265
33.33333333333334,26.26262626262626,22.437020488800396,22.64266409454187,4.613322917668187
34.34343434343435,26.26262626262626,35.848835904916356,21.25353682414701,4.439999600820251
35.35353535353536,26.26262626262626,30.577680333386827,8.318478498395724,4.853172241327097
36.36363636363637,26.26262626262626,61.28925730111539,5.017135704355535,3.11382513955619
37.37373737373738,26.26262626262626,45.405261860586506,27.48451870730335,4.507643834949657
38.38383838383839,26.26262626262626,53.1448580223251,20.33346742036247,5.468014774762352
39.3939393939394,26.26262626262626,42.76032724094473,6.511186992582772,1.421373477877592
40.40404040404041,26.26262626262626,12.615407146792823,16.7025886385269,1.403792053622583
41.41414141414142,26.26262626262626,32.27988786215739,28.74205275579781,1.814207023306082
42.42424242424243,26.26262626262626,18.2212796851782,14.02981918287508,0.9149993714621657
43.43434343434344,26.26262626262626,10.39898604356015,8.659718967786189,1.099739371701705
44.44444444444445,26.26262626262626,16.057722194353076,19.1587163451452,1.586650004967642
45.45454545454546,26.26262626262626,8.53743550809995,10.56586113227459,1.394348212292179
46.46464646464647,26.26262626262626,15.549321311720316,11.33298767568198,0.6022784895356644
47.47474747474748,26.26262626262626,28.10166968910583,26.56566990226808,1.790216981216242
48.48484848484848,26.26262626262626,11.72518171700754,20.25117619471227,1.574418658828941
49.49494949494949,26.26262626262626,10.91423969995596,12.51047180114926,2.345068380919738
50.50505050505051,26.26262626262626,14.766095870882694,7.900659236270126,1.940837736234579
51.51515151515152,26.26262626262626,11.579894758733147,8.532805627190058,0.7486892921209116
52.52525252525253,26.26262626262626,12.913471371942487,8.686082426446038,1.415704182820196
53.53535353535354,26.26262626262626,8.238178489294809,11.1992263025833,1.031273192283105
54.54545454545455,26.26262626262626,14.8599665510786,14.69885664898556,1.545751694027328
55.55555555555556,26.26262626262626,24.32198954913956,16.17291995966321,4.047358762761039
56.56565656565657,26.26262626262626,19.578110881790472,15.93617750838169,5.212813707908153
57.57575757575758,26.26262626262626,15.63703675671525,23.3569911244864,4.397344063500791
58.58585858585859,26.26262626262626,11.421801222499486,20.9894451019452,4.388036603288061
59.5959595959596,26.26262626262626,30.605585498446462,15.91457372070945,5.133976941484873
60.60606060606061,26.26262626262626,46.2454968295974,22.11264099382449,5.05973498560578
61.61616161616162,26.26262626262626,23.567943340414992,15.1000462414652,5.377774364159275
62.62626262626263,26.26262626262626,24.572434450104474,16.7094687504268,3.949817007924461
63.63636363636364,26.26262626262626,46.039854181548584,14.2255239619312,4.010769808034089
64.64646464646465,26.26262626262626,29.144037607917056,23.34375486822204,4.656370972529142
65.65656565656566,26.26262626262626,11.162138567474802,19.58023615230476,4.27903385788745
66.66666666666667,26.26262626262626,19.58157629772576,17.53082136791447,4.849576214215488
67.67676767676768,26.26262626262626,34.56855777787202,23.65851712965979,4.899231563392092
68.68686868686869,26.26262626262626,26.242919410931226,19.97198590010747,5.202246265318771
69.6969696969697,26.26262626262626,127.28523637449935,34.34952415683259,5.200887086014403
70.70707070707071,26.26262626262626,65.41217908108003,14.22991812540286,1.807742863251243
71.71717171717172,26.26262626262626,15.82860638108253,6.738972291479774,1.659400953408112
72.72727272727273,26.26262626262626,22.147316332115818,17.6043444184203,2.461529923416134
73.73737373737374,26.26262626262626,12.019796804449673,14.44862306264455,1.762514785415224
74.74747474747475,26.26262626262626,23.78468647323505,22.83322299969307,1.901010008445854
75.75757575757576,26.26262626262626,14.362111093237374,18.76480310111744,0.9251319616253397
76.76767676767678,26.26262626262626,6.743890241386411,15.83708020212642,1.688982445164754
77.77777777777779,26.26262626262626,3.898807973929224,15.14077951200879,1.76154750462631
78.7878787878788,26.26262626262626,3.9223783789771636,10.95450770404106,1.962901145766149
79.7979797979798,26.26262626262626,5.564170955851255,16.17534621750074,1.246572474792977
80.80808080808082,26.26262626262626,16.2473034199514,19.74265627894628,1.821003789181046
81.81818181818183,26.26262626262626,11.559792237569425,11.62555042738989,0.8327727383778294
82.82828282828284,26.26262626262626,11.104271459817898,12.3418548955655,1.254044399351444
83.83838383838385,26.26262626262626,18.592125837699456,17.85534966487821,2.089471967040354
84.84848484848486,26.26262626262626,20.78064097939464,21.69546112564662,2.451745466138578
85.85858585858587,26.26262626262626,10.080160085578125,19.72019414481278,1.725505601480237
86.86868686868688,26.26262626262626,33.246810624755035,13.65905845927212,1.312613046903788
87.87878787878789,26.26262626262626,39.08531293050677,15.56176813679875,3.963653259779149
88.8888888888889,26.26262626262626,27.3088480156904,15.78188436708417,4.789423924635393
89.89898989898991,26.26262626262626,42.33168254322694,17.11745572033162,4.637515218333153
90.90909090909092,26.26262626262626,144.6225301035866,32.67348968057859,6.202449675423816
91.91919191919193,26.26262626262626,90.33991214126632,4.754760476850983,3.416671597185
92.92929292929294,26.26262626262626,58.5779031648466,21.64855028157488,5.353324634049428
93.93939393939395,26.26262626262626,42.48190109261447,11.57963406555087,4.195447364031194
94.94949494949496,26.26262626262626,28.157569447488054,19.53205015685549,4.497268456850325
95.95959595959597,26.26262626262626,19.46340456781176,20.88453988363908,5.151369387210756
96.96969696969697,26.26262626262626,25.649676247502658,19.46496464340644,4.913408848082925
97.97979797979798,26.26262626262626,11.612755131324292,18.1613228794065,4.638782604248401
98.98989898989899,26.26262626262626,40.554197992675,24.38932348660088,4.616120075408229
100.0,26.26262626262626,18.916679277261036,14.77176182474477,4.464879186674009
0.0,27.27272727272727,22.599882807130346,17.88997752948153,3.923944018277308
1.01010101010101,27.27272727272727,25.840782733211668,8.346946593823429,4.297313632027575
2.02020202020202,27.27272727272727,31.938860228749924,12.65591241070228,4.055148507527375
3.03030303030303,27.27272727272727,26.12294776363406,15.86125954612267,4.904169022970431
4.040404040404041,27.27272727272727,45.82928097956547,9.210861361217972,4.740862995421543
5.050505050505051,27.27272727272727,68.52106634564717,27.93394007223208,5.391204614674916
6.060606060606061,27.27272727272727,72.91433555740592,22.4222551126015,4.718210423449217
7.070707070707071,27.27272727272727,40.723357979835,6.593328218288242,2.089113597644299
8.080808080808081,27.27272727272727,20.796670552715955,16.63258320944288,2.46019774176965
9.090909090909092,27.27272727272727,13.196674242664155,11.28479578018637,1.432360443310835
10.1010101010101,27.27272727272727,5.204240049170223,14.76521103347715,1.194212966971387
11.11111111111111,27.27272727272727,11.85681561469153,21.51988392155781,0.9506342707164983
12.12121212121212,27.27272727272727,22.983980056189985,21.89230479082846,2.195650626721249
13.13131313131313,27.27272727272727,13.221579168159177,11.88197255493443,1.575065229291094
14.14141414141414,27.27272727272727,3.5353356355613963,15.97488901218234,1.503067533285047
15.15151515151515,27.27272727272727,5.492032239065006,13.04032904446985,1.292330608707112
16.16161616161616,27.27272727272727,6.630318460028797,10.96062389775381,1.528543364862385
17.17171717171717,27.27272727272727,3.7461429377771913,20.86567747501837,0.8424917250377016
18.18181818181818,27.27272727272727,7.569236626227514,10.83555383652938,1.792062803541291
19.19191919191919,27.27272727272727,5.659590532762848,12.44983538480841,1.585366237987271
20.2020202020202,27.27272727272727,13.987218073091647,16.68171605660464,1.709968125668924
21.21212121212121,27.27272727272727,8.966001514049253,18.94956676783433,0.8204800350277559
22.22222222222222,27.27272727272727,8.11270118295976,14.91281389671532,1.308296425238469
23.23232323232324,27.27272727272727,7.703921036801473,19.00042272692885,1.247915564843806
24.24242424242424,27.27272727272727,24.730500309741878,24.65770665018299,1.339206542896033
25.25252525252525,27.27272727272727,53.82074817033587,15.77904701913263,5.698601218634058
26.26262626262626,27.27272727272727,70.78501560929632,7.673416100012108,5.150760895512406
27.27272727272727,27.27272727272727,83.56165094491769,26.96756320610235,5.217148050451888
28.28282828282828,27.27272727272727,48.11083639874417,16.42084330943084,5.268600873384869
29.29292929292929,27.27272727272727,18.97064995561415,14.85761262952085,3.753519555763433
30.3030303030303,27.27272727272727,36.24896623027492,8.461554708190135,4.921660490181932
31.31313131313131,27.27272727272727,39.742145040598665,21.62403210280099,3.99461672433669
32.32323232323233,27.27272727272727,48.96710903198885,5.977959633131301,4.091855544798719
33.33333333333334,27.27272727272727,35.34242211597986,12.32750086052981,5.252069819611732
34.34343434343435,27.27272727272727,25.174090842540494,19.38799840416244,5.274411312759261
35.35353535353536,27.27272727272727,24.391309308290197,15.91833745322852,4.575995167320685
36.36363636363637,27.27272727272727,41.25562572601977,25.35472277731068,3.916016771055343
37.37373737373738,27.27272727272727,43.922423091006394,24.29206180308168,3.718914846594731
38.38383838383839,27.27272727272727,39.493655488981034,11.41369176889886,2.11186493620948
39.3939393939394,27.27272727272727,5.9074960533563,8.823549416723068,2.215741301522194
40.40404040404041,27.27272727272727,5.884588198907948,12.8996661323108,1.461173189311977
41.41414141414142,27.27272727272727,14.80468279643447,11.86915283684826,2.248622480174491
42.42424242424243,27.27272727272727,21.25494941474041,21.99020560548931,1.943944815169593
43.43434343434344,27.27272727272727,12.73443707349291,23.62328274231481,1.128780281534225
44.44444444444445,27.27272727272727,10.079979898220184,11.00556312388457,1.747522298468497
45.45454545454546,27.27272727272727,9.025614115479115,17.61813283320716,1.347904008915764
46.46464646464647,27.27272727272727,13.165009326738002,3.901390278106108,1.894781658435286
47.47474747474748,27.27272727272727,12.951790815795704,16.38753008389693,1.343380032906692
48.48484848484848,27.27272727272727,10.5376901289066,9.186794322167911,1.667989210787468
49.49494949494949,27.27272727272727,8.21231997327533,18.30614521934241,1.322960379730086
50.50505050505051,27.27272727272727,22.96105053942108,27.27042581942962,1.523580668417549
51.51515151515152,27.27272727272727,19.710614123087574,16.9546061659005,0.896392909028881
52.52525252525253,27.27272727272727,20.17915055525846,16.59761155731868,2.168149477679725
53.53535353535354,27.27272727272727,8.721825840159912,10.78167928429613,1.419599492199104
54.54545454545455,27.27272727272727,6.061440503572118,17.51989045584529,1.082076061504977
55.55555555555556,27.27272727272727,32.529665786860676,19.62110545092791,1.728833875343419
56.56565656565657,27.27272727272727,49.37111571098946,21.27946864349977,5.02226364796585
57.57575757575758,27.27272727272727,15.129998589312642,25.37299090060361,3.845698259305447
58.58585858585859,27.27272727272727,23.49558500861481,21.28464887466735,4.027864031400507
59.5959595959596,27.27272727272727,40.62666737834853,5.951303963884033,4.791949968342044
60.60606060606061,27.27272727272727,48.259017749704675,8.323107044709596,5.326676398543545
61.61616161616162,27.27272727272727,37.95300447104063,17.60567692172292,5.111041079476961
62.62626262626263,27.27272727272727,63.42957582713656,2.684928030039585,3.702428770942574
63.63636363636364,27.27272727272727,36.740616661007046,23.50522179856978,3.586832212007965
64.64646464646465,27.27272727272727,40.15224703457767,24.15352188788849,4.978675035189808
65.65656565656566,27.27272727272727,31.25435888751214,15.40230313493316,5.053869752118605
66.66666666666667,27.27272727272727,15.424142459159587,17.36823111802155,4.28993965731206
67.67676767676768,27.27272727272727,30.091416593547997,15.08140242167209,3.975938525339311
68.68686868686869,27.27272727272727,42.90676831260978,24.0813488436274,3.731668828804835
69.6969696969697,27.27272727272727,64.63874481685497,12.65449717514162,0.8963982524390494
70.70707070707071,27.27272727272727,7.761276677600039,11.90711167709736,1.480488177188021
71.71717171717172,27.27272727272727,6.82765919901958,14.77537875281316,1.257142788240383
72.72727272727273,27.27272727272727,12.569284406967505,21.37858449262387,1.287588962490273
73.73737373737374,27.27272727272727,10.477959453582937,10.90116533332426,1.43813091569423
74.74747474747475,27.27272727272727,10.80713520232898,8.8950241897319,1.850136056862991
75.75757575757576,27.27272727272727,8.915138780550157,6.727109790184286,1.159315320312935
76.76767676767678,27.27272727272727,6.701765919409215,14.08272010680195,1.711808924040977
77.77777777777779,27.27272727272727,4.262492698929611,18.77555242348361,1.357873075245766
78.7878787878788,27.27272727272727,4.745985872602731,11.49072875352145,1.40802958167876
79.7979797979798,27.27272727272727,10.207906493877076,13.53792301732433,1.13819027089783
80.80808080808082,27.27272727272727,12.410308244116708,17.63978795025151,1.841219535224911
81.81818181818183,27.27272727272727,17.534025201289978,15.93712749854769,0.9502690950948367
82.82828282828284,27.27272727272727,11.263439844143065,8.945390374593437,0.5035791211805959
83.83838383838385,27.27272727272727,15.153729998652674,12.64590861921255,0.953967382911194
84.84848484848486,27.27272727272727,12.916861970287096,11.76217831786454,2.143991224277568
85.85858585858587,27.27272727272727,9.107047452763885,20.92372675775496,1.579982354948101
86.86868686868688,27.27272727272727,22.849568857621662,13.29938167530278,1.558365258410076
87.87878787878789,27.27272727272727,59.139776966452565,19.94227234363695,4.775707459628112
88.8888888888889,27.27272727272727,56.94186323157364,7.679606749355865,4.535350579305393
89.89898989898991,27.27272727272727,29.351954287833916,17.51173665726391,4.479581077212415
90.90909090909092,27.27272727272727,63.97958089168027,10.5974570708839,4.133296329973702
91.91919191919193,27.27272727272727,46.92614199362517,9.15328932968287,4.005650528535615
92.92929292929294,27.27272727272727,84.10460648887423,42.70775704177726,3.886344946909191
93.93939393939395,27.27272727272727,51.839169722053896,15.71433859989708,4.440364396974824
94.94949494949496,27.27272727272727,56.28929832489078,24.39039691199196,5.546131868960543
95.95959595959597,27.27272727272727,42.529256293288526,22.7849226569402,4.873036564370415
96.96969696969697,27.27272727272727,45.14561112164654,10.0604096445876,5.161499184186174
97.97979797979798,27.27272727272727,12.372354388710264,18.86459463074695,4.202935264298434
98.98989898989899,27.27272727272727,18.576370661474403,16.12204906555386,4.080067696264533
100.0,27.27272727272727,22.117935983890884,15.77693409841217,4.450838021444063
0.0,28.28282828282828,11.424177954039394,23.63589161269174,3.303812017854317
1.01010101010101,28.28282828282828,51.329961028497976,21.21274997646285,3.971755218946099
2.02020202020202,28.28282828282828,47.10300224353776,3.066042344259925,3.945559218689687
3.03030303030303,28.28282828282828,33.93505072712206,12.39094126200242,4.372130282294513
4.040404040404041,28.28282828282828,33.80652152162452,17.04989261331173,4.622790793010092
5.050505050505051,28.28282828282828,43.70696639036308,9.5146072291258,4.323665241041726
6.060606060606061,28.28282828282828,28.634993514342383,9.121838693655146,1.856995131579809
7.070707070707071,28.28282828282828,6.978755700494837,16.00336130677895,1.122940659075173
8.080808080808081,28.28282828282828,7.081561450771753,26.21548027397689,1.257911002920211
9.090909090909092,28.28282828282828,13.632903943926843,19.57655424112234,1.784492496230524
10.1010101010101,28.28282828282828,6.973285395583769,18.75996438635767,1.165021321729263
11.11111111111111,28.28282828282828,7.438236809748052,24.86251634745607,1.064465938762644
12.12121212121212,28.28282828282828,10.039752107845388,23.06800042129312,1.398104050174505
13.13131313131313,28.28282828282828,6.24586162632,11.29757295714474,1.804790930094105
14.14141414141414,28.28282828282828,9.382703213067192,13.34479380974806,1.708836662177259
15.15151515151515,28.28282828282828,6.11238664750643,5.566428308561427,1.630145585975883
16.16161616161616,28.28282828282828,7.311208184415468,9.705309293984365,1.015482529364384
17.17171717171717,28.28282828282828,4.208120476255488,11.15146845501297,1.156000546264249
18.18181818181818,28.28282828282828,5.719758046884587,12.43539228410348,1.628565722619867
19.19191919191919,28.28282828282828,10.245295991292776,18.52241472938567,0.4725469109697633
20.2020202020202,28.28282828282828,6.319605898988524,10.16864066010305,1.234572755220473
21.21212121212121,28.28282828282828,10.139764021246984,7.763987832640557,2.138130896618498
22.22222222222222,28.28282828282828,11.35933773836154,19.12739156381763,1.710902449373634
23.23232323232324,28.28282828282828,13.144280601475332,18.36724175580139,1.948412256440822
24.24242424242424,28.28282828282828,13.252442520504664,19.05494525499241,1.042096330174276
25.25252525252525,28.28282828282828,40.15412751253987,11.28797712619596,2.575717678008908
26.26262626262626,28.28282828282828,53.95744753067966,22.97252272448928,4.643460664390446
27.27272727272727,28.28282828282828,54.41055296817996,10.44409535770142,3.947508082803936
28.28282828282828,28.28282828282828,51.46775801681865,5.27989641991649,4.925156751992283
29.29292929292929,28.28282828282828,30.182158407078163,14.1056023027749,4.852462426157674
30.3030303030303,28.28282828282828,17.667642708566326,6.604684567994095,5.058655863910285
31.31313131313131,28.28282828282828,32.53554312746921,8.672093658814006,4.640224138607334
32.32323232323233,28.28282828282828,22.705771175304974,13.95650681253343,4.101863816688644
33.33333333333334,28.28282828282828,33.69533126689397,8.350484371018963,4.896430164657086
34.34343434343435,28.28282828282828,20.3270744334391,24.04698798635807,3.176777217922501
35.35353535353536,28.28282828282828,16.07875682795202,18.29470905481747,4.486046687332618
36.36363636363637,28.28282828282828,41.99462153576455,16.23944407889857,3.284025455922514
37.37373737373738,28.28282828282828,24.801855822843404,18.14377190994607,1.288931168312163
38.38383838383839,28.28282828282828,6.890468196637326,17.33998114942296,1.38399716465593
39.3939393939394,28.28282828282828,6.021199750985587,8.675696982282892,1.322328590127877
40.40404040404041,28.28282828282828,17.948910032769035,9.238651724395247,0.9147722863873825
41.41414141414142,28.28282828282828,16.034626973895868,17.39272197922616,2.101688577959641
42.42424242424243,28.28282828282828,14.732275269015712,10.78975780237959,1.833143247537795
43.43434343434344,28.28282828282828,10.876547887495317,9.825860934130558,1.667547364399012
44.44444444444445,28.28282828282828,12.662664719225308,22.35215258943725,1.630203726800899
45.45454545454546,28.28282828282828,4.068609164114082,15.2846229342929,1.960440380401214
46.46464646464647,28.28282828282828,8.685861926016702,14.53984944949174,1.960679511096019
47.47474747474748,28.28282828282828,7.2560182098144255,12.83798712252532,1.329239140423975
48.48484848484848,28.28282828282828,14.327570907330452,4.670754504171123,1.138811096954861
49.49494949494949,28.28282828282828,9.394018453812228,15.13522664901847,1.699529086216814
50.50505050505051,28.28282828282828,11.980869797961926,9.775117826674034,2.005129904487968
51.51515151515152,28.28282828282828,18.729581069901812,20.14418524935794,1.890970385940158
52.52525252525253,28.28282828282828,14.042215986461738,13.10350793663574,1.558913139115097
53.53535353535354,28.28282828282828,14.9396119481448,8.652355309721152,0.9832226446858302
54.54545454545455,28.28282828282828,4.213563313734538,19.24355120861925,1.082166280527107
55.55555555555556,28.28282828282828,10.830870605542223,14.83518465653621,1.567368014816506
56.56565656565657,28.28282828282828,40.59113028806557,13.62976023675741,1.132017061981831
57.57575757575758,28.28282828282828,42.893885444610206,13.65338950240877,4.638274040822902
58.58585858585859,28.28282828282828,27.456452382060956,26.54551818468306,3.928524320637255
59.5959595959596,28.28282828282828,30.730971811375493,17.60222845215691,3.681854775280634
60.60606060606061,28.28282828282828,31.55651449915316,22.00279148241939,4.924646784132711
61.61616161616162,28.28282828282828,19.84320547058537,21.87641782698095,4.905978528753912
62.62626262626263,28.28282828282828,68.08732668377633,15.19532886837771,3.500375304433572
63.63636363636364,28.28282828282828,18.303510691800625,23.32528309989659,3.211647467212987
64.64646464646465,28.28282828282828,55.025644030251186,13.59995286506127,3.64364898258073
65.65656565656566,28.28282828282828,106.64261446766857,32.16216854572327,4.70029055293997
66.66666666666667,28.28282828282828,52.00950459196811,11.3626949631886,3.625811450581056
67.67676767676768,28.28282828282828,27.904171107228407,17.77014538585732,4.498316930209999
68.68686868686869,28.28282828282828,36.6566682866596,17.48421095310977,2.327423040790546
69.6969696969697,28.28282828282828,19.57581526597354,15.16475815665622,0.3229880668816834
70.70707070707071,28.28282828282828,16.925926724865796,22.5499756353004,1.478780232375277
71.71717171717172,28.28282828282828,7.853228281721836,16.08717458559954,1.777490654149999
72.72727272727273,28.28282828282828,12.640646784552487,9.15462902555171,1.51377822396572
73.73737373737374,28.28282828282828,13.620107061600478,22.95104118803616,1.532449132686618
74.74747474747475,28.28282828282828,12.065511778903431,15.65153952506767,1.488575590193143
75.75757575757576,28.28282828282828,13.118927920792515,9.575990597242077,0.9327568526840223
76.76767676767678,28.28282828282828,7.211190280417702,18.48267176611882,1.654327353759178
77.77777777777779,28.28282828282828,6.6548046742174725,19.18994137499044,1.597971550960888
78.7878787878788,28.28282828282828,10.189180182443614,11.13746575693813,1.773636422838587
79.7979797979798,28.28282828282828,16.14395260901341,14.4470592474069,2.328834188955133
80.80808080808082,28.28282828282828,13.305471024089679,20.21668153173649,2.188443885189142
81.81818181818183,28.28282828282828,21.87418865791624,23.85446395642698,2.173326217543701
82.82828282828284,28.28282828282828,15.481741171697895,10.33727115769432,1.972186689653173
83.83838383838385,28.28282828282828,8.575059403260354,18.03462827383978,1.481646332487971
84.84848484848486,28.28282828282828,4.46072121315369,12.62179786317843,2.211759306395954
85.85858585858587,28.28282828282828,9.683771530511027,10.22896385668509,1.737620016858324
86.86868686868688,28.28282828282828,9.484332859339808,14.817189725341,1.517180048380305
87.87878787878789,28.28282828282828,42.264536878672416,14.65746701200721,1.852862503576211
88.8888888888889,28.28282828282828,72.6084587425951,23.31922919580346,5.052330422208843
89.89898989898991,28.28282828282828,30.562248254062986,26.20593878350136,4.451567106623393
90.90909090909092,28.28282828282828,45.79886424629097,25.52996149418295,3.881210045835124
91.91919191919193,28.28282828282828,26.454568819926433,14.56525276650227,4.634335869110862
92.92929292929294,28.28282828282828,29.10005053811088,20.9756129153694,5.013245246526843
93.93939393939395,28.28282828282828,26.79216996290029,17.7047757963928,5.323070514274837
94.94949494949496,28.28282828282828,45.81316587231765,14.44433686387794,3.273408371332331
95.95959595959597,28.28282828282828,59.54360369697787,7.223645930788544,3.835747149581239
96.96969696969697,28.28282828282828,38.52555251974593,24.62439659166524,4.15571070128379
97.97979797979798,28.28282828282828,10.953553587406986,17.15924559469605,4.834060810950048
98.98989898989899,28.28282828282828,31.10514081269388,17.93650441722285,4.199837009154452
100.0,28.28282828282828,48.895311555357985,12.88186247986108,0.9761587656528672
0.0,29.29292929292929,39.87952367471902,17.74139009145324,5.541194686818814
1.01010101010101,29.29292929292929,68.81061744937819,1.39180859369642,4.046760336107385
2.02020202020202,29.29292929292929,37.553787675771346,9.081691061470995,5.181056141660418
3.03030303030303,29.29292929292929,48.01262011419888,2.209851805048253,3.967202579473312
4.040404040404041,29.29292929292929,24.637698745280417,8.1035206344448,5.06767913413269
5.050505050505051,29.29292929292929,14.386916430226957,9.437892964318662,4.728529521866713
6.060606060606061,29.29292929292929,9.486196624523995,7.649880464284335,2.154716713645616
7.070707070707071,29.29292929292929,11.720194837397914,13.85709112781453,0.7425762516357209
8.080808080808081,29.29292929292929,12.779032373632248,15.41273383716073,1.917673218322775
9.090909090909092,29.29292929292929,15.406236807690075,17.42742889913244,0.8153151111974426
10.1010101010101,29.29292929292929,12.669618474350202,15.89002971145887,1.751912968378851
11.11111111111111,29.29292929292929,18.23047202071998,8.524160644599515,1.53866451738977
12.12121212121212,29.29292929292929,8.709551421738675,18.89460572209875,1.352593184891362
13.13131313131313,29.29292929292929,8.59094697007577,19.18838653202699,1.533339187397119
14.14141414141414,29.29292929292929,25.142513480322968,16.70398645684052,2.573237333690907
15.15151515151515,29.29292929292929,12.943295883713601,10.59718223216008,1.060077969608816
16.16161616161616,29.29292929292929,13.486751317256955,18.16920609133642,1.562268193379122
17.17171717171717,29.29292929292929,10.510085575193699,9.384987492817407,1.559857907791642
18.18181818181818,29.29292929292929,3.0152751160811238,14.92429552149528,1.570401188268226
19.19191919191919,29.29292929292929,9.148390410874057,13.5841351974993,1.72618234839039
20.2020202020202,29.29292929292929,8.763415833595682,20.80382642952983,0.6735954049839308
21.21212121212121,29.29292929292929,17.293100826398444,14.41602553387088,2.492755222021203
22.22222222222222,29.29292929292929,11.213106836204581,10.87259420723735,1.810883989722817
23.23232323232324,29.29292929292929,12.091247818214157,10.79084959939967,1.323121077773456
24.24242424242424,29.29292929292929,15.999322025099701,16.81658097151612,2.05480299250427
25.25252525252525,29.29292929292929,36.15291719502868,18.46363790009003,0.8728996809971843
26.26262626262626,29.29292929292929,61.35050409914941,25.7560374304361,4.36062821457066
27.27272727272727,29.29292929292929,34.746451208186315,15.0832342511259,5.220170575437448
28.28282828282828,29.29292929292929,49.033388171019766,25.4793949881546,4.462365637535594
29.29292929292929,29.29292929292929,27.909354292713093,19.57234021494601,5.059093883214825
30.3030303030303,29.29292929292929,46.13836290505499,12.40466215943412,4.35171973439132
31.31313131313131,29.29292929292929,32.27727864900566,23.96920798147308,4.188978833814192
32.32323232323233,29.29292929292929,32.21090232693443,21.82165919336559,3.75391589315007
33.33333333333334,29.29292929292929,34.93459883006019,23.71562471993056,4.214397528451179
34.34343434343435,29.29292929292929,21.78128785389047,24.60193453399034,3.684609082101086
35.35353535353536,29.29292929292929,26.349047768140046,13.80877628971242,4.446718565543333
36.36363636363637,29.29292929292929,73.9428420522108,26.1973619220156,4.453334520231678
37.37373737373738,29.29292929292929,27.181122197660514,10.08585242346662,2.150514535807369
38.38383838383839,29.29292929292929,13.726438982964819,18.91280727153437,0.5118794223110504
39.3939393939394,29.29292929292929,11.034133698845036,9.562110611717527,1.247749451220235
40.40404040404041,29.29292929292929,25.739192016527262,24.44010101846406,1.584520324205381
41.41414141414142,29.29292929292929,9.418534260264776,20.13704514309079,2.281864863040291
42.42424242424243,29.29292929292929,19.38910976903145,16.34364969151183,2.17642339822828
43.43434343434344,29.29292929292929,22.685617427835616,11.98244139433379,0.5513785614489018
44.44444444444445,29.29292929292929,17.152598720704063,23.00915754450774,1.884279394229714
45.45454545454546,29.29292929292929,4.6732122874472175,14.72242117685848,1.890842048064936
46.46464646464647,29.29292929292929,5.41155611232147,18.38476628821293,1.511037778301471
47.47474747474748,29.29292929292929,4.136017171863683,18.03791593130652,0.9951273910885061
48.48484848484848,29.29292929292929,6.124731164891628,17.40419543262237,1.176482145094744
49.49494949494949,29.29292929292929,5.50864690626311,6.522573340725413,2.480181370176823
50.50505050505051,29.29292929292929,1.9912349018648285,19.50304278133395,1.074780712608744
51.51515151515152,29.29292929292929,9.66822321410378,10.48276855704234,2.120079835169843
52.52525252525253,29.29292929292929,14.350356919340959,14.68512082659275,0.640247028196151
53.53535353535354,29.29292929292929,21.027912461003638,20.48850380379048,1.817096820105936
54.54545454545455,29.29292929292929,10.63518488453047,15.67772516105928,1.312839662416064
55.55555555555556,29.29292929292929,19.70035329412408,22.79176926081452,2.003165857760312
56.56565656565657,29.29292929292929,16.92761587458373,12.40625578069244,2.468879282318033
57.57575757575758,29.29292929292929,43.300399579322075,6.930901532318588,2.14357652403819
58.58585858585859,29.29292929292929,43.792136313802345,24.83621136121356,4.635371428946065
59.5959595959596,29.29292929292929,39.87640331102568,16.78453817575124,3.646120696360245
60.60606060606061,29.29292929292929,33.525270096116714,21.89139370473329,5.754895734330203
61.61616161616162,29.29292929292929,39.18957547801218,19.26290709095148,5.21525304342991
62.62626262626263,29.29292929292929,141.58392383990167,38.86178346336528,5.311926741814102
63.63636363636364,29.29292929292929,57.278118941076144,15.47191344452775,3.760207719941162
64.64646464646465,29.29292929292929,33.47109566865663,15.7267213900773,4.576906540968518
65.65656565656566,29.29292929292929,76.19339191216552,1.747951087464493,5.447527825121774
66.66666666666667,29.29292929292929,46.384127987071835,15.38599335069136,4.368780656155974
67.67676767676768,29.29292929292929,47.30075997682595,23.8214940686936,3.929227373807093
68.68686868686869,29.29292929292929,29.73096393993476,14.27991945526146,1.279745005964751
69.6969696969697,29.29292929292929,6.152231416485446,15.64552344735057,0.7997381492129774
70.70707070707071,29.29292929292929,11.1977513255937,17.53037106660512,0.8306127362387203
71.71717171717172,29.29292929292929,9.61848050810529,20.21490897280945,1.508752469173556
72.72727272727273,29.29292929292929,13.400476528476922,18.05455036796201,0.8143079745118378
73.73737373737374,29.29292929292929,21.39138310282542,23.14178892693296,1.597616445024398
74.74747474747475,29.29292929292929,15.930445408633144,19.48270776811847,0.4166350840380162
75.75757575757576,29.29292929292929,9.614480595209354,17.19051361508825,1.411464846837979
76.76767676767678,29.29292929292929,6.711247001305668,25.73948023459258,1.212875211919879
77.77777777777779,29.29292929292929,8.750064748286523,10.27232055858279,1.96797609738023
78.7878787878788,29.29292929292929,15.941365360041793,15.47909305841072,2.075951773834807
79.7979797979798,29.29292929292929,12.874289244432555,10.28472741531063,1.146780656789333
80.80808080808082,29.29292929292929,12.993246210305296,12.17360522618216,1.723751174212882
81.81818181818183,29.29292929292929,19.456105327737447,25.24884210243533,1.58829903983366
82.82828282828284,29.29292929292929,9.776205745319032,15.9181893597596,1.799278816852034
83.83838383838385,29.29292929292929,12.186761478396203,14.76367925409774,0.9894017451733923
84.84848484848486,29.29292929292929,12.22911819118376,22.05866411129117,1.092977811093906
85.85858585858587,29.29292929292929,17.18569980654241,13.56759146226729,0.6760707524226361
86.86868686868688,29.29292929292929,24.37890218605498,22.91519399089969,2.150468686549175
87.87878787878789,29.29292929292929,13.286764603580746,13.99330091678476,1.537622743252062
88.8888888888889,29.29292929292929,51.953281542612714,20.86201404722819,0.1048074432334572
89.89898989898991,29.29292929292929,45.05292012826241,9.42896243688743,5.445992749414985
90.90909090909092,29.29292929292929,66.62336562185095,3.915475456588484,5.193142087725173
91.91919191919193,29.29292929292929,32.91013806892835,15.66710884433712,3.94200881953426
92.92929292929294,29.29292929292929,32.0590567816385,23.93300943943677,4.686713971564778
93.93939393939395,29.29292929292929,31.16104961061071,17.14771797563874,4.048069203475108
94.94949494949496,29.29292929292929,19.519342227302555,18.09712755770844,4.200061105763974
95.95959595959597,29.29292929292929,25.258391833368897,22.59672219789927,3.910340991390693
96.96969696969697,29.29292929292929,26.785631525119214,29.11139688941043,3.848052561124801
97.97979797979798,29.29292929292929,21.912360337157942,26.125114616489,3.678430216222327
98.98989898989899,29.29292929292929,46.8951617668736,27.84566060737264,4.303202672515208
100.0,29.29292929292929,36.825690341292436,23.78475901059194,1.633785331538466
0.0,30.3030303030303,31.77377329304255,16.99512272809961,5.387784566211645
1.01010101010101,30.3030303030303,41.98681708411411,17.62317564486947,3.867556916599145
2.02020202020202,30.3030303030303,22.09271840620212,20.89156718176553,3.954042543239387
3.03030303030303,30.3030303030303,34.07884357514733,15.47342871566928,5.481952186540416
4.040404040404041,30.3030303030303,30.626171002795402,13.90986084068986,4.745149378708047
5.050505050505051,30.3030303030303,21.160786351023084,12.81937144590768,1.737558827464109
6.060606060606061,30.3030303030303,7.186577190248297,8.535121544504506,1.561996767743011
7.070707070707071,30.3030303030303,15.154501061016223,17.52122172672827,1.371469957389201
8.080808080808081,30.3030303030303,15.439540300772753,21.80761883043325,1.955196560506713
9.090909090909092,30.3030303030303,13.16718579877487,13.6873142874661,1.909182549595833
10.1010101010101,30.3030303030303,16.501173349208464,12.00529468157446,0.9573188101590632
11.11111111111111,30.3030303030303,26.243701073541818,23.17339500874437,1.964546684206478
12.12121212121212,30.3030303030303,17.619940822990912,7.271136977169654,1.886876930343212
13.13131313131313,30.3030303030303,8.637782784609033,16.84517378370622,1.277379020074485
14.14141414141414,30.3030303030303,19.378621022111766,6.062564801680431,1.303576172470483
15.15151515151515,30.3030303030303,4.958041600880515,6.82386725068752,1.750687129989922
16.16161616161616,30.3030303030303,11.45333340874118,19.85516189120593,1.201955821562147
17.17171717171717,30.3030303030303,8.892892978265333,14.26264582116476,2.27080136788391
18.18181818181818,30.3030303030303,5.675862825722784,14.02083962899777,1.676326615708681
19.19191919191919,30.3030303030303,13.872112983011714,16.4327152475148,2.184628376061626
20.2020202020202,30.3030303030303,10.923920221202579,20.30403840025833,0.5800189619074309
21.21212121212121,30.3030303030303,8.151499992204684,14.87321027019781,1.631611269076843
22.22222222222222,30.3030303030303,12.9443945489846,17.40812992123241,1.714561964908679
23.23232323232324,30.3030303030303,9.230877089242977,10.22867670641481,1.281742950135402
24.24242424242424,30.3030303030303,8.28492938989574,20.44641126168982,1.172340832905779
25.25252525252525,30.3030303030303,17.85097470660584,13.15692321454046,2.518626590757535
26.26262626262626,30.3030303030303,52.796899863338425,7.756055709434367,0.2993831997871071
27.27272727272727,30.3030303030303,38.31394340266104,10.3634176788934,4.419094734882755
28.28282828282828,30.3030303030303,23.295495108792508,13.03446704354617,4.21193087448042
29.29292929292929,30.3030303030303,32.124035800018774,18.34087757473866,4.234751265638542
30.3030303030303,30.3030303030303,58.63969366686889,25.46158811902156,4.968374008096315
31.31313131313131,30.3030303030303,41.89393484741183,19.0786939168043,5.051612060476202
32.32323232323233,30.3030303030303,51.80351318668744,3.453759483743621,4.129492965774078
33.33333333333334,30.3030303030303,37.23106977925718,8.807562792763726,5.2905824632458
34.34343434343435,30.3030303030303,20.378178216584963,13.97150275517076,4.031296928436808
35.35353535353536,30.3030303030303,14.388070441133761,12.84151853184877,4.764340879506883
36.36363636363637,30.3030303030303,32.08616206393184,15.69804369241239,2.195613372535797
37.37373737373738,30.3030303030303,7.36650292457941,12.06530649061766,1.801315270484888
38.38383838383839,30.3030303030303,17.265772119684954,22.74521341159363,1.583220498529052
39.3939393939394,30.3030303030303,14.296327258346604,20.24810539570961,1.311920128142553
40.40404040404041,30.3030303030303,30.835057713963415,0.04219115995582653,1.482311481120742
41.41414141414142,30.3030303030303,17.647921473293664,19.61233522453916,1.798628366850229
42.42424242424243,30.3030303030303,13.413228429532543,11.65302238309428,1.128372236363054
43.43434343434344,30.3030303030303,11.945549869398436,14.41981041356281,1.515862049128107
44.44444444444445,30.3030303030303,7.3761958373816405,14.78483007081787,2.29486128355678
45.45454545454546,30.3030303030303,5.794073120056898,16.8203666584694,1.713886428496033
46.46464646464647,30.3030303030303,7.806872859028252,9.389977190942458,1.783764636408344
47.47474747474748,30.3030303030303,5.379809517798423,12.54148265156655,1.16788248526173
48.48484848484848,30.3030303030303,6.7928727777162194,10.61285702651077,2.166595707156421
49.49494949494949,30.3030303030303,6.461436083626661,15.6631468671888,1.250276845448014
50.50505050505051,30.3030303030303,2.5335550516411827,13.29241080423654,1.535072110339862
51.51515151515152,30.3030303030303,7.157049131426768,12.05013500748912,1.120666131392556
52.52525252525253,30.3030303030303,17.367865870868663,13.91972724530977,0.2640493134715841
53.53535353535354,30.3030303030303,11.764110129227785,15.54344687972312,1.693002508117337
54.54545454545455,30.3030303030303,7.331856310649323,13.18664566461099,1.604660225239973
55.55555555555556,30.3030303030303,12.916810988817288,19.46411188942274,1.508277483946102
56.56565656565657,30.3030303030303,15.241833758708463,10.59147694615854,0.8420248989414812
57.57575757575758,30.3030303030303,28.76323345375314,14.03221284741017,1.678031492277177
58.58585858585859,30.3030303030303,31.639274665902718,24.6431892771316,4.26047246252177
59.5959595959596,30.3030303030303,11.5727663526674,21.65721579162972,4.542727033677399
60.60606060606061,30.3030303030303,25.83625797866297,22.03259965325727,4.530301054680155
61.61616161616162,30.3030303030303,25.54319917991402,19.42193222008914,4.225053341966595
62.62626262626263,30.3030303030303,71.2082382251508,12.39301963132173,3.837659923765844
63.63636363636364,30.3030303030303,38.242636622469576,22.66916838141467,4.786220660704727
64.64646464646465,30.3030303030303,31.002384943396102,21.76786073784091,4.923680418170683
65.65656565656566,30.3030303030303,52.63201865969516,11.19807173470073,4.687620916702267
66.66666666666667,30.3030303030303,78.52781243119986,24.68109984646606,5.780027954545268
67.67676767676768,30.3030303030303,54.64750530950377,11.84807632271331,1.668523589553994
68.68686868686869,30.3030303030303,11.31714010424992,17.16332125904643,1.963038879909569
69.6969696969697,30.3030303030303,5.945548792342613,16.44092620573664,1.319633709155644
70.70707070707071,30.3030303030303,3.2638180417872116,18.17366097181984,1.242428491628279
71.71717171717172,30.3030303030303,5.146467621124691,17.24481627042221,1.488304460606327
72.72727272727273,30.3030303030303,11.623151222772776,18.56094885912526,1.583589109709732
73.73737373737374,30.3030303030303,17.438496924438176,3.340501987344227,1.29646105314003
74.74747474747475,30.3030303030303,7.305712690028198,9.935622651167687,1.173201971040838
75.75757575757576,30.3030303030303,6.600470127464119,14.52052461856012,1.672694059870706
76.76767676767678,30.3030303030303,4.649588751334195,17.42180121683135,1.318706683760675
77.77777777777779,30.3030303030303,4.8241157135091495,12.21182689520233,1.521966134678969
78.7878787878788,30.3030303030303,10.858799640664598,9.243420928718098,1.407067655926065
79.7979797979798,30.3030303030303,5.37329485763147,14.46132943052809,0.8236822468951271
80.80808080808082,30.3030303030303,7.589767513425526,16.65460172920966,1.284333273779335
81.81818181818183,30.3030303030303,26.655032843593325,4.865797779075514,0.9451701315065693
82.82828282828284,30.3030303030303,15.109582952077929,17.12962080335109,1.984652801545995
83.83838383838385,30.3030303030303,13.374622474672805,19.36401958874507,1.430697469085244
84.84848484848486,30.3030303030303,20.54578243221158,14.33254062120372,0.2399647946503793
85.85858585858587,30.3030303030303,16.07579456920957,12.44117633850581,1.147103458946302
86.86868686868688,30.3030303030303,26.07415447247535,21.86789677288619,2.123139966173415
87.87878787878789,30.3030303030303,8.510011731857675,18.12327210984129,1.164421372275824
88.8888888888889,30.3030303030303,24.28118848349876,12.85949966707566,2.012222431299713
89.89898989898991,30.3030303030303,49.756442854505096,25.58334640349879,3.364466040084272
90.90909090909092,30.3030303030303,60.28693461076841,29.13577784453172,4.65513086458873
91.91919191919193,30.3030303030303,32.25955735372335,23.61734411930055,4.057462668148164
92.92929292929294,30.3030303030303,38.45012504973292,19.14763369680419,4.392267528288909
93.93939393939395,30.3030303030303,78.60731207442183,3.669921304856444,5.162368126142896
94.94949494949496,30.3030303030303,37.30667458327136,22.70366555542329,4.687077592098307
95.95959595959597,30.3030303030303,31.21326365200394,20.57923434516098,4.505925793437031
96.96969696969697,30.3030303030303,77.66833177408203,25.6845295107761,6.614500134428515
97.97979797979798,30.3030303030303,80.31745167539891,16.38487233151265,3.738169406458843
98.98989898989899,30.3030303030303,97.33655985110885,31.08073806925402,5.090567697823628
100.0,30.3030303030303,45.56981443042104,23.74760173133449,1.772199303312495
0.0,31.31313131313131,61.849685049192736,6.162980634956017,4.28276564107242
1.01010101010101,31.31313131313131,53.36648760323774,33.36852431954203,4.067445332544564
2.02020202020202,31.31313131313131,34.02678122397706,28.31335425739228,4.194404600476298
3.03030303030303,31.31313131313131,41.98782834809474,10.87372534614477,4.194107082274341
4.040404040404041,31.31313131313131,55.645935283503654,20.36746371346833,4.9598979775674
5.050505050505051,31.31313131313131,26.97230878533214,12.72679378488373,0.9944959883175581
6.060606060606061,31.31313131313131,12.03582337634782,9.194076064699184,0.8024289971712548
7.070707070707071,31.31313131313131,22.667662986166796,14.62210794636991,2.845116594653871
8.080808080808081,31.31313131313131,13.812465622307421,17.81311312451671,1.632312454874662
9.090909090909092,31.31313131313131,9.061403702901519,11.19769948771626,1.476272941519078
10.1010101010101,31.31313131313131,11.476492114322019,11.35130558586308,0.9253794391748497
11.11111111111111,31.31313131313131,17.12049280457446,18.81675362768793,2.061864826117003
12.12121212121212,31.31313131313131,9.432633800784021,18.06073312300471,1.813831294069327
13.13131313131313,31.31313131313131,6.344236952322388,13.0077936424663,2.056581039057724
14.14141414141414,31.31313131313131,15.887348646490707,19.34980973721091,1.688858696018894
15.15151515151515,31.31313131313131,9.599182489914137,11.2028476729926,1.348228045670215
16.16161616161616,31.31313131313131,16.171063853721538,2.111557994015477,1.426917099518979
17.17171717171717,31.31313131313131,14.793677458345618,16.11842582824725,2.035191401752532
18.18181818181818,31.31313131313131,3.4713755453561186,18.75172708905608,1.325775712785443
19.19191919191919,31.31313131313131,6.796864665989114,18.31410278016345,1.604234955229736
20.2020202020202,31.31313131313131,6.291074286066509,11.90220073436216,1.396595046487999
21.21212121212121,31.31313131313131,6.920956800224039,14.92946026236277,1.433421754915432
22.22222222222222,31.31313131313131,14.962048301086869,8.057168285568109,1.308754227832113
23.23232323232324,31.31313131313131,4.862399864061963,10.40471176632319,2.044320406146889
24.24242424242424,31.31313131313131,2.9388783047587492,11.01384618961229,1.946811802005821
25.25252525252525,31.31313131313131,8.658780063639576,14.61841426086874,1.281705954181437
26.26262626262626,31.31313131313131,33.21221034460505,17.79969867064689,1.642102286261821
27.27272727272727,31.31313131313131,53.64862140486542,32.26565296511232,3.518736339119876
28.28282828282828,31.31313131313131,29.546360705977378,18.53761109782134,2.826066744580812
29.29292929292929,31.31313131313131,21.44215546541238,9.11970934263656,4.619070665652417
30.3030303030303,31.31313131313131,33.98000951199424,10.77260258131778,4.030889243139598
31.31313131313131,31.31313131313131,16.528088645918995,10.58757658394743,4.256987637584135
32.32323232323233,31.31313131313131,28.05805046880269,10.147505532808,3.879887898495217
33.33333333333334,31.31313131313131,36.077945553477775,20.46730074376846,4.891240131107669
34.34343434343435,31.31313131313131,25.35213796263577,16.91117534854274,5.258447000671531
35.35353535353536,31.31313131313131,41.015394975308304,7.516035946664573,4.713135085825466
36.36363636363637,31.31313131313131,6.259632628540147,15.67053934337003,1.772046143002636
37.37373737373738,31.31313131313131,5.72530741685039,16.45209903917753,1.174423931156942
38.38383838383839,31.31313131313131,10.322350704031845,15.62419182893708,1.088137515435383
39.3939393939394,31.31313131313131,7.144924511773728,10.66828343024122,1.87092089889289
40.40404040404041,31.31313131313131,10.921545263637327,11.98984444308878,1.920404925898686
41.41414141414142,31.31313131313131,8.890459373288163,16.79336245422967,1.947045896012566
42.42424242424243,31.31313131313131,16.169050883894972,19.27067071538474,0.7028428946634125
43.43434343434344,31.31313131313131,14.032098706060879,18.52773623365771,1.813976255151336
44.44444444444445,31.31313131313131,5.271426653981905,14.83278821780308,2.091483028126272
45.45454545454546,31.31313131313131,6.63346882058941,13.35100962684563,1.784281212823349
46.46464646464647,31.31313131313131,7.153580671930781,14.09773434212655,1.614813612342106
47.47474747474748,31.31313131313131,14.412364951215729,7.647791352143559,0.8996205180863305
48.48484848484848,31.31313131313131,12.343758323832773,17.42544079671858,2.059627847584382
49.49494949494949,31.31313131313131,13.048774630857455,18.56146615197696,2.035985144766671
50.50505050505051,31.31313131313131,14.126833621875956,12.37794619822749,1.498588205827021
51.51515151515152,31.31313131313131,8.36356060981667,23.59311969946798,0.707110046698021
52.52525252525253,31.31313131313131,17.94709558998627,21.57044151036032,1.620368477684707
53.53535353535354,31.31313131313131,15.933607828870645,13.10284002353855,1.371287708661354
54.54545454545455,31.31313131313131,12.599494196163327,21.05370111264379,1.736395885910272
55.55555555555556,31.31313131313131,10.496981358699665,23.19849211578471,1.555701243921056
56.56565656565657,31.31313131313131,8.579651198371577,10.32014562258543,1.270055684763332
57.57575757575758,31.31313131313131,35.52542823870085,11.17228463373334,1.186550551813258
58.58585858585859,31.31313131313131,58.163613470605384,24.48904500604755,5.445755389757113
59.5959595959596,31.31313131313131,37.618826738411386,15.73229922368904,6.185772335919479
60.60606060606061,31.31313131313131,87.0219165795645,35.13717489578793,4.491079986297182
61.61616161616162,31.31313131313131,41.71525599164882,12.18769014805328,4.146991937823389
62.62626262626263,31.31313131313131,28.271050712183637,25.82654762620449,3.023417787360263
63.63636363636364,31.31313131313131,15.696478583037491,11.83258933938245,5.756324927595793
64.64646464646465,31.31313131313131,14.617226411236878,17.79460921509954,4.179582222217313
65.65656565656566,31.31313131313131,22.119180854789082,18.57432652664516,4.048560284303254
66.66666666666667,31.31313131313131,41.49580167893448,22.64272332499988,5.168962963925826
67.67676767676768,31.31313131313131,26.01244965348757,14.87646125856031,1.863038495268662
68.68686868686869,31.31313131313131,6.9903769510059774,19.8234511328439,1.501305512775951
69.6969696969697,31.31313131313131,3.7988835565941086,12.06380380936693,1.655963932232909
70.70707070707071,31.31313131313131,6.9769046984492205,13.43768191097355,1.759729487269369
71.71717171717172,31.31313131313131,6.984971697420571,12.42178039852419,1.346575538796488
72.72727272727273,31.31313131313131,8.645885152030367,15.7850578915338,1.671246894623458
73.73737373737374,31.31313131313131,9.805955939379885,8.572789019315328,1.056388937305381
74.74747474747475,31.31313131313131,11.113825792655094,9.761114098413477,1.780787072251619
75.75757575757576,31.31313131313131,20.453683593496613,16.90768247528606,2.171772119841132
76.76767676767678,31.31313131313131,10.684605828870554,19.78909583951596,0.9259054070032997
77.77777777777779,31.31313131313131,7.229206641768949,13.8462720142161,1.898318072068419
78.7878787878788,31.31313131313131,10.465355062929017,12.82426474269813,2.389153613452089
79.7979797979798,31.31313131313131,9.65713033833684,16.95528660057617,1.339665278531068
80.80808080808082,31.31313131313131,4.251602667848614,12.12992295722407,2.067100109834775
81.81818181818183,31.31313131313131,12.261166697281155,15.39938135449511,1.917417125676882
82.82828282828284,31.31313131313131,11.797972597812477,22.57582942388433,0.6468310033420809
83.83838383838385,31.31313131313131,7.513477740990523,10.59810986924228,1.685154493220629
84.84848484848486,31.31313131313131,10.944868220279943,17.5067299125454,1.705364160052703
85.85858585858587,31.31313131313131,12.934637558243615,17.99339303531501,1.694317994264754
86.86868686868688,31.31313131313131,24.745838259757427,3.614495325325268,0.6818541593533806
87.87878787878789,31.31313131313131,6.815285517887065,13.77937433810407,1.275449735500593
88.8888888888889,31.31313131313131,34.572424438510474,16.10740470823372,1.081010515672313
89.89898989898991,31.31313131313131,72.44428060375373,28.37138983771013,4.956441974316261
90.90909090909092,31.31313131313131,40.8863460399706,21.34634449335545,4.644415055752893
91.91919191919193,31.31313131313131,28.661947158584425,13.85438934289123,3.781054595421976
92.92929292929294,31.31313131313131,56.639488905029104,8.753581328142223,4.026657834819692
93.93939393939395,31.31313131313131,67.79331732327603,25.75207142078189,5.059036393115301
94.94949494949496,31.31313131313131,22.60978656421613,18.35218160557698,4.835699793715545
95.95959595959597,31.31313131313131,30.360907551068593,15.61964718285348,4.039157962851335
96.96969696969697,31.31313131313131,38.00234929354849,20.69240064899794,4.972253030198504
97.97979797979798,31.31313131313131,75.07508844032941,26.80995707697992,5.29874718031397
98.98989898989899,31.31313131313131,66.24641184823557,10.36286302689092,1.965454202815651
100.0,31.31313131313131,9.837432624143073,15.89423469850763,1.556253023547723
0.0,32.32323232323233,45.487882603339415,3.214264039280565,4.774670465037893
1.01010101010101,32.32323232323233,35.69348757682987,19.30644054541471,6.01466352037895
2.02020202020202,32.32323232323233,24.97853799691372,25.42717459273496,4.283650784395835
3.03030303030303,32.32323232323233,24.021736859176578,10.74812211663096,4.227747969223084
4.040404040404041,32.32323232323233,40.327469039523535,11.94130608207196,4.792754278365549
5.050505050505051,32.32323232323233,34.91321634377326,12.41869997535536,1.391882003718584
6.060606060606061,32.32323232323233,7.553779750921446,10.25359562246509,0.9814593072439068
7.070707070707071,32.32323232323233,13.361252576217112,9.072532936527676,1.68109249814459
8.080808080808081,32.32323232323233,6.71625106378827,15.91119037494441,0.7830375825654137
9.090909090909092,32.32323232323233,9.710898925145985,6.182645979324138,1.368066103321375
10.1010101010101,32.32323232323233,8.550795801331182,15.99650825900552,1.319142257524305
11.11111111111111,32.32323232323233,17.60365439339144,10.31195870521297,1.103094242045139
12.12121212121212,32.32323232323233,7.369979320207658,14.32906368040127,1.822449205752567
13.13131313131313,32.32323232323233,6.437154545687799,16.64402861485815,1.114129181842526
14.14141414141414,32.32323232323233,6.771924645206334,14.68205578695136,1.18569178744077
15.15151515151515,32.32323232323233,10.07747297131789,11.39580842417546,0.8363493131824565
16.16161616161616,32.32323232323233,8.751795962324916,13.24321736231028,0.08025320752445983
17.17171717171717,32.32323232323233,11.649235482569718,10.10115208083086,1.166241087947734
18.18181818181818,32.32323232323233,9.145554625062267,15.49950494657175,1.599741202600853
19.19191919191919,32.32323232323233,10.07645507160878,18.85091217724574,1.738442217847659
20.2020202020202,32.32323232323233,9.414150943709883,20.1092895199732,0.9650165210185827
21.21212121212121,32.32323232323233,9.022643927020777,8.631468077008398,1.415343112751981
22.22222222222222,32.32323232323233,15.716771481448374,15.61106637055376,1.890294332234514
23.23232323232324,32.32323232323233,6.9316940785663785,8.694684337269539,2.401240497468307
24.24242424242424,32.32323232323233,6.2504066010271195,8.71935155869713,1.73078786878209
25.25252525252525,32.32323232323233,6.5067890021364985,17.80088399379509,1.447847554591993
26.26262626262626,32.32323232323233,33.913127754413395,12.29108086068433,1.471375447705117
27.27272727272727,32.32323232323233,68.25315666739499,26.01702134303785,4.417885104753962
28.28282828282828,32.32323232323233,82.07641219087002,1.982429866231958,4.098291282589243
29.29292929292929,32.32323232323233,43.2313410889346,15.9684284866712,5.059120307847069
30.3030303030303,32.32323232323233,31.53959925561184,22.81582737519466,4.090015185657623
31.31313131313131,32.32323232323233,16.227370344643074,11.0651875626084,4.747189849291408
32.32323232323233,32.32323232323233,28.629818224012734,13.3081043857244,4.512677242246997
33.33333333333334,32.32323232323233,50.03915017783698,22.46485268117656,5.296525146066571
34.34343434343435,32.32323232323233,17.354857799892645,18.31389089796038,4.630780051327346
35.35353535353536,32.32323232323233,60.20925420411959,28.84605971167728,3.902466898289965
36.36363636363637,32.32323232323233,38.612297914844035,20.37430595305336,1.253081115771758
37.37373737373738,32.32323232323233,9.1597884229017,4.963181076783369,1.93421125150941
38.38383838383839,32.32323232323233,11.913379534492273,0.0,1.684968332737915
39.3939393939394,32.32323232323233,8.807149378525313,11.41428283252632,0.3511640712728404
40.40404040404041,32.32323232323233,9.09648355679361,11.16272581070532,1.347334373344944
41.41414141414142,32.32323232323233,7.55192005889299,24.68311701689506,1.156205253124673
42.42424242424243,32.32323232323233,22.025682249323197,16.57122704022611,2.329781452378515
43.43434343434344,32.32323232323233,19.96289178233883,9.185881931765431,1.293493369029876
44.44444444444445,32.32323232323233,11.485310439943916,14.5861711621876,1.551493204493708
45.45454545454546,32.32323232323233,9.156066945589018,8.597887499783077,1.227235684889362
46.46464646464647,32.32323232323233,6.135688627056336,15.70905151280191,1.089081687530319
47.47474747474748,32.32323232323233,8.758468115011377,16.23938610285425,0.7308025953223376
48.48484848484848,32.32323232323233,11.15201592271681,18.11369506188451,1.673971086604086
49.49494949494949,32.32323232323233,12.73369887987392,23.34415796203247,1.068607475922798
50.50505050505051,32.32323232323233,31.662900072388066,22.86114357652557,2.278690748795682
51.51515151515152,32.32323232323233,9.684210656337843,15.70920607562578,1.707455919698981
52.52525252525253,32.32323232323233,7.707426828007201,12.65503827127751,2.346392087320226
53.53535353535354,32.32323232323233,12.693639041038923,23.42566852612874,1.612793553541986
54.54545454545455,32.32323232323233,13.009200599492234,16.78006756050856,1.228510600743419
55.55555555555556,32.32323232323233,9.175280449823648,12.60774413518873,1.926200203608524
56.56565656565657,32.32323232323233,8.66930378845262,12.46042805343572,1.613492546548824
57.57575757575758,32.32323232323233,23.322225697587676,14.75042011501181,1.682256469662396
58.58585858585859,32.32323232323233,47.60363056221059,16.02904648605608,5.316998138290068
59.5959595959596,32.32323232323233,45.58131183157894,8.871109643943221,5.009506547142716
60.60606060606061,32.32323232323233,39.25869900885943,11.39787022760468,3.110651483326634
61.61616161616162,32.32323232323233,34.918716891705046,12.66903781336632,4.032115918760605
62.62626262626263,32.32323232323233,47.43943159442383,30.89402698526711,3.985559813216671
63.63636363636364,32.32323232323233,28.715981335135336,12.43751930644746,4.980715532653162
64.64646464646465,32.32323232323233,33.097501716202,23.50079031830843,3.955268213021044
65.65656565656566,32.32323232323233,21.98769393856148,21.06663713701294,4.666320121598727
66.66666666666667,32.32323232323233,39.60076901133969,29.33540247137984,4.303348503874471
67.67676767676768,32.32323232323233,55.89200918991922,24.39322081342929,1.330245766077097
68.68686868686869,32.32323232323233,14.384762908246307,18.91605224999031,2.218321471176691
69.6969696969697,32.32323232323233,11.459978584438375,15.72775932506432,1.268696918081228
70.70707070707071,32.32323232323233,21.375075420911458,21.4849649227531,1.857010823804196
71.71717171717172,32.32323232323233,14.838174431694497,10.89381164486388,1.312610633461831
72.72727272727273,32.32323232323233,13.367335386551511,23.70401814891981,1.306685180932289
73.73737373737374,32.32323232323233,21.12876507300483,10.16611952494987,0.02051326441176558
74.74747474747475,32.32323232323233,16.245912099358424,16.06435301417649,1.770899910770646
75.75757575757576,32.32323232323233,18.745652614658397,8.679314417747456,0.5841598904451829
76.76767676767678,32.32323232323233,13.880221397327992,6.103918603984699,1.080358856568624
77.77777777777779,32.32323232323233,18.008672906638473,18.09419577398969,1.944629447546204
78.7878787878788,32.32323232323233,13.954694281342753,14.50046552112069,1.288922604587347
79.7979797979798,32.32323232323233,18.72456366086635,20.97354532044383,1.919369139663638
80.80808080808082,32.32323232323233,16.08175239482543,9.596836380590563,1.934355069939211
81.81818181818183,32.32323232323233,10.750539579473063,18.38107139409583,1.864206345103693
82.82828282828284,32.32323232323233,9.062116722622065,14.56882948849849,1.662455867437033
83.83838383838385,32.32323232323233,8.416513838007035,12.0435878715316,1.071337407560962
84.84848484848486,32.32323232323233,5.082627041781548,13.62265843881841,1.843913117375453
85.85858585858587,32.32323232323233,5.69546267983861,16.87721236576811,1.399303558566391
86.86868686868688,32.32323232323233,10.7838260411205,26.20889055074467,0.5475833908424383
87.87878787878789,32.32323232323233,6.004623209924796,16.99736401535121,1.531699221661195
88.8888888888889,32.32323232323233,15.244596358640297,15.0771097845732,1.582967363945834
89.89898989898991,32.32323232323233,34.79535231678506,14.71020985219795,4.764011550350326
90.90909090909092,32.32323232323233,16.75259379380461,12.54621779672288,4.808016287854205
91.91919191919193,32.32323232323233,17.728957966450437,16.09939114243533,3.707972189270792
92.92929292929294,32.32323232323233,39.7013155045629,21.84236064471369,4.614073811554848
93.93939393939395,32.32323232323233,26.45461630149937,24.05789601654622,4.448044595628811
94.94949494949496,32.32323232323233,10.233252481190291,25.04132150573875,3.766819636107371
95.95959595959597,32.32323232323233,22.546289404096363,17.56634654749849,5.09169756307632
96.96969696969697,32.32323232323233,11.964504555835912,24.45167737060879,3.96086891831876
97.97979797979798,32.32323232323233,46.578955084362555,18.8611096991822,4.423460360308582
98.98989898989899,32.32323232323233,41.33786314815334,16.71022399472204,1.283246810154113
100.0,32.32323232323233,9.221406996898414,18.72748663556222,1.737018894087939
0.0,33.33333333333334,38.35560491230172,13.0912948234561,3.054583806108568
1.01010101010101,33.33333333333334,31.58726841962312,29.20551464524365,3.455717139911956
2.02020202020202,33.33333333333334,17.264430694208535,19.40438165396443,4.613643720592286
3.03030303030303,33.33333333333334,37.82574938932058,16.51099248744419,4.002781940875074
4.040404040404041,33.33333333333334,53.85158132172077,26.94192343732028,4.565934233333505
5.050505050505051,33.33333333333334,51.7288553297074,20.72460310715368,5.073262500466079
6.060606060606061,33.33333333333334,28.898200056450655,16.08736500964032,1.565362250053477
7.070707070707071,33.33333333333334,12.82928165858402,18.96430437216411,1.812138983151524
8.080808080808081,33.33333333333334,7.164935263117624,9.671605264337016,1.645337959443306
9.090909090909092,33.33333333333334,7.332863420036625,15.91079466170257,1.419481485883402
10.1010101010101,33.33333333333334,4.882201283821818,16.48367924364636,1.205186118230855
11.11111111111111,33.33333333333334,8.14875728422371,14.17738878497264,2.109105134050884
12.12121212121212,33.33333333333334,6.195242307083044,13.99029204569272,1.904138563844711
13.13131313131313,33.33333333333334,16.353483616769665,14.8666025346902,0.6530450594785278
14.14141414141414,33.33333333333334,5.562875436570627,16.47060166403242,0.8866778271120201
15.15151515151515,33.33333333333334,13.587215379395245,18.64352610195941,1.497681774780073
16.16161616161616,33.33333333333334,8.745224320281968,22.58345181980485,0.6612874464124503
17.17171717171717,33.33333333333334,2.518021902526467,14.02522770942639,0.708689081044512
18.18181818181818,33.33333333333334,18.514697296642066,9.029318990754012,1.026567877187949
19.19191919191919,33.33333333333334,26.4586370286997,18.78589335141377,2.573446648697526
20.2020202020202,33.33333333333334,16.79265691890661,20.30242044367223,1.661103698359105
21.21212121212121,33.33333333333334,10.646929470028047,17.38935725719472,0.8419524110141768
22.22222222222222,33.33333333333334,9.379667382226398,11.04306630725963,1.044237603737343
23.23232323232324,33.33333333333334,7.643078896681279,6.377510736338877,1.248441747544861
24.24242424242424,33.33333333333334,16.03614571298352,11.79152473825564,1.094731879914942
25.25252525252525,33.33333333333334,8.787181347598413,14.28264370299807,1.761022598476466
26.26262626262626,33.33333333333334,22.9463391445148,17.72540428290823,2.146613161749672
27.27272727272727,33.33333333333334,44.68626863111737,12.25070707933414,3.836882396652844
28.28282828282828,33.33333333333334,61.9028142767168,25.28417338643166,4.4568991458556
29.29292929292929,33.33333333333334,30.481599940671682,27.93987112233307,4.647746594543977
30.3030303030303,33.33333333333334,23.98789380273369,26.44340018157452,4.396641511040371
31.31313131313131,33.33333333333334,35.610831847515215,16.07864586831614,3.835241874974827
32.32323232323233,33.33333333333334,32.029985174925905,18.51100694004084,4.723316567548136
33.33333333333334,33.33333333333334,65.80640285734174,7.883754494835829,3.908387129283378
34.34343434343435,33.33333333333334,21.44416289237295,18.83341465633886,4.324671792691567
35.35353535353536,33.33333333333334,33.156700781516236,14.69941390510494,4.332404331395318
36.36363636363637,33.33333333333334,37.55653862686921,18.70875349410364,3.99655896184011
37.37373737373738,33.33333333333334,23.107950505763522,10.89317654764475,1.008561473454378
38.38383838383839,33.33333333333334,11.555387504870271,10.74233958606174,1.586630362210476
39.3939393939394,33.33333333333334,8.26869882080181,13.09654014832796,0.6296113989673939
40.40404040404041,33.33333333333334,6.79509595286989,8.689652719438541,2.176147120043976
41.41414141414142,33.33333333333334,6.2656641029827735,20.22004598407591,1.288680572150653
42.42424242424243,33.33333333333334,20.955101170684213,12.60828536568331,0.9804457415502204
43.43434343434344,33.33333333333334,15.123844469429589,22.09579985156349,1.472339557240453
44.44444444444445,33.33333333333334,18.660940158691645,15.9716037634078,2.338664871580021
45.45454545454546,33.33333333333334,20.02348730117418,4.736496594598813,1.231544203722914
46.46464646464647,33.33333333333334,14.040864413658355,16.7420546246212,1.445280259604304
47.47474747474748,33.33333333333334,8.90140681877002,11.59813746843583,0.4756159920294327
48.48484848484848,33.33333333333334,14.659341722214007,9.029525119407335,1.67361357471222
49.49494949494949,33.33333333333334,12.158801501306325,20.89124376758596,1.460497766334417
50.50505050505051,33.33333333333334,18.95084662782372,6.395921335512669,1.783064831649314
51.51515151515152,33.33333333333334,8.719906190934946,17.44191084105299,1.511725617775995
52.52525252525253,33.33333333333334,14.102489322164562,14.46112447045088,1.042819766240762
53.53535353535354,33.33333333333334,22.23637170938147,25.89773813673158,1.679256990645853
54.54545454545455,33.33333333333334,15.032139650913582,4.176881559303198,1.282675189417988
55.55555555555556,33.33333333333334,7.299004132546412,8.88181039363959,0.8151019771483026
56.56565656565657,33.33333333333334,18.773550823076484,0.9990709796658391,1.315876695808797
57.57575757575758,33.33333333333334,16.37004302656558,22.23120739253497,1.863316734093928
58.58585858585859,33.33333333333334,42.0101243522565,14.13609454269762,3.122911748282636
59.5959595959596,33.33333333333334,78.38808322166851,21.89033687867362,5.669943865403859
60.60606060606061,33.33333333333334,44.06000047272253,8.11585242411955,5.609667049548755
61.61616161616162,33.33333333333334,46.652626328766914,20.99454743874934,4.884217207348679
62.62626262626263,33.33333333333334,29.414919795719776,24.53934591153621,4.549714796364712
63.63636363636364,33.33333333333334,30.890101001083448,10.33005004222597,4.398307229802803
64.64646464646465,33.33333333333334,47.16152994422986,3.380706712602134,4.583581821521757
65.65656565656566,33.33333333333334,36.01975405623409,14.88956300708312,4.482725280329666
66.66666666666667,33.33333333333334,29.328917182872917,20.34048076157717,4.855672622056561
67.67676767676768,33.33333333333334,84.88652658315972,26.14343394024919,5.660276661445021
68.68686868686869,33.33333333333334,35.57206665423824,15.23492468106848,1.847379847314867
69.6969696969697,33.33333333333334,4.9057572802218985,17.44500869168185,1.365320742129224
70.70707070707071,33.33333333333334,12.421057107194992,17.59363448211594,0.920285691278806
71.71717171717172,33.33333333333334,12.96815728622719,14.95931598406712,1.935360044952895
72.72727272727273,33.33333333333334,6.216261037488352,15.52093007847044,2.088184482461497
73.73737373737374,33.33333333333334,14.225082556269397,10.95222569547006,1.540414880733359
74.74747474747475,33.33333333333334,5.841497773179207,19.71430844024948,1.326380963597895
75.75757575757576,33.33333333333334,6.864045997650995,20.42927462374703,1.150340532160848
76.76767676767678,33.33333333333334,5.509535921613058,19.83349718232215,1.022033635333205
77.77777777777779,33.33333333333334,11.233726993521014,11.65901762495946,1.470304269688335
78.7878787878788,33.33333333333334,6.203337247764263,12.80019562641909,1.913804208164692
79.7979797979798,33.33333333333334,12.279724828730295,16.23756996301892,1.610928995162181
80.80808080808082,33.33333333333334,19.309972986842627,19.44097321722938,2.005347928785851
81.81818181818183,33.33333333333334,13.21722563046858,10.48594009037713,2.074350842975355
82.82828282828284,33.33333333333334,5.19712345485291,14.38820777833297,1.317205231416451
83.83838383838385,33.33333333333334,8.09291475883034,10.45928684187878,0.7387634996777139
84.84848484848486,33.33333333333334,8.942160157742878,22.95000264569329,1.012799414095893
85.85858585858587,33.33333333333334,5.477577798190113,16.12232850516796,1.145747917442835
86.86868686868688,33.33333333333334,5.301486230296604,15.40849271612064,1.599882418837243
87.87878787878789,33.33333333333334,4.350066321910571,16.40287425994195,1.483147310690129
88.8888888888889,33.33333333333334,29.507826322359897,16.4607886543762,1.823080687147714
89.89898989898991,33.33333333333334,20.420965514188833,12.48022665987296,4.600073924734247
90.90909090909092,33.33333333333334,28.7307532498589,17.74745577109312,4.402344563881822
91.91919191919193,33.33333333333334,34.74019192906222,10.75550488278455,3.514911648073769
92.92929292929294,33.33333333333334,33.806191949183216,12.72808609367447,4.307488882886741
93.93939393939395,33.33333333333334,35.576860326307866,10.13054138032093,4.28160575071466
94.94949494949496,33.33333333333334,37.588282747089785,17.65534265029752,4.335328085176831
95.95959595959597,33.33333333333334,39.34647822942213,10.29057360074946,3.6830454762211
96.96969696969697,33.33333333333334,38.31143377520661,19.66187884951299,3.858009550790486
97.97979797979798,33.33333333333334,50.48248672802437,7.815401519218691,3.985708387694524
98.98989898989899,33.33333333333334,75.19670185405042,17.73804603253959,6.350445766193107
100.0,33.33333333333334,34.59381824785972,12.8426876513379,1.84906630010318
0.0,34.34343434343435,39.502179057309185,17.44860504608397,3.981769646215243
1.01010101010101,34.34343434343435,15.522082761969502,14.96528917561796,4.150357777255508
2.02020202020202,34.34343434343435,20.719752959191574,16.61589878173827,4.495664638933402
3.03030303030303,34.34343434343435,43.36317554952327,25.46796612901199,4.569787764932006
4.040404040404041,34.34343434343435,56.993376902861854,8.854842076361784,5.442319161134825
5.050505050505051,34.34343434343435,31.800846922388875,16.36136120011034,5.12881616976018
6.060606060606061,34.34343434343435,28.623697355564957,13.72209001945127,2.66097130878433
7.070707070707071,34.34343434343435,12.344211131516861,14.91588193407216,1.997824482931692
8.080808080808081,34.34343434343435,4.640938602868847,11.5076948927756,1.389842718253496
9.090909090909092,34.34343434343435,10.034991603020133,13.74989662517926,1.219764155603191
10.1010101010101,34.34343434343435,11.341540351720115,9.542452923662825,1.501473899299989
11.11111111111111,34.34343434343435,6.13967674701696,14.71405715914754,1.979805173101828
12.12121212121212,34.34343434343435,9.772890027838933,16.08411574802007,1.403682474464873
13.13131313131313,34.34343434343435,25.911038075678785,24.50631905979005,1.814267161994598
14.14141414141414,34.34343434343435,14.968873764381803,7.042672061056726,1.898483846921813
15.15151515151515,34.34343434343435,18.413248264391253,24.54777725090976,1.530642454547013
16.16161616161616,34.34343434343435,10.735879564234082,9.976190090557699,1.81042705328798
17.17171717171717,34.34343434343435,7.298164539460444,11.91747358334992,1.049368060078177
18.18181818181818,34.34343434343435,17.908852493327277,14.01169369311431,2.002356632143315
19.19191919191919,34.34343434343435,14.803627958115024,11.79675929459562,0.9984583609549191
20.2020202020202,34.34343434343435,10.78026885912923,17.18171580146619,0.8483384470230606
21.21212121212121,34.34343434343435,16.24733525755738,19.29946945408217,1.689754543119147
22.22222222222222,34.34343434343435,9.216105189980565,16.84801617560677,1.447842201209325
23.23232323232324,34.34343434343435,16.736073488484486,10.86968696181464,1.573361491983535
24.24242424242424,34.34343434343435,39.93696500886883,24.24310121852023,2.379243597583664
25.25252525252525,34.34343434343435,40.596966459584394,15.73577060013323,1.001874611511909
26.26262626262626,34.34343434343435,35.72204702495931,19.30522043692875,4.559268694056452
27.27272727272727,34.34343434343435,21.254575702359183,20.14539876617174,4.128708717473065
28.28282828282828,34.34343434343435,35.73264665636425,9.580460767294731,5.479392817315504
29.29292929292929,34.34343434343435,36.66898610488016,18.54387405171753,4.732883802677242
30.3030303030303,34.34343434343435,39.27381296113931,26.45201749113775,4.213198149630919
31.31313131313131,34.34343434343435,75.9122111258169,1.697585464687454,5.138841847400929
32.32323232323233,34.34343434343435,30.54771263490548,17.94170715440999,3.850246881712212
33.33333333333334,34.34343434343435,39.14155041587348,20.71045591924557,4.761330710984446
34.34343434343435,34.34343434343435,30.728124204875147,21.87288787198672,4.364564046835019
35.35353535353536,34.34343434343435,49.59866043004996,2.640093519959326,3.331455723636062
36.36363636363637,34.34343434343435,29.32728742640508,10.68072716092043,4.555447380001413
37.37373737373738,34.34343434343435,26.949168838393497,24.10159049346256,1.33558656648085
38.38383838383839,34.34343434343435,9.193297584156163,19.29322823370931,1.625724554574519
39.3939393939394,34.34343434343435,12.686114381880842,10.9007048450161,1.616451285003497
40.40404040404041,34.34343434343435,6.59993484672521,17.18417033762924,1.420426942566323
41.41414141414142,34.34343434343435,8.190384057524449,12.18331171916762,2.281449406272575
42.42424242424243,34.34343434343435,13.562441882633799,19.26790502113904,1.872041896814008
43.43434343434344,34.34343434343435,20.836436609654772,13.29714173102168,1.329479253688127
44.44444444444445,34.34343434343435,32.95581118255178,23.74622905269966,2.566107389348083
45.45454545454546,34.34343434343435,19.450245269293937,19.5519647661229,1.602189100414254
46.46464646464647,34.34343434343435,15.950247712678674,14.18364060639786,0.8577827078308885
47.47474747474748,34.34343434343435,12.827077180820478,5.804164315573659,1.118849015179743
48.48484848484848,34.34343434343435,14.627967980344334,21.04969848011388,1.593565890775819
49.49494949494949,34.34343434343435,8.796785403330489,21.82935715991525,1.005491519437143
50.50505050505051,34.34343434343435,6.266659502238558,15.16207047869321,0.821014613510092
51.51515151515152,34.34343434343435,4.205130151884648,15.19111914647432,1.197622769725172
52.52525252525253,34.34343434343435,4.153476450327192,17.43766458253209,0.9852993818575285
53.53535353535354,34.34343434343435,13.624992482291084,13.86938960200198,1.931710709116862
54.54545454545455,34.34343434343435,11.07931111309734,5.83879162841982,1.749652793763475
55.55555555555556,34.34343434343435,3.0724460044605353,8.761939764874207,1.321991943066515
56.56565656565657,34.34343434343435,23.654929111812766,12.33097016322027,0.9394759909567174
57.57575757575758,34.34343434343435,30.315097565666463,7.676520526573302,4.609447875818462
58.58585858585859,34.34343434343435,52.83435689924452,21.79116084426591,4.057261502366368
59.5959595959596,34.34343434343435,48.96733682752528,10.82253606928184,4.509359405391104
60.60606060606061,34.34343434343435,37.993434694866444,18.85668329116637,4.035192792587717
61.61616161616162,34.34343434343435,61.773228602388315,9.928837624095072,3.375029575151486
62.62626262626263,34.34343434343435,35.31489921669635,14.09593595385021,5.731276038029794
63.63636363636364,34.34343434343435,27.05579847650394,14.72636758185078,3.825169126655999
64.64646464646465,34.34343434343435,13.958751655859585,8.788081548398932,5.177082123866841
65.65656565656566,34.34343434343435,42.18092861232708,10.68790139355392,3.508230931679365
66.66666666666667,34.34343434343435,17.517202428549922,19.89358927997087,4.532014751714904
67.67676767676768,34.34343434343435,33.812676359814816,21.18925537255765,4.389478576167194
68.68686868686869,34.34343434343435,31.54585591588278,18.61631270863899,1.280310197877394
69.6969696969697,34.34343434343435,6.30176767368758,12.34431273701557,1.621216078033287
70.70707070707071,34.34343434343435,5.309164707306511,10.904742895738,0.9721401603860262
71.71717171717172,34.34343434343435,15.165712254677764,11.34102513536864,0.7010616711222664
72.72727272727273,34.34343434343435,9.556472494805497,16.25012657672789,1.72188776212128
73.73737373737374,34.34343434343435,14.50166114848711,16.28843857554959,1.982483740303729
74.74747474747475,34.34343434343435,7.972339840513009,13.93546397227868,1.220493485613754
75.75757575757576,34.34343434343435,4.238190355731448,10.13585194407283,2.008034080015789
76.76767676767678,34.34343434343435,7.230753275617991,18.39985803250917,1.210566240385919
77.77777777777779,34.34343434343435,8.876871060566915,16.45052370895952,2.039451553730851
78.7878787878788,34.34343434343435,11.544454402842392,24.10477583971641,1.430756217670036
79.7979797979798,34.34343434343435,25.797680231997923,23.8151602153001,1.960483182336618
80.80808080808082,34.34343434343435,22.829352303606576,10.45521094971932,1.169846268240951
81.81818181818183,34.34343434343435,19.424541330478487,0.9056109958269043,1.580038477692794
82.82828282828284,34.34343434343435,9.536117292914657,15.55207850003813,1.314828982682167
83.83838383838385,34.34343434343435,14.401260779500697,8.828111310302344,0.8238659440910937
84.84848484848486,34.34343434343435,17.314373981767424,20.76713173124649,1.77437626820803
85.85858585858587,34.34343434343435,14.193243958198547,20.82813217913952,0.6077025646172016
86.86868686868688,34.34343434343435,6.893074473984126,10.58368732270283,1.913284523367138
87.87878787878789,34.34343434343435,29.101786498815457,7.466386506483746,1.96078099199982
88.8888888888889,34.34343434343435,65.28598354045027,19.39877912441549,5.609414434615487
89.89898989898991,34.34343434343435,49.19486673244258,7.812918389390838,4.673902287571628
90.90909090909092,34.34343434343435,33.723126203911406,25.4935584328691,4.479532214807096
91.91919191919193,34.34343434343435,27.318009070411836,19.87367481729751,4.907334289234891
92.92929292929294,34.34343434343435,35.28133725271335,24.13118139992721,4.791399777427414
93.93939393939395,34.34343434343435,46.430720197593004,20.18119040958625,3.836691003272536
94.94949494949496,34.34343434343435,55.073248805214206,26.51225727552002,5.178835690201222
95.95959595959597,34.34343434343435,42.9556774364067,14.1054523871658,4.760469223192986
96.96969696969697,34.34343434343435,61.388829361624104,25.78334284736057,4.865405113750671
97.97979797979798,34.34343434343435,34.117634912628134,14.86401161014241,3.673167585976205
98.98989898989899,34.34343434343435,31.32292835781059,14.62977450864353,5.020648533341486
100.0,34.34343434343435,38.956554083110355,13.17166816127977,2.266068332575516
0.0,35.35353535353536,85.14279520239928,31.00813993133329,4.873880634340893
1.01010101010101,35.35353535353536,43.29015831528645,16.33708323742382,3.598616199592559
2.02020202020202,35.35353535353536,36.42419853145531,23.21145709163453,3.811963609902914
3.03030303030303,35.35353535353536,13.199886809165008,20.48432972093216,5.033106350556858
4.040404040404041,35.35353535353536,21.678351524498016,21.91541449898869,4.445471473477457
5.050505050505051,35.35353535353536,29.1272078868351,25.41957014571853,4.200189060486343
6.060606060606061,35.35353535353536,42.16310167037653,17.52616534157344,4.881971719062627
7.070707070707071,35.35353535353536,52.101519299353996,5.361283525786073,1.027610753337797
8.080808080808081,35.35353535353536,12.956975022794094,20.83281657525825,0.9549184265093824
9.090909090909092,35.35353535353536,24.233947722576353,23.70883186854712,2.01935372355487
10.1010101010101,35.35353535353536,13.644402998213705,23.0039541795596,1.604447574101783
11.11111111111111,35.35353535353536,8.157771581487275,16.63536772905162,1.897273292736812
12.12121212121212,35.35353535353536,8.727123575146676,13.87618956175292,1.152037311696503
13.13131313131313,35.35353535353536,11.10678899796908,16.33474141471855,1.747437245707999
14.14141414141414,35.35353535353536,4.925270835331271,14.86626951495045,1.124565539311142
15.15151515151515,35.35353535353536,13.080896776689759,10.89393991972024,1.587015747612853
16.16161616161616,35.35353535353536,14.894711053758943,20.78484807842774,1.578535355583053
17.17171717171717,35.35353535353536,17.483722849863174,14.49279088395716,1.243807634205075
18.18181818181818,35.35353535353536,25.452238686332457,24.82450839612012,1.976925041822331
19.19191919191919,35.35353535353536,10.463601578216178,10.2647846711772,1.495598002445548
20.2020202020202,35.35353535353536,2.272639284553598,6.368740596148891,1.795667968481357
21.21212121212121,35.35353535353536,12.492703591167341,9.231638795682775,1.283188586193201
22.22222222222222,35.35353535353536,6.468131611615801,9.923547539664575,1.602244663363734
23.23232323232324,35.35353535353536,10.314038002717128,14.02343319225472,1.927960566986056
24.24242424242424,35.35353535353536,17.134479482768178,16.20015973133556,1.555375985489589
25.25252525252525,35.35353535353536,24.96623359037487,12.81665751094809,4.259999392387797
26.26262626262626,35.35353535353536,10.155675096930617,16.09547125620879,4.485312715610513
27.27272727272727,35.35353535353536,11.65420011133861,14.39070702230757,4.85373797158331
28.28282828282828,35.35353535353536,19.07040146226037,14.52495573675547,4.769826781565567
29.29292929292929,35.35353535353536,50.021605121680764,13.01707922636249,3.236822864898012
30.3030303030303,35.35353535353536,48.28125126574027,29.54112648517635,4.648527040627192
31.31313131313131,35.35353535353536,55.613715557372046,24.71395947631826,3.898616423601054
32.32323232323233,35.35353535353536,52.64399413284659,12.81443756084098,4.302038348686735
33.33333333333334,35.35353535353536,66.60155500019707,27.7992695497017,5.565107687514795
34.34343434343435,35.35353535353536,46.85642934540807,23.99549323149194,4.773682195234484
35.35353535353536,35.35353535353536,46.408413376537034,8.024859783886821,3.211413787472867
36.36363636363637,35.35353535353536,48.52842969881264,16.28207088937045,5.129791473904248
37.37373737373738,35.35353535353536,45.05775795884871,22.69560489892391,4.471927419863753
38.38383838383839,35.35353535353536,27.906634931306453,14.69704262661662,1.597800319722178
39.3939393939394,35.35353535353536,21.781998139909103,23.86253559107909,1.611596204591633
40.40404040404041,35.35353535353536,11.695813421241606,15.77713881870268,0.8672780300116267
41.41414141414142,35.35353535353536,20.15035937084081,9.985928905158243,0.8445853088658772
42.42424242424243,35.35353535353536,9.61330082445316,15.93179199725688,2.020859378576031
43.43434343434344,35.35353535353536,5.564908844921693,19.7367858291534,1.242381785709028
44.44444444444445,35.35353535353536,9.717181736461221,19.20652499289329,1.33089161497998
45.45454545454546,35.35353535353536,9.9937077441693,16.22057451006516,1.713046344536723
46.46464646464647,35.35353535353536,20.238674054545864,18.44090782944615,2.120558930133472
47.47474747474748,35.35353535353536,12.353824428472986,16.022268166798,1.504279670747969
48.48484848484848,35.35353535353536,9.058344511942781,19.9651876829948,1.608264434275591
49.49494949494949,35.35353535353536,8.267283916116071,26.06627435835143,1.054166518015705
50.50505050505051,35.35353535353536,5.302136858595102,10.80847082481334,1.963744912115093
51.51515151515152,35.35353535353536,5.525878562832473,9.522640295653547,1.712100965092013
52.52525252525253,35.35353535353536,11.219944783920884,11.98732710931539,1.108723091324991
53.53535353535354,35.35353535353536,12.404570050599446,20.31945117935197,1.890217900139287
54.54545454545455,35.35353535353536,14.88527149883636,14.9681010823406,2.119953666461951
55.55555555555556,35.35353535353536,21.82582589970463,13.95446296020813,1.301416826534878
56.56565656565657,35.35353535353536,32.72201882805478,12.62497625790366,5.713520701601492
57.57575757575758,35.35353535353536,46.89477762693251,16.55225168482125,4.457270576347898
58.58585858585859,35.35353535353536,83.66167455093216,28.26283965783714,5.761825611621088
59.5959595959596,35.35353535353536,50.96880018862517,21.58149257130328,4.747604663467409
60.60606060606061,35.35353535353536,27.37566796514208,22.2148375432846,5.745398267194755
61.61616161616162,35.35353535353536,44.62356079013033,30.43812846720011,3.998715450528953
62.62626262626263,35.35353535353536,21.853038249713354,24.75999878978528,4.82445657385568
63.63636363636364,35.35353535353536,43.35567312550033,29.48054136911916,4.015083920282005
64.64646464646465,35.35353535353536,37.83948893887924,11.14430634770804,4.710524859874826
65.65656565656566,35.35353535353536,65.80251297714138,23.47829114249009,4.953756571305298
66.66666666666667,35.35353535353536,32.65997641103385,30.49886329204275,2.761154121452209
67.67676767676768,35.35353535353536,30.945152217797908,19.86016211185574,5.098867319210691
68.68686868686869,35.35353535353536,43.83960120776442,16.37745530103238,4.439704171991556
69.6969696969697,35.35353535353536,29.52186798791108,20.66180543643936,1.363913653673261
70.70707070707071,35.35353535353536,8.077752534892204,7.636748529338276,1.857508528745173
71.71717171717172,35.35353535353536,13.409719711544707,15.83071378119228,1.574937583325356
72.72727272727273,35.35353535353536,9.086797358136657,15.96178881987397,1.160614400452774
73.73737373737374,35.35353535353536,12.195019920530937,5.881120833332528,1.581264128460556
74.74747474747475,35.35353535353536,7.112403641187873,8.620320873896427,1.495041660564068
75.75757575757576,35.35353535353536,8.689778003501996,14.67924564001662,1.968241951366303
76.76767676767678,35.35353535353536,7.997031428808767,16.81837178705949,2.140314459724166
77.77777777777779,35.35353535353536,16.257750585499636,19.05179281683075,2.122423704646194
78.7878787878788,35.35353535353536,13.557508005999171,18.55259567129069,0.6166471312916879
79.7979797979798,35.35353535353536,15.837915336161446,10.92445239504117,0.9784969851699707
80.80808080808082,35.35353535353536,10.751726100024339,16.3598822080705,1.927590406671751
81.81818181818183,35.35353535353536,13.408658616726507,26.23437779357591,1.105074215789617
82.82828282828284,35.35353535353536,3.2545628290576456,16.78090380357777,1.484075315151442
83.83838383838385,35.35353535353536,10.474166884844923,11.41198108556856,1.899214114130781
84.84848484848486,35.35353535353536,12.118144984243633,21.99539342289183,1.761019801315275
85.85858585858587,35.35353535353536,12.311507809424874,18.81300766344529,1.692008986631001
86.86868686868688,35.35353535353536,9.44537796276348,16.44531101439345,0.625189205570523
87.87878787878789,35.35353535353536,38.87474377804949,5.153969927795608,1.49520316694572
88.8888888888889,35.35353535353536,56.751354224222354,23.99536876967532,5.195938593582843
89.89898989898991,35.35353535353536,41.04325113126408,15.57609515705195,4.007536015550958
90.90909090909092,35.35353535353536,39.46828429969053,19.65487454899824,6.037589832131617
91.91919191919193,35.35353535353536,26.516962148764872,16.71843884626615,4.949305885830062
92.92929292929294,35.35353535353536,30.789866644226684,16.21168474390033,5.649095345599151
93.93939393939395,35.35353535353536,78.12660964148243,6.103302663726781,3.903934916145194
94.94949494949496,35.35353535353536,54.79935973630852,19.27197579346035,5.593522753769839
95.95959595959597,35.35353535353536,19.138694123380887,12.23154816733066,4.335156214602033
96.96969696969697,35.35353535353536,25.34584662025195,10.46388919755281,5.602890092106673
97.97979797979798,35.35353535353536,27.4703576829788,20.3434976981452,3.830172147083275
98.98989898989899,35.35353535353536,28.7955158582971,9.498433587325158,5.243895379924531
100.0,35.35353535353536,46.678416008613766,19.27628310378226,5.032795318650792
0.0,36.36363636363637,47.11609962807512,19.37514289654834,3.597099365208349
1.01010101010101,36.36363636363637,65.0891368376023,28.40686649573698,3.752673532048663
2.02020202020202,36.36363636363637,69.30261749642459,0.2500082832470418,3.500181717831608
3.03030303030303,36.36363636363637,49.37826174031677,19.20087607648045,4.368430518645526
4.040404040404041,36.36363636363637,52.777293512438305,23.09914839794413,5.190068925892058
5.050505050505051,36.36363636363637,52.88518187409338,13.49865758657597,3.234259596379931
6.060606060606061,36.36363636363637,31.91011450584585,23.03001771307115,4.511885660223552
7.070707070707071,36.36363636363637,57.59225711817524,22.85912325707303,4.164119877245773
8.080808080808081,36.36363636363637,27.40506436389616,14.31771015541613,1.00104695250445
9.090909090909092,36.36363636363637,13.394702692063586,12.34619612371518,1.700634803647868
10.1010101010101,36.36363636363637,6.809924808317006,13.01950199873758,1.630369577347294
11.11111111111111,36.36363636363637,6.110634421456264,13.32900505653182,1.6718708764639
12.12121212121212,36.36363636363637,5.952915212639187,14.33243037685014,1.12816043794786
13.13131313131313,36.36363636363637,15.225558738184816,23.19531510330723,1.408479618783738
14.14141414141414,36.36363636363637,14.078091431499388,5.610440033350566,2.274564417223184
15.15151515151515,36.36363636363637,18.110088051808063,19.12540305600158,1.73778833518579
16.16161616161616,36.36363636363637,13.217544011568236,10.97292326210924,1.666225396813296
17.17171717171717,36.36363636363637,14.376359036667159,17.43858079653862,2.099218164317577
18.18181818181818,36.36363636363637,15.217449178942404,17.89787698189507,1.847211895515323
19.19191919191919,36.36363636363637,8.10550446016007,13.86817683537418,1.060777679903046
20.2020202020202,36.36363636363637,8.492097459075147,12.14982694332008,0.8075004702407707
21.21212121212121,36.36363636363637,20.02864743327986,15.42984565764688,2.371216696304212
22.22222222222222,36.36363636363637,8.966388402959836,15.05610701029818,1.201403995638837
23.23232323232324,36.36363636363637,13.91574133715709,7.421988613709232,1.170995522262948
24.24242424242424,36.36363636363637,33.640603687991465,12.74382470948408,1.59945907107284
25.25252525252525,36.36363636363637,21.06285011020674,13.41370617023792,5.116730608624113
26.26262626262626,36.36363636363637,16.231445642741228,20.66674863833487,3.728341060675366
27.27272727272727,36.36363636363637,29.919306833718746,20.48319265101251,4.893185445226929
28.28282828282828,36.36363636363637,48.649296093106834,7.143669794208217,5.249553031267232
29.29292929292929,36.36363636363637,29.79668929622995,18.49875280236278,4.01389708197698
30.3030303030303,36.36363636363637,46.84611900073145,20.28584416362335,5.236857586973345
31.31313131313131,36.36363636363637,47.33146064267483,12.82102909735868,3.409752391916335
32.32323232323233,36.36363636363637,58.66676847642988,29.69276524785002,3.736688173392397
33.33333333333334,36.36363636363637,32.1575019761004,16.26846854416483,5.171544209508663
34.34343434343435,36.36363636363637,34.9182824160912,15.89996540177784,4.725618053191164
35.35353535353536,36.36363636363637,25.18535989733512,12.6618165375485,3.783091589289999
36.36363636363637,36.36363636363637,78.91123210561143,0.0,4.4043979845718
37.37373737373738,36.36363636363637,48.11441076272609,19.98532520186353,4.330428971985722
38.38383838383839,36.36363636363637,31.30348332812573,2.489166992535494,5.111318775449782
39.3939393939394,36.36363636363637,13.808468485554718,12.8339915454497,0.9282015594592958
40.40404040404041,36.36363636363637,13.839841333241699,19.84152086100392,0.9937707948825018
41.41414141414142,36.36363636363637,19.15033737217533,21.60587607020295,1.882017017441503
42.42424242424243,36.36363636363637,10.902951087853944,19.41487603415946,1.820123385979336
43.43434343434344,36.36363636363637,9.408826749967409,14.77249255631562,1.206282882104082
44.44444444444445,36.36363636363637,14.904542701264631,14.96016176977529,1.693338610468299
45.45454545454546,36.36363636363637,12.660352921486119,7.32066794550478,0.6685650286664041
46.46464646464647,36.36363636363637,16.84233807368478,7.522391246152431,1.516855574091363
47.47474747474748,36.36363636363637,14.599185085526813,21.29325783269867,1.54503801223256
48.48484848484848,36.36363636363637,16.162619115474417,4.083171967533928,2.436620384393495
49.49494949494949,36.36363636363637,10.311833489532209,11.65842666337247,0.9282761893312489
50.50505050505051,36.36363636363637,7.475905752397242,16.94623072227694,1.326687757256255
51.51515151515152,36.36363636363637,7.696152575103333,19.95908749096565,1.432093232571866
52.52525252525253,36.36363636363637,6.903034404152477,15.66661077504042,1.669094411917208
53.53535353535354,36.36363636363637,11.868948238116058,14.36847667148469,2.241053546088845
54.54545454545455,36.36363636363637,13.430855172029405,13.79738404793861,1.011353663043018
55.55555555555556,36.36363636363637,36.6463194429471,6.377643446141825,0.7805746189270284
56.56565656565657,36.36363636363637,40.59963181401598,21.76038797330123,3.991446950621874
57.57575757575758,36.36363636363637,60.8130160698183,24.28008349487193,5.446898136888445
58.58585858585859,36.36363636363637,63.68128163936415,12.24578422129327,4.253285643224961
59.5959595959596,36.36363636363637,44.24707380536174,10.4330586602068,3.623169215020598
60.60606060606061,36.36363636363637,55.43075778052769,26.41849621467501,3.814203577588599
61.61616161616162,36.36363636363637,59.77785166659078,10.38968674905237,3.811665985599769
62.62626262626263,36.36363636363637,28.655794260449795,21.09283194514763,3.510851082610278
63.63636363636364,36.36363636363637,14.91407437054388,14.39777576068809,5.135387865660021
64.64646464646465,36.36363636363637,21.05231785550733,14.87691771605809,4.515253392959338
65.65656565656566,36.36363636363637,46.470757394546816,6.024223032904919,4.616310455485534
66.66666666666667,36.36363636363637,54.00315915109073,1.731554940895643,5.003641901424607
67.67676767676768,36.36363636363637,52.33698544902207,6.56484849555519,4.774491921282431
68.68686868686869,36.36363636363637,51.18877073578158,28.20475809383053,4.471218877935358
69.6969696969697,36.36363636363637,41.44814230386738,15.90430561036525,5.003333127592416
70.70707070707071,36.36363636363637,49.28662952176337,19.84005141045089,0.9157887080231406
71.71717171717172,36.36363636363637,16.520020419483878,5.37016901947352,1.010973776337109
72.72727272727273,36.36363636363637,14.678779002560995,15.29371450900238,1.947498010134361
73.73737373737374,36.36363636363637,6.318065246796951,14.61182451895929,1.524362399958055
74.74747474747475,36.36363636363637,6.2101961078369365,15.49180268606779,1.137649886093616
75.75757575757576,36.36363636363637,5.248058505206049,17.5073777639869,1.472592404013266
76.76767676767678,36.36363636363637,7.859217562809535,23.17261498797142,1.263323349349673
77.77777777777779,36.36363636363637,12.511183575140562,23.44572160109259,0.670734274076137
78.7878787878788,36.36363636363637,5.722801714208746,13.42415709269357,0.7452578789423001
79.7979797979798,36.36363636363637,18.15602412679924,8.772973429026882,0.5624124150072474
80.80808080808082,36.36363636363637,12.07160442492468,22.17317909547771,1.408108225994106
81.81818181818183,36.36363636363637,17.784084441365444,8.210768731423721,1.162785295485361
82.82828282828284,36.36363636363637,9.642400933212837,12.51750943960405,2.089028658307683
83.83838383838385,36.36363636363637,6.259194847119119,7.785932331705254,1.8583003346628
84.84848484848486,36.36363636363637,11.455785183994537,13.46550892096321,1.196422229314137
85.85858585858587,36.36363636363637,10.395854682860374,16.84382093192834,1.793720559851057
86.86868686868688,36.36363636363637,25.632432221722986,12.69497106993237,1.100374518586228
87.87878787878789,36.36363636363637,32.95011355979927,8.984562706129323,4.087462308408406
88.8888888888889,36.36363636363637,31.422050968631144,19.95164778978652,4.649472995644016
89.89898989898991,36.36363636363637,41.98905335806013,14.1319372877123,5.815679141875917
90.90909090909092,36.36363636363637,101.98334611635886,34.0871683944135,5.277723278061764
91.91919191919193,36.36363636363637,68.32651605192768,8.625651132904366,4.198987963159778
92.92929292929294,36.36363636363637,48.02425685924858,24.47983590040975,4.661342257721789
93.93939393939395,36.36363636363637,59.62656818675925,25.90363381710688,5.05741570314406
94.94949494949496,36.36363636363637,34.039399783229015,11.21999712444554,5.066764850971103
95.95959595959597,36.36363636363637,9.17817555754971,11.0252537536248,4.996042516811444
96.96969696969697,36.36363636363637,11.604926508619608,16.0437814008707,3.051428253775077
97.97979797979798,36.36363636363637,39.36895834911023,8.0738595140605,4.800695810030421
98.98989898989899,36.36363636363637,26.29434341275487,15.92614387139555,4.146238438724506
100.0,36.36363636363637,35.396618537747536,26.51795309877486,4.626237640429721
0.0,37.37373737373738,27.66707256340132,18.44775992567691,5.024977187172451
1.01010101010101,37.37373737373738,49.87835412189044,7.694675934740337,4.7682262437202
2.02020202020202,37.37373737373738,29.894329891220668,0.0,3.148972737012887
3.03030303030303,37.37373737373738,52.733553655808194,4.287034678802374,5.737733137101711
4.040404040404041,37.37373737373738,31.298855737283066,9.031792152212114,4.813586120779879
5.050505050505051,37.37373737373738,13.306523717244136,15.62987400526142,3.558019686583661
6.060606060606061,37.37373737373738,32.835592523707284,15.1339295590828,4.20156790842593
7.070707070707071,37.37373737373738,27.74933941890641,15.07531213064515,2.923589519163011
8.080808080808081,37.37373737373738,38.09067577875756,14.17739147266484,2.177616186387311
9.090909090909092,37.37373737373738,23.089616915906003,1.057998853383578,1.126283828998944
10.1010101010101,37.37373737373738,19.186404634578157,19.88275948097049,1.584098836058173
11.11111111111111,37.37373737373738,9.253796982152226,21.76933397678553,0.6565277131286639
12.12121212121212,37.37373737373738,3.1971571194158335,10.9981740326052,1.378133763452594
13.13131313131313,37.37373737373738,9.862216698443081,8.84085201708107,1.391693422519937
14.14141414141414,37.37373737373738,11.592381988355834,13.73858326110666,1.80029257819949
15.15151515151515,37.37373737373738,12.46440311965795,27.35207749134853,0.4449289914019902
16.16161616161616,37.37373737373738,5.195365459705213,16.88895641422544,1.382603145115802
17.17171717171717,37.37373737373738,9.305339180583863,13.22492661890139,1.478520680258411
18.18181818181818,37.37373737373738,14.363744735373421,14.52825925453196,0.6953846656059408
19.19191919191919,37.37373737373738,9.254117457628908,20.41832871419008,1.138288609058235
20.2020202020202,37.37373737373738,7.445977041271004,10.43855000300536,1.003745743689462
21.21212121212121,37.37373737373738,11.179070069362448,17.90452785925147,1.479516769661066
22.22222222222222,37.37373737373738,11.923407088676884,8.877348950046528,1.38642987046012
23.23232323232324,37.37373737373738,30.33015960558808,13.33110438153972,1.869245563314349
24.24242424242424,37.37373737373738,45.473590792275914,20.25102642703647,4.453518552740134
25.25252525252525,37.37373737373738,34.78266822138339,12.83989226411085,4.290359186577921
26.26262626262626,37.37373737373738,35.92303342141026,16.99301494014021,2.858828171706755
27.27272727272727,37.37373737373738,23.0200475926338,19.08958767895073,5.072531310098918
28.28282828282828,37.37373737373738,26.933855952845224,22.9927859519108,4.385714952246448
29.29292929292929,37.37373737373738,33.57660061907236,22.97259779600221,4.030355390683738
30.3030303030303,37.37373737373738,82.2869838479418,29.32874832997508,5.729203761465238
31.31313131313131,37.37373737373738,39.87081479990265,12.61379537923538,4.015845319665207
32.32323232323233,37.37373737373738,39.47040387721242,9.59882938085532,2.725905761176673
33.33333333333334,37.37373737373738,39.13750531209206,15.0014553404694,4.125690511918315
34.34343434343435,37.37373737373738,79.52290657484238,26.54025667460769,5.243668402015375
35.35353535353536,37.37373737373738,50.442829828841944,11.77400320957281,3.773245268563375
36.36363636363637,37.37373737373738,39.45937982658393,22.69932784887533,4.303010984726102
37.37373737373738,37.37373737373738,24.384798114646408,20.41860532869513,5.078087827647687
38.38383838383839,37.37373737373738,48.743765001862286,15.25728120948741,3.44388655157457
39.3939393939394,37.37373737373738,16.09614508924208,7.720716495124408,4.14292845700311
40.40404040404041,37.37373737373738,19.161186911175825,16.59057169081944,2.428634557233924
41.41414141414142,37.37373737373738,15.047685056286499,11.66934027229355,1.933253554720819
42.42424242424243,37.37373737373738,8.14436598948923,15.21066591115703,1.164317580330399
43.43434343434344,37.37373737373738,16.616656491811675,17.48230892182254,1.357018344709273
44.44444444444445,37.37373737373738,39.089302966951166,22.22181814431194,2.55471963823905
45.45454545454546,37.37373737373738,21.554390385428462,5.547871626790969,1.025471723472889
46.46464646464647,37.37373737373738,10.017023954957047,19.44621920631038,1.186890483742431
47.47474747474748,37.37373737373738,2.6932532238205544,18.10747418489297,1.531817026159305
48.48484848484848,37.37373737373738,7.599321261125652,19.04409267547701,1.502649836838758
49.49494949494949,37.37373737373738,9.346487107590153,21.11262993927433,1.083730606631802
50.50505050505051,37.37373737373738,7.890527710474176,12.31694925208907,0.9415517651572851
51.51515151515152,37.37373737373738,14.83721435863147,11.98184844776896,1.553462748891656
52.52525252525253,37.37373737373738,12.221434620856591,16.46477284341485,1.968874370161489
53.53535353535354,37.37373737373738,14.174269492636336,13.2209534301328,1.151986599581838
54.54545454545455,37.37373737373738,26.175587591510567,11.19166370736993,0.4673620662690214
55.55555555555556,37.37373737373738,67.51827835228642,12.73096579497744,3.733270745389072
56.56565656565657,37.37373737373738,38.55794459974465,23.35989905634952,4.591572731329091
57.57575757575758,37.37373737373738,33.77974784820565,16.23674016526587,4.498094096370477
58.58585858585859,37.37373737373738,31.04104530752776,23.21328104212983,4.376753325683039
59.5959595959596,37.37373737373738,45.25416945926022,14.66046735803076,4.971226734807818
60.60606060606061,37.37373737373738,85.81911782837187,25.42967880223939,6.743801047080993
61.61616161616162,37.37373737373738,48.28890185129356,27.2380386011173,3.707562840386686
62.62626262626263,37.37373737373738,29.729799842169914,28.36027700683032,3.833171890454747
63.63636363636364,37.37373737373738,20.23702740885204,11.40212738308354,5.752548327360914
64.64646464646465,37.37373737373738,30.13453144293144,16.40545517953857,5.521110104337906
65.65656565656566,37.37373737373738,26.58674172882037,14.75415251027437,4.519926556963958
66.66666666666667,37.37373737373738,48.6523342243218,21.111405707435,5.082721613190891
67.67676767676768,37.37373737373738,42.47071680531771,14.12081516467014,3.776387967759241
68.68686868686869,37.37373737373738,57.306514297183554,25.99189978760312,5.238755237097548
69.6969696969697,37.37373737373738,33.028873869548164,17.58325720199891,4.892900955890213
70.70707070707071,37.37373737373738,81.50971810339321,26.63548444320953,5.150512836594838
71.71717171717172,37.37373737373738,48.26055664905201,9.449035482015006,1.577972925602522
72.72727272727273,37.37373737373738,8.95556066099044,13.22455503832023,1.07334427041224
73.73737373737374,37.37373737373738,4.05217448101391,10.9412443260106,2.04836257336326
74.74747474747475,37.37373737373738,7.319704343940124,16.99923133056722,1.466070465309467
75.75757575757576,37.37373737373738,8.298795109064542,17.62576364302264,1.816212482270293
76.76767676767678,37.37373737373738,8.131404294566526,17.0487188529129,1.267055011689779
77.77777777777779,37.37373737373738,8.629848184782372,11.59529873280554,0.8332074361188332
78.7878787878788,37.37373737373738,16.3818046215299,22.59443348066241,0.9147341434118812
79.7979797979798,37.37373737373738,21.096437736966138,16.76782166089595,2.411999337881627
80.80808080808082,37.37373737373738,7.641064534418332,18.88634049514283,1.652613207408094
81.81818181818183,37.37373737373738,7.396638044290481,18.67550281098388,1.229588101711572
82.82828282828284,37.37373737373738,10.672327211002838,18.45808168839226,0.9268597599590006
83.83838383838385,37.37373737373738,4.292028969152003,13.94759105704185,1.36063039428095
84.84848484848486,37.37373737373738,14.649622755313736,5.440696459652917,1.590915784040262
85.85858585858587,37.37373737373738,24.771158212081456,11.63523559795042,1.770047376331724
86.86868686868688,37.37373737373738,40.41477544982307,16.2586282949644,4.539893188062045
87.87878787878789,37.37373737373738,13.45328708275521,14.5902655131848,4.161079961502205
88.8888888888889,37.37373737373738,26.878328680226367,15.17230152662412,4.324240430174585
89.89898989898991,37.37373737373738,36.04966939644645,28.48440983765487,4.286004609288397
90.90909090909092,37.37373737373738,58.60681179081348,17.61736167200112,4.234646280661725
91.91919191919193,37.37373737373738,45.386801200914434,7.309306440727752,4.242827815143141
92.92929292929294,37.37373737373738,43.29441424489756,8.30355683985922,4.736024180161206
93.93939393939395,37.37373737373738,35.613812819098655,20.23631227768181,4.483555440978733
94.94949494949496,37.37373737373738,32.20214625210849,12.19939273933324,3.898837009151892
95.95959595959597,37.37373737373738,40.49065664741769,20.2550896752471,4.040749085791367
96.96969696969697,37.37373737373738,61.7203866250896,6.565756651844861,4.345395292589099
97.97979797979798,37.37373737373738,75.12511663318962,21.18945883026268,5.644659096408022
98.98989898989899,37.37373737373738,41.084356534357,14.91420885892995,4.765117418935961
100.0,37.37373737373738,25.27026852313405,21.93223037086605,4.504695772763904
0.0,38.38383838383839,14.7146714285603,18.50635972779013,4.793661855416933
1.01010101010101,38.38383838383839,34.25771631153848,18.15877477446277,4.052699592981681
2.02020202020202,38.38383838383839,39.224830298494744,13.47574168031415,4.260576511421875
3.03030303030303,38.38383838383839,68.0561982850186,26.96249776225168,4.924504223610056
4.040404040404041,38.38383838383839,47.50014451819216,14.27725280751887,4.289784014217269
5.050505050505051,38.38383838383839,50.03624706936279,7.45447374712586,4.621314085373817
6.060606060606061,38.38383838383839,61.22864270523334,27.22400669113556,4.669371000952916
7.070707070707071,38.38383838383839,50.209747454680965,15.3734172370016,4.634230667160752
8.080808080808081,38.38383838383839,70.30188226854288,27.74225913961608,4.462974160332394
9.090909090909092,38.38383838383839,52.70100555291066,8.072512520712639,1.704469519653833
10.1010101010101,38.38383838383839,12.333686775088012,8.472619523143223,1.478766750997286
11.11111111111111,38.38383838383839,8.26406311569817,11.4231358165887,2.210101153840116
12.12121212121212,38.38383838383839,6.320915472897865,14.02761908619141,1.654968962157564
13.13131313131313,38.38383838383839,6.3026611198493905,13.01218913695807,1.237557801071938
14.14141414141414,38.38383838383839,3.597410456885642,9.982300609562326,1.535673533437176
15.15151515151515,38.38383838383839,10.012439971515715,9.744036810812545,1.766869906628688
16.16161616161616,38.38383838383839,4.2705240713905965,10.37373680207988,2.180025621263292
17.17171717171717,38.38383838383839,9.20440590829486,16.74707878536492,0.7544016816354563
18.18181818181818,38.38383838383839,9.201762097247855,20.24435327222428,1.08718928690828
19.19191919191919,38.38383838383839,3.944795157039517,11.80515726989943,1.750074342539325
20.2020202020202,38.38383838383839,9.870378259714421,6.952941040300402,1.555917004339868
21.21212121212121,38.38383838383839,7.27010480040646,15.82901740286307,1.953010963125064
22.22222222222222,38.38383838383839,11.738212737066398,13.45170657803083,2.038945107383816
23.23232323232324,38.38383838383839,21.68305700173191,14.46929336818794,3.60288870912745
24.24242424242424,38.38383838383839,32.49966015888595,22.88960962328997,3.428142386901472
25.25252525252525,38.38383838383839,52.64741098351157,27.73140032673052,5.014663439242518
26.26262626262626,38.38383838383839,37.53053557327838,26.83503906414462,4.063329451099785
27.27272727272727,38.38383838383839,30.43804080323299,17.95856114522966,3.363719654523389
28.28282828282828,38.38383838383839,20.23418332759079,17.0411383210081,4.031565115005953
29.29292929292929,38.38383838383839,20.382571905535755,13.63781819645167,4.422385395931075
30.3030303030303,38.38383838383839,45.00042638476631,19.43553889630176,4.810605185338695
31.31313131313131,38.38383838383839,45.0987202193003,11.7202132903731,3.41078941087584
32.32323232323233,38.38383838383839,9.204929796242387,9.166772726384698,4.259363254283976
33.33333333333334,38.38383838383839,21.829005784931923,12.1471713058667,3.341179853565749
34.34343434343435,38.38383838383839,39.30774499708028,13.04493978778005,4.379235814085455
35.35353535353536,38.38383838383839,31.687702600397586,27.15036130868194,3.4891452019608
36.36363636363637,38.38383838383839,26.519849746660846,25.63362723283499,3.775301218531414
37.37373737373738,38.38383838383839,42.35085943676444,26.61407756876854,4.76924603888655
38.38383838383839,38.38383838383839,71.12089277130895,30.46056795609363,4.464686642959814
39.3939393939394,38.38383838383839,37.64594731263358,8.322201788454963,5.699583280715021
40.40404040404041,38.38383838383839,21.927430321639694,9.137394345234584,1.12295708179999
41.41414141414142,38.38383838383839,14.462340061982296,2.306388848971102,1.324267683989693
42.42424242424243,38.38383838383839,8.585907142208354,9.741712202124601,1.398473049162392
43.43434343434344,38.38383838383839,14.454537967894737,14.80237064213895,0.1500885568335185
44.44444444444445,38.38383838383839,17.062071848866474,25.59515479545824,0.6243068332800756
45.45454545454546,38.38383838383839,9.500912852835356,16.10684135870883,1.40556592310325
46.46464646464647,38.38383838383839,6.41988792140689,15.8384175599558,1.85816070464209
47.47474747474748,38.38383838383839,2.0083640180192406,16.14246463777071,1.713613795169181
48.48484848484848,38.38383838383839,5.795744412829762,13.24585138920376,1.774309911322516
49.49494949494949,38.38383838383839,6.950229958684597,14.67986167730305,0.992664369634504
50.50505050505051,38.38383838383839,13.326359338599456,12.44995400051155,0.7405580653110583
51.51515151515152,38.38383838383839,23.64106607806793,24.42509622973494,1.931303335200479
52.52525252525253,38.38383838383839,16.75833688678615,16.62642372223564,1.250405378909409
53.53535353535354,38.38383838383839,34.58422197568929,2.10155006132806,1.279987501675944
54.54545454545455,38.38383838383839,56.8932621012697,16.97873750941941,2.880782413564257
55.55555555555556,38.38383838383839,111.82747953411976,32.24951953492204,5.365141126705421
56.56565656565657,38.38383838383839,50.30608072057093,18.58346651795173,3.626070632508821
57.57575757575758,38.38383838383839,16.753714865244415,11.80556312005447,5.075646108623614
58.58585858585859,38.38383838383839,19.182692961971654,21.93738297787561,3.839625186117426
59.5959595959596,38.38383838383839,25.25336422981566,16.34793615082059,3.319934959416977
60.60606060606061,38.38383838383839,49.94851393620158,14.07940994537899,4.834118565365555
61.61616161616162,38.38383838383839,54.45006562241681,11.6261214717663,4.080887017154616
62.62626262626263,38.38383838383839,64.23529502727709,28.71037571137307,4.950523391951468
63.63636363636364,38.38383838383839,37.88411536745262,17.87001191958349,3.92215524278499
64.64646464646465,38.38383838383839,31.312534711087928,12.87664745482902,3.286192625212411
65.65656565656566,38.38383838383839,19.58349153648112,15.59463958917461,4.08621638091669
66.66666666666667,38.38383838383839,28.58727315359217,24.40362112280462,4.340618622513769
67.67676767676768,38.38383838383839,21.907115401825337,12.07121289084747,3.499392833401853
68.68686868686869,38.38383838383839,26.690852328705212,25.82509095024729,1.934796208630495
69.6969696969697,38.38383838383839,22.99236411794064,12.96211442225595,4.757061159121799
70.70707070707071,38.38383838383839,34.08688109477052,17.1572199632735,6.037924136869461
71.71717171717172,38.38383838383839,44.06178251033984,23.54115033953493,3.206275878884873
72.72727272727273,38.38383838383839,41.163524074118826,11.12109757529557,2.292382372058085
73.73737373737374,38.38383838383839,10.990059521735404,16.07959081986884,1.726091386210607
74.74747474747475,38.38383838383839,11.185181104039968,11.61563243036817,1.079715087941061
75.75757575757576,38.38383838383839,10.032378397034803,18.95656560764488,1.18947601695551
76.76767676767678,38.38383838383839,4.576647586155554,20.70317433431926,0.9225508563523951
77.77777777777779,38.38383838383839,19.257542775735295,12.26419864707275,1.236863182735361
78.7878787878788,38.38383838383839,26.49647503539611,25.84601826402975,1.73136888068678
79.7979797979798,38.38383838383839,17.65722698068355,15.02587995619906,1.369397560515993
80.80808080808082,38.38383838383839,19.699728584273707,20.90921220334198,2.117959041978622
81.81818181818183,38.38383838383839,13.88706872941484,9.30088281053541,2.246690102604438
82.82828282828284,38.38383838383839,23.134247374823918,14.52318299399889,2.962945051010574
83.83838383838385,38.38383838383839,12.565798340939555,19.42605347314714,1.00099729260879
84.84848484848486,38.38383838383839,31.900389620444944,22.06654613105162,1.70114441694764
85.85858585858587,38.38383838383839,28.152792729442208,10.11023112354399,4.441502365688257
86.86868686868688,38.38383838383839,41.260011908052974,27.88180292514908,3.920464999636708
87.87878787878789,38.38383838383839,18.81993299663467,13.10144324717994,5.536689033211717
88.8888888888889,38.38383838383839,17.43693118568785,18.13671518021463,4.664183962004964
89.89898989898991,38.38383838383839,42.15771201807898,28.47121525856536,4.30009188009435
90.90909090909092,38.38383838383839,67.918125059289,7.057780351956491,5.178338842175219
91.91919191919193,38.38383838383839,94.03280305125242,31.80029366744654,4.888243322465801
92.92929292929294,38.38383838383839,36.753902111639704,17.93280623850833,4.349679297567413
93.93939393939395,38.38383838383839,18.659630899541128,20.32774965697775,4.837677479155507
94.94949494949496,38.38383838383839,22.66028822946792,20.37200845001145,4.400003596581535
95.95959595959597,38.38383838383839,52.892036321348826,27.9719837848234,4.627774914713017
96.96969696969697,38.38383838383839,52.60427832700053,26.54989757468127,4.165565004235036
97.97979797979798,38.38383838383839,76.07085075664357,9.595536649231622,4.123762228218826
98.98989898989899,38.38383838383839,78.56693321045995,27.3108779735119,5.642500107856891
100.0,38.38383838383839,32.498628299658286,25.51846486388784,4.819977820571028
0.0,39.3939393939394,47.030769934316595,24.6747043293131,4.609973430029336
1.01010101010101,39.3939393939394,61.248852930360535,1.053014404273341,4.522349849335788
2.02020202020202,39.3939393939394,33.369833334335596,12.68028318427104,3.901306566574229
3.03030303030303,39.3939393939394,50.16136391036315,24.91399621420886,4.640938451972895
4.040404040404041,39.3939393939394,40.6934676458717,30.08878291486071,4.491654521959188
5.050505050505051,39.3939393939394,34.009097978209425,24.04210664374155,3.908398300236639
6.060606060606061,39.3939393939394,24.39417326538342,21.40729477935873,4.404186551123093
7.070707070707071,39.3939393939394,41.30895428322265,27.07558753692656,5.040295592873877
8.080808080808081,39.3939393939394,35.04530694111822,26.24398217987603,5.69493558485367
9.090909090909092,39.3939393939394,59.32297681083803,23.96478825491116,4.202485350397028
10.1010101010101,39.3939393939394,28.704909343400836,13.49055273934312,2.145869520668485
11.11111111111111,39.3939393939394,22.48918817286094,26.20729761406277,1.24393422560566
12.12121212121212,39.3939393939394,9.238795756657534,19.75673782085322,1.5841515776946
13.13131313131313,39.3939393939394,10.445634190557904,17.43056005075189,1.69981232060677
14.14141414141414,39.3939393939394,15.752655906244769,13.6757982809635,0.9509133779957182
15.15151515151515,39.3939393939394,24.716175553193224,22.78132137318938,1.972406878121726
16.16161616161616,39.3939393939394,8.622774259500531,21.00432386656349,1.030653608908372
17.17171717171717,39.3939393939394,7.084530363226482,13.48566857106809,1.718560528758153
18.18181818181818,39.3939393939394,13.079625449605892,9.529121415302367,0.822118987887071
19.19191919191919,39.3939393939394,8.255188820828867,17.78349399002641,1.274540905275017
20.2020202020202,39.3939393939394,15.475864198499643,11.99643807396408,1.668946571456636
21.21212121212121,39.3939393939394,13.718655761592505,14.27251186127885,2.090803598758787
22.22222222222222,39.3939393939394,27.709450438193855,5.498128017247355,4.325986126708278
23.23232323232324,39.3939393939394,28.658160343771126,9.95312199597212,4.385832039238334
24.24242424242424,39.3939393939394,51.82198502693099,23.28709984083897,4.715727410779617
25.25252525252525,39.3939393939394,83.82715632531949,31.31792165082748,5.589724709733183
26.26262626262626,39.3939393939394,36.31572089704423,19.42013002704003,5.048011063008849
27.27272727272727,39.3939393939394,17.428102672585233,23.27618344299653,3.81539479060317
28.28282828282828,39.3939393939394,41.77713487055568,22.20374608221745,4.54050325154491
29.29292929292929,39.3939393939394,20.099452961270742,9.90483202266047,5.313894525746135
30.3030303030303,39.3939393939394,39.65158894331822,15.67816310014153,4.766834623110995
31.31313131313131,39.3939393939394,88.43137567481747,34.91173354218184,4.446588108765065
32.32323232323233,39.3939393939394,37.772905320204885,15.83214477058964,3.822185229160691
33.33333333333334,39.3939393939394,22.177208752993565,21.36095439333154,4.143736980875135
34.34343434343435,39.3939393939394,15.147594180245573,17.21870679938622,4.539872928252838
35.35353535353536,39.3939393939394,29.593562466775662,13.45532804172916,4.305646797745457
36.36363636363637,39.3939393939394,50.226120841275346,7.035379398589487,3.381990917151623
37.37373737373738,39.3939393939394,39.165491159442276,5.271403166047532,3.792061668604593
38.38383838383839,39.3939393939394,39.75972878603004,8.999034698825191,3.6223308167214
39.3939393939394,39.3939393939394,22.14015059535717,19.68971833010527,2.886490053967883
40.40404040404041,39.3939393939394,17.815756166277858,5.724594355036782,4.115624884196571
41.41414141414142,39.3939393939394,29.261587130376647,5.01798066501518,4.707520710679709
42.42424242424243,39.3939393939394,45.81595325360837,16.62455229472562,0.3210623861243873
43.43434343434344,39.3939393939394,10.599256633342634,10.58050244949524,1.264424993537974
44.44444444444445,39.3939393939394,6.337243093926183,11.01196804756696,2.090332197249269
45.45454545454546,39.3939393939394,11.252966382267376,20.77903026895809,1.455397167368978
46.46464646464647,39.3939393939394,9.13146229957902,19.73826846155886,0.9453736496958351
47.47474747474748,39.3939393939394,5.12832777948386,17.67434697401447,1.450235245048718
48.48484848484848,39.3939393939394,6.424411497827408,17.63999046686913,1.614575206699204
49.49494949494949,39.3939393939394,4.526685533134835,13.1752801369997,1.501488856241157
50.50505050505051,39.3939393939394,11.426327247562664,12.09730241469623,1.392343632436517
51.51515151515152,39.3939393939394,25.65104069987231,25.6489386808362,1.774021793635808
52.52525252525253,39.3939393939394,63.6960738581756,5.170141277031705,1.908271589608016
53.53535353535354,39.3939393939394,40.7375941471406,12.29774659901243,5.217585138509571
54.54545454545455,39.3939393939394,12.891840284553899,16.46710245285632,3.793645050702498
55.55555555555556,39.3939393939394,53.88167073104807,22.20204532114541,3.646412851164813
56.56565656565657,39.3939393939394,45.69043524887519,28.30775861862167,4.084859216353093
57.57575757575758,39.3939393939394,16.71654741045516,15.84197447328405,5.179128786566867
58.58585858585859,39.3939393939394,6.69227885835307,19.40474661732608,4.078164268812485
59.5959595959596,39.3939393939394,36.823005280186706,21.98444076275781,4.227372640821459
60.60606060606061,39.3939393939394,48.80341059144274,24.37825440583801,5.333455462488476
61.61616161616162,39.3939393939394,34.75452480488042,21.0460985753202,4.58042860157219
62.62626262626263,39.3939393939394,45.7463516473525,19.08990494733791,4.470462298721542
63.63636363636364,39.3939393939394,52.731578279854205,27.43232328954291,4.276397095141194
64.64646464646465,39.3939393939394,24.41208570202194,16.90271905010916,4.148584450213717
65.65656565656566,39.3939393939394,30.16579059134463,9.378687092864643,5.540795582058972
66.66666666666667,39.3939393939394,57.620935772468414,21.79649060512646,5.184810904295045
67.67676767676768,39.3939393939394,22.33911011123113,15.56056274154221,3.044706613361193
68.68686868686869,39.3939393939394,4.102572924187543,14.14545676252616,3.613254062919242
69.6969696969697,39.3939393939394,19.706291620635298,12.40465414932629,3.844636328043295
70.70707070707071,39.3939393939394,34.070618308450904,12.78206546351052,5.545729043521741
71.71717171717172,39.3939393939394,35.821663392803735,31.1574716414794,3.628576445729418
72.72727272727273,39.3939393939394,70.81715425211974,25.88811038220669,4.890351021482591
73.73737373737374,39.3939393939394,72.15826661145067,6.22584556220355,1.062043326460291
74.74747474747475,39.3939393939394,11.910575632574957,12.7377314249477,1.545151469670963
75.75757575757576,39.3939393939394,13.96388482382654,20.37556348475846,1.95129261000617
76.76767676767678,39.3939393939394,13.591252320196512,26.94802218220347,1.021416099998046
77.77777777777779,39.3939393939394,31.64264638673116,22.9110042299196,2.321199381691723
78.7878787878788,39.3939393939394,17.489006758249154,19.67125711566715,0.8436993997936982
79.7979797979798,39.3939393939394,9.582046400658758,11.02976932341496,1.60439501023544
80.80808080808082,39.3939393939394,14.145727630813205,12.88667683871632,1.990900037027253
81.81818181818183,39.3939393939394,8.24785175941906,5.994274024854135,2.158517710475007
82.82828282828284,39.3939393939394,9.055662260463905,13.71169315022339,1.614600145620165
83.83838383838385,39.3939393939394,26.063460565562266,14.85593473857315,1.855271250461854
84.84848484848486,39.3939393939394,71.99788313215022,21.6826690222746,5.10998252667183
85.85858585858587,39.3939393939394,54.27279677395282,8.991541931607298,3.155675934485262
86.86868686868688,39.3939393939394,31.14176973440717,21.34868180046066,3.791466595514984
87.87878787878789,39.3939393939394,20.98697303221237,15.23116066042381,3.802180044351549
88.8888888888889,39.3939393939394,16.036243048624314,18.85126058118563,4.441070227338718
89.89898989898991,39.3939393939394,16.977705883634957,14.08005839996554,5.529781898265477
90.90909090909092,39.3939393939394,19.971012260964923,13.17185583775441,4.963848965953912
91.91919191919193,39.3939393939394,37.16617856892194,19.23348511395929,5.204330730294965
92.92929292929294,39.3939393939394,43.30027404144124,17.27397440082286,5.126712276086967
93.93939393939395,39.3939393939394,50.08711759088841,28.80779632719373,4.732393381476411
94.94949494949496,39.3939393939394,34.394802147054605,23.18049383315229,3.864565846494397
95.95959595959597,39.3939393939394,75.30514467679626,4.682521175462345,5.156637539016976
96.96969696969697,39.3939393939394,25.578173991450704,13.09852801003177,5.506043142890441
97.97979797979798,39.3939393939394,20.603742799761225,21.27640412295305,3.678160148687093
98.98989898989899,39.3939393939394,34.951262004474685,14.13974104374657,4.844692128035671
100.0,39.3939393939394,26.811363749664068,15.56663772130029,5.190983286114445
0.0,40.40404040404041,44.81439912403155,22.49069468007994,5.371906488964117
1.01010101010101,40.40404040404041,42.73632939268067,6.36202774430478,4.280450888254015
2.02020202020202,40.40404040404041,44.93644822356547,19.23075771729839,3.3353873216254
3.03030303030303,40.40404040404041,59.36041211193589,3.542583945493193,5.0274671056011
4.040404040404041,40.40404040404041,65.33595037792857,20.54018216871455,5.208474650951395
5.050505050505051,40.40404040404041,24.829134678511046,10.70479613748285,5.50634317612912
6.060606060606061,40.40404040404041,17.951473755330674,19.78583620042854,3.641247677294363
7.070707070707071,40.40404040404041,19.86834700952139,20.39048717681259,4.493969063548821
8.080808080808081,40.40404040404041,21.584609297503036,15.52130001284562,6.227332915443624
9.090909090909092,40.40404040404041,21.589320017787607,24.1631838805267,2.933425775589492
10.1010101010101,40.40404040404041,26.273424959149672,12.29455672647038,4.224208519671047
11.11111111111111,40.40404040404041,73.29008371633698,23.331336922824,4.725376994410666
12.12121212121212,40.40404040404041,45.937876584876534,7.054162722292996,0.7649882057765085
13.13131313131313,40.40404040404041,8.010131738514183,10.89006647707206,1.80574254631567
14.14141414141414,40.40404040404041,6.083771326887575,23.61979394370695,1.064207050154611
15.15151515151515,40.40404040404041,9.267220739255324,19.60951362244234,1.478991834083848
16.16161616161616,40.40404040404041,7.469514087777395,21.43973626747019,1.41600814236563
17.17171717171717,40.40404040404041,4.186094671038502,10.89018281945163,2.043064979647998
18.18181818181818,40.40404040404041,9.723972934013045,12.48300400347996,1.266010663020023
19.19191919191919,40.40404040404041,17.958095682022403,24.87635085652432,1.455380780262074
20.2020202020202,40.40404040404041,23.383512237164854,16.68912731047996,3.610594704104968
21.21212121212121,40.40404040404041,31.398956451928036,16.33804912269713,4.147779072817861
22.22222222222222,40.40404040404041,54.361617353836074,23.82793083046427,4.408946491646787
23.23232323232324,40.40404040404041,34.23005589112822,20.09817090562655,3.173226117863789
24.24242424242424,40.40404040404041,31.926405669467037,12.32239383216294,5.29769532243047
25.25252525252525,40.40404040404041,68.79341287563612,3.593066597070618,5.013358548336663
26.26262626262626,40.40404040404041,62.5968283108331,10.93004290335904,4.577059107680729
27.27272727272727,40.40404040404041,54.32894463591646,27.98378771493798,3.891053723442043
28.28282828282828,40.40404040404041,72.43195196616685,8.272110911209698,3.144622386713892
29.29292929292929,40.40404040404041,29.85142313797867,9.883947845419257,5.078821095818864
30.3030303030303,40.40404040404041,40.61731757488492,24.1418323258815,4.638223184182649
31.31313131313131,40.40404040404041,38.62657946170076,19.28916431048912,4.769678600655248
32.32323232323233,40.40404040404041,21.08438862420631,10.81494640060778,4.957587186609371
33.33333333333334,40.40404040404041,15.833593397923071,20.83736509020499,4.364779139612467
34.34343434343435,40.40404040404041,4.545196360012653,18.26077507457156,4.771810468363275
35.35353535353536,40.40404040404041,28.00652547390329,24.08928993233074,3.534073680553533
36.36363636363637,40.40404040404041,55.02668617180366,25.81459365419229,4.407297476823047
37.37373737373738,40.40404040404041,32.52620535884307,17.83608811764921,2.988309648988167
38.38383838383839,40.40404040404041,40.27463922090192,20.91867082888044,2.456766773330446
39.3939393939394,40.40404040404041,20.916028750557174,25.05948710018761,3.131871601327387
40.40404040404041,40.40404040404041,35.75398020267477,11.27841275217461,4.272593080299751
41.41414141414142,40.40404040404041,47.55680368056554,22.02245970960524,4.620461641319241
42.42424242424243,40.40404040404041,89.94061963091036,29.8738303821864,5.1546742798401
43.43434343434344,40.40404040404041,59.11598590114764,13.7497680839819,1.959126865218213
44.44444444444445,40.40404040404041,6.2512505988656155,20.76002733309808,1.178452801051074
45.45454545454546,40.40404040404041,8.838090820198325,9.50569293965952,1.2242310076229
46.46464646464647,40.40404040404041,5.88915039557265,11.75843129164243,0.9744582905495862
47.47474747474748,40.40404040404041,5.955667640587521,11.07344840241686,1.532466736352199
48.48484848484848,40.40404040404041,3.9234255427519713,12.94446654365371,1.491755286953909
49.49494949494949,40.40404040404041,7.566576211944948,15.1372489710447,1.22371271948086
50.50505050505051,40.40404040404041,14.239394077378165,34.7166238965181,0.6719580329627283
51.51515151515152,40.40404040404041,52.87874146665966,15.63499608514167,0.5668069035780298
52.52525252525253,40.40404040404041,102.1001912232156,33.11226811240596,4.946575812313697
53.53535353535354,40.40404040404041,50.91602545892664,22.97454467576079,4.77257032064156
54.54545454545455,40.40404040404041,50.50771710212729,10.24254174022229,4.35858157532765
55.55555555555556,40.40404040404041,61.609199806327794,2.670103968354813,3.992132045540432
56.56565656565657,40.40404040404041,54.98309982299484,9.400390725637767,5.253045707702094
57.57575757575758,40.40404040404041,10.315033781266475,15.87318854477603,4.649706395680434
58.58585858585859,40.40404040404041,16.69441934760915,16.0474043522517,4.622228740072956
59.5959595959596,40.40404040404041,38.62640497294696,8.320203425768359,4.229623841159102
60.60606060606061,40.40404040404041,38.87999482936934,17.03490071424183,3.960667748907282
61.61616161616162,40.40404040404041,43.03483959508609,11.93076074233458,4.27608525672346
62.62626262626263,40.40404040404041,56.577133252970796,0.4146906186369947,5.247861059375772
63.63636363636364,40.40404040404041,53.31765321368457,6.68879226807671,4.898896149097516
64.64646464646465,40.40404040404041,20.457397686831044,12.63202169393326,5.9070011832489
65.65656565656566,40.40404040404041,31.42696375534213,16.66441212570721,4.900779125103936
66.66666666666667,40.40404040404041,69.61708197338217,2.967697218322387,5.488914728222158
67.67676767676768,40.40404040404041,24.034645325483357,6.438504306154236,5.051399115654634
68.68686868686869,40.40404040404041,19.65640836490234,9.423516413207018,4.562968065189201
69.6969696969697,40.40404040404041,41.28079941697554,18.70184078348801,4.594848792704076
70.70707070707071,40.40404040404041,46.33102822914963,5.880697502674988,5.5567223133993
71.71717171717172,40.40404040404041,24.608449032799108,17.64083354049919,3.574918077275175
72.72727272727273,40.40404040404041,38.5932430050791,23.32109546609553,3.343581258229787
73.73737373737374,40.40404040404041,94.00319947552507,25.58919139799535,5.511820224578001
74.74747474747475,40.40404040404041,44.70699742880769,8.753457611829141,1.408145444912072
75.75757575757576,40.40404040404041,10.616280466629911,20.78030564104246,1.608444013599398
76.76767676767678,40.40404040404041,11.090436220202442,11.29586757493334,1.724077826128048
77.77777777777779,40.40404040404041,12.391862071976297,19.18600136430549,1.400111572948957
78.7878787878788,40.40404040404041,20.711417298505957,16.45769442553872,0.758114984517776
79.7979797979798,40.40404040404041,25.722490789975428,24.42322515446498,1.805025262903805
80.80808080808082,40.40404040404041,17.311913275281817,17.17202762597447,0.4879599535983076
81.81818181818183,40.40404040404041,23.156471673648344,5.90309843288466,1.663920785693207
82.82828282828284,40.40404040404041,26.083622933273286,20.18944226957063,1.061534331860197
83.83838383838385,40.40404040404041,23.19586327724301,9.718430819385642,3.605531774395649
84.84848484848486,40.40404040404041,33.38223750443719,15.47148095559025,3.989672619670345
85.85858585858587,40.40404040404041,37.89619879366163,24.30158249333778,3.865726352532226
86.86868686868688,40.40404040404041,41.79792058677339,15.06822198765909,4.0045981412534
87.87878787878789,40.40404040404041,32.42443542765301,11.29050055611509,3.315183469493386
88.8888888888889,40.40404040404041,33.6723804102775,12.07528150574916,4.315947491202395
89.89898989898991,40.40404040404041,17.08215870271648,15.43880971424306,5.367293108525204
90.90909090909092,40.40404040404041,15.593957805535867,18.35273980154768,3.772775301814128
91.91919191919193,40.40404040404041,55.31616419795957,13.24200240483019,4.005126485883292
92.92929292929294,40.40404040404041,114.70185588957665,33.46526076351428,5.734101535821445
93.93939393939395,40.40404040404041,60.97124434167441,17.71929765582792,3.865305022481562
94.94949494949496,40.40404040404041,30.426051338363575,22.41881516052998,5.126213256923495
95.95959595959597,40.40404040404041,46.25333665221755,24.56653343065912,4.341401562109386
96.96969696969697,40.40404040404041,25.364889953813687,15.42865057344472,4.044072760743075
97.97979797979798,40.40404040404041,36.225058704872964,12.33731386357359,4.087085107494682
98.98989898989899,40.40404040404041,54.03005791861899,8.775423511651299,4.142863028264238
100.0,40.40404040404041,43.685354656242076,20.16632664734093,5.293205193791557
0.0,41.41414141414142,31.088939527233066,22.05746016636617,3.945533592264444
1.01010101010101,41.41414141414142,57.11118464010468,11.28525821439654,4.006304215105406
2.02020202020202,41.41414141414142,99.57801615496825,31.04174219753489,4.702506213443824
3.03030303030303,41.41414141414142,38.10603207371163,4.123084000325983,5.319605134207865
4.040404040404041,41.41414141414142,67.96879917515353,2.206236666441885,4.99318472070455
5.050505050505051,41.41414141414142,20.33358353188336,20.62753439584192,3.010509408248622
6.060606060606061,41.41414141414142,28.45603774835626,14.7985883468565,3.727771923149518
7.070707070707071,41.41414141414142,30.386492852848406,26.21707223540732,3.877690360031229
8.080808080808081,41.41414141414142,8.536724378112407,20.13998876947067,4.663201744134125
9.090909090909092,41.41414141414142,14.235235873820839,18.00811053803686,4.591591659204165
10.1010101010101,41.41414141414142,14.125175852618158,16.51428276644686,3.438353330848948
11.11111111111111,41.41414141414142,18.576548738483552,11.7087758622261,4.945507521482756
12.12121212121212,41.41414141414142,33.489550719772005,12.81505178113915,3.443234231668371
13.13131313131313,41.41414141414142,17.472978655455428,13.37852338627904,1.295221694418746
14.14141414141414,41.41414141414142,17.539321269434797,20.38904666274835,1.092290980788117
15.15151515151515,41.41414141414142,7.707825277060243,13.15541926388107,0.9948479509816266
16.16161616161616,41.41414141414142,5.223736700340845,13.03904183831568,1.430892279186861
17.17171717171717,41.41414141414142,28.02296116141839,16.55884420447094,1.267406330830367
18.18181818181818,41.41414141414142,15.319959061848174,7.408447569806519,1.582511121271256
19.19191919191919,41.41414141414142,27.962795153338075,14.18111054449271,3.528927765681951
20.2020202020202,41.41414141414142,35.05922071410167,16.087280489448,5.096784871347461
21.21212121212121,41.41414141414142,36.93544077163496,19.48307709976845,5.678694748741261
22.22222222222222,41.41414141414142,55.17492105485287,14.46225207077734,3.280978225165208
23.23232323232324,41.41414141414142,61.0164482222188,29.41743636980909,4.683911427454701
24.24242424242424,41.41414141414142,36.73232476652865,19.43407809884759,5.12910255439203
25.25252525252525,41.41414141414142,59.27803655904626,14.23068335898899,3.995639108238668
26.26262626262626,41.41414141414142,105.58395492705091,35.81589815726978,4.510178577784542
27.27272727272727,41.41414141414142,68.97879916232333,11.70747951825149,4.559645847044594
28.28282828282828,41.41414141414142,73.87142040252381,26.83722298352678,4.988484206418417
29.29292929292929,41.41414141414142,32.748655402513116,19.63393508300695,4.136079902155879
30.3030303030303,41.41414141414142,29.084632827431285,18.71191451168418,3.660471381045372
31.31313131313131,41.41414141414142,47.79851991830345,23.23689848428267,5.375729487984263
32.32323232323233,41.41414141414142,44.37714449464135,15.04440647085932,3.449612106613735
33.33333333333334,41.41414141414142,28.529763766335698,25.81333183308226,4.288503142264277
34.34343434343435,41.41414141414142,22.786871535569084,21.4104548923767,4.228511529346341
35.35353535353536,41.41414141414142,56.24857992622798,8.01290219016263,3.862465610212885
36.36363636363637,41.41414141414142,34.38237533524644,16.3592428679256,4.4474527843081
37.37373737373738,41.41414141414142,46.64008848666586,18.14810609424522,4.83323211925748
38.38383838383839,41.41414141414142,83.54695569415173,32.81876167740769,5.018403188608527
39.3939393939394,41.41414141414142,28.81896273596314,18.99320681291951,3.888428628995445
40.40404040404041,41.41414141414142,18.811132647139182,15.03292667990966,5.502276155948837
41.41414141414142,41.41414141414142,27.47314216139183,20.69124166614409,4.613555648943965
42.42424242424243,41.41414141414142,32.04507907658618,25.25129691383379,4.838087862620032
43.43434343434344,41.41414141414142,53.53786187716422,23.30427484143718,5.162874340170903
44.44444444444445,41.41414141414142,45.21265295822824,16.84152845515883,1.943012348868641
45.45454545454546,41.41414141414142,36.324566863260564,16.78981968042835,0.9159322950539261
46.46464646464647,41.41414141414142,6.870216493393403,10.95847979962823,2.018720765791445
47.47474747474748,41.41414141414142,6.235545467381537,16.44145421979409,1.47664655707419
48.48484848484848,41.41414141414142,27.48244941169387,23.2943304784542,0.9747413163483901
49.49494949494949,41.41414141414142,16.07272339858647,17.61272400905952,2.381247456668576
50.50505050505051,41.41414141414142,41.18165242948013,9.99629124961047,5.455084905761043
51.51515151515152,41.41414141414142,59.618624358166386,1.000957474053618,3.379985491720364
52.52525252525253,41.41414141414142,75.52008747687006,28.23019493071453,4.193840179244985
53.53535353535354,41.41414141414142,49.39412629490184,17.90219770800776,3.944544147355598
54.54545454545455,41.41414141414142,62.20167530752612,28.41124307117933,4.570662795626437
55.55555555555556,41.41414141414142,48.355546612635074,21.52478529473812,5.300539303150128
56.56565656565657,41.41414141414142,51.566733546774735,23.41430619802398,5.975590096314162
57.57575757575758,41.41414141414142,27.41637890354918,15.67784541828646,4.183073668885585
58.58585858585859,41.41414141414142,18.884685152229864,11.98099635813573,4.316053147472799
59.5959595959596,41.41414141414142,24.83423998221507,16.78444085615856,3.61585855817687
60.60606060606061,41.41414141414142,31.29439007964272,18.35773059904022,6.085061847529378
61.61616161616162,41.41414141414142,39.29422661883324,29.39396129117488,3.826628282874301
62.62626262626263,41.41414141414142,36.58907357680782,13.23163697036413,4.979590885629166
63.63636363636364,41.41414141414142,28.419938125430797,26.72759343022951,3.331888988941816
64.64646464646465,41.41414141414142,32.18707290445129,18.79786544008883,5.482060933980739
65.65656565656566,41.41414141414142,41.562036032431664,18.13144708347721,3.20406666656241
66.66666666666667,41.41414141414142,48.49712239246302,27.44270698928769,4.242414409785609
67.67676767676768,41.41414141414142,55.45471607188828,21.26773621450898,4.095328932447212
68.68686868686869,41.41414141414142,30.249946924143984,5.974390390981266,4.334194713092968
69.6969696969697,41.41414141414142,33.502351743529665,13.04131575542223,4.235564423361055
70.70707070707071,41.41414141414142,36.185109240690494,19.42934979779752,4.948759948142354
71.71717171717172,41.41414141414142,13.285546773805672,15.87365727872532,4.17087392122813
72.72727272727273,41.41414141414142,22.66718962723509,11.98708234976862,4.188464008380378
73.73737373737374,41.41414141414142,41.887291578700484,22.41015620307886,4.071593926755994
74.74747474747475,41.41414141414142,31.10684631062864,7.958950780552301,4.269890741488445
75.75757575757576,41.41414141414142,21.546262370084992,22.81197983137923,1.417693026519627
76.76767676767678,41.41414141414142,36.18154573675412,5.830011064334707,0.771866454758991
77.77777777777779,41.41414141414142,15.498844539025884,15.05754091086571,1.881995152506416
78.7878787878788,41.41414141414142,24.276676555611946,20.59804708368036,2.194832318470304
79.7979797979798,41.41414141414142,12.880394019351707,26.36996938533945,1.323323380738433
80.80808080808082,41.41414141414142,49.208934222394284,17.56028158224738,1.321265164426253
81.81818181818183,41.41414141414142,40.48301567012062,18.6443483071322,4.627632496853777
82.82828282828284,41.41414141414142,29.853757873975017,19.6202176166532,5.088696833705179
83.83838383838385,41.41414141414142,21.81718841281487,18.84321849943792,4.248259599948983
84.84848484848486,41.41414141414142,18.67916172270852,18.87885182945004,4.623163640626337
85.85858585858587,41.41414141414142,38.29124885392511,23.75277164528792,4.805374773910128
86.86868686868688,41.41414141414142,49.08473590154572,28.40061358017566,5.296365464023587
87.87878787878789,41.41414141414142,42.00771109314425,26.90028953285172,4.053785183306038
88.8888888888889,41.41414141414142,20.821298996853667,25.26563492490177,4.344548455478035
89.89898989898991,41.41414141414142,37.53762910358775,23.2753125465599,4.374424492554799
90.90909090909092,41.41414141414142,34.7228591163146,8.838418972520884,4.588073414167745
91.91919191919193,41.41414141414142,32.77367639210473,15.88787986913531,4.542887496841789
92.92929292929294,41.41414141414142,38.41876061183281,25.23694747632491,3.91015227566854
93.93939393939395,41.41414141414142,28.686682065342247,15.30108225926773,4.882026101273418
94.94949494949496,41.41414141414142,16.01322692748061,17.42572601303381,4.204363302027358
95.95959595959597,41.41414141414142,28.387783780656868,12.19661205616358,4.646864542694446
96.96969696969697,41.41414141414142,30.741075984970244,19.33618097057954,5.062950942464815
97.97979797979798,41.41414141414142,53.38875304303406,29.57596295930356,4.782610421950016
98.98989898989899,41.41414141414142,63.50993223047396,23.32354419385045,5.825482276858266
100.0,41.41414141414142,41.026382980173246,18.65419064288419,3.860575803158838
0.0,42.42424242424243,17.589132988337028,18.70048409155165,5.598226065981102
1.01010101010101,42.42424242424243,36.91357848385596,21.8683750595177,5.171806549920994
2.02020202020202,42.42424242424243,53.16887442188229,11.54320340975142,4.70376323170865
3.03030303030303,42.42424242424243,60.975414471473734,2.047476334411208,4.195332217858478
4.040404040404041,42.42424242424243,83.02825322151762,31.23993891352379,3.998861923601434
5.050505050505051,42.42424242424243,23.162740085162653,18.71804525276156,4.394783258597251
6.060606060606061,42.42424242424243,33.93557604463008,19.48598684047663,5.064203092029586
7.070707070707071,42.42424242424243,37.91824198944305,9.885574250223003,4.489771570725813
8.080808080808081,42.42424242424243,17.489871329158056,16.7516083114947,4.864321178230402
9.090909090909092,42.42424242424243,9.775648322348658,18.57112803753128,4.021555493416107
10.1010101010101,42.42424242424243,18.688164211088928,20.12560514907486,4.044977686470523
11.11111111111111,42.42424242424243,26.926514788755547,9.691856447405486,5.246433655299263
12.12121212121212,42.42424242424243,61.046539257241236,19.7341339172694,5.005381498502591
13.13131313131313,42.42424242424243,26.116942282321986,13.17764938974324,4.032879829092317
14.14141414141414,42.42424242424243,43.73917471945576,17.77425766787492,4.244156401769982
15.15151515151515,42.42424242424243,19.019437734277002,16.85919930567401,0.7859994935055886
16.16161616161616,42.42424242424243,41.841301895608076,15.74392932576414,1.267275263722154
17.17171717171717,42.42424242424243,79.46228486581505,29.02159305570856,4.142567509630686
18.18181818181818,42.42424242424243,62.342888050280834,4.237470963207551,5.036287968793765
19.19191919191919,42.42424242424243,43.93499171798846,17.81470994607388,4.366407683273502
20.2020202020202,42.42424242424243,72.33416228689308,4.634602273453192,5.197121467100223
21.21212121212121,42.42424242424243,49.88768426845685,23.25916805072588,5.31726791680039
22.22222222222222,42.42424242424243,55.932083686122006,12.99978684978183,2.914111899612172
23.23232323232324,42.42424242424243,44.071183640150124,22.46384123581866,4.281686156350381
24.24242424242424,42.42424242424243,29.96395444071731,15.84196845914581,4.297266693504063
25.25252525252525,42.42424242424243,45.57045530064522,24.40469465403351,4.410272392314235
26.26262626262626,42.42424242424243,41.11104631380293,13.75086867036803,4.620688373803405
27.27272727272727,42.42424242424243,20.370354136823185,20.23619429070085,4.207483674572879
28.28282828282828,42.42424242424243,31.465448137432368,17.69814391410842,4.487499985680442
29.29292929292929,42.42424242424243,33.73467217700416,11.53319595762907,4.040879888875238
30.3030303030303,42.42424242424243,18.0001350358725,17.4942199024721,3.702401423616164
31.31313131313131,42.42424242424243,16.51989619060063,21.47448169660038,4.47378124229519
32.32323232323233,42.42424242424243,13.387593053518918,23.23341736378444,4.126219079312748
33.33333333333334,42.42424242424243,4.989039815071486,28.92611572073526,3.294633335453417
34.34343434343435,42.42424242424243,12.859568262536907,18.53576085041503,5.315856687391212
35.35353535353536,42.42424242424243,30.795657192195375,20.43452363378525,4.911683627056227
36.36363636363637,42.42424242424243,46.40381301860104,23.2150550687229,4.846267987905382
37.37373737373738,42.42424242424243,69.6589679632214,5.606000284352315,4.907015162075624
38.38383838383839,42.42424242424243,57.59586298555463,23.76347310549347,4.698103508662305
39.3939393939394,42.42424242424243,21.874232943269273,12.96011974683165,4.854343964062546
40.40404040404041,42.42424242424243,21.36225305944398,17.68462961339925,3.596597515180651
41.41414141414142,42.42424242424243,52.99498358552202,7.345925614435491,4.262776731344347
42.42424242424243,42.42424242424243,33.94880373555973,16.3646676316039,3.322297695850384
43.43434343434344,42.42424242424243,23.050780930684216,16.79070909755485,5.299942514207688
44.44444444444445,42.42424242424243,37.59658577930146,24.38586228781629,4.116180862791944
45.45454545454546,42.42424242424243,76.08008515836651,21.41616742483341,6.203103315130612
46.46464646464647,42.42424242424243,47.13344829990006,9.593878378638882,1.48064555014609
47.47474747474748,42.42424242424243,32.6624663583287,15.2619540457719,2.501874703695318
48.48484848484848,42.42424242424243,55.04948622627748,25.55568588543228,4.243016455347627
49.49494949494949,42.42424242424243,48.31873043231456,13.96111036200546,3.652278738631712
50.50505050505051,42.42424242424243,61.98140432966051,31.6134103823499,3.932412336790004
51.51515151515152,42.42424242424243,44.53727139166757,17.07498719337081,4.112554615811712
52.52525252525253,42.42424242424243,47.114710826592884,6.335960825953223,3.866598279851216
53.53535353535354,42.42424242424243,33.77051519686953,4.373916316236818,4.364565426812884
54.54545454545455,42.42424242424243,53.029378887566125,8.517861885313113,4.845607114011561
55.55555555555556,42.42424242424243,37.38816800701271,14.39478641162256,4.563521261513415
56.56565656565657,42.42424242424243,47.72393402193937,24.00340859505341,5.179889984528592
57.57575757575758,42.42424242424243,35.49388138017447,14.43947362640611,3.625051108106449
58.58585858585859,42.42424242424243,26.453359228915694,16.30313252120115,5.025702183266898
59.5959595959596,42.42424242424243,8.40757203695599,14.7748668409048,5.04444354526373
60.60606060606061,42.42424242424243,22.140944809639507,19.42708736137276,4.249649365364898
61.61616161616162,42.42424242424243,30.61589041150851,15.27744964534047,4.197633404571645
62.62626262626263,42.42424242424243,10.036502932697402,13.40403701048295,5.877010996045232
63.63636363636364,42.42424242424243,22.678957605405035,16.44206185225715,4.185740380156999
64.64646464646465,42.42424242424243,35.52328924054102,11.2258580219723,5.495417524977065
65.65656565656566,42.42424242424243,22.05030902563515,23.79231301743262,4.097231845475831
66.66666666666667,42.42424242424243,46.33531177426576,24.01728520287699,4.589306166970974
67.67676767676768,42.42424242424243,66.65364385640348,2.370252763770137,4.38079690702965
68.68686868686869,42.42424242424243,32.9862646721548,8.574883021966265,4.576337616800174
69.6969696969697,42.42424242424243,28.773167967519953,21.09055838460707,4.186466951815369
70.70707070707071,42.42424242424243,26.214587480992268,21.34345598608017,4.992622567497072
71.71717171717172,42.42424242424243,17.712520467590057,10.99552638123665,5.652394209675125
72.72727272727273,42.42424242424243,21.805778639992923,14.06832316691835,3.985588971718975
73.73737373737374,42.42424242424243,30.90431186991661,27.71020657416898,3.99482611498336
74.74747474747475,42.42424242424243,32.50087445062332,17.73720548962425,4.389014694864175
75.75757575757576,42.42424242424243,20.496205309073403,21.55465637004765,4.080696019406855
76.76767676767678,42.42424242424243,30.511186158477134,15.35702172081777,5.376861854471865
77.77777777777779,42.42424242424243,29.801275432659516,10.01263640108142,4.808788545889961
78.7878787878788,42.42424242424243,44.355649402365145,11.90947965619552,0.6733535772413677
79.7979797979798,42.42424242424243,39.56972886274163,12.91656154945975,4.275252390507677
80.80808080808082,42.42424242424243,69.41355539154058,22.12176129594102,5.896609427551658
81.81818181818183,42.42424242424243,21.068641852291933,17.17020021670665,4.510348353976478
82.82828282828284,42.42424242424243,8.87796593876454,21.70277685291254,4.247772719389557
83.83838383838385,42.42424242424243,6.4498977083037055,17.69546886576816,5.384953212703445
84.84848484848486,42.42424242424243,26.51748041416041,23.21142892394047,4.409582253206105
85.85858585858587,42.42424242424243,63.279751624854214,11.82462877767303,3.747575038728042
86.86868686868688,42.42424242424243,56.212665121403894,23.77630101017896,5.123170061682464
87.87878787878789,42.42424242424243,53.2358586400229,14.33038345375437,3.818940303367961
88.8888888888889,42.42424242424243,28.067848448181472,21.80145117505081,4.256851101116091
89.89898989898991,42.42424242424243,34.24926991700636,9.82685172946614,4.053538440266928
90.90909090909092,42.42424242424243,31.578265159925714,14.40155070963715,4.017830200929295
91.91919191919193,42.42424242424243,77.91753747742297,5.552891689377039,3.304961633051956
92.92929292929294,42.42424242424243,41.86803898098175,24.28609113156174,4.474123583505935
93.93939393939395,42.42424242424243,74.65860249818851,31.12026634493714,5.071325293006864
94.94949494949496,42.42424242424243,31.545714863051693,18.5107797908691,4.193943646062163
95.95959595959597,42.42424242424243,26.668163831648044,17.55596215423436,2.899998385793133
96.96969696969697,42.42424242424243,24.348469284284114,16.54770731384123,6.07846047598701
97.97979797979798,42.42424242424243,34.41184378686305,16.56592443369391,4.108043719019844
98.98989898989899,42.42424242424243,58.38648633978909,13.071811920324,3.884776808171774
100.0,42.42424242424243,34.361472481399055,21.66790784240107,4.454121848245722
0.0,43.43434343434344,18.18977239525361,19.12555612396613,4.077930771777979
1.01010101010101,43.43434343434344,31.567178620949896,18.08378536142844,5.559870055701804
2.02020202020202,43.43434343434344,13.771220199522798,17.07336837210105,4.145950593740396
3.03030303030303,43.43434343434344,22.800559437844882,17.3022557386152,4.456479892924449
4.040404040404041,43.43434343434344,25.284990907916402,16.29415070275004,4.033107010348343
5.050505050505051,43.43434343434344,20.00112238429871,26.44909484618504,3.617086106725262
6.060606060606061,43.43434343434344,25.807138248466572,26.90907047195009,2.867813321755873
7.070707070707071,43.43434343434344,24.23519920219575,8.3028352077751,5.7066003990913
8.080808080808081,43.43434343434344,32.71483478330616,27.3075913093197,3.482967270524255
9.090909090909092,43.43434343434344,33.17783904523972,14.39179728165969,3.967988056993321
10.1010101010101,43.43434343434344,15.311144803416632,16.08145765936082,4.263506247008128
11.11111111111111,43.43434343434344,32.20888108418779,20.5723681342286,3.548762807639559
12.12121212121212,43.43434343434344,80.5403198701706,0.6345024412515787,4.420053797160137
13.13131313131313,43.43434343434344,32.02754217657727,12.75189213952433,4.110580205218347
14.14141414141414,43.43434343434344,51.93069887693784,26.20058665464841,4.303308614377237
15.15151515151515,43.43434343434344,54.761495500247456,4.83381206029388,4.195325585132336
16.16161616161616,43.43434343434344,45.066448962101376,18.88231854564644,4.186460753251425
17.17171717171717,43.43434343434344,16.720631077185125,18.54139076817282,5.434689095517684
18.18181818181818,43.43434343434344,44.679816815984154,21.47976671655873,4.924055157278018
19.19191919191919,43.43434343434344,50.48337943340109,10.55656451652117,3.782797789492764
20.2020202020202,43.43434343434344,53.31925353690672,21.32422923050844,4.793987611870845
21.21212121212121,43.43434343434344,28.384481421869626,23.83548430183985,5.236233152728057
22.22222222222222,43.43434343434344,46.59024628781498,19.16909839361684,5.631511014070293
23.23232323232324,43.43434343434344,44.76498722971217,11.24246613339072,4.261535712470511
24.24242424242424,43.43434343434344,26.90947728042617,21.23051368897389,4.17656510838847
25.25252525252525,43.43434343434344,21.688077202146147,11.30817760001758,5.285313675959912
26.26262626262626,43.43434343434344,4.772588612032052,13.51724110795056,4.645161024782275
27.27272727272727,43.43434343434344,31.714705703008086,17.36342153986811,3.614008439656002
28.28282828282828,43.43434343434344,26.730099770955825,24.7634313880246,4.534362439563735
29.29292929292929,43.43434343434344,31.433140701150258,22.2335970766818,4.315862936864122
30.3030303030303,43.43434343434344,48.10580091950259,16.24106829654283,2.829971549562592
31.31313131313131,43.43434343434344,18.6844097446425,19.01274510487457,4.751716138779142
32.32323232323233,43.43434343434344,16.159342595048493,21.61089088592287,4.028329504715091
33.33333333333334,43.43434343434344,24.70269391182382,26.17703780740696,3.669619438485327
34.34343434343435,43.43434343434344,58.9634976981159,32.64296603614731,4.194032436251971
35.35353535353536,43.43434343434344,35.200554637154056,14.39575961861659,4.207945530525582
36.36363636363637,43.43434343434344,28.02263586405136,13.32485865928765,4.786291444404188
37.37373737373738,43.43434343434344,43.66560659979133,17.41203251671092,4.411153119804219
38.38383838383839,43.43434343434344,21.80446777777705,13.87296369039007,4.842457105381784
39.3939393939394,43.43434343434344,16.483494894580573,22.44578614806152,4.011753788358323
40.40404040404041,43.43434343434344,21.21047117296254,17.75833396069977,5.460006455184562
41.41414141414142,43.43434343434344,56.272927192641674,28.07635479318908,4.409515088723285
42.42424242424243,43.43434343434344,29.319806988323982,15.81428363854744,4.090483402711622
43.43434343434344,43.43434343434344,17.654167204705665,21.21497972515883,3.493863389860429
44.44444444444445,43.43434343434344,41.93545995589508,15.48071679641801,3.972716860175243
45.45454545454546,43.43434343434344,29.47539885435939,18.0580190344283,5.377464975959011
46.46464646464647,43.43434343434344,33.54698528104902,10.20689527614194,5.114387721998906
47.47474747474748,43.43434343434344,48.67218371450191,3.187251468193134,4.915512276908319
48.48484848484848,43.43434343434344,25.604131820013354,29.5874893506565,3.435760540392998
49.49494949494949,43.43434343434344,26.638371073916748,23.49562841439895,4.445284309457925
50.50505050505051,43.43434343434344,27.649533322058275,15.65853806333918,4.700307328606823
51.51515151515152,43.43434343434344,22.727417927933217,11.87943802966064,4.943809387727885
52.52525252525253,43.43434343434344,17.74566407466838,17.36367458792946,3.912281020488258
53.53535353535354,43.43434343434344,26.948736462061724,13.80953565115667,5.434954646231732
54.54545454545455,43.43434343434344,55.69954885486533,26.19101842432693,4.513266965672864
55.55555555555556,43.43434343434344,23.46350775282659,22.09228071775702,3.792307671268535
56.56565656565657,43.43434343434344,28.72174392558813,21.18689144025634,3.759581635828983
57.57575757575758,43.43434343434344,25.361170064107718,20.38533658130287,3.899840350788002
58.58585858585859,43.43434343434344,44.46918879246306,25.77115782010386,4.676913971977653
59.5959595959596,43.43434343434344,29.77959739251161,23.98231016860601,2.926012774704131
60.60606060606061,43.43434343434344,32.919741195224006,21.79460761334098,5.30020865014709
61.61616161616162,43.43434343434344,32.86523037335054,19.19595640971397,5.478567739605361
62.62626262626263,43.43434343434344,23.15854745875984,16.3433237108779,4.982715965426927
63.63636363636364,43.43434343434344,25.208827358342262,24.4881905662912,4.991057395627926
64.64646464646465,43.43434343434344,24.604690115013273,20.41928906758864,5.852328923994047
65.65656565656566,43.43434343434344,34.93742418687833,18.36759741903444,5.292011785588283
66.66666666666667,43.43434343434344,42.51650995719668,8.230244735775798,5.304972272573749
67.67676767676768,43.43434343434344,27.895512806292032,16.02477280223812,4.467230202835887
68.68686868686869,43.43434343434344,18.44426470872698,17.62332949035075,4.535346188859432
69.6969696969697,43.43434343434344,11.906299131237528,18.05830214036135,4.074475338097457
70.70707070707071,43.43434343434344,10.505360235049974,15.40126094129306,4.855691169646485
71.71717171717172,43.43434343434344,14.050477844824597,20.70349115143934,3.789500575413127
72.72727272727273,43.43434343434344,23.450494420267525,15.20169664756474,5.047014167681788
73.73737373737374,43.43434343434344,35.020467535714594,20.84802116130621,4.509210451712489
74.74747474747475,43.43434343434344,53.071252627002295,7.102525187529404,4.881096279889901
75.75757575757576,43.43434343434344,18.733176313616006,18.38838125241053,4.192068619011558
76.76767676767678,43.43434343434344,13.12582705588208,13.15667199674954,5.959697346046647
77.77777777777779,43.43434343434344,18.310455442397508,14.82503273201514,4.923431097494418
78.7878787878788,43.43434343434344,30.557800028386485,13.48941603281746,4.516154669838846
79.7979797979798,43.43434343434344,28.035525331339755,12.24178201849598,3.242363261911688
80.80808080808082,43.43434343434344,26.273610798810914,18.21267825782343,4.845656897509
81.81818181818183,43.43434343434344,10.300126893294209,19.71822849085857,4.317723715235149
82.82828282828284,43.43434343434344,9.172336755902336,26.13255578889633,3.910898137390495
83.83838383838385,43.43434343434344,11.949317770779583,17.25695719762592,5.544791704460521
84.84848484848486,43.43434343434344,18.138906285703875,17.19611264956409,4.446232889758226
85.85858585858587,43.43434343434344,25.30722148658819,22.26589972163797,4.135024140322422
86.86868686868688,43.43434343434344,33.82209436773777,14.63515195845687,4.793176939927629
87.87878787878789,43.43434343434344,33.49387260414937,19.72681877977479,5.484279620381168
88.8888888888889,43.43434343434344,25.88349849765454,21.02885132289877,4.210740888873006
89.89898989898991,43.43434343434344,38.94292560546157,10.56750340873254,4.149187258666264
90.90909090909092,43.43434343434344,45.56761959117468,21.36038031820011,5.118074611852354
91.91919191919193,43.43434343434344,77.02452421468914,33.11273302484936,4.420647382693224
92.92929292929294,43.43434343434344,23.597979072936297,21.94342868301353,4.130365577775423
93.93939393939395,43.43434343434344,43.425746338978556,19.44320799631677,3.68545880101872
94.94949494949496,43.43434343434344,27.481441964075955,22.08240000834444,4.190586641205508
95.95959595959597,43.43434343434344,27.427047173109102,14.02332341112426,5.37874970724236
96.96969696969697,43.43434343434344,28.096430070996412,23.52116930617072,4.807951735345161
97.97979797979798,43.43434343434344,45.08031039910697,11.28052772127091,4.75212223683168
98.98989898989899,43.43434343434344,69.75212703749881,25.23440027265444,5.398753057793767
100.0,43.43434343434344,23.28913347998051,31.75913686687679,4.073470418045235
0.0,44.44444444444445,15.072422142366365,20.51772525732594,3.541865497762108
1.01010101010101,44.44444444444445,45.487147392847525,11.03473952404033,3.546911883566817
2.02020202020202,44.44444444444445,11.102688199225932,17.82694169916451,4.111833076183283
3.03030303030303,44.44444444444445,4.288660989734293,21.20742008832242,3.401410570274381
4.040404040404041,44.44444444444445,14.15996864500756,13.67459081249413,4.762697540964551
5.050505050505051,44.44444444444445,17.75371156687431,14.9238136761217,5.19452534362971
6.060606060606061,44.44444444444445,50.0034508858638,20.47042575100641,5.402928609698082
7.070707070707071,44.44444444444445,34.24905639457948,6.312171769932132,4.904313702689152
8.080808080808081,44.44444444444445,30.874297563834222,17.73108356504301,3.587699656407102
9.090909090909092,44.44444444444445,61.40977413864337,28.77475000649924,4.266852401680064
10.1010101010101,44.44444444444445,46.53361641983826,21.40474307649735,4.721559624126002
11.11111111111111,44.44444444444445,58.37910959988183,9.38045719843902,4.368090214718514
12.12121212121212,44.44444444444445,80.46731352793127,25.22739794742613,4.327771746462129
13.13131313131313,44.44444444444445,58.296562074126406,7.223673799075008,4.842187509192408
14.14141414141414,44.44444444444445,25.170215172404674,15.20242514855584,6.25822684784795
15.15151515151515,44.44444444444445,34.82052902660639,19.22765748242227,4.215637772639693
16.16161616161616,44.44444444444445,43.49497552796583,12.25885978520686,3.129961716855214
17.17171717171717,44.44444444444445,25.913799278259184,13.86921342615535,5.772414934984067
18.18181818181818,44.44444444444445,20.63966201267436,20.80393888258126,3.956452205539234
19.19191919191919,44.44444444444445,17.663251694153786,15.61288899598574,4.860406052888368
20.2020202020202,44.44444444444445,28.85172206220888,9.094562282478552,5.714115643371844
21.21212121212121,44.44444444444445,35.7711935365999,13.25455131424961,3.911137992463454
22.22222222222222,44.44444444444445,16.967882035145596,19.32115786358546,3.548241851613644
23.23232323232324,44.44444444444445,12.683567276165277,20.82312882052459,3.740835673982322
24.24242424242424,44.44444444444445,7.195104676343149,15.42222262476665,4.622549121270519
25.25252525252525,44.44444444444445,13.109577578742428,21.92207960393864,3.043946448196902
26.26262626262626,44.44444444444445,29.39413579076995,10.09476082489594,4.706285842662089
27.27272727272727,44.44444444444445,54.81079162137767,25.81062648802673,4.558023377725511
28.28282828282828,44.44444444444445,14.415455706944137,23.25001980237661,4.477241925784687
29.29292929292929,44.44444444444445,25.675329275603946,17.00141954354489,5.05264307344677
30.3030303030303,44.44444444444445,48.21785896377915,30.41952532896476,4.115754508764813
31.31313131313131,44.44444444444445,49.84152188298041,18.52778081574861,3.724314316533357
32.32323232323233,44.44444444444445,50.091915811966466,24.17384289180844,5.402178873214092
33.33333333333334,44.44444444444445,42.07293549635368,10.67013453399226,4.485199472762846
34.34343434343435,44.44444444444445,32.61460315115296,12.22683512135353,4.629068334676017
35.35353535353536,44.44444444444445,34.65215121205769,16.46109980865269,4.984981462752735
36.36363636363637,44.44444444444445,91.17039859360393,3.573529845552153,4.658252398274959
37.37373737373738,44.44444444444445,110.79525518451106,36.38217459537217,4.934085503881596
38.38383838383839,44.44444444444445,36.17526411724219,15.98823640375,4.843400484656793
39.3939393939394,44.44444444444445,17.653788709320786,25.90584930901734,3.824058072741449
40.40404040404041,44.44444444444445,34.865592242063734,25.43519776226483,4.509115211272125
41.41414141414142,44.44444444444445,31.682350554161992,16.43705626657371,4.694150021655963
42.42424242424243,44.44444444444445,18.935986139092723,20.25708074525919,5.089494643322904
43.43434343434344,44.44444444444445,20.151512423042337,23.29166666658059,4.628927879930298
44.44444444444445,44.44444444444445,61.221693395522195,23.97436104379591,5.928776684385603
45.45454545454546,44.44444444444445,24.365720805352936,18.33973070760952,5.384889361043981
46.46464646464647,44.44444444444445,26.190841390160074,18.32163212545329,3.65435146958405
47.47474747474748,44.44444444444445,29.74624501161906,17.4826729022147,3.73601823204811
48.48484848484848,44.44444444444445,28.54916956900398,20.71276624738459,4.576619169898883
49.49494949494949,44.44444444444445,30.90724033333645,26.68162350353795,4.643994911853209
50.50505050505051,44.44444444444445,19.754799278837833,20.28946688115896,4.325691757013401
51.51515151515152,44.44444444444445,46.04498607124147,26.08135204773397,4.373816486320542
52.52525252525253,44.44444444444445,23.15161895217731,17.61240806288278,4.494373997542042
53.53535353535354,44.44444444444445,17.436002833326896,17.65880711163156,4.338328494219293
54.54545454545455,44.44444444444445,45.53296460576428,10.67851776303306,4.674890369313772
55.55555555555556,44.44444444444445,36.929252607709074,24.6720855336096,4.903992993138541
56.56565656565657,44.44444444444445,59.37064041031454,27.25132454580667,5.342070186796137
57.57575757575758,44.44444444444445,35.26010291746479,20.59923382261963,5.466431002351357
58.58585858585859,44.44444444444445,26.75057687010161,18.36639915257419,3.954743865032426
59.5959595959596,44.44444444444445,15.303676682442699,14.43651225214894,6.181003703881871
60.60606060606061,44.44444444444445,22.209523412996887,16.71524004842529,4.336623541793828
61.61616161616162,44.44444444444445,37.65323574169626,11.22086285510498,4.351222274066176
62.62626262626263,44.44444444444445,28.12839835812826,26.14994748873116,4.087573430088427
63.63636363636364,44.44444444444445,25.332046846204243,22.35519286724379,5.291647965949427
64.64646464646465,44.44444444444445,26.9623213069221,27.62582474392474,3.761396383584847
65.65656565656566,44.44444444444445,53.901841473305026,9.800802622590378,3.425444120822966
66.66666666666667,44.44444444444445,22.016924205801217,13.1392504556901,5.00031218400321
67.67676767676768,44.44444444444445,19.49435206819249,14.32952063212705,4.010862087064102
68.68686868686869,44.44444444444445,31.16060833375287,18.50990106824064,5.312144754415089
69.6969696969697,44.44444444444445,36.83440359196388,10.57062061350806,4.562190288185939
70.70707070707071,44.44444444444445,33.64301237575751,19.18469614382314,4.177880583061133
71.71717171717172,44.44444444444445,50.83412833097303,23.19807202931614,4.868858184871247
72.72727272727273,44.44444444444445,83.60392898371455,6.045143021659048,3.737128323161915
73.73737373737374,44.44444444444445,73.80846859563135,25.32159847982583,5.559510826485822
74.74747474747475,44.44444444444445,35.25814600023338,19.51614661798627,5.227216372527418
75.75757575757576,44.44444444444445,27.151198549814467,19.9511866745491,4.882102728451876
76.76767676767678,44.44444444444445,31.721755727336998,29.22507325076221,4.10627224375782
77.77777777777779,44.44444444444445,30.87036733054582,16.43761500844235,6.320927883034178
78.7878787878788,44.44444444444445,33.12919801995375,25.40137631645216,3.816831290486409
79.7979797979798,44.44444444444445,57.55352646939651,2.570773178341047,5.005315172281678
80.80808080808082,44.44444444444445,36.51589626749804,20.56497000383566,4.837411579958721
81.81818181818183,44.44444444444445,11.54885003559907,27.11253581028087,3.631739366604636
82.82828282828284,44.44444444444445,13.524744943725675,24.70199937778102,4.262747206611157
83.83838383838385,44.44444444444445,25.37056180567795,20.25923625373796,5.792059454309951
84.84848484848486,44.44444444444445,18.382918098692898,18.74383183325019,4.709727523108318
85.85858585858587,44.44444444444445,18.18526844426413,15.34090986906693,4.962597913407772
86.86868686868688,44.44444444444445,19.296216172752594,19.75687066040416,4.748546165293287
87.87878787878789,44.44444444444445,38.50304850462973,19.83810293569934,4.302390947879515
88.8888888888889,44.44444444444445,32.47689602637838,13.03852801147847,4.111842771827765
89.89898989898991,44.44444444444445,25.877403803548894,17.63413506050008,4.844425884363009
90.90909090909092,44.44444444444445,19.29109607046243,14.76056540265991,5.490829147518776
91.91919191919193,44.44444444444445,45.8316421985328,17.71492776922815,3.336749296925552
92.92929292929294,44.44444444444445,37.74094168747729,15.26284387424486,6.045998661880263
93.93939393939395,44.44444444444445,76.29671502589704,5.872824593912265,4.082587009395223
94.94949494949496,44.44444444444445,87.1810906944264,32.1114617120911,4.657763768141431
95.95959595959597,44.44444444444445,56.3638008269062,10.9694350342408,4.102891946798332
96.96969696969697,44.44444444444445,46.28828031021512,24.80110698989767,4.670251410965111
97.97979797979798,44.44444444444445,34.650626187040594,18.99794299623805,4.072574798514236
98.98989898989899,44.44444444444445,61.58900190087803,8.460206729739607,3.802655474727016
100.0,44.44444444444445,35.507925670691364,28.7301483273665,3.453699468108447
0.0,45.45454545454546,51.561790494745935,16.56851758776575,4.001999665845329
1.01010101010101,45.45454545454546,32.44764513527245,23.39498871275247,3.932023958991451
2.02020202020202,45.45454545454546,15.595607553694464,12.25840886767681,5.444030190273242
3.03030303030303,45.45454545454546,10.428623614333702,15.2315752875039,4.472681127590435
4.040404040404041,45.45454545454546,37.173626565182204,19.71005704676605,5.163775520089326
5.050505050505051,45.45454545454546,15.928960715019933,14.96454085385022,4.686152206568058
6.060606060606061,45.45454545454546,26.06624704962931,12.87377875205866,4.407253198597155
7.070707070707071,45.45454545454546,37.795874195396834,5.596043297249949,4.053765540009407
8.080808080808081,45.45454545454546,21.27919570525761,13.42907976396342,4.723703954017108
9.090909090909092,45.45454545454546,43.48125383886096,6.351659282693547,3.729308242455802
10.1010101010101,45.45454545454546,71.01905137184217,8.003486736247398,3.65248413807206
11.11111111111111,45.45454545454546,66.163525161073,28.87301836632902,3.954090441641773
12.12121212121212,45.45454545454546,66.66925747455397,39.55640413135982,4.607850972054837
13.13131313131313,45.45454545454546,44.75084390047169,26.90466210967653,4.325029590970912
14.14141414141414,45.45454545454546,23.691646864681257,20.94491222006404,4.120980641395412
15.15151515151515,45.45454545454546,23.762849230644917,12.51343124330441,4.740714920753399
16.16161616161616,45.45454545454546,31.14531515793273,19.71802888884698,4.427073846086795
17.17171717171717,45.45454545454546,26.253337224666673,25.20973903318047,4.723023277319383
18.18181818181818,45.45454545454546,41.91234008965006,21.4720762030862,6.181746264974766
19.19191919191919,45.45454545454546,23.593660891925552,21.75462684991997,3.287852943899257
20.2020202020202,45.45454545454546,23.5285921451982,21.92909542719083,4.24408558250875
21.21212121212121,45.45454545454546,27.896434439147473,22.56300283456511,4.658715735499603
22.22222222222222,45.45454545454546,13.375090740227755,13.89199474868075,4.760654298165371
23.23232323232324,45.45454545454546,7.606434602670024,15.47788099374439,4.722419687089312
24.24242424242424,45.45454545454546,8.211254421065863,13.91031299122366,5.141760112804367
25.25252525252525,45.45454545454546,23.610731349473138,19.20984544419111,4.603078385223509
26.26262626262626,45.45454545454546,16.803480515287557,14.90241825765891,4.05618907670785
27.27272727272727,45.45454545454546,50.98300758063898,16.90691986390759,2.187402799603139
28.28282828282828,45.45454545454546,30.98436525820756,18.93055687705746,4.562353084719887
29.29292929292929,45.45454545454546,49.489109772134974,13.7206797981087,3.698569880756814
30.3030303030303,45.45454545454546,32.69717039409546,24.7554058401702,5.790249813761294
31.31313131313131,45.45454545454546,47.10859026215719,25.67366178342334,5.03415976910184
32.32323232323233,45.45454545454546,23.69410973490686,21.03509638347927,5.613536420597234
33.33333333333334,45.45454545454546,33.062044970017794,15.1938998446591,5.033100420815699
34.34343434343435,45.45454545454546,30.942089235997102,11.34761849795379,3.582059212712922
35.35353535353536,45.45454545454546,32.60180505325915,10.65037872387201,5.239501298176922
36.36363636363637,45.45454545454546,36.382201388347795,20.17961945190649,5.248836126371839
37.37373737373738,45.45454545454546,27.38693054115275,25.14256821271534,4.135577638163804
38.38383838383839,45.45454545454546,11.300203545344516,19.8798196042612,4.435498976392877
39.3939393939394,45.45454545454546,19.27336266759975,16.36034424177066,4.567240517307029
40.40404040404041,45.45454545454546,40.41212794677859,9.215748583323224,5.003877967282374
41.41414141414142,45.45454545454546,22.53179904917758,24.58051018326493,3.814802152823629
42.42424242424243,45.45454545454546,12.67385960871868,18.69524980661466,5.157568727338131
43.43434343434344,45.45454545454546,40.41767479038484,17.08475108603385,6.771416291101844
44.44444444444445,45.45454545454546,55.15384169087278,13.54598314438437,4.104123439680577
45.45454545454546,45.45454545454546,27.60786891082415,20.13859536962386,3.879642124589521
46.46464646464647,45.45454545454546,44.994196823822676,24.86475126362848,4.96781761726874
47.47474747474748,45.45454545454546,36.4484148511341,24.06829968753914,4.301716289686571
48.48484848484848,45.45454545454546,46.77578729548779,12.58907026676916,3.658140611752442
49.49494949494949,45.45454545454546,21.081245959479123,18.36114463615812,4.629513272178608
50.50505050505051,45.45454545454546,27.826245881752065,23.91959822230704,3.769575283558678
51.51515151515152,45.45454545454546,55.839519368077376,9.404448043060968,4.941049178430186
52.52525252525253,45.45454545454546,41.4116257043186,10.27615709245183,3.429374279449392
53.53535353535354,45.45454545454546,47.891925968806035,24.23032340852194,4.769328099816014
54.54545454545455,45.45454545454546,38.375087618880634,14.58207954693707,4.526580636547487
55.55555555555556,45.45454545454546,67.27172891838957,28.81754535999336,4.71380007622985
56.56565656565657,45.45454545454546,78.63663590987605,7.857859151694088,4.019099658294675
57.57575757575758,45.45454545454546,25.57461378609012,22.32147824361455,3.477040997899365
58.58585858585859,45.45454545454546,7.540386880434227,16.86627135004484,4.155915465800584
59.5959595959596,45.45454545454546,10.376455393624433,18.97194148316677,4.238848320077497
60.60606060606061,45.45454545454546,24.33640494118681,15.84570966243837,4.915517651254781
61.61616161616162,45.45454545454546,35.77417664182916,15.62499667068413,2.32204861160384
62.62626262626263,45.45454545454546,44.717344901705786,20.57429000909494,4.340527431418129
63.63636363636364,45.45454545454546,52.79569948007742,11.73227621893927,3.979099218741424
64.64646464646465,45.45454545454546,33.312842709944434,25.32991822264047,4.399877396353537
65.65656565656566,45.45454545454546,21.746124329269577,22.95696091481048,3.619041721203569
66.66666666666667,45.45454545454546,27.257821162766138,18.98272239328494,4.813537253376289
67.67676767676768,45.45454545454546,19.008159067460788,18.68677670661741,3.866817507461926
68.68686868686869,45.45454545454546,20.582301827924532,27.39313546810692,4.147560972339896
69.6969696969697,45.45454545454546,49.44528675819841,22.71655895755586,3.881820096537342
70.70707070707071,45.45454545454546,69.8838399440538,2.715258419103618,5.771039259173731
71.71717171717172,45.45454545454546,41.258678199662135,12.61438279887544,5.331790139452973
72.72727272727273,45.45454545454546,42.59124356332683,18.69008396887296,5.047308229778169
73.73737373737374,45.45454545454546,46.55889133343115,12.27889064957641,4.011292171347187
74.74747474747475,45.45454545454546,44.38658986989009,16.35541230084006,4.383962058720232
75.75757575757576,45.45454545454546,64.65294834080093,26.85974183840099,5.900146349623412
76.76767676767678,45.45454545454546,60.77548589188518,22.20481655924183,3.306620445225928
77.77777777777779,45.45454545454546,82.62918283620017,30.37955095800218,5.708384484377665
78.7878787878788,45.45454545454546,44.67164599053532,19.72833093122053,5.190689095972503
79.7979797979798,45.45454545454546,51.120996754468116,10.48368419758318,4.345603008821425
80.80808080808082,45.45454545454546,41.74554976590509,10.87552947037884,4.80672941742908
81.81818181818183,45.45454545454546,51.39052108171457,24.34656851291768,5.071966804366236
82.82828282828284,45.45454545454546,26.16253421889774,14.72455329780568,4.969458151001026
83.83838383838385,45.45454545454546,21.245254901150606,16.91914959443742,4.647136856857175
84.84848484848486,45.45454545454546,17.498446534760077,16.51295078605941,4.104597764905091
85.85858585858587,45.45454545454546,37.17911378387396,22.25640209713324,4.632346082261344
86.86868686868688,45.45454545454546,29.75538215264519,24.13210427225988,5.021648886387066
87.87878787878789,45.45454545454546,81.55760077164166,35.02451194318725,5.034283356455694
88.8888888888889,45.45454545454546,41.654820685165575,17.2696703818176,4.923748509506566
89.89898989898991,45.45454545454546,15.192172658013865,16.44502016849963,3.629837793475361
90.90909090909092,45.45454545454546,28.81182663568714,16.58715021628721,3.525417128205822
91.91919191919193,45.45454545454546,36.906990292152855,20.89147251265506,4.789565066927712
92.92929292929294,45.45454545454546,36.15896956067755,28.17862277818092,4.972793498033492
93.93939393939395,45.45454545454546,44.19788609785221,18.56537542745261,4.717828166375229
94.94949494949496,45.45454545454546,26.097877614211637,20.0593415045164,4.388235490274121
95.95959595959597,45.45454545454546,19.271870791024682,16.49942498663358,3.918795685413689
96.96969696969697,45.45454545454546,68.37971888446621,11.1349416943032,3.833958207189525
97.97979797979798,45.45454545454546,45.718753804541244,21.53221726340828,5.041412901084944
98.98989898989899,45.45454545454546,29.07150145741556,15.88523964894541,3.91626926822802
100.0,45.45454545454546,15.53112531999632,21.77892768813415,4.127851258972433
0.0,46.46464646464647,117.46909628337475,31.21927926726388,6.052231254146061
1.01010101010101,46.46464646464647,56.830956427821405,12.76745363392481,5.168332491849807
2.02020202020202,46.46464646464647,25.660945183657855,6.606904815495762,5.685615111786098
3.03030303030303,46.46464646464647,22.023504159139986,14.9961000089017,4.720437187343377
4.040404040404041,46.46464646464647,44.121221938322094,15.90529756522072,3.460400430321917
5.050505050505051,46.46464646464647,30.963191260973723,28.62353388211268,2.844010792713953
6.060606060606061,46.46464646464647,21.607538707597456,12.18716775554369,4.898568474277204
7.070707070707071,46.46464646464647,43.90478592341437,20.86726628735655,4.351016332401696
8.080808080808081,46.46464646464647,14.506150207141907,14.9101469188268,4.552290703206107
9.090909090909092,46.46464646464647,51.970241814089405,14.55439156659134,3.657245283703491
10.1010101010101,46.46464646464647,87.95071049873216,33.12858152224209,4.557950082789036
11.11111111111111,46.46464646464647,41.12246703263629,15.59833260016624,4.855754570740328
12.12121212121212,46.46464646464647,31.915843599269266,25.90004184072239,4.737236564726021
13.13131313131313,46.46464646464647,19.61415178909547,28.17798384778314,4.188565152380963
14.14141414141414,46.46464646464647,28.9140868732,10.05498296441471,5.710053166278827
15.15151515151515,46.46464646464647,31.95065177792461,19.03648379644442,4.080493626129744
16.16161616161616,46.46464646464647,27.47171848081505,22.28629013033318,4.630983792468376
17.17171717171717,46.46464646464647,24.529873082930102,18.32774692302426,5.374469770595182
18.18181818181818,46.46464646464647,23.146406838298997,20.28762666509846,4.455344162998387
19.19191919191919,46.46464646464647,19.423657991299514,22.21984885465401,3.545921262651257
20.2020202020202,46.46464646464647,27.884206448973966,23.11868911973633,4.865896426589198
21.21212121212121,46.46464646464647,18.330602837758196,22.5315153513002,4.988604840006796
22.22222222222222,46.46464646464647,22.145813318025752,12.43636039661558,5.731298507873461
23.23232323232324,46.46464646464647,25.035975652222138,23.12613448731013,3.899843803542558
24.24242424242424,46.46464646464647,26.87536797278394,12.94490141114006,4.432824408467538
25.25252525252525,46.46464646464647,13.095473949960352,13.6293277204204,4.442964336846728
26.26262626262626,46.46464646464647,11.606493425862043,19.30962120103067,3.277152402574173
27.27272727272727,46.46464646464647,24.374309452464715,19.45777942624687,4.491810403279949
28.28282828282828,46.46464646464647,25.302465489057493,20.64972776989276,3.1557381950551
29.29292929292929,46.46464646464647,30.64028276798071,15.11185188977139,5.646828633284755
30.3030303030303,46.46464646464647,51.23924689515901,26.65452619236076,5.154087032239646
31.31313131313131,46.46464646464647,86.71465552771953,5.725324197277648,4.595668934462906
32.32323232323233,46.46464646464647,35.5422924339114,16.5986051379229,5.337067497686995
33.33333333333334,46.46464646464647,39.270513098049946,11.34254993945409,4.432197722960641
34.34343434343435,46.46464646464647,28.646687693237112,15.93406287235309,6.11807365838698
35.35353535353536,46.46464646464647,34.601597501133014,20.74808057111618,4.563439715437615
36.36363636363637,46.46464646464647,20.464874889065324,18.08058022066173,6.090396049680699
37.37373737373738,46.46464646464647,15.708167179972943,19.26889167112516,4.551773692700909
38.38383838383839,46.46464646464647,6.772192493320524,14.52200972333267,5.713603711347011
39.3939393939394,46.46464646464647,20.115885460975957,15.47460518870528,5.519287466545978
40.40404040404041,46.46464646464647,59.9068357729966,8.00262642037162,3.661819444220182
41.41414141414142,46.46464646464647,19.70959853676647,16.97517716360773,4.156770553085971
42.42424242424243,46.46464646464647,15.341311238643813,17.12247831143145,4.340554143183232
43.43434343434344,46.46464646464647,64.27303235606077,8.577279146922695,4.809133476212442
44.44444444444445,46.46464646464647,32.79476864467668,22.63074493956744,4.729662114787423
45.45454545454546,46.46464646464647,21.30121385728223,28.49751498262147,3.50928768155765
46.46464646464647,46.46464646464647,28.760132914400344,16.94792659935565,3.864672577305377
47.47474747474748,46.46464646464647,25.68069323102038,18.09132332452537,4.058946291650475
48.48484848484848,46.46464646464647,21.571397275445467,21.7708217428844,4.041230246770786
49.49494949494949,46.46464646464647,30.251589086878035,16.80306549954793,4.981143291927171
50.50505050505051,46.46464646464647,54.16078438447474,26.60060419761937,5.646808343616208
51.51515151515152,46.46464646464647,74.83788977985226,27.45396594275072,5.365081800350168
52.52525252525253,46.46464646464647,36.88988606928115,13.9108843841115,4.702986877036481
53.53535353535354,46.46464646464647,33.94112639703377,23.5135831533046,3.947688062284725
54.54545454545455,46.46464646464647,35.42695905093622,15.41777640061344,3.112073897258387
55.55555555555556,46.46464646464647,37.76268437978064,15.76620658784805,3.532457953198791
56.56565656565657,46.46464646464647,37.764832777357796,20.63657433262836,3.965836942606848
57.57575757575758,46.46464646464647,26.069293351451876,14.09690452011471,4.529711338057888
58.58585858585859,46.46464646464647,20.719392221976683,13.04072445869162,4.625137077615188
59.5959595959596,46.46464646464647,33.852089431173056,22.30061129434373,4.495766866923208
60.60606060606061,46.46464646464647,40.10691133614283,27.27351438970765,4.608725557343818
61.61616161616162,46.46464646464647,43.1119124770087,15.49943261227857,4.65869374559195
62.62626262626263,46.46464646464647,62.19413936527323,5.621571226284797,4.208983105333642
63.63636363636364,46.46464646464647,31.41745941275823,16.87259735488741,4.674487581175951
64.64646464646465,46.46464646464647,10.3927739122629,15.3249190661931,5.146193569556305
65.65656565656566,46.46464646464647,18.433636846220953,23.20092815200327,3.616166608763602
66.66666666666667,46.46464646464647,38.248792544164104,9.012003007081423,3.930754589322038
67.67676767676768,46.46464646464647,31.096409043707993,14.58533484159224,4.900975840830919
68.68686868686869,46.46464646464647,55.4388620560169,25.47195164739465,4.470290852073643
69.6969696969697,46.46464646464647,60.55996091225537,5.62084593085781,5.035131264159224
70.70707070707071,46.46464646464647,63.43063451239621,21.58442657656246,4.939885927506567
71.71717171717172,46.46464646464647,23.28181708943816,27.79677219113934,3.883052360613882
72.72727272727273,46.46464646464647,41.489972728407366,28.25581150913591,4.27517998954603
73.73737373737374,46.46464646464647,28.581291466966064,21.26363276285098,3.594899113556107
74.74747474747475,46.46464646464647,26.549593520655268,24.13810987579896,4.545180341497999
75.75757575757576,46.46464646464647,44.4847730255862,23.63487532834069,5.61736355840699
76.76767676767678,46.46464646464647,30.96823109426708,15.51075741263086,3.994191008978823
77.77777777777779,46.46464646464647,54.56032940724647,15.71371150849388,5.30927312958724
78.7878787878788,46.46464646464647,67.58663864220217,10.62263280767662,5.368550467253984
79.7979797979798,46.46464646464647,88.21266420400993,33.66814542258237,4.567760254833005
80.80808080808082,46.46464646464647,48.92502156068577,23.82668256045262,3.950418693509974
81.81818181818183,46.46464646464647,33.048686782420035,12.48265724232018,5.164238762711972
82.82828282828284,46.46464646464647,22.132366587627615,19.6907141976142,4.567298666034267
83.83838383838385,46.46464646464647,25.049661171648197,20.99599222182928,5.171958051366449
84.84848484848486,46.46464646464647,28.94083216873306,15.85465671842809,4.484901159022268
85.85858585858587,46.46464646464647,65.90926361272973,8.367522103827612,4.153610220987322
86.86868686868688,46.46464646464647,43.736351700587164,22.60854431076378,4.54482726256134
87.87878787878789,46.46464646464647,41.39582474994184,19.85070387508283,4.407759281361197
88.8888888888889,46.46464646464647,32.717937458467105,25.4494873416153,4.070852064239322
89.89898989898991,46.46464646464647,47.97807855249539,16.59973532068928,4.10681556676963
90.90909090909092,46.46464646464647,34.74273782370794,20.5478968527159,5.273154514533909
91.91919191919193,46.46464646464647,32.87964755350378,15.82507007609158,4.74144810938507
92.92929292929294,46.46464646464647,47.78509468275067,28.24075637284889,4.813665640098113
93.93939393939395,46.46464646464647,59.59796991984294,8.251837555372447,3.318500208686705
94.94949494949496,46.46464646464647,32.13729383853897,14.81794078812243,4.655180870069781
95.95959595959597,46.46464646464647,44.5117323410543,14.02389294889676,3.747609488289176
96.96969696969697,46.46464646464647,98.4142636035763,26.09982982323775,5.948100148846317
97.97979797979798,46.46464646464647,42.42168865688626,19.22325356548138,3.592724578504797
98.98989898989899,46.46464646464647,26.56520081462252,10.68469532391312,4.679189550451818
100.0,46.46464646464647,22.057525761827478,20.40348196371928,4.875595649414787
0.0,47.47474747474748,52.39735571438405,25.126082089962,3.269031625835751
1.01010101010101,47.47474747474748,50.00595398896058,20.93415080094008,5.537606073988344
2.02020202020202,47.47474747474748,61.94673968325924,8.225056324666436,3.12913663920319
3.03030303030303,47.47474747474748,44.03603631711594,26.18807670486222,4.095249807117855
4.040404040404041,47.47474747474748,50.38349696800711,26.48559669799619,5.386610164961746
5.050505050505051,47.47474747474748,73.6716919399974,30.48808074726937,4.78567273946717
6.060606060606061,47.47474747474748,64.76914006401626,5.659246119745606,5.12988791925491
7.070707070707071,47.47474747474748,48.719629459683745,8.075452046829565,4.618450504897829
8.080808080808081,47.47474747474748,27.672664065492157,18.3145752621755,2.831399809608578
9.090909090909092,47.47474747474748,41.22774350243035,20.507977810449,5.810054965343746
10.1010101010101,47.47474747474748,30.786208519197015,18.019383731761,5.215915254674687
11.11111111111111,47.47474747474748,21.15249823309395,15.95055616619415,4.990233224879331
12.12121212121212,47.47474747474748,25.836055357249368,18.65869524748115,5.693264929024897
13.13131313131313,47.47474747474748,27.176878193415895,22.17995188868981,4.802116522165692
14.14141414141414,47.47474747474748,51.438197311883954,13.67460657369631,3.768432196049698
15.15151515151515,47.47474747474748,78.66967324404237,31.96620523599686,4.421302284655152
16.16161616161616,47.47474747474748,42.898350436904494,8.303848680396108,4.753166701457269
17.17171717171717,47.47474747474748,47.62730304220851,7.204838312224965,4.686542545198995
18.18181818181818,47.47474747474748,49.99551924431428,26.90095765184632,4.494833709676176
19.19191919191919,47.47474747474748,33.90139139657659,15.59888552193927,3.440044472791287
20.2020202020202,47.47474747474748,27.153788096395488,9.782216428216817,5.538227754565082
21.21212121212121,47.47474747474748,30.02335834774169,22.63678320526089,3.868980745555827
22.22222222222222,47.47474747474748,19.028567130814046,13.27122542881164,3.607119876660678
23.23232323232324,47.47474747474748,34.13264061559011,13.42537906892322,4.384034712582169
24.24242424242424,47.47474747474748,64.20116249993991,0.0,4.942570719343458
25.25252525252525,47.47474747474748,38.58293194909085,17.14469419730012,4.617674014125582
26.26262626262626,47.47474747474748,30.692670070303045,10.89615764131524,4.270696492577059
27.27272727272727,47.47474747474748,31.164265735499583,21.69613250488785,3.995063930454428
28.28282828282828,47.47474747474748,34.71407516745522,21.24198471628318,4.837957626108487
29.29292929292929,47.47474747474748,25.187021708688395,16.28407007763996,4.272559907652037
30.3030303030303,47.47474747474748,24.428990503918957,19.55980767657616,5.189046909052289
31.31313131313131,47.47474747474748,40.21452541516341,24.82498305342478,3.903022251909147
32.32323232323233,47.47474747474748,14.098777057329855,16.38853727844034,4.668125167836397
33.33333333333334,47.47474747474748,31.141403293970694,23.82604548196973,4.013493489738693
34.34343434343435,47.47474747474748,24.08439130353661,21.2941218235599,4.214940207346603
35.35353535353536,47.47474747474748,62.920890667829326,2.819055045499338,4.751450862702366
36.36363636363637,47.47474747474748,27.989651686647996,20.49033303735936,3.430999048863995
37.37373737373738,47.47474747474748,12.572141567570775,17.45961310675962,3.911384486554553
38.38383838383839,47.47474747474748,12.975624728920097,16.26793959179563,4.195894661897803
39.3939393939394,47.47474747474748,32.26373090254499,19.44287378950482,4.970703545945921
40.40404040404041,47.47474747474748,78.81693979024445,31.0622349657031,4.98221853848165
41.41414141414142,47.47474747474748,41.020768975306986,14.15979199480079,4.233696383737138
42.42424242424243,47.47474747474748,24.520436495125175,15.09984788215199,4.76082162310236
43.43434343434344,47.47474747474748,59.27370716608203,26.53541708449591,4.712361112225199
44.44444444444445,47.47474747474748,21.565166034279954,25.26833068075674,3.96204992986357
45.45454545454546,47.47474747474748,27.544530976244488,19.74364373726439,3.961484974711324
46.46464646464647,47.47474747474748,45.968594476546635,13.36680969516821,3.809759586723757
47.47474747474748,47.47474747474748,32.56115771759568,4.427146708541898,5.261840547457591
48.48484848484848,47.47474747474748,42.635232951416484,16.97092293608202,3.680132689774824
49.49494949494949,47.47474747474748,65.50276187046259,23.88311318588498,5.552361765600727
50.50505050505051,47.47474747474748,46.78207714279001,14.54663754178575,4.333162280231436
51.51515151515152,47.47474747474748,57.13083481057632,6.936732216779094,4.836852949051273
52.52525252525253,47.47474747474748,21.971685778099328,19.12269560758969,3.845100266227548
53.53535353535354,47.47474747474748,36.52817453551594,12.35933397225133,4.210783013366092
54.54545454545455,47.47474747474748,47.707605493275395,24.95703641955344,4.772528271196016
55.55555555555556,47.47474747474748,31.37764363130766,20.78452719546108,4.46185200516105
56.56565656565657,47.47474747474748,55.88971767250583,25.8824766242398,5.351367433908509
57.57575757575758,47.47474747474748,30.104327703682614,25.5682790968944,5.195818762139975
58.58585858585859,47.47474747474748,32.39504033353575,19.06671076594349,4.71660095355311
59.5959595959596,47.47474747474748,38.51230441837914,12.43471728061926,4.026642680559956
60.60606060606061,47.47474747474748,28.06568722899886,21.94365561877921,4.192628739568361
61.61616161616162,47.47474747474748,22.651549923278218,23.48395197513577,4.543298647387354
62.62626262626263,47.47474747474748,36.069356577444864,21.5827895552878,4.774166181322923
63.63636363636364,47.47474747474748,32.610801582754405,29.07025799976126,4.029490672662903
64.64646464646465,47.47474747474748,17.531997526454663,17.27090627831836,4.794965070836431
65.65656565656566,47.47474747474748,29.769518779209115,14.61125695535739,4.413581120386747
66.66666666666667,47.47474747474748,26.32833726854848,10.08735491361392,4.752110194218583
67.67676767676768,47.47474747474748,56.512922008590294,24.37050739260211,4.786480892329179
68.68686868686869,47.47474747474748,63.25664838311446,3.62902865465529,5.597616635244354
69.6969696969697,47.47474747474748,37.66762491511359,9.641577843498347,4.851218348272099
70.70707070707071,47.47474747474748,56.278706924096504,4.746692976228532,4.949010632686026
71.71717171717172,47.47474747474748,40.1107395319639,14.76760680151606,4.717230717075223
72.72727272727273,47.47474747474748,38.721748339435,11.6742344184777,3.299854743247469
73.73737373737374,47.47474747474748,22.10982998658935,15.92873224652369,4.201926280223041
74.74747474747475,47.47474747474748,26.831312771953073,23.08221276718648,4.23916535673001
75.75757575757576,47.47474747474748,26.059675663869157,19.19305665007256,3.87659461852772
76.76767676767678,47.47474747474748,33.19896598089093,17.42981388782244,4.708464590204668
77.77777777777779,47.47474747474748,98.23479845987367,0.6365189531498472,4.795684590524335
78.7878787878788,47.47474747474748,112.1539734337278,24.73529158415379,6.421556838379055
79.7979797979798,47.47474747474748,57.5825213283416,16.84662394490861,3.893359723139665
80.80808080808082,47.47474747474748,43.29661548931779,7.875053177383008,3.758644438355266
81.81818181818183,47.47474747474748,23.963821387086924,20.21206884120941,4.081952479515701
82.82828282828284,47.47474747474748,34.83784473817178,16.64640973178975,3.742019885923685
83.83838383838385,47.47474747474748,15.591674534965765,18.40415864716371,5.134566406981364
84.84848484848486,47.47474747474748,20.80658003763303,26.67034651074481,4.113459262175674
85.85858585858587,47.47474747474748,67.92833272490186,25.99508310869407,4.835564532025253
86.86868686868688,47.47474747474748,57.46645547867972,6.873119658621475,4.290461497299489
87.87878787878789,47.47474747474748,42.19451246362209,9.583930251406517,4.392644309213328
88.8888888888889,47.47474747474748,52.03320166224912,14.5797166791185,2.937776772638511
89.89898989898991,47.47474747474748,103.63403578256168,37.68424539908744,4.670276338963913
90.90909090909092,47.47474747474748,34.4194381730065,17.9159979742939,5.177248041527129
91.91919191919193,47.47474747474748,20.521605463666884,21.96216099339237,3.974960570329543
92.92929292929294,47.47474747474748,29.267447615740828,28.45712180931011,4.162463729101619
93.93939393939395,47.47474747474748,47.46256611143861,12.46008652202642,4.447543279542405
94.94949494949496,47.47474747474748,45.8176533245565,22.13914031507588,5.441216698828483
95.95959595959597,47.47474747474748,31.47848722700716,17.78658549355839,5.587849051509962
96.96969696969697,47.47474747474748,54.445823029115715,17.31698335798882,3.638608409556506
97.97979797979798,47.47474747474748,21.573598256513588,23.42131474007645,4.013992465845204
98.98989898989899,47.47474747474748,18.92180086580722,14.89116198034792,5.069436682068053
100.0,47.47474747474748,17.359314263165924,19.15702603053112,4.821673127500326
0.0,48.48484848484848,17.017032040595396,21.79984505303631,4.529140437324851
1.01010101010101,48.48484848484848,14.01951864788299,23.66710875357246,3.794919774560182
2.02020202020202,48.48484848484848,23.066718616349796,17.38288709741144,5.177514188766178
3.03030303030303,48.48484848484848,15.524025718216297,19.23130743322555,4.393429740541262
4.040404040404041,48.48484848484848,42.320922328462316,12.9848216541865,5.192350347042249
5.050505050505051,48.48484848484848,83.90307281316473,11.86236728646755,3.020697052416565
6.060606060606061,48.48484848484848,69.50654382728547,29.1440117147334,4.539526902001692
7.070707070707071,48.48484848484848,91.95266921192065,26.75228445025129,5.825755413785282
8.080808080808081,48.48484848484848,60.103424169300936,12.1505848999962,3.213102083987446
9.090909090909092,48.48484848484848,54.563063295346865,20.8430854468309,5.403542397492424
10.1010101010101,48.48484848484848,52.4439794958453,15.13826892852903,4.452891549513602
11.11111111111111,48.48484848484848,46.03180977166153,8.719917384472968,4.571695378628359
12.12121212121212,48.48484848484848,26.258347983469633,11.10584859285194,4.165743978020283
13.13131313131313,48.48484848484848,31.0992849029507,11.42047465438537,5.65462594913022
14.14141414141414,48.48484848484848,45.878514941938136,27.94356242591346,3.815642449767164
15.15151515151515,48.48484848484848,34.798107313748474,17.45108898745166,4.697166837662879
16.16161616161616,48.48484848484848,18.473244900168716,8.27023935236363,4.807434318268556
17.17171717171717,48.48484848484848,28.27319751982906,15.64968193908941,4.261141372448923
18.18181818181818,48.48484848484848,50.76326613797157,21.69631278679022,4.879365859121859
19.19191919191919,48.48484848484848,63.02639689246952,2.56192643512612,4.275697665327296
20.2020202020202,48.48484848484848,38.90536662053417,12.42996017029125,3.040911822142118
21.21212121212121,48.48484848484848,45.85828390758222,26.03109069276673,4.215714650907829
22.22222222222222,48.48484848484848,44.279112844391065,10.15433002315211,4.912463207563456
23.23232323232324,48.48484848484848,51.67906650893292,24.27596793326076,3.880922543358646
24.24242424242424,48.48484848484848,61.80948106566238,22.05871245659543,2.783310151819813
25.25252525252525,48.48484848484848,26.842338470879078,25.61396241099695,4.024496780726806
26.26262626262626,48.48484848484848,41.54073971906682,14.51451584454763,5.496620985061246
27.27272727272727,48.48484848484848,81.9021084133862,27.94954624675482,5.523439937031711
28.28282828282828,48.48484848484848,55.644413139773036,15.24741685612814,3.331564397306606
29.29292929292929,48.48484848484848,19.7431100388798,18.09078168250907,4.944403659405291
30.3030303030303,48.48484848484848,24.79346823555548,14.62510542196215,5.209547316639119
31.31313131313131,48.48484848484848,38.38228676085149,6.569061228089512,4.811668127689613
32.32323232323233,48.48484848484848,19.26733724779578,21.97751415952771,3.262581029893569
33.33333333333334,48.48484848484848,54.300334814518706,7.848247996435873,5.276016118928464
34.34343434343435,48.48484848484848,39.720141111160174,20.48008445847829,4.693712015053968
35.35353535353536,48.48484848484848,23.377214258922525,11.8598065204734,4.260068693548699
36.36363636363637,48.48484848484848,27.24090928583932,14.10782990552046,4.045842127153221
37.37373737373738,48.48484848484848,39.88535997667392,20.94371819342744,4.637175624807779
38.38383838383839,48.48484848484848,21.429600379424464,17.01203436757187,3.49690155802182
39.3939393939394,48.48484848484848,23.41635098472669,16.54093797624044,3.949358095238344
40.40404040404041,48.48484848484848,45.741115906512455,22.56126090936034,5.224460547709878
41.41414141414142,48.48484848484848,18.729208832500056,22.10223080544738,4.826104465598312
42.42424242424243,48.48484848484848,37.408553103041854,23.2639280812483,4.403377565882233
43.43434343434344,48.48484848484848,62.87178804148188,8.59526683063407,5.797573501271109
44.44444444444445,48.48484848484848,44.818738940470055,30.40466890697601,4.361940056683089
45.45454545454546,48.48484848484848,36.1859480976822,22.18576736685557,5.292148938599931
46.46464646464647,48.48484848484848,114.06869095914055,35.65358069941441,4.636438817705304
47.47474747474748,48.48484848484848,64.40184622140482,9.522134043206442,3.845052125344218
48.48484848484848,48.48484848484848,45.38353114943894,22.6254353759747,4.338381956383199
49.49494949494949,48.48484848484848,45.137079425029484,15.9421018227055,3.715509083701946
50.50505050505051,48.48484848484848,10.192309851239255,15.43622590064493,4.025332122919288
51.51515151515152,48.48484848484848,28.307243142495473,19.32465256770862,4.081664991651873
52.52525252525253,48.48484848484848,22.114068513714646,19.9183115311878,4.611159583378933
53.53535353535354,48.48484848484848,37.22612025179509,8.208817464051801,4.295806342846907
54.54545454545455,48.48484848484848,32.67197058962882,19.99391128602819,4.643464044063423
55.55555555555556,48.48484848484848,24.954633686031464,18.22520721339419,4.192587064746048
56.56565656565657,48.48484848484848,89.58257760761704,6.40731193716408,3.596013765444617
57.57575757575758,48.48484848484848,47.97618381714223,31.02761863930189,4.189836393533378
58.58585858585859,48.48484848484848,19.109680496546478,19.31801592530456,3.765542694355681
59.5959595959596,48.48484848484848,13.026447131793368,15.08958727738334,4.780770533432315
60.60606060606061,48.48484848484848,33.22298690312011,14.25633130928767,4.914156124156536
61.61616161616162,48.48484848484848,79.85560019927554,43.15645344398192,3.347483600702727
62.62626262626263,48.48484848484848,51.01768873230793,13.48107955833337,4.146137988236474
63.63636363636364,48.48484848484848,27.49411531538005,14.71888808790332,4.98584974226205
64.64646464646465,48.48484848484848,21.59827644724139,25.3809229851445,3.795867648153091
65.65656565656566,48.48484848484848,54.33601132853345,30.36173972087039,4.257938447789384
66.66666666666667,48.48484848484848,51.83434998252848,8.263226042130254,4.889085008094937
67.67676767676768,48.48484848484848,39.57886984600745,21.97360243990743,4.587853864732792
68.68686868686869,48.48484848484848,40.21418560331362,14.52533312601169,3.92368546461515
69.6969696969697,48.48484848484848,51.594083852882875,29.26525105493198,4.415842631609406
70.70707070707071,48.48484848484848,47.24708476300431,28.10830706496548,3.416084456845077
71.71717171717172,48.48484848484848,68.04177090340404,5.025627452926981,4.935317827130666
72.72727272727273,48.48484848484848,24.289627955527255,13.7412550555122,3.754231867203795
73.73737373737374,48.48484848484848,31.634897394032045,21.29948375899815,4.062792541369498
74.74747474747475,48.48484848484848,33.95724420054355,13.45137356710809,4.21892870613151
75.75757575757576,48.48484848484848,18.71677031647581,18.50048260145563,4.819919537592247
76.76767676767678,48.48484848484848,20.621036878486127,25.13016476690444,4.300398106203304
77.77777777777779,48.48484848484848,44.71166152377637,18.11671822268633,4.460755021003837
78.7878787878788,48.48484848484848,40.04264797374198,10.57598381297237,5.774382699032444
79.7979797979798,48.48484848484848,39.24813681843173,17.48443414898436,4.488703861433834
80.80808080808082,48.48484848484848,52.87265021816279,1.716560652701788,5.729207543612781
81.81818181818183,48.48484848484848,32.48603803126809,20.16383368113438,3.858858900902789
82.82828282828284,48.48484848484848,34.07169953650656,32.02481810473709,3.796452850673386
83.83838383838385,48.48484848484848,30.842185928429053,21.56221934382202,4.422312353091074
84.84848484848486,48.48484848484848,20.561184895203418,19.58505116766916,4.916270355480099
85.85858585858587,48.48484848484848,33.62969434282679,9.83872282305658,5.807523313878597
86.86868686868688,48.48484848484848,40.35013948528474,17.11374811907064,4.515060950244496
87.87878787878789,48.48484848484848,70.74982354192302,32.94821836827188,4.61740964305374
88.8888888888889,48.48484848484848,39.03212843203362,12.12729100607905,4.642304007146221
89.89898989898991,48.48484848484848,41.62206745801626,21.66499434882713,3.955119682522286
90.90909090909092,48.48484848484848,57.19973761231206,21.57427353799865,5.846756907689699
91.91919191919193,48.48484848484848,46.33174167441444,14.9798876876987,3.610650057601871
92.92929292929294,48.48484848484848,32.25633434780254,32.91316076073065,3.435092291243425
93.93939393939395,48.48484848484848,22.4239885208034,16.74725396522831,5.323376601414344
94.94949494949496,48.48484848484848,27.56531152560367,14.39997410809764,5.19439150491749
95.95959595959597,48.48484848484848,19.025249316707896,24.15150417383649,5.01069761988546
96.96969696969697,48.48484848484848,26.494639936189305,24.70950794943988,4.904024799661024
97.97979797979798,48.48484848484848,15.102341029990331,24.80727105976274,3.313308859467114
98.98989898989899,48.48484848484848,16.613844913402808,27.935203766114,3.231786886933341
100.0,48.48484848484848,33.89789758257781,16.13715834803138,3.983371703482728
0.0,49.49494949494949,31.140063036048456,27.57152537542468,4.507159856902866
1.01010101010101,49.49494949494949,28.144769655650336,31.62734632455298,3.499421182650404
2.02020202020202,49.49494949494949,35.28079934193779,21.01615754675966,3.220864784203286
3.03030303030303,49.49494949494949,19.909043498627994,22.65266127118259,4.469840442737706
4.040404040404041,49.49494949494949,26.249899969115834,25.48283848679493,4.426540288629242
5.050505050505051,49.49494949494949,62.39211523298569,26.11094221584647,5.105714546557019
6.060606060606061,49.49494949494949,43.210958979642,13.76352943370414,5.635344135783955
7.070707070707071,49.49494949494949,46.120062473785296,13.26629949484222,3.539888164079919
8.080808080808081,49.49494949494949,33.034900884158205,16.50061299102705,4.620636129698464
9.090909090909092,49.49494949494949,79.76030999975185,4.679377511054973,4.210619348809449
10.1010101010101,49.49494949494949,95.66654477729675,35.63294950290136,4.991020716848093
11.11111111111111,49.49494949494949,75.6968061103801,32.82715787489585,4.579021938954637
12.12121212121212,49.49494949494949,41.45101895477816,15.65029716930473,4.256726463967254
13.13131313131313,49.49494949494949,23.773675430023992,20.55003476420233,4.218237621080587
14.14141414141414,49.49494949494949,47.222570925462726,7.724003265377716,5.812464620252218
15.15151515151515,49.49494949494949,19.279943458543144,16.23135076994982,4.251268946858815
16.16161616161616,49.49494949494949,29.971024953727074,8.573853243263695,5.157965351626803
17.17171717171717,49.49494949494949,35.60057087677127,19.65595762312493,4.108319600159723
18.18181818181818,49.49494949494949,38.86040131454105,13.84587034903127,3.752110277090343
19.19191919191919,49.49494949494949,38.71159259560346,22.31058185016518,4.419345004489224
20.2020202020202,49.49494949494949,31.152925557762018,20.69009109884836,3.782318874785921
21.21212121212121,49.49494949494949,50.46685318762499,27.51059257746973,5.060461647357974
22.22222222222222,49.49494949494949,57.16516246269928,21.59794162437263,5.593130037859215
23.23232323232324,49.49494949494949,116.78825951968346,0.0,4.081802039199296
24.24242424242424,49.49494949494949,114.4545857826127,30.27602956916311,5.705303597432665
25.25252525252525,49.49494949494949,24.348120380965465,21.93249185891877,5.541931838234008
26.26262626262626,49.49494949494949,31.275545450102893,20.69748899033342,5.546459122821528
27.27272727272727,49.49494949494949,36.710120407698916,12.85233281235126,5.652370454728011
28.28282828282828,49.49494949494949,16.818216539926894,14.99194795824228,5.281172820845955
29.29292929292929,49.49494949494949,17.97959309531811,19.27133915269082,4.268383893838461
30.3030303030303,49.49494949494949,16.924250403526727,11.80570705729807,5.09608369444009
31.31313131313131,49.49494949494949,26.305105008486827,8.34859863272569,4.213360589315727
32.32323232323233,49.49494949494949,31.63938773992505,15.03017577995743,4.895566905503133
33.33333333333334,49.49494949494949,58.08508357474953,22.31179783256998,5.350288407539947
34.34343434343435,49.49494949494949,51.94771733529277,8.292092238190879,5.299674027148657
35.35353535353536,49.49494949494949,24.437029610812086,12.34650587470743,4.434045470958903
36.36363636363637,49.49494949494949,44.186765558410485,17.89511908073383,5.935770507086053
37.37373737373738,49.49494949494949,51.33632094963966,10.61151313364301,4.153850223735045
38.38383838383839,49.49494949494949,36.862106590627135,21.4674731070178,4.330816733881906
39.3939393939394,49.49494949494949,16.71760213764444,13.79822277483939,4.446976019572014
40.40404040404041,49.49494949494949,53.28544239664852,7.583030393352673,4.686972145573172
41.41414141414142,49.49494949494949,31.869372053776456,22.277327215388,4.215084318654885
42.42424242424243,49.49494949494949,48.65408601519047,8.75960314254364,4.588541994609581
43.43434343434344,49.49494949494949,29.792981048282478,18.84758716807255,4.812618529001412
44.44444444444445,49.49494949494949,17.192802311737676,19.39097965821147,4.324791956917909
45.45454545454546,49.49494949494949,41.872435705646666,17.48861331367799,4.286849220909279
46.46464646464647,49.49494949494949,98.43769233820758,0.0,4.946027217682087
47.47474747474748,49.49494949494949,53.99609537828772,16.18929427503866,5.600312203346028
48.48484848484848,49.49494949494949,65.95795296847723,9.609528474838264,5.494090969533451
49.49494949494949,49.49494949494949,57.837940341162394,35.85598284736596,3.47442750937601
50.50505050505051,49.49494949494949,28.54908829533617,22.80933122590373,3.610997433992083
51.51515151515152,49.49494949494949,38.21769214539641,9.272887853583374,4.387324342001206
52.52525252525253,49.49494949494949,32.411900741441855,20.99070784295414,4.403480745166334
53.53535353535354,49.49494949494949,26.709615647763435,15.73775559651368,3.382213327220096
54.54545454545455,49.49494949494949,20.29777737604533,15.09079778644749,4.136828189714993
55.55555555555556,49.49494949494949,14.48827774468258,18.1135029103905,3.462564703297388
56.56565656565657,49.49494949494949,35.830062385320936,21.34157404610372,4.946935103937745
57.57575757575758,49.49494949494949,14.189858644130275,18.75638658129015,5.606682524891702
58.58585858585859,49.49494949494949,21.496427968168426,14.76629041557788,5.020454672888581
59.5959595959596,49.49494949494949,38.520237704567734,17.49674889231333,5.68625500296704
60.60606060606061,49.49494949494949,46.8593094827384,11.55569432978222,3.080676187216473
61.61616161616162,49.49494949494949,62.647475497491826,5.858798703741876,4.402407395320937
62.62626262626263,49.49494949494949,53.82660280309004,26.01404364058414,4.10381839056028
63.63636363636364,49.49494949494949,41.57754972439868,13.06930155061481,3.642894027379241
64.64646464646465,49.49494949494949,36.403276672231634,20.15175257666264,5.623046590330182
65.65656565656566,49.49494949494949,18.688957498656375,24.15583138574787,4.079322374188244
66.66666666666667,49.49494949494949,37.560847093582666,15.66560875913895,5.803128475834633
67.67676767676768,49.49494949494949,22.594889924480547,12.32046971490782,5.078084745996556
68.68686868686869,49.49494949494949,40.26997414219591,19.12854996082838,2.554912245251245
69.6969696969697,49.49494949494949,55.34783644131585,24.16615504824061,6.111913017159852
70.70707070707071,49.49494949494949,42.0678461615677,16.70311777719358,5.028318920860217
71.71717171717172,49.49494949494949,80.58307517668365,31.70517953802204,4.860686612834261
72.72727272727273,49.49494949494949,43.28237008088627,16.09653217799645,4.594124612297668
73.73737373737374,49.49494949494949,40.907103054307434,17.24450302037367,2.570810132049302
74.74747474747475,49.49494949494949,26.061257356550055,17.4166031819777,5.125855034418519
75.75757575757576,49.49494949494949,20.091278905486252,27.3299504039312,3.584033379057311
76.76767676767678,49.49494949494949,30.903019149058636,24.33607373364866,4.865101235790775
77.77777777777779,49.49494949494949,46.09538589863851,25.78804679876014,5.231076873161665
78.7878787878788,49.49494949494949,35.40046556053068,16.77851294903505,5.144313700483041
79.7979797979798,49.49494949494949,52.679829480595615,3.681546760350973,5.552819247380869
80.80808080808082,49.49494949494949,32.54563954314352,16.9198866292488,3.837931676166493
81.81818181818183,49.49494949494949,30.955548572032004,17.89653535920745,5.102219182531159
82.82828282828284,49.49494949494949,65.33398198852998,28.45759229579552,4.518331246160096
83.83838383838385,49.49494949494949,80.56380801079968,0.0,4.754959942150493
84.84848484848486,49.49494949494949,27.053125482381084,14.88206028113533,4.538348509397606
85.85858585858587,49.49494949494949,23.042160928374393,23.64886201518005,2.698535846111612
86.86868686868688,49.49494949494949,42.23510713393888,12.11686966291267,4.840080743593334
87.87878787878789,49.49494949494949,72.46116338826852,28.80723480172337,5.202700209424967
88.8888888888889,49.49494949494949,30.60918250433998,19.33857484492417,3.81282197947856
89.89898989898991,49.49494949494949,26.60527103964696,22.55720371922211,3.517658128109093
90.90909090909092,49.49494949494949,41.37048967260782,11.72918255004196,3.685579738859424
91.91919191919193,49.49494949494949,50.44014482466833,5.754327941169436,5.734252651058494
92.92929292929294,49.49494949494949,94.81715563019044,29.2532249241627,5.257973186306109
93.93939393939395,49.49494949494949,35.28058533660631,16.10145617402847,4.43759822064226
94.94949494949496,49.49494949494949,25.8794071955671,14.62448644053278,4.839296900177005
95.95959595959597,49.49494949494949,35.72344327441011,23.53948425929678,5.484946659452835
96.96969696969697,49.49494949494949,27.4174317682294,26.15421085656193,4.301633997738262
97.97979797979798,49.49494949494949,18.880460479629505,21.69491242432581,3.858799727565638
98.98989898989899,49.49494949494949,23.35738829932585,21.68364912495934,4.974180420612781
100.0,49.49494949494949,41.575319708593135,25.72034083966046,4.350060927666192
0.0,50.50505050505051,33.56876254753273,15.22659847298126,4.59562013648794
1.01010101010101,50.50505050505051,25.18935805235201,14.79507589044113,5.105754435027544
2.02020202020202,50.50505050505051,37.704137562927265,22.24280155336032,4.943292431809064
3.03030303030303,50.50505050505051,12.89529740119994,22.3489445079386,3.735773759210385
4.040404040404041,50.50505050505051,19.609796360439343,18.8065760305204,4.532537726902069
5.050505050505051,50.50505050505051,33.95558976303658,13.83463237761378,4.155943827959047
6.060606060606061,50.50505050505051,26.161571721747674,11.48804739076795,3.987621975023917
7.070707070707071,50.50505050505051,31.01444820240756,7.806166807280777,4.003903215012735
8.080808080808081,50.50505050505051,22.643905912515173,13.2169370158593,5.078963973396911
9.090909090909092,50.50505050505051,56.7264129768566,8.421663724009447,3.69748037285772
10.1010101010101,50.50505050505051,55.57112718555267,19.20442458682797,4.753308477762755
11.11111111111111,50.50505050505051,38.72661455518495,16.27030509416813,4.253532825384571
12.12121212121212,50.50505050505051,33.310927339088934,20.41714315738369,5.304613837511235
13.13131313131313,50.50505050505051,27.906464403102344,19.79745579729725,3.816246689101531
14.14141414141414,50.50505050505051,43.135063937271774,25.63367965439509,4.141459896482876
15.15151515151515,50.50505050505051,17.529467319766898,15.99790285459464,5.267454852835072
16.16161616161616,50.50505050505051,30.14788481928866,25.77697064762137,3.814770017102497
17.17171717171717,50.50505050505051,59.2831410553274,31.11304708203635,4.620465130558293
18.18181818181818,50.50505050505051,37.71829525965086,18.6887174134213,4.175309143425066
19.19191919191919,50.50505050505051,11.432290634956352,20.72035805036872,4.768828349497979
20.2020202020202,50.50505050505051,29.314640079080306,20.37500448408974,3.980794321407613
21.21212121212121,50.50505050505051,62.87804268362297,12.64518991893716,3.653682825734859
22.22222222222222,50.50505050505051,52.55136797807361,26.95258552927612,5.169341683426774
23.23232323232324,50.50505050505051,42.82540385175898,23.31162361800736,3.406277129973053
24.24242424242424,50.50505050505051,84.95053252797445,10.4022317598357,4.823273164293689
25.25252525252525,50.50505050505051,62.407844793737304,24.57062073969732,5.801222057499444
26.26262626262626,50.50505050505051,37.68045930528743,13.73452398759077,5.359836846817973
27.27272727272727,50.50505050505051,20.527349796240095,15.96230297196633,5.58030894156785
28.28282828282828,50.50505050505051,31.851129533189244,21.39831674639534,5.068589796324463
29.29292929292929,50.50505050505051,39.41748886891724,11.62463510411676,3.673815338560809
30.3030303030303,50.50505050505051,15.22307133048829,19.53727003315335,2.844562940218152
31.31313131313131,50.50505050505051,34.12592565763916,16.4482463536361,4.464656689662791
32.32323232323233,50.50505050505051,50.560936992469564,6.819589801521943,4.853721166068003
33.33333333333334,50.50505050505051,43.754105588429844,20.99292425108095,4.107278143691638
34.34343434343435,50.50505050505051,33.85512797733087,21.23587156247233,5.336502070407821
35.35353535353536,50.50505050505051,20.754310507005673,19.02978733757484,4.5190087094725
36.36363636363637,50.50505050505051,7.604823665499421,22.01003783078899,4.190658893982084
37.37373737373738,50.50505050505051,24.12918908145855,20.55503759641725,4.152126547566425
38.38383838383839,50.50505050505051,21.321125576533998,12.00132065696416,4.958615049188975
39.3939393939394,50.50505050505051,8.692940542134194,15.53116057174816,4.303272314648863
40.40404040404041,50.50505050505051,20.952473866442084,21.88704206140784,3.754549489129654
41.41414141414142,50.50505050505051,16.521325593538325,19.26747465550257,4.736300647193716
42.42424242424243,50.50505050505051,31.299586618044962,15.6544745970599,4.365822199479802
43.43434343434344,50.50505050505051,24.74914823536958,22.54565205363151,4.952036003012031
44.44444444444445,50.50505050505051,18.63931261997747,20.07719670581784,3.964066000261061
45.45454545454546,50.50505050505051,36.677809542672634,20.3675682193499,5.703160053449969
46.46464646464647,50.50505050505051,31.843945064771333,13.4223306274314,4.67943868324403
47.47474747474748,50.50505050505051,42.481984348208755,15.73865705058362,3.638639695579018
48.48484848484848,50.50505050505051,87.50174613222546,31.0518156876211,5.204604197607859
49.49494949494949,50.50505050505051,50.40897081987481,15.676820222251,4.629204523012621
50.50505050505051,50.50505050505051,6.278793271373932,17.28418175380433,4.182577544568773
51.51515151515152,50.50505050505051,16.9140803499513,16.07973649205416,3.851435178167069
52.52525252525253,50.50505050505051,25.320126940396154,14.87328757861439,3.652385633038152
53.53535353535354,50.50505050505051,25.21712018888664,18.43616777250027,5.08232685949842
54.54545454545455,50.50505050505051,26.385348862371064,24.63712644601978,4.209721772527126
55.55555555555556,50.50505050505051,28.781645107412643,13.21530567774968,4.830259098622668
56.56565656565657,50.50505050505051,19.478687993354626,17.9605373151581,4.902983333391709
57.57575757575758,50.50505050505051,13.260763657660576,25.47645147781272,4.146539345792562
58.58585858585859,50.50505050505051,23.7969357050312,23.78073963096714,4.303626793533716
59.5959595959596,50.50505050505051,42.75804815436436,32.7064951515107,4.187905081807417
60.60606060606061,50.50505050505051,45.628996843955285,23.78829455729001,4.829263710193461
61.61616161616162,50.50505050505051,29.768433378003753,17.67035305905347,3.788231820193933
62.62626262626263,50.50505050505051,18.572201102482275,18.10439034571719,4.55270322020861
63.63636363636364,50.50505050505051,15.218001877793935,11.01982819642606,5.743574338230586
64.64646464646465,50.50505050505051,23.495661933765263,14.95025014310164,4.357902958789562
65.65656565656566,50.50505050505051,31.176291934320663,13.55659479484587,5.674529142659521
66.66666666666667,50.50505050505051,68.57950233877295,34.30746575332996,4.508288951776713
67.67676767676768,50.50505050505051,28.5112256667147,17.27687725481946,4.20555674750605
68.68686868686869,50.50505050505051,32.52434853136998,21.55863071927417,4.142577441718759
69.6969696969697,50.50505050505051,40.18075777954406,22.57696370530649,4.753663653511168
70.70707070707071,50.50505050505051,31.370877228623804,13.30304915883464,4.629174750126109
71.71717171717172,50.50505050505051,25.010121645014387,23.28030186995619,4.783542769259418
72.72727272727273,50.50505050505051,29.245418083107015,18.82578205581459,6.105496119975755
73.73737373737374,50.50505050505051,25.18009609198316,19.88508226721853,4.586249221097572
74.74747474747475,50.50505050505051,43.04124502030173,20.22110240257997,5.310111286659247
75.75757575757576,50.50505050505051,44.14814631320943,11.69107950511627,4.746305513749199
76.76767676767678,50.50505050505051,55.10888151565094,9.604258742284951,4.379404706735285
77.77777777777779,50.50505050505051,32.18988350469272,15.84752920863183,4.397520782622969
78.7878787878788,50.50505050505051,23.93674098823516,16.9822638766367,5.194557647662291
79.7979797979798,50.50505050505051,21.346284737199138,14.78567238740925,4.244475405213033
80.80808080808082,50.50505050505051,22.155619660282845,18.9981312359544,3.639726837061322
81.81818181818183,50.50505050505051,87.08493912391282,30.98349260661658,4.45360132596515
82.82828282828284,50.50505050505051,59.47341618676566,14.71287843701306,2.725138256474956
83.83838383838385,50.50505050505051,18.426924371036826,7.395078065047574,4.162168168338833
84.84848484848486,50.50505050505051,31.75128323733572,15.74575165260102,3.768353278101392
85.85858585858587,50.50505050505051,64.76642525613474,27.71523816806877,5.066307078804018
86.86868686868688,50.50505050505051,60.41600103899164,26.36227356013863,4.269912993013186
87.87878787878789,50.50505050505051,76.49205595875706,7.160827934858279,4.142036403470825
88.8888888888889,50.50505050505051,44.13826531668544,27.30606369326927,3.55160859635127
89.89898989898991,50.50505050505051,50.27923037328041,25.10784886253394,5.484214124516883
90.90909090909092,50.50505050505051,25.44936143326373,18.68519406675592,4.25194086456481
91.91919191919193,50.50505050505051,34.64751330992212,20.45655414924035,4.038755380611279
92.92929292929294,50.50505050505051,63.41486633106915,5.486760920351038,3.36696977968599
93.93939393939395,50.50505050505051,26.834077894922956,5.932827577575179,5.236969810707288
94.94949494949496,50.50505050505051,23.144759728015636,10.88838607973445,2.782930289039998
95.95959595959597,50.50505050505051,60.167737539259484,13.83976382329875,5.004675731199809
96.96969696969697,50.50505050505051,99.14416937420816,32.70199034702857,5.140631421084083
97.97979797979798,50.50505050505051,49.46401625757368,12.89007443683757,4.860191687515975
98.98989898989899,50.50505050505051,22.352540297229535,13.48682768172585,4.461784226622057
100.0,50.50505050505051,33.98876536059311,9.620029746505791,4.032264788362397
0.0,51.51515151515152,24.371035842452457,38.16194176709185,2.904044539112808
1.01010101010101,51.51515151515152,25.689059805221948,18.43483292563693,5.488689026826156
2.02020202020202,51.51515151515152,68.54804513639446,30.4158071988882,5.182569398328458
3.03030303030303,51.51515151515152,24.867074701000064,15.14565132058318,5.142438400813655
4.040404040404041,51.51515151515152,19.915704611216803,13.94055033432282,4.580744627791876
5.050505050505051,51.51515151515152,19.970320656123626,18.00924213162745,4.334870169594625
6.060606060606061,51.51515151515152,21.184348364844602,19.69554954431663,4.69462522905908
7.070707070707071,51.51515151515152,32.628616257900376,16.07834766212611,5.546514260007438
8.080808080808081,51.51515151515152,46.34774253270899,13.86376392873424,4.14969025552242
9.090909090909092,51.51515151515152,95.93447040213553,25.77274630745616,5.838481437411303
10.1010101010101,51.51515151515152,70.35988689760958,12.97919348037847,2.911134329043168
11.11111111111111,51.51515151515152,20.717047574261294,14.16256244793775,3.995525443227533
12.12121212121212,51.51515151515152,35.08994987000776,18.03663390224923,4.912182922743158
13.13131313131313,51.51515151515152,30.899989945036182,11.07324077877112,3.469719392632884
14.14141414141414,51.51515151515152,40.71490226352361,9.572882425193308,4.950177535415881
15.15151515151515,51.51515151515152,38.238251807945076,23.36362735571701,4.415585654111966
16.16161616161616,51.51515151515152,30.09020817555557,20.68870899578766,5.091021345794856
17.17171717171717,51.51515151515152,45.78579093717402,18.89224287498233,4.275674915290872
18.18181818181818,51.51515151515152,50.52929703635632,24.18875931089588,4.808769947040826
19.19191919191919,51.51515151515152,26.64496674974393,21.60032511327656,4.249016031814755
20.2020202020202,51.51515151515152,69.08755439705936,3.56937662516853,5.410647732854892
21.21212121212121,51.51515151515152,34.32321728557575,14.8332950085776,5.168514412620771
22.22222222222222,51.51515151515152,21.911538987068827,18.8547652216267,5.34058964043279
23.23232323232324,51.51515151515152,26.33844846578791,15.76986768402513,4.86144877501887
24.24242424242424,51.51515151515152,70.1913495770127,24.58633381677775,5.930690381550211
25.25252525252525,51.51515151515152,48.3398399558623,23.87255481577462,3.149689735712061
26.26262626262626,51.51515151515152,34.81604877251228,16.20661889518589,2.99016921677931
27.27272727272727,51.51515151515152,40.62465179174368,25.49161427233941,4.703941538956825
28.28282828282828,51.51515151515152,15.405778113605265,17.28016443435724,5.525192139540315
29.29292929292929,51.51515151515152,24.025114199825502,14.82890579904775,5.543581551578074
30.3030303030303,51.51515151515152,22.15529885991245,17.06071271558193,4.756565194675756
31.31313131313131,51.51515151515152,44.57980034465254,8.35692650652528,3.99529081645893
32.32323232323233,51.51515151515152,68.65125924022949,23.50488794274134,4.314188371126072
33.33333333333334,51.51515151515152,54.657419362929275,5.192877942994484,4.733986896595233
34.34343434343435,51.51515151515152,51.799904916305074,18.30835684226384,5.555694575717131
35.35353535353536,51.51515151515152,23.528799122129236,12.64538017721164,5.361612060566739
36.36363636363637,51.51515151515152,23.93194087457585,16.37190107418279,5.432005395829692
37.37373737373738,51.51515151515152,36.191633628842396,12.71886205490395,4.939551459238066
38.38383838383839,51.51515151515152,22.228761612635104,20.51019341222418,3.811304713464746
39.3939393939394,51.51515151515152,18.888173414553528,13.38427872125487,4.49807967010032
40.40404040404041,51.51515151515152,24.51402322054541,18.00063838817395,3.856660822955789
41.41414141414142,51.51515151515152,60.51399954208775,22.51952251282839,5.448833340244345
42.42424242424243,51.51515151515152,55.86015948659426,9.451535527925689,3.968802730828636
43.43434343434344,51.51515151515152,30.84493336322555,20.7793276569273,5.243321573732599
44.44444444444445,51.51515151515152,24.515056903251423,23.10854144645583,3.372623885180002
45.45454545454546,51.51515151515152,59.83544081734853,27.21667836953625,4.841134095446647
46.46464646464647,51.51515151515152,32.470387172290735,15.36188345733358,4.458019831626621
47.47474747474748,51.51515151515152,34.38490203342455,21.80049247667406,3.849025931848045
48.48484848484848,51.51515151515152,49.88458971034697,20.79633596120137,5.472527649785831
49.49494949494949,51.51515151515152,63.4218178966589,25.93881473523624,5.122797854196381
50.50505050505051,51.51515151515152,29.360614286292428,20.33077245746592,3.772333460492133
51.51515151515152,51.51515151515152,41.736719115260215,8.792440892643706,3.808963470130416
52.52525252525253,51.51515151515152,29.128244199902387,16.11236337357895,4.376239683031327
53.53535353535354,51.51515151515152,22.91476389080609,16.62174280218247,4.974977688348441
54.54545454545455,51.51515151515152,15.33844491676646,21.83628709859997,4.092288023168843
55.55555555555556,51.51515151515152,22.826450606902686,25.33779666493572,4.488819450998575
56.56565656565657,51.51515151515152,30.833491569714806,26.11635471491001,4.083802796859567
57.57575757575758,51.51515151515152,27.540146749708832,15.28221411548413,4.838868919775313
58.58585858585859,51.51515151515152,16.17825544205716,25.80646719681795,2.839969167412465
59.5959595959596,51.51515151515152,37.11437015858058,15.50888999933079,3.877791679111504
60.60606060606061,51.51515151515152,14.023450451787731,13.27732416257178,6.151605403481092
61.61616161616162,51.51515151515152,11.443732280931371,14.66709897462549,5.552664231619533
62.62626262626263,51.51515151515152,13.64367962178682,18.30945532134582,5.339562983283013
63.63636363636364,51.51515151515152,16.88094221922416,18.17146981001475,4.81484647680989
64.64646464646465,51.51515151515152,17.009823368747398,23.55604388731412,4.132179132199604
65.65656565656566,51.51515151515152,10.384601642264375,22.0364391177764,4.107020140858626
66.66666666666667,51.51515151515152,26.954282989258644,24.74424219426562,4.197265160575243
67.67676767676768,51.51515151515152,25.944257229748455,17.23456387658947,4.522934369926411
68.68686868686869,51.51515151515152,39.33802446317371,8.545358686046056,4.015260125179427
69.6969696969697,51.51515151515152,24.023948616179393,12.11478361331152,4.18782168155783
70.70707070707071,51.51515151515152,20.338444867772274,16.20059394905611,4.267612137541244
71.71717171717172,51.51515151515152,28.465060594989467,26.86096337658489,4.292384548779181
72.72727272727273,51.51515151515152,29.218512192346566,14.70531761748747,4.506638291894522
73.73737373737374,51.51515151515152,31.479540138787,22.12853597842498,3.491614448167066
74.74747474747475,51.51515151515152,78.07560179611765,4.098952461837965,5.215448392055955
75.75757575757576,51.51515151515152,54.811873341619794,21.20677751541908,5.861552173329911
76.76767676767678,51.51515151515152,79.47710319680266,26.63731103109647,5.447341629003372
77.77777777777779,51.51515151515152,46.823600161007235,22.26652741003242,3.911051891664019
78.7878787878788,51.51515151515152,71.0578185595944,28.43774380929062,4.855429578817655
79.7979797979798,51.51515151515152,34.50054859144226,11.46865148548446,4.493575745495363
80.80808080808082,51.51515151515152,37.48282479269151,13.50798912990791,5.798727388762881
81.81818181818183,51.51515151515152,104.29029496123516,1.020257843050466,2.997336930986192
82.82828282828284,51.51515151515152,44.51690878071712,19.38853694612342,4.244442325233882
83.83838383838385,51.51515151515152,39.126891102061364,5.216125930144742,4.931339006793904
84.84848484848486,51.51515151515152,16.193132484191565,11.20363707691806,4.477937976460949
85.85858585858587,51.51515151515152,35.336741373095116,17.50521758953445,3.820144296759921
86.86868686868688,51.51515151515152,48.544833352611136,8.477511741751126,4.196053693067719
87.87878787878789,51.51515151515152,25.033018288011903,14.93137018562674,4.365935040393109
88.8888888888889,51.51515151515152,25.961820568179604,12.34197003244372,4.189744898978052
89.89898989898991,51.51515151515152,30.97949714521252,20.71908435565403,4.531717357635203
90.90909090909092,51.51515151515152,16.23509572400537,24.43413304806236,3.421734916920892
91.91919191919193,51.51515151515152,23.626083014497617,24.17935889148697,2.521454390759724
92.92929292929294,51.51515151515152,25.062911176325045,18.46791219115332,3.251735670621579
93.93939393939395,51.51515151515152,33.12211155066192,19.66845640062616,4.304348761025143
94.94949494949496,51.51515151515152,37.57427486838841,14.87050278561425,2.870092306988086
95.95959595959597,51.51515151515152,54.185572863030295,27.45405641339355,4.089666513656685
96.96969696969697,51.51515151515152,88.52040172738609,6.39701432958285,4.914985641266963
97.97979797979798,51.51515151515152,65.64643764866497,29.23660857787746,4.497876136823246
98.98989898989899,51.51515151515152,27.365258765698492,20.949630064964,3.725348974542109
100.0,51.51515151515152,16.336861184715392,10.85369014077442,4.263752913589414
0.0,52.52525252525253,33.506905439129206,28.24095859790497,4.725330275777507
1.01010101010101,52.52525252525253,39.85126257947071,19.17403488906579,5.851996431101575
2.02020202020202,52.52525252525253,39.714517598815945,12.51998303148143,5.37657511318111
3.03030303030303,52.52525252525253,19.24872125915782,16.58607512783919,4.690454588996299
4.040404040404041,52.52525252525253,37.73845114457886,9.017479377488817,3.750028012995823
5.050505050505051,52.52525252525253,44.17396643101767,26.25794993956805,4.142445056759438
6.060606060606061,52.52525252525253,28.731607661423705,14.77498629653967,4.87709422897705
7.070707070707071,52.52525252525253,31.57913488344564,25.71938337828624,4.931560832219686
8.080808080808081,52.52525252525253,36.430070979616204,26.72092623442317,4.069149439728292
9.090909090909092,52.52525252525253,42.13331553245905,17.80958303314541,5.149108979097097
10.1010101010101,52.52525252525253,72.8580511402071,24.5527956745666,5.467040025801357
11.11111111111111,52.52525252525253,29.266610818183008,21.75216974072574,3.494851422906152
12.12121212121212,52.52525252525253,30.656558540047122,11.33929331782908,4.421424901463019
13.13131313131313,52.52525252525253,35.53077441514651,19.80853122414187,3.319045940658161
14.14141414141414,52.52525252525253,39.96130645942341,10.19842430326118,0.7887793746555523
15.15151515151515,52.52525252525253,27.39261463300678,17.58635766308139,1.537905085505333
16.16161616161616,52.52525252525253,25.853726066491525,14.34612441195473,1.301494517073
17.17171717171717,52.52525252525253,19.862763793028176,12.98083028022738,1.594986221139661
18.18181818181818,52.52525252525253,49.59104261348682,8.316150268010325,1.511172528551348
19.19191919191919,52.52525252525253,43.41647880249242,18.81868569106361,5.012185961164057
20.2020202020202,52.52525252525253,27.075528293930542,23.79234471131116,4.373080843576343
21.21212121212121,52.52525252525253,20.53086434438664,24.67673907808081,4.137964006647922
22.22222222222222,52.52525252525253,15.775002436318523,20.79539717888142,4.888078558657922
23.23232323232324,52.52525252525253,21.661841719540316,12.76843718548187,5.265542288650923
24.24242424242424,52.52525252525253,56.99673284728638,26.45972379245915,3.796788897713461
25.25252525252525,52.52525252525253,30.952698575745274,11.29524567877946,4.119757025015167
26.26262626262626,52.52525252525253,16.496959631905455,14.28125944617695,4.508658018935145
27.27272727272727,52.52525252525253,24.27279535314618,14.14755458301601,5.946914838788001
28.28282828282828,52.52525252525253,40.30095364376364,22.34521388413756,4.762114421423336
29.29292929292929,52.52525252525253,37.73846152798491,9.325558574758862,4.281686053300028
30.3030303030303,52.52525252525253,22.16128487869018,18.93364143849585,3.534528314552773
31.31313131313131,52.52525252525253,24.22737976277663,9.458911184569862,5.907860592735204
32.32323232323233,52.52525252525253,36.7023966475733,13.04042571527207,3.062880429926798
33.33333333333334,52.52525252525253,23.10450164370341,7.636619999156085,3.616496569305844
34.34343434343435,52.52525252525253,63.728779979828595,3.98370746967242,4.311132686560938
35.35353535353536,52.52525252525253,43.80559651614884,17.2650505003603,5.135810026695526
36.36363636363637,52.52525252525253,47.07277190831932,25.85051234775587,5.18814859037818
37.37373737373738,52.52525252525253,65.1635574724356,29.96502576858914,4.792869561526195
38.38383838383839,52.52525252525253,52.12487402063685,9.147820584587665,4.506908024115563
39.3939393939394,52.52525252525253,39.17369976238327,19.98261628515135,5.101390792624899
40.40404040404041,52.52525252525253,41.59724180003384,21.35129355298092,4.319328509235331
41.41414141414142,52.52525252525253,56.468743966983354,10.55572300450245,4.791174659750123
42.42424242424243,52.52525252525253,39.92513280141807,15.89540871625633,4.622925055315003
43.43434343434344,52.52525252525253,49.55307914434104,28.90202998231544,4.400402037417452
44.44444444444445,52.52525252525253,43.64345169385124,24.26964496076624,3.687993114063965
45.45454545454546,52.52525252525253,46.17888980869117,13.59968626889761,1.84688773842415
46.46464646464647,52.52525252525253,14.698861270845786,16.24902738053488,1.414221793386558
47.47474747474748,52.52525252525253,20.98018419403696,13.52175909220788,1.356284610561147
48.48484848484848,52.52525252525253,28.620595612881715,10.31101424855163,1.070961086838825
49.49494949494949,52.52525252525253,50.52849825327021,12.11201607726068,1.218274672304083
50.50505050505051,52.52525252525253,41.46724135814069,20.53574488642798,4.399434733525605
51.51515151515152,52.52525252525253,35.08692995930625,24.22106131465004,3.788898429318409
52.52525252525253,52.52525252525253,54.45492722475835,31.79987980088065,3.824959277218832
53.53535353535354,52.52525252525253,64.73398845436824,5.086520245674105,4.106616363542046
54.54545454545455,52.52525252525253,42.92672243551908,19.17567594422167,5.492118752765823
55.55555555555556,52.52525252525253,38.45548216606461,25.0068945229149,4.945835332247676
56.56565656565657,52.52525252525253,60.84149013439918,7.978704109843877,5.22667171201457
57.57575757575758,52.52525252525253,58.447535594516104,31.49544832430045,3.780046814284164
58.58585858585859,52.52525252525253,33.807923997789324,10.34476096713438,4.972448658618638
59.5959595959596,52.52525252525253,31.21932916846962,22.86679493994244,4.245471732342249
60.60606060606061,52.52525252525253,13.29889391071368,19.80371698085863,4.067829467489985
61.61616161616162,52.52525252525253,17.61706989085859,17.49584014704444,3.813879500685657
62.62626262626263,52.52525252525253,13.418550120734348,17.15299230065616,4.962691643208636
63.63636363636364,52.52525252525253,26.735956157108863,15.41531891767753,4.170222613750232
64.64646464646465,52.52525252525253,26.213931180916543,24.14362628828849,4.82580297272155
65.65656565656566,52.52525252525253,22.763998167011668,32.24991777653269,3.047386334206763
66.66666666666667,52.52525252525253,18.79466337429738,19.83723945288559,4.340938054546564
67.67676767676768,52.52525252525253,42.900381399995325,25.22372990559545,4.237660700241299
68.68686868686869,52.52525252525253,23.752875372417943,12.48043539703193,6.138070931189004
69.6969696969697,52.52525252525253,12.043697413989577,12.93766960093758,4.283274962411133
70.70707070707071,52.52525252525253,24.660684288229668,15.40232243070539,3.88920664121631
71.71717171717172,52.52525252525253,20.822580159749716,19.07908453151974,5.270608009928624
72.72727272727273,52.52525252525253,25.152301862804027,16.96745419158666,4.388259924388172
73.73737373737374,52.52525252525253,55.45248504659767,23.05431505700353,5.307884432425535
74.74747474747475,52.52525252525253,47.14004742677815,17.64119587613492,5.037564065540738
75.75757575757576,52.52525252525253,50.79525954708407,21.60464792254265,4.517407354864876
76.76767676767678,52.52525252525253,64.21075423386165,6.863297896613904,1.318696562999815
77.77777777777779,52.52525252525253,25.90821524190471,17.67357185862653,1.482199310258423
78.7878787878788,52.52525252525253,32.02947415364122,18.48145114042452,2.231557914073936
79.7979797979798,52.52525252525253,5.862855104765526,17.17069239779158,2.218392143625965
80.80808080808082,52.52525252525253,38.08890923681554,16.72441499077139,2.370424808019339
81.81818181818183,52.52525252525253,96.5306615023895,26.9326094512318,4.85592044102205
82.82828282828284,52.52525252525253,29.075499758608935,22.56352305853025,3.644435416863986
83.83838383838385,52.52525252525253,43.324522364797275,22.79060225229817,4.219073594196517
84.84848484848486,52.52525252525253,24.774901701280537,10.99966694289442,5.875213079080421
85.85858585858587,52.52525252525253,25.243861615007233,10.79979761753001,4.358467758324245
86.86868686868688,52.52525252525253,38.53353028306717,23.64284454604767,3.884526128277672
87.87878787878789,52.52525252525253,27.339840628168286,25.35566161252122,3.419177157032357
88.8888888888889,52.52525252525253,14.646918224827449,11.54423691835462,4.731644850781832
89.89898989898991,52.52525252525253,32.95001589540462,10.83938912763489,6.111789716454501
90.90909090909092,52.52525252525253,41.020387997902716,28.59581396183813,3.89787259398892
91.91919191919193,52.52525252525253,20.672387770209742,20.55649015774281,5.364011899739226
92.92929292929294,52.52525252525253,15.997922065634672,26.44382826879616,3.524599125771011
93.93939393939395,52.52525252525253,18.000206187892616,18.21687891680674,5.32314992939696
94.94949494949496,52.52525252525253,25.985459480529794,14.15674604593093,4.87543668894943
95.95959595959597,52.52525252525253,29.444393146002007,21.59324370515536,4.120963534686871
96.96969696969697,52.52525252525253,27.790613928616956,15.20804212789976,4.468496491109254
97.97979797979798,52.52525252525253,34.673526263594134,23.52817223046225,3.88005815333344
98.98989898989899,52.52525252525253,13.741667979166508,13.3774787460136,5.358125258343252
100.0,52.52525252525253,16.841663091500934,13.91967708791264,4.025514420446693
0.0,53.53535353535354,41.31568521068092,19.20596883275345,3.998365927749311
1.01010101010101,53.53535353535354,48.9752533778847,8.253099518938788,3.629894368710954
2.02020202020202,53.53535353535354,37.27357809132897,20.97576163347551,3.836901895996747
3.03030303030303,53.53535353535354,43.42613290520971,18.74763720587734,5.346793008433799
4.040404040404041,53.53535353535354,28.71031636707619,7.613971565834685,4.181923031758297
5.050505050505051,53.53535353535354,27.916814811462014,19.52059157430479,3.813924723442726
6.060606060606061,53.53535353535354,20.910167010218093,14.00619796559713,4.92836179665949
7.070707070707071,53.53535353535354,43.18296797278208,22.736292241962,4.884747568858436
8.080808080808081,53.53535353535354,38.05274567344636,13.72452771056101,3.595423817938334
9.090909090909092,53.53535353535354,25.814850628368582,10.36188844315949,4.004678288045527
10.1010101010101,53.53535353535354,49.563449450991236,8.998371016849893,4.443471065304251
11.11111111111111,53.53535353535354,51.89484127293259,19.24428492289542,4.653747300866518
12.12121212121212,53.53535353535354,37.56220987863418,13.67478256277583,0.5460686254136117
13.13131313131313,53.53535353535354,22.302874486491064,13.38952832632403,1.811671292187419
14.14141414141414,53.53535353535354,26.274128832924617,23.37254669534797,2.21813274887068
15.15151515151515,53.53535353535354,14.246629891578769,16.60602628568945,1.994581315847568
16.16161616161616,53.53535353535354,10.450851878011832,9.027406914434582,1.364660390294356
17.17171717171717,53.53535353535354,3.8101485334807705,11.40749137043444,1.007757462953585
18.18181818181818,53.53535353535354,7.324297153813421,9.172666904556676,0.8554469998440282
19.19191919191919,53.53535353535354,48.5296708018751,14.45106284503554,1.015715643741963
20.2020202020202,53.53535353535354,69.27608639246871,26.57023532515203,4.364179235698249
21.21212121212121,53.53535353535354,50.20716419568281,10.24963599476371,4.666475144426072
22.22222222222222,53.53535353535354,21.97413945478335,16.70053838477428,4.453880887532447
23.23232323232324,53.53535353535354,23.113686993534976,13.86621361346725,4.158530031652782
24.24242424242424,53.53535353535354,57.361056525439544,0.8452740898412847,5.896974158432446
25.25252525252525,53.53535353535354,29.16664250549689,5.557291995617591,4.168273246966269
26.26262626262626,53.53535353535354,37.42500997359333,12.81212192810718,4.05326246723182
27.27272727272727,53.53535353535354,35.10411895184446,23.68739889629709,4.366354144426203
28.28282828282828,53.53535353535354,34.68953308871968,10.2068404842169,4.398854040129399
29.29292929292929,53.53535353535354,25.387839381944353,12.72769960935407,4.331740887367133
30.3030303030303,53.53535353535354,49.75664234156764,22.78344558036691,4.534247885261173
31.31313131313131,53.53535353535354,82.66613277156151,2.268512265613642,3.723239088153447
32.32323232323233,53.53535353535354,52.10986869940835,19.70149275430815,4.924676744347742
33.33333333333334,53.53535353535354,24.22819285216566,22.60512653735442,4.168702587080379
34.34343434343435,53.53535353535354,42.74487276334736,27.51004480634962,3.838918413600381
35.35353535353536,53.53535353535354,35.171508725328565,15.1132041381967,3.391738591747968
36.36363636363637,53.53535353535354,50.07542950980551,12.17560415664478,3.774572139591228
37.37373737373738,53.53535353535354,35.14479505586459,19.71093101627579,3.837944077715476
38.38383838383839,53.53535353535354,16.994786535232905,10.40932734985215,4.773108475094095
39.3939393939394,53.53535353535354,28.56939907593629,11.75485004152572,4.883648085926767
40.40404040404041,53.53535353535354,102.74563968867406,0.0,4.081832091709701
41.41414141414142,53.53535353535354,65.50240924809357,30.93818679812274,4.517412989725977
42.42424242424243,53.53535353535354,62.8063152107364,22.45722181329384,5.370458250666878
43.43434343434344,53.53535353535354,52.00259054297696,22.72856749162727,1.696878882023936
44.44444444444445,53.53535353535354,22.33429150452912,15.71064857095832,1.818244425555798
45.45454545454546,53.53535353535354,7.52212681554917,12.43074915149195,1.091694882795504
46.46464646464647,53.53535353535354,8.285854491954876,7.236877167558826,2.275273670019562
47.47474747474748,53.53535353535354,8.5650220742513,22.73585076125224,1.088666092964522
48.48484848484848,53.53535353535354,11.221893718710726,12.39567417338016,0.9478728343040609
49.49494949494949,53.53535353535354,6.927081234550043,14.08555258454389,1.380367504868126
50.50505050505051,53.53535353535354,31.61903223108447,22.85086103164539,0.6627014512011291
51.51515151515152,53.53535353535354,35.39943355851855,10.41582545600646,3.935554837416217
52.52525252525253,53.53535353535354,47.67525182738245,16.49178195815575,5.186957960306982
53.53535353535354,53.53535353535354,21.94473608317086,7.772706827376272,4.226117021151992
54.54545454545455,53.53535353535354,26.359869092928353,8.480176770929704,6.173751988355989
55.55555555555556,53.53535353535354,28.042087462994242,21.24782457908887,3.771870853302478
56.56565656565657,53.53535353535354,17.163080590218982,14.00157382754257,4.341364446000562
57.57575757575758,53.53535353535354,30.945574003130723,18.22540330319317,4.133650268614302
58.58585858585859,53.53535353535354,27.672647633242217,15.28942996229184,3.356233053436559
59.5959595959596,53.53535353535354,43.52401934515713,20.52097460498353,5.986744629441012
60.60606060606061,53.53535353535354,29.367756027490934,21.44939583447629,4.768511846596541
61.61616161616162,53.53535353535354,13.222343948225038,20.19641427451266,4.468701808547765
62.62626262626263,53.53535353535354,8.929999346321264,15.13752524113723,5.504729044399273
63.63636363636364,53.53535353535354,23.178099522579217,14.20908680421663,5.275134102698177
64.64646464646465,53.53535353535354,25.392779817408282,21.3685153746778,4.740280001158419
65.65656565656566,53.53535353535354,35.187652172564725,9.345069416939069,4.857746830565778
66.66666666666667,53.53535353535354,22.286298924805266,14.95401016483411,4.120807989292584
67.67676767676768,53.53535353535354,63.65406229621172,3.141014744391228,4.867243459994504
68.68686868686869,53.53535353535354,25.59895078689571,21.47269224919859,3.625503775345835
69.6969696969697,53.53535353535354,16.475051535661073,14.92627965578555,4.906240869693828
70.70707070707071,53.53535353535354,27.1318125708383,21.03437706714226,4.952261497598077
71.71717171717172,53.53535353535354,12.335830335230131,25.45666218109674,4.020682274972899
72.72727272727273,53.53535353535354,43.41286263267301,22.29947190292751,4.16458013334801
73.73737373737374,53.53535353535354,46.7455310045123,7.35229622943399,3.682937864329837
74.74747474747475,53.53535353535354,31.98275260594107,11.85862304429735,0.8456774994097086
75.75757575757576,53.53535353535354,26.07554047487476,13.24055247871128,1.389543507289686
76.76767676767678,53.53535353535354,10.443535488284535,16.75655259231641,1.441236882300789
77.77777777777779,53.53535353535354,9.85661355979882,12.18640854986795,1.283766609746824
78.7878787878788,53.53535353535354,10.112860075645234,13.27057640606443,2.121787098597196
79.7979797979798,53.53535353535354,8.041871699166201,22.59270828162346,1.451245766506063
80.80808080808082,53.53535353535354,13.604556246188828,15.91538268083444,1.172751520347908
81.81818181818183,53.53535353535354,38.980656867992415,8.537914559285815,1.414216749796016
82.82828282828284,53.53535353535354,26.784757894256867,6.098387991802221,4.667915461865536
83.83838383838385,53.53535353535354,27.54051085328444,9.54512137489207,4.059000062683632
84.84848484848486,53.53535353535354,22.102408571754683,9.638880241633348,3.015561263125943
85.85858585858587,53.53535353535354,34.733628351316604,6.708386588231043,4.20704820100459
86.86868686868688,53.53535353535354,87.42026394184506,32.00887856338861,4.367219214974493
87.87878787878789,53.53535353535354,50.73205967435371,8.215405792369925,4.389346344309611
88.8888888888889,53.53535353535354,24.584341935251288,9.839956400310527,4.333981307323246
89.89898989898991,53.53535353535354,27.12908575258397,4.385428115670887,4.317156843426438
90.90909090909092,53.53535353535354,49.44259640557132,3.926700396569307,5.513370759007738
91.91919191919193,53.53535353535354,27.590500926426166,19.32051345987468,4.923925011955111
92.92929292929294,53.53535353535354,23.360044866926692,28.37244318488046,3.637889373061119
93.93939393939395,53.53535353535354,63.84179899090046,28.25139118136138,4.422528346156494
94.94949494949496,53.53535353535354,42.90693240584369,11.10472151180253,3.542150428033963
95.95959595959597,53.53535353535354,30.836337670762724,9.894909068675123,3.586986015032916
96.96969696969697,53.53535353535354,17.74338371818039,8.266952390016726,4.556934083053038
97.97979797979798,53.53535353535354,29.823035691373697,7.320680622174321,4.884054390509731
98.98989898989899,53.53535353535354,25.315197030254655,13.66523481193488,4.268849194045364
100.0,53.53535353535354,29.429286564484784,20.29769217835841,3.998390339437024
0.0,54.54545454545455,33.273780084825994,27.71168931702352,3.509333866237655
1.01010101010101,54.54545454545455,50.23432829074767,10.91567200947019,4.237184539060455
2.02020202020202,54.54545454545455,88.06766517875748,32.18936423801609,4.539607691549847
3.03030303030303,54.54545454545455,71.9126893352954,9.099231517901444,4.081135381781491
4.040404040404041,54.54545454545455,24.275937164515664,7.090424626564891,4.228555077143443
5.050505050505051,54.54545454545455,31.06997788238122,8.072748627106561,5.591197916025311
6.060606060606061,54.54545454545455,50.17984598572595,19.67534218325292,5.193352953877706
7.070707070707071,54.54545454545455,45.23351859228648,15.83308284742557,3.653983502804078
8.080808080808081,54.54545454545455,16.58281359063946,16.64591407945239,4.361761654548517
9.090909090909092,54.54545454545455,29.5925791497774,20.98617391352273,4.059171801646007
10.1010101010101,54.54545454545455,45.189968962258895,24.58377976261811,3.779102249831206
11.11111111111111,54.54545454545455,38.184147010534446,13.04515566629787,2.083594809973258
12.12121212121212,54.54545454545455,8.286648553006128,15.39640868364993,1.050051461484013
13.13131313131313,54.54545454545455,7.495402179169266,20.08888804559392,1.374136755121089
14.14141414141414,54.54545454545455,12.72754367972314,20.94350690365196,1.759654161389649
15.15151515151515,54.54545454545455,9.731364478108166,12.80443243328589,1.69750106359227
16.16161616161616,54.54545454545455,9.246777679402136,17.97383450369448,1.454592748803148
17.17171717171717,54.54545454545455,6.604369419106446,12.13555228792982,1.07582277702635
18.18181818181818,54.54545454545455,8.850361898695919,17.21898931532874,1.274338276123399
19.19191919191919,54.54545454545455,7.440078284596487,15.64880816466488,1.344622098309922
20.2020202020202,54.54545454545455,44.163877934931435,20.22283548213055,0.9974388869625666
21.21212121212121,54.54545454545455,66.56269729643205,23.69624857110168,4.207265415699567
22.22222222222222,54.54545454545455,27.740982389949387,20.07622683708075,2.84040710505464
23.23232323232324,54.54545454545455,7.868361913374647,17.28794719989392,4.115612073908318
24.24242424242424,54.54545454545455,23.460538390109928,16.11610189262414,4.225159507812879
25.25252525252525,54.54545454545455,22.217498833528907,16.65025054831883,4.175023776095653
26.26262626262626,54.54545454545455,30.77437929609353,22.99012447506948,4.737218807708241
27.27272727272727,54.54545454545455,35.842769176408474,24.87885430615918,4.603303931725984
28.28282828282828,54.54545454545455,36.06200244534185,8.884633118209628,4.098784788029782
29.29292929292929,54.54545454545455,26.079428066129132,20.48680604994346,4.054955319694469
30.3030303030303,54.54545454545455,15.478379248957314,15.91814392235559,5.257886139724228
31.31313131313131,54.54545454545455,50.751523868480625,23.79920572171581,4.547974614518962
32.32323232323233,54.54545454545455,57.39241451861062,11.227189381473,3.298504103772186
33.33333333333334,54.54545454545455,36.437880135198085,23.76646935254623,3.286214631500303
34.34343434343435,54.54545454545455,39.85870704459537,33.79889533127795,3.622314676426539
35.35353535353536,54.54545454545455,32.83146461771415,18.97274028311978,5.001120983132224
36.36363636363637,54.54545454545455,64.01468788525054,25.94228976335931,4.745406678184706
37.37373737373738,54.54545454545455,28.235516584484138,12.69889251139685,4.622106749455553
38.38383838383839,54.54545454545455,18.765000224046055,23.37914311245671,3.230282097804067
39.3939393939394,54.54545454545455,31.78977774784188,12.27200839695669,4.301642399191319
40.40404040404041,54.54545454545455,71.6873669776862,27.7721648334752,4.378203525194059
41.41414141414142,54.54545454545455,78.71683740610975,27.94814165383348,5.498340097301366
42.42424242424243,54.54545454545455,62.20391860812764,10.69232716181929,1.654975642264221
43.43434343434344,54.54545454545455,17.491540044394505,8.250156519363182,1.358757547170458
44.44444444444445,54.54545454545455,15.931885698941912,23.07252357346094,1.385433190048789
45.45454545454546,54.54545454545455,14.386080256234994,20.97725120139127,0.6779762993104144
46.46464646464647,54.54545454545455,13.11354529963545,15.82338636303256,2.016905620407405
47.47474747474748,54.54545454545455,9.46852612258693,12.31440753904979,1.477306827014889
48.48484848484848,54.54545454545455,20.615584270305206,20.05162132321212,1.757180931272869
49.49494949494949,54.54545454545455,18.60558987564087,8.579194797994196,0.980983363481299
50.50505050505051,54.54545454545455,18.40584429352479,26.23446574629492,1.382470055822275
51.51515151515152,54.54545454545455,43.077825853395254,15.7277768152765,1.30802262263046
52.52525252525253,54.54545454545455,105.97469397638443,29.76096981046901,4.801865794141735
53.53535353535354,54.54545454545455,43.55423153088974,10.30526617494534,3.538713151754936
54.54545454545455,54.54545454545455,29.969579009072767,12.08758062873681,4.760069321451212
55.55555555555556,54.54545454545455,13.805897941435145,13.07697334514935,4.485693174469971
56.56565656565657,54.54545454545455,22.301676954148817,14.87521686959516,5.139068977654825
57.57575757575758,54.54545454545455,47.22912576806707,8.611003606408485,3.930556314494633
58.58585858585859,54.54545454545455,18.15774006688261,15.31109183049027,4.331505651974599
59.5959595959596,54.54545454545455,21.31995287831076,15.35571160695878,4.339905728941598
60.60606060606061,54.54545454545455,42.7528511011188,9.651134512421573,4.055099442429312
61.61616161616162,54.54545454545455,47.9470243548073,19.20517504286112,5.241435101138564
62.62626262626263,54.54545454545455,27.765687863161556,15.0100811696811,4.310564883384357
63.63636363636364,54.54545454545455,45.192772795805574,7.759808090655939,3.559754439613232
64.64646464646465,54.54545454545455,44.27336432911636,22.04475791025765,4.781615470449733
65.65656565656566,54.54545454545455,26.856221233197108,13.20960929286492,4.628541491666669
66.66666666666667,54.54545454545455,2.7762941106486547,19.30706371960193,3.300192810276212
67.67676767676768,54.54545454545455,36.32021421289029,12.63185657068016,5.494603455641129
68.68686868686869,54.54545454545455,36.226361026687876,9.081362072109213,4.831400763242395
69.6969696969697,54.54545454545455,27.022626266962536,21.89575114960455,3.916859755019122
70.70707070707071,54.54545454545455,50.746658381651535,20.14337739175906,6.735696039065527
71.71717171717172,54.54545454545455,58.150444667974924,15.91159711453189,4.154479355958273
72.72727272727273,54.54545454545455,119.8333272364319,28.16491883054583,6.136497341960126
73.73737373737374,54.54545454545455,45.931466985846114,18.83328391227461,0.9678016349508962
74.74747474747475,54.54545454545455,13.379174806660288,18.07450619446528,1.86451925544735
75.75757575757576,54.54545454545455,12.970408818523383,14.11795436679128,2.081053829567229
76.76767676767678,54.54545454545455,9.028230714976232,9.695200211670516,1.210193579281796
77.77777777777779,54.54545454545455,10.71651470375291,4.237860968147722,1.837670580862708
78.7878787878788,54.54545454545455,8.042141705269781,12.30591116244382,1.457352964378259
79.7979797979798,54.54545454545455,6.284279646233209,14.52666264141967,1.698728770562563
80.80808080808082,54.54545454545455,9.116065469322558,21.39934142458559,1.466901441983028
81.81818181818183,54.54545454545455,16.26780058829854,19.18271308245147,1.371355390221407
82.82828282828284,54.54545454545455,20.298064023457556,2.430236543554385,0.7248090612083591
83.83838383838385,54.54545454545455,26.35862914337283,4.22472718118703,1.407685640365883
84.84848484848486,54.54545454545455,53.13557760041377,15.22839044636878,4.688372856727709
85.85858585858587,54.54545454545455,27.880673941793585,5.859836637502745,3.50649165008049
86.86868686868688,54.54545454545455,52.10861748628595,11.54433789709211,4.62166719825253
87.87878787878789,54.54545454545455,29.24041026676145,16.11932746695188,4.841257104667227
88.8888888888889,54.54545454545455,43.53757565681502,20.21226689881655,4.883518580418537
89.89898989898991,54.54545454545455,30.860884295633554,13.1601351348302,4.080737561677281
90.90909090909092,54.54545454545455,46.02320594121244,14.24403236138224,3.749365105776674
91.91919191919193,54.54545454545455,29.617194255347364,19.057241293157,4.275000104594445
92.92929292929294,54.54545454545455,87.40614442095458,32.35422519781756,4.847411849859092
93.93939393939395,54.54545454545455,104.7534615407204,1.265524790274504,3.857321499743622
94.94949494949496,54.54545454545455,37.53196973966726,24.92933580220167,3.683488462243178
95.95959595959597,54.54545454545455,31.114159683448026,22.93889412617526,4.330000865095183
96.96969696969697,54.54545454545455,34.16664154646628,15.06012329303924,4.931165125686219
97.97979797979798,54.54545454545455,16.56807930120489,15.72296454924746,4.770925460608112
98.98989898989899,54.54545454545455,36.085317072883875,17.63684882801769,5.718070250793273
100.0,54.54545454545455,40.74780453427152,8.05321702850037,5.06850140258396
0.0,55.55555555555556,23.066951096289944,19.69598944374196,3.497319152848672
1.01010101010101,55.55555555555556,21.678266261055484,20.98828931828462,3.81269618832459
2.02020202020202,55.55555555555556,46.58597986267462,16.45294407050949,4.155416135118099
3.03030303030303,55.55555555555556,87.7042474705564,28.9757574889511,5.022701436601365
4.040404040404041,55.55555555555556,47.741324853703894,19.26011609700691,5.343694622878839
5.050505050505051,55.55555555555556,31.266608652705717,16.78923086054858,4.044483662225299
6.060606060606061,55.55555555555556,76.73506708246393,7.14988424838046,5.033204846002367
7.070707070707071,55.55555555555556,52.501028668949196,27.21579181646653,4.648103383429986
8.080808080808081,55.55555555555556,37.14143631794228,19.41476027504472,4.550356794538007
9.090909090909092,55.55555555555556,78.62024316978919,28.95151289753506,4.820723500389605
10.1010101010101,55.55555555555556,51.10817706842513,16.17754665506447,2.380292225330874
11.11111111111111,55.55555555555556,10.796156835389233,11.98160980956748,1.131654857802093
12.12121212121212,55.55555555555556,7.384082064164872,7.768816359506737,1.824181894620689
13.13131313131313,55.55555555555556,10.445339419108885,19.65691944843571,1.706916755303
14.14141414141414,55.55555555555556,7.767130958258433,14.57433088205293,1.735892905297543
15.15151515151515,55.55555555555556,7.139585964541541,15.7553304776309,1.888097522117021
16.16161616161616,55.55555555555556,7.60132804559213,14.83153914914304,1.380891122960529
17.17171717171717,55.55555555555556,10.633622435780664,11.75966523430622,0.8651576432384382
18.18181818181818,55.55555555555556,14.700152803190564,22.12920183145308,1.512028348148603
19.19191919191919,55.55555555555556,19.671200283092936,21.3351269067357,1.999833855178834
20.2020202020202,55.55555555555556,9.500847156990668,14.00311301959247,1.406673849075514
21.21212121212121,55.55555555555556,35.33422031983098,18.01529313359694,0.4168384974040181
22.22222222222222,55.55555555555556,27.215930797070904,3.93202841880107,5.141330029435141
23.23232323232324,55.55555555555556,29.45781630220434,16.19897862555154,4.441841988124353
24.24242424242424,55.55555555555556,31.518679326333782,26.44294548177428,3.567954985381834
25.25252525252525,55.55555555555556,20.872945307339684,14.30809233311286,4.9774740274676
26.26262626262626,55.55555555555556,15.447687776612128,21.61493976211913,4.061997251993657
27.27272727272727,55.55555555555556,22.510864363521435,13.55060550073412,4.868831374346653
28.28282828282828,55.55555555555556,20.82999728832472,15.78189665744836,3.004480043053666
29.29292929292929,55.55555555555556,14.971837501478838,12.06804584249271,4.472550669665736
30.3030303030303,55.55555555555556,25.048577507878225,15.27462639000035,4.357381420588826
31.31313131313131,55.55555555555556,40.539234690333345,26.92865383711672,4.296711648678113
32.32323232323233,55.55555555555556,40.551104590222735,19.58452583614613,4.816965897902764
33.33333333333334,55.55555555555556,47.36082005556912,16.05033486512028,2.110848999621716
34.34343434343435,55.55555555555556,36.634526407540015,14.0214810155815,3.68652952974159
35.35353535353536,55.55555555555556,19.422621304899383,14.09892990648137,4.464952583079238
36.36363636363637,55.55555555555556,51.40076691980822,8.328175786438258,4.422313746479174
37.37373737373738,55.55555555555556,30.65011697601416,15.54460131354447,4.724934303416423
38.38383838383839,55.55555555555556,42.33302976038296,15.27884599407962,5.57554039340301
39.3939393939394,55.55555555555556,41.836133302371415,5.862919514298993,3.715090068755316
40.40404040404041,55.55555555555556,44.266115330315955,10.34234461354475,5.541635909456028
41.41414141414142,55.55555555555556,45.83805133368874,19.75767334042957,1.050624924842652
42.42424242424243,55.55555555555556,9.953652605552982,8.97696284867462,1.587209777543198
43.43434343434344,55.55555555555556,16.60493880629986,14.19331258524087,1.872529940989186
44.44444444444445,55.55555555555556,19.454700020169334,10.62249275798328,0.9542370535183756
45.45454545454546,55.55555555555556,19.305849298301837,18.08056784258207,1.973353272181147
46.46464646464647,55.55555555555556,8.062378773427016,17.60387808334677,1.495284885235267
47.47474747474748,55.55555555555556,5.153045071688771,13.2577576380294,1.413691890905094
48.48484848484848,55.55555555555556,5.352199186169735,10.71488758062422,1.877503686306282
49.49494949494949,55.55555555555556,16.778912369335607,11.77177967619683,1.456077196381516
50.50505050505051,55.55555555555556,18.519438103766582,20.86299461765742,2.167391851798767
51.51515151515152,55.55555555555556,14.92107792747836,17.15709381741139,2.006858316162135
52.52525252525253,55.55555555555556,70.96039861475033,10.17502321670606,0.506348456121962
53.53535353535354,55.55555555555556,66.82886361666924,20.99443907138074,3.789296380489616
54.54545454545455,55.55555555555556,63.16667779678614,25.78620699458849,5.818650068909648
55.55555555555556,55.55555555555556,29.661686530794064,13.37152098041975,5.496089635017909
56.56565656565657,55.55555555555556,21.189357097380615,18.26463532748623,4.906116907804266
57.57575757575758,55.55555555555556,41.50212207439632,22.11881539940134,4.801267605878161
58.58585858585859,55.55555555555556,34.4067513279663,8.4416611326604,4.914982567038733
59.5959595959596,55.55555555555556,16.651584301796184,15.46167569956316,4.390362940394755
60.60606060606061,55.55555555555556,23.740034656407982,12.98901746909649,4.462995584978216
61.61616161616162,55.55555555555556,70.2806375551701,3.771951419286617,4.446670470371983
62.62626262626263,55.55555555555556,30.327572369952883,8.990650770805834,5.039111389087107
63.63636363636364,55.55555555555556,9.46597853177822,12.00767777583691,3.847272938928777
64.64646464646465,55.55555555555556,36.65151613199635,9.741758029788803,5.593218625829781
65.65656565656566,55.55555555555556,42.62957716255808,20.31624282461421,5.21635463061234
66.66666666666667,55.55555555555556,37.833786364204656,12.51621054416582,5.031243489363405
67.67676767676768,55.55555555555556,66.95998343490393,23.68344658672517,5.46151873811499
68.68686868686869,55.55555555555556,29.32731161889412,20.6903553464946,4.223672583898002
69.6969696969697,55.55555555555556,20.980320330643316,19.56135626529813,4.576291105220858
70.70707070707071,55.55555555555556,30.446461409596328,15.23003296981224,5.495543705753629
71.71717171717172,55.55555555555556,23.856036282645917,10.32864344117003,4.45907397112515
72.72727272727273,55.55555555555556,43.259880996338744,25.02435540117736,1.390775757915344
73.73737373737374,55.55555555555556,4.990810873225121,15.96910690527421,1.441604429196613
74.74747474747475,55.55555555555556,10.69031880754294,14.16515167060443,1.669497369841967
75.75757575757576,55.55555555555556,22.44741088851172,21.9478694219825,2.201250713163001
76.76767676767678,55.55555555555556,23.973672125719972,7.6041860178767,1.819585782019642
77.77777777777779,55.55555555555556,10.680896162311765,14.59408121234985,1.966934304263986
78.7878787878788,55.55555555555556,5.718884519688108,17.41420471171688,1.320202344808552
79.7979797979798,55.55555555555556,5.9354453201527315,13.81734597023917,2.04428529584358
80.80808080808082,55.55555555555556,9.097662288302644,10.90640681832182,1.783416997895904
81.81818181818183,55.55555555555556,23.389968549709682,2.74929642718132,1.85365139724359
82.82828282828284,55.55555555555556,19.578829967657885,16.05427304892226,1.714055909543005
83.83838383838385,55.55555555555556,14.198511962792116,6.56994318729677,1.362284068737267
84.84848484848486,55.55555555555556,22.684724534190522,13.06282499882219,1.33830081757276
85.85858585858587,55.55555555555556,38.792627474077264,10.50422864038272,3.878400231970252
86.86868686868688,55.55555555555556,52.986958111599314,33.5859657175105,3.509278744941607
87.87878787878789,55.55555555555556,40.95460579343051,9.325312982403847,5.190882928479348
88.8888888888889,55.55555555555556,49.33645602224634,11.65720608677445,3.970983042767401
89.89898989898991,55.55555555555556,53.70544654535345,20.25703138456045,4.792173803216675
90.90909090909092,55.55555555555556,91.62513428490703,36.25356197534004,4.892803872651127
91.91919191919193,55.55555555555556,32.1202739309587,17.90297319241661,4.627569789081464
92.92929292929294,55.55555555555556,25.90679867150733,17.97763753913786,4.90305728649603
93.93939393939395,55.55555555555556,27.176251957307812,16.25681370956151,3.994401210305693
94.94949494949496,55.55555555555556,23.747288209326502,18.43311116062172,4.808480957936387
95.95959595959597,55.55555555555556,33.41661349934577,17.23101404801222,4.135642318611302
96.96969696969697,55.55555555555556,65.47795227706055,0.0,4.085546562694145
97.97979797979798,55.55555555555556,44.99623747709976,16.1623987547251,4.667755996736411
98.98989898989899,55.55555555555556,47.18973886384217,24.78841453435684,4.712259722341834
100.0,55.55555555555556,46.22716922742354,16.2436770685384,3.85933565602557
0.0,56.56565656565657,15.073221381189578,23.32136712134916,4.226973300041883
1.01010101010101,56.56565656565657,17.751180213148707,25.0563306673099,4.39700577826754
2.02020202020202,56.56565656565657,28.72119154873781,17.33356566421734,5.084562707438688
3.03030303030303,56.56565656565657,69.66664655648025,5.024555569008826,4.558636299179182
4.040404040404041,56.56565656565657,41.87997815579857,12.61802489112874,4.955261744025082
5.050505050505051,56.56565656565657,38.62699875382957,22.02139699160716,4.689503721056481
6.060606060606061,56.56565656565657,75.35685495070041,31.14824379798691,4.953762951522592
7.070707070707071,56.56565656565657,31.65845080905167,27.63298722133148,5.036922986772398
8.080808080808081,56.56565656565657,45.88060502877972,8.340494665473624,5.383109685238417
9.090909090909092,56.56565656565657,34.71170855749002,21.88159820265564,1.450996457418074
10.1010101010101,56.56565656565657,18.614786129752275,18.98485678087807,0.7627184632144763
11.11111111111111,56.56565656565657,7.265568328287676,12.85317675167631,1.366274979856439
12.12121212121212,56.56565656565657,18.88416754970088,4.899760459541382,1.351978623608547
13.13131313131313,56.56565656565657,21.14980003468409,21.93519317330536,1.903425156752993
14.14141414141414,56.56565656565657,7.922868547943534,17.68307213453723,1.816018123035405
15.15151515151515,56.56565656565657,8.468387848232119,12.32944518842167,1.85866448398237
16.16161616161616,56.56565656565657,7.22163699064965,12.6200900255479,1.213377503604045
17.17171717171717,56.56565656565657,3.8540308666355516,10.16228891011907,1.597467078445082
18.18181818181818,56.56565656565657,7.810034272190057,14.13742411761782,1.320557216547588
19.19191919191919,56.56565656565657,9.900427068792121,13.24569606750048,1.342512201376656
20.2020202020202,56.56565656565657,5.182476987824592,7.081290545223034,2.446573142062836
21.21212121212121,56.56565656565657,21.004910102957496,17.61211574929268,1.803569590411375
22.22222222222222,56.56565656565657,36.439390091601815,8.484639848477666,1.485598692596604
23.23232323232324,56.56565656565657,69.35493487418816,23.96244705403481,4.792931448324241
24.24242424242424,56.56565656565657,45.796258922867835,32.41858572828471,4.585172307216814
25.25252525252525,56.56565656565657,43.07961615304645,24.32308478721083,4.657971018209553
26.26262626262626,56.56565656565657,13.083500345877965,16.74350297622463,5.10791437892496
27.27272727272727,56.56565656565657,14.550912493592772,19.57404097916349,3.313822773041121
28.28282828282828,56.56565656565657,32.677589673734445,19.17983644912241,4.933223276243483
29.29292929292929,56.56565656565657,33.0152774486625,13.58311441324183,4.831232232394711
30.3030303030303,56.56565656565657,28.465567510051237,13.12257524713383,3.446822862655529
31.31313131313131,56.56565656565657,47.33040089569057,7.531740515566867,4.186038258823475
32.32323232323233,56.56565656565657,26.85122241902042,19.43967256283973,3.665877840806241
33.33333333333334,56.56565656565657,35.519543972646915,19.04369228952896,5.294787147597654
34.34343434343435,56.56565656565657,34.56080037748502,20.03006323024941,4.91350712734531
35.35353535353536,56.56565656565657,28.349610450373827,15.1927688731883,3.592247187096097
36.36363636363637,56.56565656565657,45.68929240714998,23.11115542551285,4.042087140983356
37.37373737373738,56.56565656565657,92.2831507714806,4.122373093374845,3.385514045428166
38.38383838383839,56.56565656565657,115.72504055905455,33.77058009039268,5.025267379982382
39.3939393939394,56.56565656565657,59.6480552690652,14.68794031120525,4.029054125698661
40.40404040404041,56.56565656565657,21.86538425641644,11.99421786086001,1.385298092348924
41.41414141414142,56.56565656565657,15.49805259888084,14.83118199253073,0.9022455300356772
42.42424242424243,56.56565656565657,19.713548409166794,15.10732352757405,2.103420591375964
43.43434343434344,56.56565656565657,21.85313125051396,3.714315042258107,1.156389268057083
44.44444444444445,56.56565656565657,12.76009599173991,16.63075852344076,1.451654437688567
45.45454545454546,56.56565656565657,10.737922216402593,14.5704564101688,1.016627420640696
46.46464646464647,56.56565656565657,13.673186740032406,14.39288623072053,1.153467399118349
47.47474747474748,56.56565656565657,8.396848735770439,23.37824875491667,0.3266162156003819
48.48484848484848,56.56565656565657,10.517967186509257,11.09544924923647,1.63823987000604
49.49494949494949,56.56565656565657,26.875372518196247,20.65686091892121,2.153154414219991
50.50505050505051,56.56565656565657,21.90047376166168,14.2422394038643,1.330868378240307
51.51515151515152,56.56565656565657,9.792171062031695,26.66779562468251,1.507077034486177
52.52525252525253,56.56565656565657,32.79470720478242,22.80258826133995,2.08554536772261
53.53535353535354,56.56565656565657,69.76820738812783,0.6863594620455371,0.3121926278283506
54.54545454545455,56.56565656565657,77.80998876443402,34.0228542887002,4.024177292859598
55.55555555555556,56.56565656565657,44.09005003582837,18.67557605588858,4.532060503822048
56.56565656565657,56.56565656565657,44.9032529314279,12.2459412350048,4.141939885994172
57.57575757575758,56.56565656565657,53.20068880517333,26.27950771941978,4.511381032953081
58.58585858585859,56.56565656565657,33.68764190998008,14.63445915639932,4.317800419207964
59.5959595959596,56.56565656565657,36.30550278733608,8.443426043747909,4.597689237290724
60.60606060606061,56.56565656565657,42.63731580495351,19.83170569155893,4.184547063197909
61.61616161616162,56.56565656565657,79.21640829274408,29.30576143568603,4.923112255559907
62.62626262626263,56.56565656565657,59.83025642897143,29.1801027225334,4.036790220634944
63.63636363636364,56.56565656565657,30.48871033958988,12.02706565704729,4.681443942173162
64.64646464646465,56.56565656565657,38.30553403401702,15.581011737935,5.801430737293968
65.65656565656566,56.56565656565657,31.746156080384694,33.89771252818309,4.046466670565354
66.66666666666667,56.56565656565657,40.342371405775665,19.51100667377425,5.339663448419486
67.67676767676768,56.56565656565657,73.86728295691225,8.935912524059018,3.332841860529028
68.68686868686869,56.56565656565657,33.117732713824836,11.36081446243029,5.077197772060142
69.6969696969697,56.56565656565657,55.478759690292144,3.457356213674339,5.004800027021124
70.70707070707071,56.56565656565657,35.08061736113534,19.5171662139417,2.938751281889655
71.71717171717172,56.56565656565657,17.888264420236126,12.61795385300685,1.551305529117647
72.72727272727273,56.56565656565657,7.5187478453058825,16.95516745990739,1.346461218350785
73.73737373737374,56.56565656565657,7.55113979415369,14.13070739702169,1.433886024451848
74.74747474747475,56.56565656565657,8.327665120070023,11.6781687162388,1.389825577030064
75.75757575757576,56.56565656565657,16.381293210354787,15.21294895151121,2.405584493359741
76.76767676767678,56.56565656565657,33.19785057597817,24.11983083916962,2.41636573938305
77.77777777777779,56.56565656565657,12.093471525539979,27.94263826609628,1.071012747435686
78.7878787878788,56.56565656565657,12.286337547972881,11.62207403317029,1.388960518883401
79.7979797979798,56.56565656565657,13.686450682308738,16.98239014496431,2.023648707075432
80.80808080808082,56.56565656565657,10.987833606969424,12.68235813092334,1.636202567885683
81.81818181818183,56.56565656565657,23.964846597936994,22.88339493031815,1.777267450657222
82.82828282828284,56.56565656565657,20.174656421654515,16.08100019180877,0.9917631206352632
83.83838383838385,56.56565656565657,19.895816548720504,19.27185446002698,1.849405962305603
84.84848484848486,56.56565656565657,10.830696155574238,17.51720246782707,0.7105557046264139
85.85858585858587,56.56565656565657,43.55809579887646,14.30451520563158,0.4293576965932518
86.86868686868688,56.56565656565657,58.95036205989231,20.43688676962553,5.809255640854565
87.87878787878789,56.56565656565657,38.16486502299806,23.40990603368257,4.742517223014334
88.8888888888889,56.56565656565657,51.38362999195972,27.59231941803992,5.012963525537915
89.89898989898991,56.56565656565657,48.388940135800624,18.29738344180933,3.099710252850209
90.90909090909092,56.56565656565657,31.92570616300107,26.2940790571887,4.171934884269517
91.91919191919193,56.56565656565657,22.69275395293163,28.73475147076382,3.832236550113598
92.92929292929294,56.56565656565657,12.590152497130472,18.66476788020036,4.377999216423352
93.93939393939395,56.56565656565657,24.532162072628232,12.78396583802555,5.215780973508811
94.94949494949496,56.56565656565657,63.13408100755726,22.62277879704543,6.160153026976634
95.95959595959597,56.56565656565657,33.20056080177115,12.17730907439455,4.458640336133237
96.96969696969697,56.56565656565657,35.65957189495563,8.756234347448741,4.676029456708614
97.97979797979798,56.56565656565657,53.725546612343294,3.142695134500648,4.039740564387825
98.98989898989899,56.56565656565657,50.38932801258916,7.934060666284593,4.978302960363388
100.0,56.56565656565657,48.11175213594323,0.0,4.193249940968437
0.0,57.57575757575758,16.660719098329082,23.59272446681465,4.011779213647871
1.01010101010101,57.57575757575758,8.682346348691812,21.260736116662,4.842364492882385
2.02020202020202,57.57575757575758,13.5105766630533,22.06085059760955,4.350960345288114
3.03030303030303,57.57575757575758,40.23683573105181,13.33984960942586,5.554131242403326
4.040404040404041,57.57575757575758,29.701789344584675,16.27718744653036,6.714099993260664
5.050505050505051,57.57575757575758,28.12217702009472,21.17966538738612,3.583743182570346
6.060606060606061,57.57575757575758,69.66523341321965,9.321967460413896,4.005073089019724
7.070707070707071,57.57575757575758,83.1919102601314,28.55386942895832,4.7152298797409
8.080808080808081,57.57575757575758,46.254055190546026,10.56600810392089,1.160019294876611
9.090909090909092,57.57575757575758,12.479324423151578,26.88113213250171,1.158362714734896
10.1010101010101,57.57575757575758,23.28351323721945,18.9073053607636,2.35682256205324
11.11111111111111,57.57575757575758,8.091987753937316,15.94547955405273,1.793852905888424
12.12121212121212,57.57575757575758,15.462284806905497,13.4518910420521,2.122337243182033
13.13131313131313,57.57575757575758,16.828085830265376,6.064087557268243,1.668662886111946
14.14141414141414,57.57575757575758,10.167565701355022,22.18630356236516,1.175062971496424
15.15151515151515,57.57575757575758,12.549975481840988,16.43261396222434,0.771264706148431
16.16161616161616,57.57575757575758,14.182290800328502,10.75432534076609,2.836748537205147
17.17171717171717,57.57575757575758,20.38874419084287,9.60963272270953,1.064983504777367
18.18181818181818,57.57575757575758,13.466545496746923,2.831415004206472,1.957313822235432
19.19191919191919,57.57575757575758,15.962854914983396,16.02003553627697,1.944791826575841
20.2020202020202,57.57575757575758,7.532291622084103,12.65006010945265,1.643034969235184
21.21212121212121,57.57575757575758,22.50263852616339,10.39899193484748,0.5385072255978385
22.22222222222222,57.57575757575758,16.116827836406245,22.6071650924804,1.298072600968543
23.23232323232324,57.57575757575758,48.247133774097016,17.69571792758079,0.9249537616454923
24.24242424242424,57.57575757575758,61.84031165461717,15.77319720156804,5.636164946020311
25.25252525252525,57.57575757575758,53.87462194750655,11.5062492444556,4.013145063634461
26.26262626262626,57.57575757575758,20.362753377522708,15.11611959655789,5.765475250949496
27.27272727272727,57.57575757575758,6.8729972612162555,20.30936321686343,3.522752132828109
28.28282828282828,57.57575757575758,34.07316873234157,14.49657021430608,4.818990024409119
29.29292929292929,57.57575757575758,60.64987049080682,28.92424006226392,4.724370728090845
30.3030303030303,57.57575757575758,45.38010006357639,19.17263773866806,5.407302675651311
31.31313131313131,57.57575757575758,27.602872822713366,20.98941567010007,3.965565445995992
32.32323232323233,57.57575757575758,12.285099928813205,11.38078008875496,4.941422836427976
33.33333333333334,57.57575757575758,36.98754788164514,13.56727670012069,4.252132353224978
34.34343434343435,57.57575757575758,66.05741623311692,30.57134171844097,4.699750855535195
35.35353535353536,57.57575757575758,32.33394428894965,16.26052073193144,4.730288282819848
36.36363636363637,57.57575757575758,6.49463030521256,25.33117684901005,3.377249623883458
37.37373737373738,57.57575757575758,31.28210631886936,16.32123316417676,5.41547881584223
38.38383838383839,57.57575757575758,58.79282372906238,14.43887792865064,3.989363623141908
39.3939393939394,57.57575757575758,25.519231269125076,7.443751150627889,1.487710304305584
40.40404040404041,57.57575757575758,9.42462664609776,16.97892149646468,0.9216786900718092
41.41414141414142,57.57575757575758,33.0268880377807,22.55270148444305,2.055946800006841
42.42424242424243,57.57575757575758,15.479920292211307,15.23283826153691,1.071969827281646
43.43434343434344,57.57575757575758,7.502369102272046,16.50526013888616,1.33876888031335
44.44444444444445,57.57575757575758,7.915328360751419,11.51391388753714,1.414269559555161
45.45454545454546,57.57575757575758,24.827217195598532,8.361389868272425,0.4599770293472594
46.46464646464647,57.57575757575758,35.1792980156084,22.79914021330875,2.228960141419498
47.47474747474748,57.57575757575758,16.391753851203767,7.535768311029125,1.407837688399325
48.48484848484848,57.57575757575758,4.2484288081914645,16.01703522516494,0.9294521808481224
49.49494949494949,57.57575757575758,16.626212657380634,13.77888940946712,1.17106547506989
50.50505050505051,57.57575757575758,14.900581183109898,12.85089572584294,2.609464883811094
51.51515151515152,57.57575757575758,18.3764014982714,26.30369812879816,1.71075771071573
52.52525252525253,57.57575757575758,19.339643350141134,13.84786766646799,0.9739907096613224
53.53535353535354,57.57575757575758,11.751548948996426,15.78570815104489,1.007617326109467
54.54545454545455,57.57575757575758,41.91044270098739,13.74743246763348,2.020438249414739
55.55555555555556,57.57575757575758,51.150318172010735,1.920611835527744,2.925343044300762
56.56565656565657,57.57575757575758,44.7553965717342,18.14530827563569,4.943243213595198
57.57575757575758,57.57575757575758,44.43931897978672,9.234474770444631,4.474077665331112
58.58585858585859,57.57575757575758,50.467410604689974,6.659937143117325,4.485445704450437
59.5959595959596,57.57575757575758,46.012191289051884,18.7804286706993,4.60294390378045
60.60606060606061,57.57575757575758,21.907331221636767,8.219263132556936,5.220604855368814
61.61616161616162,57.57575757575758,32.35963333447493,14.12792468843679,3.021200692344997
62.62626262626263,57.57575757575758,49.74895024117272,11.81718143349958,3.294652793804291
63.63636363636364,57.57575757575758,37.062326900176075,14.17881225601399,5.118454734915945
64.64646464646465,57.57575757575758,42.70789572388692,27.77905345763575,4.566317873237209
65.65656565656566,57.57575757575758,28.233010193367008,29.54783219206408,5.184941905231385
66.66666666666667,57.57575757575758,30.906184034484504,22.57873368064557,4.048358594642808
67.67676767676768,57.57575757575758,43.071125520529876,23.68578782217561,5.209291228605959
68.68686868686869,57.57575757575758,35.13639840601361,21.30292606787576,4.326495042388403
69.6969696969697,57.57575757575758,50.39387922728427,17.87489664346925,4.843266318343733
70.70707070707071,57.57575757575758,29.410479953484597,15.62655374300624,1.35726399692142
71.71717171717172,57.57575757575758,11.502221382801109,14.81567214350092,1.593481954414544
72.72727272727273,57.57575757575758,17.607451372232507,13.71101448564063,0.7695346627727842
73.73737373737374,57.57575757575758,26.204593539510725,22.37559895224604,1.837189425100904
74.74747474747475,57.57575757575758,8.93138059109343,14.50144868530142,1.222401275765551
75.75757575757576,57.57575757575758,6.83374699918024,10.25224685237968,2.422815802093752
76.76767676767678,57.57575757575758,15.714552241765162,15.81778033819518,1.263040967120969
77.77777777777779,57.57575757575758,17.20024137296263,27.01042901590841,1.293565317214922
78.7878787878788,57.57575757575758,18.956716310785133,4.450003602370354,1.315287335729218
79.7979797979798,57.57575757575758,10.177951324358565,14.76932131193013,1.190282087056739
80.80808080808082,57.57575757575758,7.340533133744767,12.46133119188868,0.9336321230294323
81.81818181818183,57.57575757575758,13.296963275586297,20.25430809267021,1.235518801086828
82.82828282828284,57.57575757575758,20.836776848512244,22.48332753660167,1.808605965772074
83.83838383838385,57.57575757575758,10.155340182443858,22.30492875410013,1.149389188714891
84.84848484848486,57.57575757575758,6.74126451826706,16.11160984894354,1.317991366932831
85.85858585858587,57.57575757575758,12.839921606994462,11.97774994268677,2.244974843887424
86.86868686868688,57.57575757575758,48.43347297743066,2.622106668393992,1.550203478364199
87.87878787878789,57.57575757575758,49.70224099670759,9.951208026992209,5.625078118020078
88.8888888888889,57.57575757575758,59.226606809580666,30.5260634113513,4.380309515688173
89.89898989898991,57.57575757575758,51.87156664985423,9.900468673242528,3.848581136167833
90.90909090909092,57.57575757575758,43.92809505044292,20.58758690312129,5.64970777372151
91.91919191919193,57.57575757575758,44.0953302445771,19.76491350476219,3.817049887227326
92.92929292929294,57.57575757575758,19.45970880098871,17.90074546850825,4.592205539743278
93.93939393939395,57.57575757575758,36.92535525964058,10.1609769717489,5.709021283393286
94.94949494949496,57.57575757575758,51.104245240259154,22.05392788513593,4.320995442946742
95.95959595959597,57.57575757575758,36.1017430931402,7.509175200488993,4.910584217929489
96.96969696969697,57.57575757575758,39.56883572381001,29.48340534570754,3.427003020403222
97.97979797979798,57.57575757575758,30.740109554794575,25.65473301393612,4.279918925873027
98.98989898989899,57.57575757575758,38.46816811419373,21.81263171979156,4.467298532681214
100.0,57.57575757575758,54.897078191422764,11.75033339365378,3.586902192268902
0.0,58.58585858585859,44.35085124647583,13.62943146785458,4.174794160432032
1.01010101010101,58.58585858585859,18.389593459825154,21.03976325356307,4.311513576614669
2.02020202020202,58.58585858585859,31.65766704582261,16.95452545621333,4.639281850379596
3.03030303030303,58.58585858585859,35.40588887375042,32.27827363572212,3.92717610829155
4.040404040404041,58.58585858585859,15.549345393736441,27.38516946566921,3.864139906109467
5.050505050505051,58.58585858585859,36.19674411493773,16.93061015880289,5.261047527502377
6.060606060606061,58.58585858585859,30.807900866900212,2.511530053142532,4.582983267171431
7.070707070707071,58.58585858585859,34.11816627884722,14.24233004013646,1.832689578090526
8.080808080808081,58.58585858585859,10.727125269849275,19.10946446997282,1.222920546057239
9.090909090909092,58.58585858585859,26.5019772674978,19.35592714087937,2.487041186936269
10.1010101010101,58.58585858585859,23.248178835987467,16.69627234029472,0.6521548919708752
11.11111111111111,58.58585858585859,11.018722244025607,20.36675241920774,1.143553909682018
12.12121212121212,58.58585858585859,14.10756474121738,3.613729239266437,1.967583786144995
13.13131313131313,58.58585858585859,8.61149656892379,11.27478799633291,1.012547913093115
14.14141414141414,58.58585858585859,5.315768861743129,9.556848595908686,2.175435867844444
15.15151515151515,58.58585858585859,5.716582335703419,18.01721736783234,1.187839379258896
16.16161616161616,58.58585858585859,16.62076615894594,13.49030856738408,2.515543548885569
17.17171717171717,58.58585858585859,43.64568811393512,23.94375855180337,2.540282319281417
18.18181818181818,58.58585858585859,23.709703609297616,8.951584873224828,1.784604755373398
19.19191919191919,58.58585858585859,22.823376823095977,20.14942141863521,2.265530002078624
20.2020202020202,58.58585858585859,8.693791043322893,14.58046361969693,1.501897363625863
21.21212121212121,58.58585858585859,11.627085228071337,15.8464142104773,1.925695856464799
22.22222222222222,58.58585858585859,7.580611571773299,13.86136696346064,1.323334996265525
23.23232323232324,58.58585858585859,11.732509526044842,16.20302280610358,1.565323337384611
24.24242424242424,58.58585858585859,45.90663108132726,12.07114708145111,1.370231750156669
25.25252525252525,58.58585858585859,72.53422931979158,28.56213139126081,3.881198398888091
26.26262626262626,58.58585858585859,19.945466882244023,13.89009548419272,4.601117444388871
27.27272727272727,58.58585858585859,54.4505763320825,12.06151346345045,5.639889202520971
28.28282828282828,58.58585858585859,35.675823454453415,26.39233089455521,4.278359615438061
29.29292929292929,58.58585858585859,61.241969255723646,19.07436478446283,3.399410063462723
30.3030303030303,58.58585858585859,100.68010871336907,37.45817573631189,4.627498741097908
31.31313131313131,58.58585858585859,31.74795182765398,16.43301319869587,4.379304369073945
32.32323232323233,58.58585858585859,11.045522594888142,14.18721680962203,4.363164703710394
33.33333333333334,58.58585858585859,60.76189760642859,7.696679875395391,5.238953558259252
34.34343434343435,58.58585858585859,34.28040465947207,16.45219842485682,4.707968218968428
35.35353535353536,58.58585858585859,29.23193244041688,24.70342574280327,4.392850774390566
36.36363636363637,58.58585858585859,20.541418429180105,15.31344341938066,5.152931482166326
37.37373737373738,58.58585858585859,30.261060326410114,17.05115194698717,4.18228345397514
38.38383838383839,58.58585858585859,29.696211156422308,15.32491166577291,0.7731233323249926
39.3939393939394,58.58585858585859,3.8665443274718148,8.977878542920376,1.553145898290455
40.40404040404041,58.58585858585859,3.463538812648757,20.41049272193959,0.8372238134441831
41.41414141414142,58.58585858585859,17.40277256287801,7.839166757321797,1.020700937810209
42.42424242424243,58.58585858585859,11.771529547528488,13.88021126983406,1.944877795634491
43.43434343434344,58.58585858585859,1.7219113130445756,15.93432502662911,1.42611212436298
44.44444444444445,58.58585858585859,5.900310338324157,15.16452193311694,1.439944734756907
45.45454545454546,58.58585858585859,14.3552807290394,17.41345070363089,1.882348317811471
46.46464646464647,58.58585858585859,9.822217966046452,23.64723048183338,1.332054346900116
47.47474747474748,58.58585858585859,8.049622914869488,17.01568397523005,1.687593913126606
48.48484848484848,58.58585858585859,9.898042719870862,14.10942171531087,1.634652501781181
49.49494949494949,58.58585858585859,18.709257653183776,18.61749632091387,1.915000238838803
50.50505050505051,58.58585858585859,12.23885205334572,12.36275366826714,1.405376556226603
51.51515151515152,58.58585858585859,8.175269747080971,18.11571513780588,1.064232546867951
52.52525252525253,58.58585858585859,8.0006220623672,14.26459801559926,1.601749411095304
53.53535353535354,58.58585858585859,19.527021064356944,18.10793600623918,1.818668246653625
54.54545454545455,58.58585858585859,20.070761163565773,7.942219139781876,0.4154383140001827
55.55555555555556,58.58585858585859,26.823637141188037,18.23374174236381,1.36909450217204
56.56565656565657,58.58585858585859,31.51572822200257,17.42725125578193,4.711525772956148
57.57575757575758,58.58585858585859,26.174827790248887,18.01489793320794,4.552234081140069
58.58585858585859,58.58585858585859,55.75374297927086,25.67150811372365,5.079993617086881
59.5959595959596,58.58585858585859,39.258589814422905,28.38571497344885,4.324738921170828
60.60606060606061,58.58585858585859,39.92198271130922,6.640100310094013,5.891378579609589
61.61616161616162,58.58585858585859,40.6768896497166,22.42715146979143,2.967543901088
62.62626262626263,58.58585858585859,64.36382574433365,22.88268130319624,5.317514183180666
63.63636363636364,58.58585858585859,47.16294341010723,5.830492859502534,4.889527413712618
64.64646464646465,58.58585858585859,51.20500699270436,16.9941802675027,4.301614833059998
65.65656565656566,58.58585858585859,34.7106572663469,24.83539753335596,5.816793131131248
66.66666666666667,58.58585858585859,15.359453229523552,19.22624741204323,5.642276766649569
67.67676767676768,58.58585858585859,36.67279131113038,25.08580768197379,4.301410916049971
68.68686868686869,58.58585858585859,101.1473993637655,30.24665423641064,5.336570860115001
69.6969696969697,58.58585858585859,53.38667309689909,15.20097855867146,1.659401167231155
70.70707070707071,58.58585858585859,13.04479673587705,23.66925891087125,1.476255205979182
71.71717171717172,58.58585858585859,21.939932456391492,16.34036752023598,3.067656485748351
72.72727272727273,58.58585858585859,14.382830344838103,15.13201513637368,1.65794267867078
73.73737373737374,58.58585858585859,13.248160228596918,9.581280181125244,1.155896352053919
74.74747474747475,58.58585858585859,8.42210249188275,10.47745798973899,1.335379204660548
75.75757575757576,58.58585858585859,9.690838803599092,14.56012815220952,1.953557520425949
76.76767676767678,58.58585858585859,6.477310477829286,11.67953684812008,2.115737537727117
77.77777777777779,58.58585858585859,13.074319136356403,15.49988791944997,0.9806258962165517
78.7878787878788,58.58585858585859,17.232746629140298,15.92275546562951,1.920332450276451
79.7979797979798,58.58585858585859,10.094966143613583,14.21809362660048,1.676226542181526
80.80808080808082,58.58585858585859,5.433217654275255,6.383629631241511,1.679986759783388
81.81818181818183,58.58585858585859,5.906613789691599,16.46676775007135,1.002700793203428
82.82828282828284,58.58585858585859,14.730054005817884,6.999764767650101,1.813867884156411
83.83838383838385,58.58585858585859,3.6374509063796423,8.190569769805782,1.764057915892056
84.84848484848486,58.58585858585859,5.277828327146685,9.420344939212612,1.392176734681432
85.85858585858587,58.58585858585859,8.75262687529365,13.46800369054958,1.838267059160437
86.86868686868688,58.58585858585859,21.101753186425476,9.485711257681618,0.8859554773716916
87.87878787878789,58.58585858585859,31.045431375359083,18.87256622645845,3.713905065884593
88.8888888888889,58.58585858585859,31.289803594833195,16.39633515971607,4.559616245946604
89.89898989898991,58.58585858585859,46.38578414655667,4.731535772843749,4.872046502036027
90.90909090909092,58.58585858585859,56.50874779100746,17.28815932523765,3.834960918509743
91.91919191919193,58.58585858585859,85.01613841881384,32.63195309142532,5.194903499694397
92.92929292929294,58.58585858585859,44.225519376603025,23.90359641295876,5.379870952499735
93.93939393939395,58.58585858585859,39.06276017840284,20.71512015350336,6.544068536432961
94.94949494949496,58.58585858585859,87.05588426599297,32.26624300076317,4.956910313140074
95.95959595959597,58.58585858585859,77.55305933915437,7.942891190941594,4.088314302103594
96.96969696969697,58.58585858585859,38.87469922587768,20.8058350182835,6.070124673554077
97.97979797979798,58.58585858585859,19.783338212385587,25.51761804272958,4.488624806666949
98.98989898989899,58.58585858585859,29.286186463699796,23.15864315904813,5.42855419210285
100.0,58.58585858585859,50.99299810752512,26.70668079816616,4.096165837112438
0.0,59.5959595959596,42.92450534373549,23.99710599045386,4.933542401603063
1.01010101010101,59.5959595959596,31.296474840643768,19.20352619760672,3.919249816427954
2.02020202020202,59.5959595959596,48.80501456938061,21.42856110098771,5.963833988438537
3.03030303030303,59.5959595959596,22.424079659803756,24.54660703612301,4.353272964398649
4.040404040404041,59.5959595959596,35.386597580454726,19.23104387761114,4.408445189646451
5.050505050505051,59.5959595959596,57.24037475989604,23.66432657364054,5.34051250300009
6.060606060606061,59.5959595959596,30.251165828056212,12.99367364763637,1.29009925880894
7.070707070707071,59.5959595959596,6.602506611250734,20.34176509886572,0.7614519120887764
8.080808080808081,59.5959595959596,3.546364872189577,13.22460961869511,1.442423182477466
9.090909090909092,59.5959595959596,10.731375821383626,18.82322853576568,1.123719521951434
10.1010101010101,59.5959595959596,7.499058488983048,11.43579049063659,1.797541400333692
11.11111111111111,59.5959595959596,8.323355299316628,16.92893945705643,0.7744752032990441
12.12121212121212,59.5959595959596,11.150474873099377,18.34505511756055,1.178264513167618
13.13131313131313,59.5959595959596,12.314110754535783,16.60651320491518,1.859806907033368
14.14141414141414,59.5959595959596,8.101204422400174,14.00562584547709,1.05618454645805
15.15151515151515,59.5959595959596,5.73296106540481,14.43336534637385,1.551618525142195
16.16161616161616,59.5959595959596,12.745758082981695,16.26780998992704,0.6333293960267248
17.17171717171717,59.5959595959596,19.52362808853203,10.49647232538599,0.8163003097712539
18.18181818181818,59.5959595959596,16.3858981698514,3.662340433079753,1.663483557753616
19.19191919191919,59.5959595959596,13.182331073371016,20.16973888353391,1.104324297595026
20.2020202020202,59.5959595959596,5.362967779889382,12.20946249250873,1.687612181943126
21.21212121212121,59.5959595959596,9.879724206617094,13.02624734831871,2.404308460485858
22.22222222222222,59.5959595959596,11.250604735904478,8.05851353072086,2.260364167342439
23.23232323232324,59.5959595959596,22.321873982727197,21.86324927242495,2.170552048165568
24.24242424242424,59.5959595959596,9.996752354419183,18.8001563428704,1.312169448453569
25.25252525252525,59.5959595959596,32.73642054022093,13.45114973256104,1.981823172332855
26.26262626262626,59.5959595959596,57.83881243305588,16.01638342786532,4.332388693749804
27.27272727272727,59.5959595959596,136.7039328465591,40.3695282218396,5.779179001915671
28.28282828282828,59.5959595959596,52.50281153278965,21.00911341234489,5.056578082157996
29.29292929292929,59.5959595959596,39.063532704828525,10.21672792535573,4.722776697910794
30.3030303030303,59.5959595959596,58.24377311012361,11.45550258308078,4.377913547928549
31.31313131313131,59.5959595959596,7.112500538932425,19.84803393909922,3.409888951521467
32.32323232323233,59.5959595959596,45.4191719655869,13.18794776043238,5.215119151042395
33.33333333333334,59.5959595959596,141.67571561841794,38.47486934040367,5.387681375235131
34.34343434343435,59.5959595959596,51.02917728373155,18.51911348539327,4.328547878568868
35.35353535353536,59.5959595959596,45.67448399233005,37.18785983574556,3.581096283691085
36.36363636363637,59.5959595959596,47.30623863050866,20.6300938430185,5.682402817448818
37.37373737373738,59.5959595959596,33.05340079421561,21.2852871766291,1.616333798053073
38.38383838383839,59.5959595959596,7.421001234228434,14.7316656840264,1.582875417038206
39.3939393939394,59.5959595959596,4.590026376326559,12.51718764054685,1.701677679901254
40.40404040404041,59.5959595959596,9.177956148797051,10.26665952162699,1.682374323524181
41.41414141414142,59.5959595959596,4.653104403653621,14.86735110580566,0.7510584715890933
42.42424242424243,59.5959595959596,7.501711851832267,9.036518732538827,1.531609575999509
43.43434343434344,59.5959595959596,4.113145484380099,17.84886424561173,1.211457223698236
44.44444444444445,59.5959595959596,8.641130652069702,21.59438924352134,1.29917323576552
45.45454545454546,59.5959595959596,8.485064046782021,12.48315931058076,1.322588159709222
46.46464646464647,59.5959595959596,7.304458597637533,19.93458211571981,0.782164269829703
47.47474747474748,59.5959595959596,8.845344173961823,17.64958656472776,1.306483507422054
48.48484848484848,59.5959595959596,11.755742654256121,12.73651881726902,0.7764158752525546
49.49494949494949,59.5959595959596,13.93888359170409,8.291770317672412,1.350580299394021
50.50505050505051,59.5959595959596,15.189243321731627,19.59154664554465,1.530604029196097
51.51515151515152,59.5959595959596,5.897599410563566,14.54921186432896,1.221520647770597
52.52525252525253,59.5959595959596,5.935036097356415,12.48422297585014,1.110155980962404
53.53535353535354,59.5959595959596,11.023358363016804,12.56800310338394,0.9203898119376891
54.54545454545455,59.5959595959596,16.01645895636514,4.994257410925845,1.563630053038927
55.55555555555556,59.5959595959596,13.287615659710752,22.43384492123049,1.520183269689661
56.56565656565657,59.5959595959596,39.42610353067395,11.11808246605697,1.8780125207164
57.57575757575758,59.5959595959596,49.86344816633278,16.89549910851728,5.771424196095956
58.58585858585859,59.5959595959596,32.57379325189013,14.07041962355906,4.547681880742783
59.5959595959596,59.5959595959596,31.583769596186457,21.81606404073474,4.278211974217371
60.60606060606061,59.5959595959596,30.869090397155794,24.01805945700781,3.494929388346558
61.61616161616162,59.5959595959596,40.15746785074441,24.27482791503844,5.060024204219901
62.62626262626263,59.5959595959596,29.70069602134415,20.30010907624473,4.692842049317859
63.63636363636364,59.5959595959596,42.511799298130796,8.335043744696142,4.238751995785346
64.64646464646465,59.5959595959596,47.8191376444194,25.76315241647217,4.200683931685073
65.65656565656566,59.5959595959596,26.658878617623593,22.11968770266055,5.502052220475817
66.66666666666667,59.5959595959596,27.224847667833938,18.83326814965753,5.345487393645287
67.67676767676768,59.5959595959596,53.626903261340615,7.2419293738447,4.250178178457628
68.68686868686869,59.5959595959596,42.69259574681643,14.11031412906731,1.117492089205063
69.6969696969697,59.5959595959596,13.061221774049681,14.35568479081593,1.318810626012155
70.70707070707071,59.5959595959596,7.8341391599262185,22.30012692636628,0.9595147396756301
71.71717171717172,59.5959595959596,7.456173239452319,17.79865647284695,1.635428001533448
72.72727272727273,59.5959595959596,5.945723348108148,15.00655747812047,1.934537933604359
73.73737373737374,59.5959595959596,9.141889282584653,23.7218502511105,0.7210610036462158
74.74747474747475,59.5959595959596,13.879143104420173,1.109518098856995,1.268352853392086
75.75757575757576,59.5959595959596,13.560077117784797,15.39834037163257,0.7449709629906865
76.76767676767678,59.5959595959596,10.737191396497305,16.76697242703586,1.94688040799154
77.77777777777779,59.5959595959596,8.844676167837251,17.83087780266835,1.28249825937879
78.7878787878788,59.5959595959596,16.846193911340357,12.2700247266342,0.6920588153602563
79.7979797979798,59.5959595959596,20.697000342997512,14.22325859332445,2.679199858553989
80.80808080808082,59.5959595959596,14.224136385315763,6.2515754623443,1.407099540471006
81.81818181818183,59.5959595959596,9.539645424812337,5.887024968371435,1.86843843066377
82.82828282828284,59.5959595959596,22.24779488705503,19.01793172817458,2.002502152530164
83.83838383838385,59.5959595959596,9.357501625141623,11.52919486420164,1.277122418318621
84.84848484848486,59.5959595959596,6.880592821119529,10.5794936373023,1.23829236916488
85.85858585858587,59.5959595959596,6.526692823720364,12.53515307710857,1.585629776971007
86.86868686868688,59.5959595959596,9.586336643839429,7.275629256470823,1.433682241815004
87.87878787878789,59.5959595959596,32.63530011056574,14.22185473691597,1.854952776424951
88.8888888888889,59.5959595959596,38.95588132855205,18.13605069691655,4.664124035697583
89.89898989898991,59.5959595959596,38.17152668388967,19.01189684964628,5.185648654772866
90.90909090909092,59.5959595959596,21.009776911165094,22.20556092379644,4.31659382303304
91.91919191919193,59.5959595959596,40.393575644198165,16.84305091661341,4.017888189841479
92.92929292929294,59.5959595959596,38.25230542440888,7.635192251979685,6.021463744691931
93.93939393939395,59.5959595959596,41.28544558562824,22.02861889148184,4.004094250006068
94.94949494949496,59.5959595959596,72.36059843295197,7.752792221948354,3.63879610645721
95.95959595959597,59.5959595959596,47.30374718903721,18.06573771146787,6.476074181124296
96.96969696969697,59.5959595959596,23.955911520784845,24.79477761322168,4.098664908156747
97.97979797979798,59.5959595959596,49.16086053632182,18.04736530006035,3.495160132239624
98.98989898989899,59.5959595959596,21.95853589815966,16.27685857615477,3.953435297387583
100.0,59.5959595959596,38.81558543505495,10.47530075734476,3.817231877794101
0.0,60.60606060606061,19.135932054374138,18.66782629760265,5.048001561550253
1.01010101010101,60.60606060606061,13.563201578230911,16.20796627104803,3.77515676046347
2.02020202020202,60.60606060606061,51.541278371027815,12.93626301713308,4.266081030153407
3.03030303030303,60.60606060606061,40.68849551804498,19.32646895274535,4.143722515425237
4.040404040404041,60.60606060606061,66.17626475459585,31.82304736845975,4.449748677154166
5.050505050505051,60.60606060606061,53.26107657824511,18.15349777754788,4.734192465206054
6.060606060606061,60.60606060606061,20.87026584359219,18.11437648056962,1.193781499029698
7.070707070707071,60.60606060606061,7.212969020630325,12.71411009852624,2.078536987005438
8.080808080808081,60.60606060606061,6.319042251322903,15.98333793031966,0.9288829869235263
9.090909090909092,60.60606060606061,7.123995853027392,5.417470644510525,1.455615293654634
10.1010101010101,60.60606060606061,8.678083963251613,11.99297420535815,0.6894711409491524
11.11111111111111,60.60606060606061,11.027376069831735,18.14129500433762,1.117642530860373
12.12121212121212,60.60606060606061,10.068472892262939,20.57476495483467,1.649513396288898
13.13131313131313,60.60606060606061,11.127998937374404,19.73865957368919,1.788912921907466
14.14141414141414,60.60606060606061,7.589436732277957,16.15029479253692,1.083857849618655
15.15151515151515,60.60606060606061,2.933377880897022,11.95325561646534,2.061250850836392
16.16161616161616,60.60606060606061,9.956212176222795,16.86350619906669,1.412905149844915
17.17171717171717,60.60606060606061,14.182288678238713,21.78327620602138,1.386224624864013
18.18181818181818,60.60606060606061,15.06686575306232,16.86912049640163,2.554686700652756
19.19191919191919,60.60606060606061,12.722101884143811,18.82606488691746,1.794176662971803
20.2020202020202,60.60606060606061,6.8021568696662476,19.46069030949339,1.458314782955638
21.21212121212121,60.60606060606061,8.12216999769252,9.521660414620868,1.724718404253236
22.22222222222222,60.60606060606061,6.8543289316540825,6.324426894625455,2.480050771165795
23.23232323232324,60.60606060606061,12.870145554316288,21.30316411974394,1.515580037695586
24.24242424242424,60.60606060606061,9.827979432588803,17.88864880957009,0.983072701579593
25.25252525252525,60.60606060606061,20.471143884011184,20.09467038895613,1.427531566912033
26.26262626262626,60.60606060606061,50.122533481339026,18.90920304894033,4.686621670781985
27.27272727272727,60.60606060606061,62.71921104412412,37.52569850073538,3.803957638414126
28.28282828282828,60.60606060606061,31.734786924895843,22.22314143133828,3.957858165069552
29.29292929292929,60.60606060606061,51.115399320384775,24.88191861352858,5.145600752952509
30.3030303030303,60.60606060606061,53.14753451445237,24.40934579332983,5.756465798656935
31.31313131313131,60.60606060606061,48.434934341905624,10.71793444858613,5.797822669287181
32.32323232323233,60.60606060606061,54.49464907810288,7.70288759016942,4.360226122367663
33.33333333333334,60.60606060606061,56.39897668937838,19.45538544421546,3.762369490816031
34.34343434343435,60.60606060606061,32.72581945184791,20.10397569724686,5.045331985227378
35.35353535353536,60.60606060606061,58.92924978648514,11.30414720497889,3.900113310959445
36.36363636363637,60.60606060606061,36.027196604696194,13.30890522728737,4.890868483710651
37.37373737373738,60.60606060606061,12.192157030939022,23.82755874609807,1.502419912774145
38.38383838383839,60.60606060606061,5.648744112719212,30.65154457957141,0.9274619553329824
39.3939393939394,60.60606060606061,8.92708256028542,20.67157142758985,1.270248550568658
40.40404040404041,60.60606060606061,25.127058910549515,22.08021494693185,1.977607846034271
41.41414141414142,60.60606060606061,19.913114466580005,3.080775617195805,1.460320735931194
42.42424242424243,60.60606060606061,10.192854725691772,15.24667733425523,1.327206183232433
43.43434343434344,60.60606060606061,3.2825979752841112,14.11337323869571,1.451530102226603
44.44444444444445,60.60606060606061,5.640620281813235,10.60375101490271,1.667862610185551
45.45454545454546,60.60606060606061,5.839430002655264,10.29699392557905,1.097471574403451
46.46464646464647,60.60606060606061,6.549549142509613,11.21018143749542,1.830294839518262
47.47474747474748,60.60606060606061,10.710275919370789,17.37550988285649,1.850119247053778
48.48484848484848,60.60606060606061,8.87067907748769,20.22205670278795,1.446772490273524
49.49494949494949,60.60606060606061,8.878122636643148,13.53892529846041,1.654663307423436
50.50505050505051,60.60606060606061,16.95908089437538,10.5576638986751,1.21669331935248
51.51515151515152,60.60606060606061,8.743501846398306,14.94532880518256,1.587648171860404
52.52525252525253,60.60606060606061,6.817649050017569,18.93489764932433,1.183317821606154
53.53535353535354,60.60606060606061,11.12991903872918,17.04605380504842,1.657026649667046
54.54545454545455,60.60606060606061,13.080171001524512,15.41651434379991,2.420304703518594
55.55555555555556,60.60606060606061,7.673117489178518,20.22477025065565,1.464094536501412
56.56565656565657,60.60606060606061,6.632548403622279,15.00226960478375,1.833083635351841
57.57575757575758,60.60606060606061,29.886876123225743,16.28528536374535,1.456213597189514
58.58585858585859,60.60606060606061,20.632046318572012,12.18706263952011,5.332737535519851
59.5959595959596,60.60606060606061,42.389642444873374,6.956583035025044,5.054781404033559
60.60606060606061,60.60606060606061,28.645436335570864,11.75897718893974,4.555605137251898
61.61616161616162,60.60606060606061,21.85318843087383,16.5254747060297,5.139629174492234
62.62626262626263,60.60606060606061,15.987386144461425,22.46192950436355,4.45879678986944
63.63636363636364,60.60606060606061,23.567245045383522,13.00795833661077,5.052895382585558
64.64646464646465,60.60606060606061,38.30193884579289,7.084479630967383,5.42598014448814
65.65656565656566,60.60606060606061,43.44200902162416,13.35888739603714,5.414998194583917
66.66666666666667,60.60606060606061,11.750326094043107,20.14225887195964,4.493269877664719
67.67676767676768,60.60606060606061,47.687944602612795,15.80368338235337,5.268227118922432
68.68686868686869,60.60606060606061,26.988837462627018,14.71928036672033,1.543397953468972
69.6969696969697,60.60606060606061,34.951936666944015,23.81225373945634,2.488470407119052
70.70707070707071,60.60606060606061,12.612020208205067,24.75229785103448,1.172145695356597
71.71717171717172,60.60606060606061,4.353159371803891,19.69379206638825,1.529726404646392
72.72727272727273,60.60606060606061,9.293906501639063,19.93789522281778,1.849111285536733
73.73737373737374,60.60606060606061,8.513989562972046,13.60861862822191,1.471055236313921
74.74747474747475,60.60606060606061,6.237522488587352,9.783303237308688,1.898951369554674
75.75757575757576,60.60606060606061,10.239183841538157,17.72614850985532,0.9874036567258501
76.76767676767678,60.60606060606061,13.073345536190256,24.25191332054878,1.513794214697605
77.77777777777779,60.60606060606061,12.345115109238767,20.48432703709608,1.29008801524129
78.7878787878788,60.60606060606061,18.894596265440168,9.036490929477278,0.7950069371162325
79.7979797979798,60.60606060606061,9.746821064698091,15.55550148311522,1.833363884246541
80.80808080808082,60.60606060606061,15.888912824143205,19.61112824667402,1.644576059688464
81.81818181818183,60.60606060606061,13.494669172384318,7.726935644693293,1.85837806853302
82.82828282828284,60.60606060606061,12.93083298398366,18.19325702830751,1.369860925630822
83.83838383838385,60.60606060606061,20.69691950245524,18.02820906042044,0.1415938481132201
84.84848484848486,60.60606060606061,17.352815738030785,15.68315434273103,2.053751769711521
85.85858585858587,60.60606060606061,8.781390200803273,14.82787719707998,1.677949589879553
86.86868686868688,60.60606060606061,10.192832746520113,15.14986978231858,1.409527919754508
87.87878787878789,60.60606060606061,17.378154683702814,17.53967185035891,2.226619164599711
88.8888888888889,60.60606060606061,36.781969958447036,5.457022778298086,1.979322294502932
89.89898989898991,60.60606060606061,36.20193376816363,6.473352894699235,5.897488330629058
90.90909090909092,60.60606060606061,21.608072814126317,13.84529398234586,5.22067449689592
91.91919191919193,60.60606060606061,17.043854669206894,20.95607983412271,3.699360414726799
92.92929292929294,60.60606060606061,50.862022317814365,12.67163331712263,3.118551196627566
93.93939393939395,60.60606060606061,37.24900471654717,25.25387857263485,4.108932396247073
94.94949494949496,60.60606060606061,56.03865306412067,9.933793224750607,3.739268273968462
95.95959595959597,60.60606060606061,40.768727102768246,23.12935528745881,5.034982138717867
96.96969696969697,60.60606060606061,38.52717083320037,13.64282205137201,6.18544989921767
97.97979797979798,60.60606060606061,98.26906577479572,35.4703591151987,4.748842910360826
98.98989898989899,60.60606060606061,40.16673468999869,15.55787037090708,4.082675525601647
100.0,60.60606060606061,26.38005431976382,10.49037984029873,1.650187382308943
0.0,61.61616161616162,17.620423549738334,24.20387303289841,3.884938021624576
1.01010101010101,61.61616161616162,43.16131103087645,18.30290907926607,3.281373468790938
2.02020202020202,61.61616161616162,74.99063608524148,29.23748988066423,5.398759611723558
3.03030303030303,61.61616161616162,62.539636368680526,24.82422221940487,5.222541619319256
4.040404040404041,61.61616161616162,48.24469351050584,12.89405295504316,3.948216520398522
5.050505050505051,61.61616161616162,27.33074102881642,18.04884941378863,1.845839603771528
6.060606060606061,61.61616161616162,15.46654545452644,13.57571364537749,0.8931175695494219
7.070707070707071,61.61616161616162,5.467816381522397,15.79047027022715,1.576557364128902
8.080808080808081,61.61616161616162,7.3743190402769985,19.69732502088075,0.8809821575036699
9.090909090909092,61.61616161616162,13.509475842778327,18.87032222676299,0.0
10.1010101010101,61.61616161616162,11.915610085414098,14.95877878713354,1.223623849235248
11.11111111111111,61.61616161616162,11.926490323753027,7.590173308177469,1.185738198698824
12.12121212121212,61.61616161616162,10.801736520636474,11.74328896932458,1.790192014903182
13.13131313131313,61.61616161616162,11.289136288259304,19.86489642876089,0.7250525986325305
14.14141414141414,61.61616161616162,4.621779563942396,20.56727875482849,0.7195472550376482
15.15151515151515,61.61616161616162,15.211136780134922,11.15758758822267,2.346603178006432
16.16161616161616,61.61616161616162,20.77075184730082,2.603081513207505,1.808410989948427
17.17171717171717,61.61616161616162,23.46164848233066,18.02342548985495,2.553823373854121
18.18181818181818,61.61616161616162,16.878591538300483,20.99634297217698,2.002623262675229
19.19191919191919,61.61616161616162,21.213472317204964,5.780214032522439,1.575674820578793
20.2020202020202,61.61616161616162,9.679082760570575,15.42693060768561,1.974363051926358
21.21212121212121,61.61616161616162,8.197740018268421,18.68727218504079,1.140830850878594
22.22222222222222,61.61616161616162,4.857997605789545,11.61879755995782,1.99959645848433
23.23232323232324,61.61616161616162,8.098395454229891,13.72767203798604,1.987030040076361
24.24242424242424,61.61616161616162,14.970904552815401,5.563191194167123,2.005650106274882
25.25252525252525,61.61616161616162,12.993940655706378,19.60262397420976,1.913414109578013
26.26262626262626,61.61616161616162,40.30691338381821,18.69068949060857,1.146111828688484
27.27272727272727,61.61616161616162,40.98962692907527,22.44578270648827,4.069445881140731
28.28282828282828,61.61616161616162,25.06940858622074,19.02696732150055,3.897708789849382
29.29292929292929,61.61616161616162,56.462971654563574,12.33451882374987,4.532599909838003
30.3030303030303,61.61616161616162,43.98582146043149,24.37531062453235,4.477145670361556
31.31313131313131,61.61616161616162,45.54906768601536,32.53292649428265,4.408342417144276
32.32323232323233,61.61616161616162,60.539827670569736,25.64859109676194,5.778413778630093
33.33333333333334,61.61616161616162,55.96812106000832,13.09363335132782,3.783467033204789
34.34343434343435,61.61616161616162,31.534783543766913,18.81094589569541,4.113295316626654
35.35353535353536,61.61616161616162,57.2446849366453,21.23250003824097,5.292366677296098
36.36363636363637,61.61616161616162,36.83380739839943,11.87160969109369,1.972560934018251
37.37373737373738,61.61616161616162,4.323428820012828,10.93917619595582,2.2935185874071
38.38383838383839,61.61616161616162,8.226171833077672,15.77950939702778,1.298131621142956
39.3939393939394,61.61616161616162,10.124691991775514,24.92845231710224,1.501515941899883
40.40404040404041,61.61616161616162,14.800216456715809,14.09573425170043,1.85350196364461
41.41414141414142,61.61616161616162,10.708013843024187,11.53931049383198,1.956823953520015
42.42424242424243,61.61616161616162,13.91184963633393,16.50412715609747,0.1118627421036324
43.43434343434344,61.61616161616162,6.563312584027347,22.24488208504658,0.5189342655308845
44.44444444444445,61.61616161616162,4.915682344233806,13.00870267677612,1.128298474500033
45.45454545454546,61.61616161616162,3.6770343869377276,7.733256528892842,1.790544089527684
46.46464646464647,61.61616161616162,6.894377146679249,21.38745594735163,0.9792752985666
47.47474747474748,61.61616161616162,9.383744211540737,14.49512562075162,0.8908105647269394
48.48484848484848,61.61616161616162,6.8889396582006555,16.45738109751935,1.390639322640759
49.49494949494949,61.61616161616162,7.072793558855732,18.52485265741053,1.635636004464632
50.50505050505051,61.61616161616162,19.932003555481213,22.93764486607119,1.879046138369626
51.51515151515152,61.61616161616162,17.846030089944158,5.526625717370459,1.251049938299749
52.52525252525253,61.61616161616162,5.631223908081704,7.088618490421602,1.529728027019382
53.53535353535354,61.61616161616162,12.114890331748159,11.79351077782347,1.298260824401193
54.54545454545455,61.61616161616162,21.735557042524142,23.47470821068061,1.847148483958094
55.55555555555556,61.61616161616162,21.57185066225923,13.48177454164583,0.9808303053133525
56.56565656565657,61.61616161616162,19.270939569942918,18.84207334023514,2.203259126386546
57.57575757575758,61.61616161616162,18.75985465666805,13.70745113754753,1.679721559146263
58.58585858585859,61.61616161616162,24.048449253533878,21.57392267871163,3.495610258030049
59.5959595959596,61.61616161616162,31.16998033726735,18.7294645958336,5.249546020657644
60.60606060606061,61.61616161616162,21.588188331314253,22.89584046698053,3.84384369042898
61.61616161616162,61.61616161616162,7.6504837373117045,19.42809759241607,4.522688753619758
62.62626262626263,61.61616161616162,21.134147978940696,20.63943922328349,4.396209659466163
63.63636363636364,61.61616161616162,19.62718289279099,21.25960161442212,2.990153637501586
64.64646464646465,61.61616161616162,32.745303414805775,3.595104333465978,4.506355205117262
65.65656565656566,61.61616161616162,54.239554323709534,0.0,5.347165674197122
66.66666666666667,61.61616161616162,42.03852356074238,15.83579430831374,4.994075899778351
67.67676767676768,61.61616161616162,41.60432732430533,9.884318763354962,1.291987471384709
68.68686868686869,61.61616161616162,7.3578953260990545,12.72099527427515,2.094603916539614
69.6969696969697,61.61616161616162,12.543119551391129,11.79688842284948,2.25086236248243
70.70707070707071,61.61616161616162,8.573214952145253,15.05192471965618,1.165088286072115
71.71717171717172,61.61616161616162,7.966232545843899,11.61879562766176,1.857787775288228
72.72727272727273,61.61616161616162,8.391261344815463,16.69946412016536,1.86341453337173
73.73737373737374,61.61616161616162,15.046256943828405,16.17474276924011,2.032272777759804
74.74747474747475,61.61616161616162,14.770978505641322,13.34860441197843,0.9974712849672459
75.75757575757576,61.61616161616162,15.090015266592424,16.27427014068192,1.975102791015976
76.76767676767678,61.61616161616162,15.899713411604878,8.902828564460147,2.019976376759501
77.77777777777779,61.61616161616162,13.683218150305866,19.2212096606872,2.222555074958462
78.7878787878788,61.61616161616162,16.002730950527088,19.88720583107989,2.055473207517315
79.7979797979798,61.61616161616162,7.893733973231708,16.07190739948518,1.504960587019811
80.80808080808082,61.61616161616162,16.467488624510825,16.65289962412016,0.8273193117358253
81.81818181818183,61.61616161616162,18.431009545607083,16.15477836979759,2.260825317054987
82.82828282828284,61.61616161616162,8.928272540131307,16.93617489618532,1.139119665226591
83.83838383838385,61.61616161616162,9.551519774936935,20.09027609041956,1.052383788613342
84.84848484848486,61.61616161616162,8.790416237211385,9.997669656379442,1.889674438504155
85.85858585858587,61.61616161616162,17.119295173675244,4.602514122867843,1.219839752670774
86.86868686868688,61.61616161616162,13.4257869361256,16.354153201947,1.832928921001308
87.87878787878789,61.61616161616162,7.067285404614096,15.00193543759498,1.877612331947737
88.8888888888889,61.61616161616162,12.739580676322639,14.21224397518926,2.00624367713482
89.89898989898991,61.61616161616162,23.668190848866193,19.61071281018486,3.115195164246108
90.90909090909092,61.61616161616162,35.54775564295837,12.55113321481478,3.885518865838402
91.91919191919193,61.61616161616162,32.195533709883,23.69079879175305,3.90867530120613
92.92929292929294,61.61616161616162,60.41432550327397,25.63350731071739,5.237325946388749
93.93939393939395,61.61616161616162,11.382799088108676,24.54846302246921,4.331431279492137
94.94949494949496,61.61616161616162,37.67700469162192,17.99431182488611,5.914830674503745
95.95959595959597,61.61616161616162,40.52967901424154,17.92470562756355,3.643006578661272
96.96969696969697,61.61616161616162,10.887472417506714,14.49956412463913,4.389226505580631
97.97979797979798,61.61616161616162,40.7711501499966,13.78081559564797,5.058715828565571
98.98989898989899,61.61616161616162,28.133592777331458,11.49331098924482,4.769264442677166
100.0,61.61616161616162,20.719365606646715,5.181273179900275,1.361274135126318
0.0,62.62626262626263,40.67793324308088,30.77539831957325,3.66251250587252
1.01010101010101,62.62626262626263,23.055340504988134,22.6218690034306,4.412350966777179
2.02020202020202,62.62626262626263,47.38605535870117,16.86899173816727,5.129578272656479
3.03030303030303,62.62626262626263,50.467928970096146,9.06866101139743,3.968244482503803
4.040404040404041,62.62626262626263,26.1359906977056,13.10687001473498,4.33825804129273
5.050505050505051,62.62626262626263,24.24710842905104,9.290653142915652,1.657902039774008
6.060606060606061,62.62626262626263,11.544292424418064,19.52378276614528,1.563761743316103
7.070707070707071,62.62626262626263,4.943743443266189,16.94548007064994,1.467467818689423
8.080808080808081,62.62626262626263,7.021977662552602,16.53334240578147,1.176371006775082
9.090909090909092,62.62626262626263,11.966313375895073,12.18694992868345,0.8611867560085316
10.1010101010101,62.62626262626263,13.68905764658538,14.93299421583684,1.896697407668527
11.11111111111111,62.62626262626263,8.994061319019728,14.34754608898145,1.679984254299427
12.12121212121212,62.62626262626263,7.583318465245127,18.51879373595574,1.764242819126254
13.13131313131313,62.62626262626263,14.59688870047668,19.32842066688372,1.636776771444976
14.14141414141414,62.62626262626263,18.496344727801294,9.694126148008527,1.113750850783402
15.15151515151515,62.62626262626263,33.71817481153319,24.99778857010915,2.105182803818078
16.16161616161616,62.62626262626263,15.186635302863342,8.055959159919432,0.7292938802218318
17.17171717171717,62.62626262626263,11.472323652435314,23.57319946286602,0.5648901114541766
18.18181818181818,62.62626262626263,8.491206439296462,10.18392292732062,1.227607406712895
19.19191919191919,62.62626262626263,7.140901100214292,18.24089510831984,0.8224063059849045
20.2020202020202,62.62626262626263,7.829578672051252,15.4941685923506,1.56901283845507
21.21212121212121,62.62626262626263,19.899792422924897,15.15483019595067,2.518003009044048
22.22222222222222,62.62626262626263,7.862297332105476,9.920688011645064,1.744556703843466
23.23232323232324,62.62626262626263,4.881705560677165,19.94648409030977,1.005537635051351
24.24242424242424,62.62626262626263,8.848233293871933,17.9705502190557,1.23222726354719
25.25252525252525,62.62626262626263,18.080770183997068,18.63019107496351,2.051782480559244
26.26262626262626,62.62626262626263,23.76618649965567,9.338825824361722,1.434786573917835
27.27272727272727,62.62626262626263,31.032664906806488,12.1948338685834,5.402964757495955
28.28282828282828,62.62626262626263,71.85501000905306,4.772829155789599,4.842592463229646
29.29292929292929,62.62626262626263,74.21596538916297,28.80431084492963,4.796359463120448
30.3030303030303,62.62626262626263,54.43275637289773,15.42438889697656,3.376284120114147
31.31313131313131,62.62626262626263,49.51055895907761,18.95264707949795,4.30398777577797
32.32323232323233,62.62626262626263,36.70941844285154,26.42510488623124,4.697481315572449
33.33333333333334,62.62626262626263,26.684748816700683,29.93188043183164,4.117626640991071
34.34343434343435,62.62626262626263,32.8946380147604,22.97325890688066,5.076641881413312
35.35353535353536,62.62626262626263,38.88335552619672,15.68564905715247,4.821098480040657
36.36363636363637,62.62626262626263,30.82571989917427,19.01814511123922,0.4407006098388484
37.37373737373738,62.62626262626263,9.38437528064922,19.36149121563945,1.311679450680532
38.38383838383839,62.62626262626263,12.015829553362227,12.09752819085494,1.411475644991711
39.3939393939394,62.62626262626263,10.811849153554402,14.05275678766765,2.587017049641555
40.40404040404041,62.62626262626263,26.23190377001679,20.06626756300238,2.638145444287137
41.41414141414142,62.62626262626263,12.587832815772321,10.10998519338303,2.18695638481586
42.42424242424243,62.62626262626263,9.341232509918349,7.408154024992072,1.170692595628633
43.43434343434344,62.62626262626263,8.48338095851399,12.15722094954385,1.317984178309357
44.44444444444445,62.62626262626263,9.126638809332594,15.89504364857308,1.721762988122021
45.45454545454546,62.62626262626263,7.384211402544585,13.0224514060077,1.388399308743435
46.46464646464647,62.62626262626263,12.359186996850429,17.80849194530415,1.851149390799235
47.47474747474748,62.62626262626263,16.667163637984473,16.4402657238214,0.8033548457249557
48.48484848484848,62.62626262626263,5.749555947603954,19.99439348064174,1.334579165115951
49.49494949494949,62.62626262626263,10.479443883430534,14.02718741538211,2.147323311083243
50.50505050505051,62.62626262626263,16.147278549945796,19.75465019572621,2.157270187591714
51.51515151515152,62.62626262626263,13.925834318104055,14.19594068484308,1.505217902998718
52.52525252525253,62.62626262626263,6.7350866390634225,7.787181848744589,1.063038545840691
53.53535353535354,62.62626262626263,6.022627756787182,9.852230737681687,1.24883569338711
54.54545454545455,62.62626262626263,10.201351226506752,12.4126288169637,1.66409635076922
55.55555555555556,62.62626262626263,4.789995860745778,18.43516675646384,1.339533174776149
56.56565656565657,62.62626262626263,8.27331463219002,17.63851893503788,1.430033488559947
57.57575757575758,62.62626262626263,14.68306807472828,13.08165983968475,1.494766617460102
58.58585858585859,62.62626262626263,17.302091311983034,11.12913296703155,5.835165486607739
59.5959595959596,62.62626262626263,16.288802875467518,14.97406269283457,4.67600286848533
60.60606060606061,62.62626262626263,45.79105202766526,11.5912795327897,4.015777666055552
61.61616161616162,62.62626262626263,28.950899015464465,12.55780128865782,5.033252690646794
62.62626262626263,62.62626262626263,21.64881454810621,12.04970885248497,3.788512933010321
63.63636363636364,62.62626262626263,15.527610864986151,14.91283322283959,4.384501806148144
64.64646464646465,62.62626262626263,23.195467470995588,14.01420284065311,4.379351983006719
65.65656565656566,62.62626262626263,36.53199247195771,10.82881180601012,4.555799030620832
66.66666666666667,62.62626262626263,33.18812045494673,21.75783175947996,4.155740617467523
67.67676767676768,62.62626262626263,22.894597224120307,16.01370419791925,1.780410975499488
68.68686868686869,62.62626262626263,11.62001039009478,17.79077906838005,2.146167037173589
69.6969696969697,62.62626262626263,9.764708638704354,17.02396455291013,2.05087999803632
70.70707070707071,62.62626262626263,8.8466240471706,14.40731445652034,1.894066835527463
71.71717171717172,62.62626262626263,8.023851422549708,19.83804324660511,0.5969533571586452
72.72727272727273,62.62626262626263,12.928646566012116,11.06651154641507,1.318263172858377
73.73737373737374,62.62626262626263,20.00111429520544,4.61478623942282,1.484148151118291
74.74747474747475,62.62626262626263,17.932091460892913,16.84974461175764,1.70628399369252
75.75757575757576,62.62626262626263,7.892672652567208,18.27679444642661,1.062119927911077
76.76767676767678,62.62626262626263,15.302532473313377,7.567337459654865,1.58709707070922
77.77777777777779,62.62626262626263,30.42898742168161,18.94257579766435,2.881349716288752
78.7878787878788,62.62626262626263,12.121277521474383,14.62546068589132,1.989192084042284
79.7979797979798,62.62626262626263,3.39314073640488,14.14213190271481,1.700190055905106
80.80808080808082,62.62626262626263,10.102616702912425,12.22342118230221,2.292018311376705
81.81818181818183,62.62626262626263,7.907029626579365,12.01696242349915,2.075343633907601
82.82828282828284,62.62626262626263,9.563049067588253,6.248370578851087,1.326793071592619
83.83838383838385,62.62626262626263,10.87057215025714,8.128476524453209,0.6922933443842231
84.84848484848486,62.62626262626263,7.256913321727774,11.09602012501252,1.133378641398595
85.85858585858587,62.62626262626263,7.126332969646285,17.36773711798492,0.989520263747404
86.86868686868688,62.62626262626263,11.274095012514824,13.83653688261773,0.799661126903696
87.87878787878789,62.62626262626263,11.922877016938443,16.55296108433289,0.7816495690683717
88.8888888888889,62.62626262626263,20.297884639892423,16.75898608905634,1.720638149930883
89.89898989898991,62.62626262626263,29.519291631881988,19.86921445179678,4.426334057890484
90.90909090909092,62.62626262626263,34.69244299250518,20.83124279778804,5.342411502513434
91.91919191919193,62.62626262626263,22.035174308820558,13.49955802515615,4.768779918734089
92.92929292929294,62.62626262626263,47.81389722640932,13.15951715631306,4.323872305191979
93.93939393939395,62.62626262626263,35.41153783998815,30.34916275098192,3.995935501076414
94.94949494949496,62.62626262626263,49.84551672173232,16.41529706311129,4.035887514326228
95.95959595959597,62.62626262626263,55.14933647707947,23.4744420759265,5.685802011533228
96.96969696969697,62.62626262626263,30.710314953708995,18.04611641960032,4.362009517833236
97.97979797979798,62.62626262626263,49.140001811419225,22.79999020161006,4.96043843846495
98.98989898989899,62.62626262626263,37.467079903531975,8.746206415098548,1.559929145776
100.0,62.62626262626263,3.6052607776377372,6.709947759168768,1.667936151572555
0.0,63.63636363636364,74.16079256454059,4.822834004765739,4.616760958601538
1.01010101010101,63.63636363636364,52.22087139050076,17.0833059373301,4.304534312475809
2.02020202020202,63.63636363636364,42.146422837032496,7.550154903672235,4.255663630277611
3.03030303030303,63.63636363636364,29.435128831435726,14.00102516022896,5.198265104788683
4.040404040404041,63.63636363636364,41.255908792573734,24.22380145897321,3.844159810505936
5.050505050505051,63.63636363636364,24.38963588812544,18.58032232984338,2.039447667634721
6.060606060606061,63.63636363636364,10.243374593593769,17.03620231073655,2.201824544737924
7.070707070707071,63.63636363636364,10.105478719047937,13.63327822032194,2.459649430763643
8.080808080808081,63.63636363636364,19.15127895788288,12.44154148204338,0.6293025322333456
9.090909090909092,63.63636363636364,12.92778301998207,13.0151795739132,1.619879085351017
10.1010101010101,63.63636363636364,17.616168355997836,8.295268251921813,0.679236046714235
11.11111111111111,63.63636363636364,12.423712174616497,16.86647745234244,1.90842969686359
12.12121212121212,63.63636363636364,13.456894663831784,9.178340952154553,2.570248599063049
13.13131313131313,63.63636363636364,10.094512119021745,13.81583696197256,0.8943922854622698
14.14141414141414,63.63636363636364,7.554764925462018,15.54083064185955,1.16547118549934
15.15151515151515,63.63636363636364,19.32235302557386,14.75382593943761,2.221289986779605
16.16161616161616,63.63636363636364,16.343122448276045,13.4064942754205,0.8401244741832282
17.17171717171717,63.63636363636364,6.986219319883667,15.41380342120027,1.183203765357847
18.18181818181818,63.63636363636364,7.664028695391396,9.256930838752703,1.46990439391864
19.19191919191919,63.63636363636364,6.095845557068483,16.00509590984714,1.615901087223953
20.2020202020202,63.63636363636364,8.155639092230125,14.95411668807347,1.760222382566997
21.21212121212121,63.63636363636364,13.602893629706596,12.00408691080423,0.8416878081354016
22.22222222222222,63.63636363636364,11.033416087663412,13.63955448147343,1.128054443788481
23.23232323232324,63.63636363636364,3.9142912309820383,15.16341980942748,0.8300946474270686
24.24242424242424,63.63636363636364,8.536093401039999,14.36600564468744,1.10712854130304
25.25252525252525,63.63636363636364,15.182637064346313,5.468372435286486,1.376343117551727
26.26262626262626,63.63636363636364,18.703856332234103,19.90230235362504,1.162009080126867
27.27272727272727,63.63636363636364,27.2035699889419,11.43923364528692,5.46152540614473
28.28282828282828,63.63636363636364,39.61147400136304,21.10654988597611,4.816791104632173
29.29292929292929,63.63636363636364,44.29584397457154,25.48146226093665,4.892263562580585
30.3030303030303,63.63636363636364,86.08656519570225,1.586059008979224,4.397278129721876
31.31313131313131,63.63636363636364,97.47474433946024,27.88850304054512,5.22493306054046
32.32323232323233,63.63636363636364,70.99815148556632,7.190885980914058,6.231930508129156
33.33333333333334,63.63636363636364,38.24728595694722,22.4337386200569,4.356060350290386
34.34343434343435,63.63636363636364,35.62129287135157,17.50706854242182,4.108439868400209
35.35353535353536,63.63636363636364,15.756804868786958,15.87515689409576,4.099641608467372
36.36363636363637,63.63636363636364,25.876367742758884,22.33079550779955,1.45057571679217
37.37373737373738,63.63636363636364,13.496775790723165,10.81005466515994,1.248920699577405
38.38383838383839,63.63636363636364,17.964635801410594,16.39349774091344,2.081929841707126
39.3939393939394,63.63636363636364,6.068609259572736,18.39404903211297,1.633432521764904
40.40404040404041,63.63636363636364,14.666572141810423,20.66163543979376,1.076005102194186
41.41414141414142,63.63636363636364,7.9518280593561315,21.36041036400696,1.298011773015945
42.42424242424243,63.63636363636364,9.079919459051766,15.80245861681565,1.165853238538057
43.43434343434344,63.63636363636364,9.652879598598696,17.19078893717145,1.55794644993908
44.44444444444445,63.63636363636364,9.460929830730748,17.56547450623296,1.73935786980771
45.45454545454546,63.63636363636364,8.789010334765623,9.603676305303814,1.764958953702989
46.46464646464647,63.63636363636364,9.36320549370987,15.3768009764953,1.963739476647983
47.47474747474748,63.63636363636364,27.331103993329346,19.60968915606031,2.363399007378083
48.48484848484848,63.63636363636364,14.07645750340405,19.10231853427574,1.516620385561155
49.49494949494949,63.63636363636364,18.20687888139785,3.019769983107995,1.42863776030019
50.50505050505051,63.63636363636364,16.110213955952336,6.523203199287771,1.878697276026688
51.51515151515152,63.63636363636364,2.988751688266251,9.15701167267856,1.578745346619916
52.52525252525253,63.63636363636364,6.0683678455491545,10.91464905571199,1.423516642689168
53.53535353535354,63.63636363636364,6.787872166234507,12.90931870687968,1.627456679900561
54.54545454545455,63.63636363636364,4.277051334708468,13.35314533770555,1.97444520702364
55.55555555555556,63.63636363636364,4.084734823360717,19.41032135974674,1.433023880406973
56.56565656565657,63.63636363636364,15.303212745749363,21.11406610332658,1.696870426977614
57.57575757575758,63.63636363636364,19.18214604793345,12.86153298165357,1.193355209818189
58.58585858585859,63.63636363636364,17.45383937590767,14.16716023270467,4.000123589916136
59.5959595959596,63.63636363636364,28.430410809132187,13.42471894160482,4.597128719041288
60.60606060606061,63.63636363636364,65.684979630197,35.67979516088358,4.151448576778706
61.61616161616162,63.63636363636364,61.3399202803289,29.90972420346553,4.016581231395072
62.62626262626263,63.63636363636364,48.23779872455243,13.51055716405776,3.691182790540468
63.63636363636364,63.63636363636364,43.83118263994892,7.138369777489222,4.039837429826126
64.64646464646465,63.63636363636364,24.155170470480414,24.91021112842904,3.730648153047877
65.65656565656566,63.63636363636364,20.021236605185823,19.48548846847725,4.772922090411579
66.66666666666667,63.63636363636364,30.445666488927348,20.55588365299963,5.29496552059358
67.67676767676768,63.63636363636364,32.136617139656074,11.76212255674899,2.061964902522293
68.68686868686869,63.63636363636364,8.426909740441271,17.68325539108621,0.9148407838726915
69.6969696969697,63.63636363636364,9.015698763991319,21.93754900890226,0.6887632329584493
70.70707070707071,63.63636363636364,9.105931126845213,12.27468781101333,2.014327198689887
71.71717171717172,63.63636363636364,24.439413255005043,8.84504867510285,0.8685162927130077
72.72727272727273,63.63636363636364,21.63178453780908,17.95545742060742,2.18807987918407
73.73737373737374,63.63636363636364,18.079517528113932,11.18455047747226,2.788672601025185
74.74747474747475,63.63636363636364,24.51890646559511,3.736510176296325,0.9895352714450198
75.75757575757576,63.63636363636364,10.092647271236338,20.90211492081942,0.8282901632436211
76.76767676767678,63.63636363636364,5.347963110622389,15.64818586059058,1.103942023790311
77.77777777777779,63.63636363636364,21.207342730916,9.156430507063568,1.395920068370837
78.7878787878788,63.63636363636364,15.327401147180291,20.20077846846253,1.745344579486551
79.7979797979798,63.63636363636364,12.222930253220117,14.73866382290746,1.332248039817855
80.80808080808082,63.63636363636364,28.226925842666844,23.38590895434042,2.015690752021439
81.81818181818183,63.63636363636364,8.234910596092194,16.38305293684467,1.541692456108195
82.82828282828284,63.63636363636364,8.099253768305744,12.43567525041835,1.304989024276552
83.83838383838385,63.63636363636364,9.330312763942167,17.90776042470231,1.339222825769512
84.84848484848486,63.63636363636364,7.191206754086754,15.26702904729372,1.554255201306711
85.85858585858587,63.63636363636364,15.066599339850733,10.25602001636032,1.070855632020191
86.86868686868688,63.63636363636364,9.65939399670404,14.79993928652078,1.976643220847828
87.87878787878789,63.63636363636364,8.513859517725114,21.76465387840019,1.269457759133846
88.8888888888889,63.63636363636364,15.127672428691962,21.9570875151668,1.580154809492886
89.89898989898991,63.63636363636364,20.092192954255154,16.26014272597111,4.869583168596294
90.90909090909092,63.63636363636364,26.80910542247643,22.074033135868,4.770068304809069
91.91919191919193,63.63636363636364,22.29259045893022,13.06525840116369,5.35044145912301
92.92929292929294,63.63636363636364,21.917693418156503,20.09809699916968,4.92360669844203
93.93939393939395,63.63636363636364,19.429609821033143,19.95724948472529,5.710540991323769
94.94949494949496,63.63636363636364,17.469406613474035,21.03972815712808,4.905272614365596
95.95959595959597,63.63636363636364,28.315414018750023,24.68900943069761,4.172679738957552
96.96969696969697,63.63636363636364,38.261468772609916,11.86831082065467,5.062712603800127
97.97979797979798,63.63636363636364,33.44655117357452,27.15382878829289,3.452837564371502
98.98989898989899,63.63636363636364,37.86871293021342,12.16362923264006,1.679960893860396
100.0,63.63636363636364,4.825885756875837,8.93926219173988,1.724663323420211
0.0,64.64646464646465,69.42993650761933,24.95677104685211,4.128299888349058
1.01010101010101,64.64646464646465,104.81198636581162,28.04632985348092,5.828379407142274
2.02020202020202,64.64646464646465,91.189188863636,0.0,3.566394115105785
3.03030303030303,64.64646464646465,46.97911235140754,19.71565456725368,4.703771545186714
4.040404040404041,64.64646464646465,49.06856493831817,8.131155453546658,4.909683668455999
5.050505050505051,64.64646464646465,15.052974328540232,14.12409047679851,1.30522311434274
6.060606060606061,64.64646464646465,19.95436467430288,17.55437006595714,0.44877280362425
7.070707070707071,64.64646464646465,12.797145981181933,18.62201024041367,1.689320481904466
8.080808080808081,64.64646464646465,14.218194602933565,19.24049391850824,1.759707591910288
9.090909090909092,64.64646464646465,11.847889886423602,14.7629439212946,0.5867229499483374
10.1010101010101,64.64646464646465,9.213557287625852,8.573445200415112,1.330571195067515
11.11111111111111,64.64646464646465,13.01935134187145,14.39883140658614,1.786977128622721
12.12121212121212,64.64646464646465,28.888364790786543,22.5497862878792,2.151038447150076
13.13131313131313,64.64646464646465,11.320423856973118,14.37765085724058,1.145238701472758
14.14141414141414,64.64646464646465,6.671157686056567,16.31173824179907,1.262903610360591
15.15151515151515,64.64646464646465,16.541581423910028,9.741613152363087,1.181019994878454
16.16161616161616,64.64646464646465,23.963769940294604,18.18925517920272,2.351042025722424
17.17171717171717,64.64646464646465,13.545138630947742,18.0693123111221,1.641220806624322
18.18181818181818,64.64646464646465,10.598257847942747,16.5053579552889,1.59168062683494
19.19191919191919,64.64646464646465,6.832642799260098,14.79636223310991,1.802405306130305
20.2020202020202,64.64646464646465,10.09845251076904,9.801227783567462,1.264212260250015
21.21212121212121,64.64646464646465,24.573288658102175,2.92015704394936,1.797737993492467
22.22222222222222,64.64646464646465,39.41132976400786,28.50947563264616,1.736869152991844
23.23232323232324,64.64646464646465,15.830964217580515,6.519685407784875,1.61308445652274
24.24242424242424,64.64646464646465,15.63120240193903,19.34580862139567,1.659997919848661
25.25252525252525,64.64646464646465,15.197462869578057,15.16868202126496,0.895213224144004
26.26262626262626,64.64646464646465,53.80900632451499,13.82068132587962,0.9397491318695755
27.27272727272727,64.64646464646465,33.70938768825537,15.48926147241435,5.767748654163947
28.28282828282828,64.64646464646465,20.820238979452487,18.5851910182422,4.517536841801142
29.29292929292929,64.64646464646465,27.147748003596384,18.23543372548132,5.574659143282839
30.3030303030303,64.64646464646465,31.872673838846396,10.44517820403329,4.766689471397186
31.31313131313131,64.64646464646465,59.31234110724424,13.11838896291701,4.54353528671804
32.32323232323233,64.64646464646465,39.49469637772354,20.42089426035496,4.685166785546036
33.33333333333334,64.64646464646465,52.53443956876691,11.5383604863742,4.243649956237896
34.34343434343435,64.64646464646465,61.77323865235421,27.9019464211406,4.912609761579411
35.35353535353536,64.64646464646465,28.219456531804916,17.00767324162642,4.588272501966674
36.36363636363637,64.64646464646465,40.483714423915195,13.10851377590113,4.600462526982063
37.37373737373738,64.64646464646465,18.081562812463023,9.215901818397905,1.743943848361781
38.38383838383839,64.64646464646465,16.4651035567805,8.512685857510942,0.4746093245049709
39.3939393939394,64.64646464646465,10.891267069474146,21.05387178522549,1.138905547366821
40.40404040404041,64.64646464646465,13.464068650046734,8.85169449811608,0.8562084365528686
41.41414141414142,64.64646464646465,8.952187232626109,12.35972927507531,1.321345681414373
42.42424242424243,64.64646464646465,9.346136573816182,14.04484003635023,1.945956751028203
43.43434343434344,64.64646464646465,11.998549519142138,9.539824937147394,1.159288851885761
44.44444444444445,64.64646464646465,6.346871282953428,15.73789919707042,0.8429933919205672
45.45454545454546,64.64646464646465,7.245321298794696,7.727941541885428,1.264607087491361
46.46464646464647,64.64646464646465,15.830933637718449,10.44571246836875,2.384593920147194
47.47474747474748,64.64646464646465,22.750971170141348,6.273433570750861,0.5871265860934837
48.48484848484848,64.64646464646465,7.047263876582292,15.60367703926577,1.088420559302691
49.49494949494949,64.64646464646465,8.85588032284938,11.74505383480475,1.595322523188775
50.50505050505051,64.64646464646465,19.22258195072913,17.42198300364362,2.077407256323332
51.51515151515152,64.64646464646465,12.42179325963231,6.273356278756164,2.0236436844988
52.52525252525253,64.64646464646465,11.46047110617603,14.67040010578227,1.772192869187304
53.53535353535354,64.64646464646465,11.989108546897679,12.40429901989924,1.079567419701449
54.54545454545455,64.64646464646465,6.3171822047184225,12.04281010144179,1.807899390081469
55.55555555555556,64.64646464646465,10.033927473018322,13.75853017527447,2.294625646112248
56.56565656565657,64.64646464646465,16.793276309234262,13.68447444850949,1.001937073581881
57.57575757575758,64.64646464646465,29.62971358963934,18.03599558008314,1.445433882112004
58.58585858585859,64.64646464646465,22.91827027526729,22.06564999353094,3.256148132320014
59.5959595959596,64.64646464646465,14.684087468066812,15.9709646061023,4.738646912698968
60.60606060606061,64.64646464646465,39.51364200680864,24.894951129596,4.071244043865891
61.61616161616162,64.64646464646465,98.08070497674342,9.052569307987707,3.309149394417223
62.62626262626263,64.64646464646465,90.10777924552484,28.36610781587475,5.192982069454684
63.63636363636364,64.64646464646465,38.471018743569815,16.73491442157965,4.929193463957707
64.64646464646465,64.64646464646465,18.527911986443566,22.43656436388653,4.101943632732323
65.65656565656566,64.64646464646465,34.47541447562631,20.42505640788848,3.549466917488197
66.66666666666667,64.64646464646465,22.713719401646372,25.65939897316465,4.127626195422145
67.67676767676768,64.64646464646465,37.801918642400196,10.94477138188705,5.105298933563757
68.68686868686869,64.64646464646465,15.530759553113894,8.794466519495945,2.130552780229614
69.6969696969697,64.64646464646465,5.7160567051812725,8.548229984116263,1.115360692217608
70.70707070707071,64.64646464646465,18.12833158069611,10.90570273825111,1.606803465846182
71.71717171717172,64.64646464646465,35.01355684789809,26.57396172055667,1.980522512144843
72.72727272727273,64.64646464646465,24.897638092371352,10.3312333328188,1.661376597644099
73.73737373737374,64.64646464646465,14.00943032541635,17.54327759174729,2.483944625374997
74.74747474747475,64.64646464646465,15.041117898505217,18.14722921956486,1.962379198371466
75.75757575757576,64.64646464646465,24.227690045205392,21.08831011006302,1.988330968454333
76.76767676767678,64.64646464646465,17.793745414266,8.017358336179877,0.7083130402468638
77.77777777777779,64.64646464646465,14.9311793929077,15.34613844357183,1.879544932963422
78.7878787878788,64.64646464646465,8.799756957119326,13.18048044059587,1.381559692744555
79.7979797979798,64.64646464646465,6.141586306986328,17.43150067275806,1.04853615265559
80.80808080808082,64.64646464646465,22.61241889028888,12.81298622803931,0.2136775863377279
81.81818181818183,64.64646464646465,6.123356105533064,14.5500051494353,1.61832451922908
82.82828282828284,64.64646464646465,5.221538612829652,9.225373824676673,2.591118701839993
83.83838383838385,64.64646464646465,12.409224421144952,12.30031503942566,1.058843270663884
84.84848484848486,64.64646464646465,7.811072938107549,18.05493884369793,1.569712019152898
85.85858585858587,64.64646464646465,11.438814497226648,23.31033015280719,1.459802480027438
86.86868686868688,64.64646464646465,4.796389237392727,13.3924127023729,2.143202802681971
87.87878787878789,64.64646464646465,6.187387133190915,27.97545052457478,1.369160197009716
88.8888888888889,64.64646464646465,21.87588143504029,15.04014070900819,2.513010527524971
89.89898989898991,64.64646464646465,16.626712967178147,15.83983756790635,4.935534020504013
90.90909090909092,64.64646464646465,18.109728678588286,14.91287764478159,4.395994192837871
91.91919191919193,64.64646464646465,26.15175643709694,10.69538386429862,4.740642170229616
92.92929292929294,64.64646464646465,32.98174167676983,19.53611220153612,4.985700051046549
93.93939393939395,64.64646464646465,27.483874182267787,19.24383481883049,3.60258302944457
94.94949494949496,64.64646464646465,15.932204353796141,18.23578541900466,4.454463887055325
95.95959595959597,64.64646464646465,35.491562236519826,16.84522267052771,3.759471198682019
96.96969696969697,64.64646464646465,54.4918444683218,20.87310533825994,5.648169700900578
97.97979797979798,64.64646464646465,21.31785202855187,23.01082326618093,4.398300918948521
98.98989898989899,64.64646464646465,42.62329472410965,19.82968006621572,4.376155909564319
100.0,64.64646464646465,24.023176055571366,21.09071055827043,0.9792092048547969
0.0,65.65656565656566,59.62090594219067,8.129775898406512,4.420540697977676
1.01010101010101,65.65656565656566,52.66071985646076,15.10714058440633,3.842285571131063
2.02020202020202,65.65656565656566,29.534036369792247,15.44182992960321,4.949105764297301
3.03030303030303,65.65656565656566,27.360214671422558,21.27586456728315,3.305757493756358
4.040404040404041,65.65656565656566,54.072902444787616,21.2304848946762,5.119715962652662
5.050505050505051,65.65656565656566,44.637494860565724,2.445174562698492,3.977292721467111
6.060606060606061,65.65656565656566,30.565279249145462,17.67866314385561,1.353314609498842
7.070707070707071,65.65656565656566,22.264074030518763,6.636469383017836,1.254314599985341
8.080808080808081,65.65656565656566,17.45524062696711,18.92778731794962,1.617093381059114
9.090909090909092,65.65656565656566,12.540554536368447,19.4031118346241,0.808651317303462
10.1010101010101,65.65656565656566,13.195751943571828,15.57765113182974,1.631828171924592
11.11111111111111,65.65656565656566,6.502715504996711,11.75888581947369,1.463485520850007
12.12121212121212,65.65656565656566,13.073922248108548,8.086296904470617,1.568273776391834
13.13131313131313,65.65656565656566,7.518704109177955,13.98901153794595,1.534386283444011
14.14141414141414,65.65656565656566,9.127121780625808,9.873586787312158,0.9756038515155164
15.15151515151515,65.65656565656566,5.771888175823687,29.90314230742936,0.5367363371446638
16.16161616161616,65.65656565656566,16.28349548548241,19.43028372053241,1.172182493189064
17.17171717171717,65.65656565656566,26.910282680180124,1.645806176417084,2.057157627411871
18.18181818181818,65.65656565656566,30.570782378446847,21.42642801062541,2.437064103544855
19.19191919191919,65.65656565656566,18.157263856434273,24.530728774524,1.570162495295254
20.2020202020202,65.65656565656566,19.544147159954605,20.19384347966712,0.8633096160337855
21.21212121212121,65.65656565656566,30.351105837408475,20.82839303447962,2.26998352149413
22.22222222222222,65.65656565656566,25.048506887712847,15.55574168134316,0.5959828730404558
23.23232323232324,65.65656565656566,10.333855001139774,9.96423446399622,1.121286858256703
24.24242424242424,65.65656565656566,11.99124904520974,19.28144208907559,1.344825544943134
25.25252525252525,65.65656565656566,37.95439685932694,22.65567901034484,2.171207467668565
26.26262626262626,65.65656565656566,87.72366064543482,22.50638332688462,6.271282620548764
27.27272727272727,65.65656565656566,38.316183603124344,12.24330712130954,5.153198647446263
28.28282828282828,65.65656565656566,39.216966357897235,8.68121874033844,4.775920426602569
29.29292929292929,65.65656565656566,19.29363820892075,23.41948044833223,3.656592045460051
30.3030303030303,65.65656565656566,35.85289122842684,14.9127840768284,4.880556776637415
31.31313131313131,65.65656565656566,108.67639776961688,35.55092562130042,4.637155060535418
32.32323232323233,65.65656565656566,45.98619245101045,22.63614085732961,3.15162682375495
33.33333333333334,65.65656565656566,16.502140566655775,14.46083101524381,5.222896312165931
34.34343434343435,65.65656565656566,31.206526247569297,20.56681130228199,4.972341142301025
35.35353535353536,65.65656565656566,24.26183594692352,25.09612503457126,4.032261227050081
36.36363636363637,65.65656565656566,67.2422824105204,26.32479657117008,5.028093678307786
37.37373737373738,65.65656565656566,44.46381068527046,20.81340988866245,1.420340353501221
38.38383838383839,65.65656565656566,10.812735539303695,8.615703083427341,0.910049438753148
39.3939393939394,65.65656565656566,5.837400869201924,16.99005110181011,1.343022256332019
40.40404040404041,65.65656565656566,5.587394551734327,14.52000783045371,1.489667599174048
41.41414141414142,65.65656565656566,3.8125364383841003,8.689869107783576,2.415902767297039
42.42424242424243,65.65656565656566,2.93877417514664,13.73416543725009,1.902104923124264
43.43434343434344,65.65656565656566,7.427729109126744,11.83738841206476,2.099443145545408
44.44444444444445,65.65656565656566,7.9476399370707025,18.35968642481786,0.853340345479791
45.45454545454546,65.65656565656566,10.715731137794716,5.140384036207923,1.283740168087953
46.46464646464647,65.65656565656566,14.34823220222636,12.3050163695152,0.2627995006597439
47.47474747474748,65.65656565656566,9.711419755162524,10.27582705411913,1.702969299693274
48.48484848484848,65.65656565656566,4.58076207864942,9.289324290544364,1.951806798421536
49.49494949494949,65.65656565656566,5.983536676754924,10.29353183351772,1.994309438941759
50.50505050505051,65.65656565656566,5.099918732881618,19.50471801574891,1.24034487494146
51.51515151515152,65.65656565656566,6.6852993207536064,20.54673216348387,1.159279352618238
52.52525252525253,65.65656565656566,9.21658752761741,17.07328773536014,2.077387058862405
53.53535353535354,65.65656565656566,8.73285735956786,18.45243457791349,1.774357629530319
54.54545454545455,65.65656565656566,8.036786690339657,21.45011270571411,1.131399834991864
55.55555555555556,65.65656565656566,7.470961926777698,12.90242702823259,1.770858263744267
56.56565656565657,65.65656565656566,19.412528420267193,20.31850577719785,1.405058276121072
57.57575757575758,65.65656565656566,40.661338116174335,17.56680141221069,4.310926459463785
58.58585858585859,65.65656565656566,17.41665094238844,17.26196168912993,5.719659892290768
59.5959595959596,65.65656565656566,13.149988823348782,20.47250543148,4.44240274715435
60.60606060606061,65.65656565656566,30.961487421315237,17.62153321874132,4.944975126847512
61.61616161616162,65.65656565656566,73.17146386109522,32.69762176446756,4.384266545891374
62.62626262626263,65.65656565656566,54.781418708485674,16.55159463096424,4.016034131297435
63.63636363636364,65.65656565656566,43.62392941004864,20.7539172309036,5.221326516642204
64.64646464646465,65.65656565656566,48.88838224370859,12.32230276391874,3.887174173652061
65.65656565656566,65.65656565656566,69.68400011770834,25.85790312599176,5.296069724557904
66.66666666666667,65.65656565656566,22.240682299060488,26.66216170004606,3.804576754568741
67.67676767676768,65.65656565656566,36.25576052915258,20.45649303832077,4.315765465210746
68.68686868686869,65.65656565656566,38.94581608635412,22.06113140405549,1.448630666252009
69.6969696969697,65.65656565656566,14.921104199107925,11.43844343473284,0.8250446870764494
70.70707070707071,65.65656565656566,20.429169123889693,14.99453066847064,2.650217061858048
71.71717171717172,65.65656565656566,11.007453176196169,10.60004767415945,2.650708000986852
72.72727272727273,65.65656565656566,11.53021250396127,16.62869961221004,1.9696065029476
73.73737373737374,65.65656565656566,13.367151266579537,21.47728218302633,1.597154372891958
74.74747474747475,65.65656565656566,9.656764158350981,14.32179720376276,1.51134593208896
75.75757575757576,65.65656565656566,12.22318357482148,11.70242977036187,1.043188427468348
76.76767676767678,65.65656565656566,9.503707231701233,11.49940592511508,0.4797122779322537
77.77777777777779,65.65656565656566,7.9052814174973225,15.73032718718272,1.206602008093044
78.7878787878788,65.65656565656566,5.32591106465163,11.38487567131776,2.253768595833159
79.7979797979798,65.65656565656566,5.543044330735907,15.73786440478218,1.644330962160296
80.80808080808082,65.65656565656566,9.878676874053061,12.10186600345954,1.027785161064986
81.81818181818183,65.65656565656566,5.02271108346598,17.308382342486,1.453796449740643
82.82828282828284,65.65656565656566,5.023906937123593,14.17520625910293,1.547127014317117
83.83838383838385,65.65656565656566,6.859505950990917,15.82062523048539,1.612183201572652
84.84848484848486,65.65656565656566,5.060812774710528,13.90396405472803,1.633586639733887
85.85858585858587,65.65656565656566,6.154465233629973,10.4876706051919,2.12937898014164
86.86868686868688,65.65656565656566,7.603257344150906,15.28414143202323,2.12053991182075
87.87878787878789,65.65656565656566,19.236374280100726,19.10294120294272,1.79731212030352
88.8888888888889,65.65656565656566,37.957906962992666,17.30158926203517,4.699583100449291
89.89898989898991,65.65656565656566,15.501174196048602,14.5122938928921,4.525571552129311
90.90909090909092,65.65656565656566,10.62780526950819,14.03856840697085,4.29750376100818
91.91919191919193,65.65656565656566,28.591224169760018,14.74819437430783,5.055260027265801
92.92929292929294,65.65656565656566,48.119565410799936,11.31993124106063,3.692606262448684
93.93939393939395,65.65656565656566,36.769785129386776,20.4292006154073,4.632927886498321
94.94949494949496,65.65656565656566,4.428720751235211,20.63552125453735,4.515507804622411
95.95959595959597,65.65656565656566,26.197068502002463,17.87997088816274,5.209066011732808
96.96969696969697,65.65656565656566,67.3411826942988,6.284106647274365,4.612984300666495
97.97979797979798,65.65656565656566,37.768089499352016,13.07351724376821,4.169111538716251
98.98989898989899,65.65656565656566,29.849874818255774,14.63850816296548,4.316303914087334
100.0,65.65656565656566,20.590471404444965,13.38877171940654,1.489549910390547
0.0,66.66666666666667,52.79511172576369,26.24017338776488,4.786620432294225
1.01010101010101,66.66666666666667,41.224237079106324,26.25444320188411,4.676727645801144
2.02020202020202,66.66666666666667,38.223466280323436,26.22997866041171,3.571045355317024
3.03030303030303,66.66666666666667,59.659777404131546,5.632155656956835,4.926831291560176
4.040404040404041,66.66666666666667,29.69441236649746,26.06467464212817,3.779259720580675
5.050505050505051,66.66666666666667,35.65417662645176,17.18561247365045,3.863507607267967
6.060606060606061,66.66666666666667,47.20867977571444,22.37807802885971,4.483801064147377
7.070707070707071,66.66666666666667,37.86642780353891,20.05327937432248,1.813261621150605
8.080808080808081,66.66666666666667,30.538075553057922,0.5961951273601483,2.076681695954402
9.090909090909092,66.66666666666667,20.181925089495152,19.92418438248563,1.715333979410832
10.1010101010101,66.66666666666667,19.41568159330054,17.62662151574792,2.623860624876241
11.11111111111111,66.66666666666667,10.041857826057248,15.46031593250467,1.420402752680917
12.12121212121212,66.66666666666667,5.343357518762042,10.94491950903935,1.447505819646309
13.13131313131313,66.66666666666667,5.934886493272863,18.00028584469431,1.440299376033194
14.14141414141414,66.66666666666667,10.950398026014105,14.59452383115036,1.159648707927221
15.15151515151515,66.66666666666667,6.922579011083239,11.58015477468373,1.852260519744408
16.16161616161616,66.66666666666667,16.938527037665704,4.485764932259462,0.8349997128860861
17.17171717171717,66.66666666666667,7.947987259727222,8.65943044540165,1.909445826490624
18.18181818181818,66.66666666666667,13.82577126969691,9.919315607353454,1.856278595532372
19.19191919191919,66.66666666666667,15.742357196856558,12.81562885318051,0.9769635838051843
20.2020202020202,66.66666666666667,15.535947821420212,19.59848013862599,2.022460922418874
21.21212121212121,66.66666666666667,6.168759231159025,17.82155147498145,2.006662575106609
22.22222222222222,66.66666666666667,10.229082527928963,15.06564343403042,1.945336569156013
23.23232323232324,66.66666666666667,9.033915063306935,15.59463371357202,2.256738029148964
24.24242424242424,66.66666666666667,13.600550950011204,18.3340310350793,1.619607356880933
25.25252525252525,66.66666666666667,26.269788063152028,14.48465680009857,3.46456793029909
26.26262626262626,66.66666666666667,25.33031222735446,20.61792844348925,4.288043470020544
27.27272727272727,66.66666666666667,16.166893550611043,20.64109751740904,4.380962495856053
28.28282828282828,66.66666666666667,16.962002662512294,23.38514629629226,3.84962912693904
29.29292929292929,66.66666666666667,8.624671819322263,14.37965132794497,5.668374371030263
30.3030303030303,66.66666666666667,26.624836193385434,17.96489419638381,4.913762537226061
31.31313131313131,66.66666666666667,89.7058944124862,4.838020232083858,4.338098078552643
32.32323232323233,66.66666666666667,81.4882592503479,26.78859839325028,4.974115164419028
33.33333333333334,66.66666666666667,32.35383653916398,15.77072095192844,4.248762641690823
34.34343434343435,66.66666666666667,52.72412709008497,11.43509455388172,3.502736271976866
35.35353535353536,66.66666666666667,26.104039641739757,12.88512331714352,4.62126442380334
36.36363636363637,66.66666666666667,26.184640768239163,16.16028569166895,4.295936363753184
37.37373737373738,66.66666666666667,30.656595581713635,22.07754109666922,3.143666690678336
38.38383838383839,66.66666666666667,36.55994238150659,6.988944618996054,1.515598077465999
39.3939393939394,66.66666666666667,6.537968417053433,13.25726394544561,1.266784800666679
40.40404040404041,66.66666666666667,7.783519507104833,12.84169182504393,2.188522832964872
41.41414141414142,66.66666666666667,4.796053258995923,15.6004490357695,1.654796560491729
42.42424242424243,66.66666666666667,3.615314039390281,13.71417143944343,1.602532043651767
43.43434343434344,66.66666666666667,5.604067940063455,9.003464447082436,2.153646681359138
44.44444444444445,66.66666666666667,6.983330380024917,16.53755178047182,1.620826264597832
45.45454545454546,66.66666666666667,13.279837045083106,23.71388136841212,1.427629678746208
46.46464646464647,66.66666666666667,13.897022173986638,16.80124857938111,1.269002087896409
47.47474747474748,66.66666666666667,13.762426403861873,9.172346532710552,0.8031828570095216
48.48484848484848,66.66666666666667,16.37504645831816,25.48310986819191,1.266617052561279
49.49494949494949,66.66666666666667,14.537076030037548,15.99704619026147,2.288527798528805
50.50505050505051,66.66666666666667,7.585096358246175,14.14093814198811,1.402321598479594
51.51515151515152,66.66666666666667,7.626666210627182,20.79486446553597,1.318336834687687
52.52525252525253,66.66666666666667,10.913792009685118,11.90949060890347,1.884678338316996
53.53535353535354,66.66666666666667,17.996965504129705,16.06318144388612,2.311094700399433
54.54545454545455,66.66666666666667,20.180066807135425,2.261290144629994,1.994799612566461
55.55555555555556,66.66666666666667,12.698104523320861,5.514157401427396,1.597239155607836
56.56565656565657,66.66666666666667,34.55462198187678,24.3207246410266,0.765482657418584
57.57575757575758,66.66666666666667,55.6639197166878,26.20874113984143,4.522587548421962
58.58585858585859,66.66666666666667,21.488417811451157,17.32169065465786,5.007494320341082
59.5959595959596,66.66666666666667,24.94927811630323,13.93465947155848,4.679555889257923
60.60606060606061,66.66666666666667,42.906091983320614,8.659107973099838,4.334579106180219
61.61616161616162,66.66666666666667,40.28880675526261,27.42229554575896,3.543408123865617
62.62626262626263,66.66666666666667,23.6184754457229,10.75421257282537,4.366060627826455
63.63636363636364,66.66666666666667,18.537210571413596,14.95874208111678,4.151141764114669
64.64646464646465,66.66666666666667,8.288712691649721,14.56890736441179,3.418754571186521
65.65656565656566,66.66666666666667,31.16327827691828,10.30899229041869,4.579476833589604
66.66666666666667,66.66666666666667,20.267581129054008,12.53547012070491,5.233908997782242
67.67676767676768,66.66666666666667,54.88823438153308,10.96677627266679,4.117097735139534
68.68686868686869,66.66666666666667,55.919857711167246,20.54767180845321,4.656106108817047
69.6969696969697,66.66666666666667,55.201597684846945,8.63493021367187,1.876306133800417
70.70707070707071,66.66666666666667,10.853470714617606,10.64297220163256,2.084022020397659
71.71717171717172,66.66666666666667,9.315673503022719,12.15873225000239,2.574220030166472
72.72727272727273,66.66666666666667,15.522825618343903,10.29375028149623,0.8183581521899351
73.73737373737374,66.66666666666667,18.309216660761027,3.286603803819157,1.313152041988779
74.74747474747475,66.66666666666667,9.743117880897746,14.58661135776426,1.659809461738426
75.75757575757576,66.66666666666667,10.062450612878957,19.92484077873436,0.7653305384429541
76.76767676767678,66.66666666666667,12.848425819327487,20.22890028536144,1.147544864258183
77.77777777777779,66.66666666666667,2.5773688204496867,12.48636355481911,1.390725173924282
78.7878787878788,66.66666666666667,8.570449140702276,14.84117527992587,1.260176417225224
79.7979797979798,66.66666666666667,7.368156870126228,14.46452525961188,1.852132275995313
80.80808080808082,66.66666666666667,15.571303315362202,8.398536549955814,1.915532480127675
81.81818181818183,66.66666666666667,10.184629789488323,19.04576657944533,1.453378499765211
82.82828282828284,66.66666666666667,6.121868669890696,16.86960222483559,1.9707848335416
83.83838383838385,66.66666666666667,8.813879289233318,17.57501761706568,1.939958885935209
84.84848484848486,66.66666666666667,12.41347141214246,6.79574320197061,1.658585966511015
85.85858585858587,66.66666666666667,9.982364686740178,18.18657950182848,1.36333072804693
86.86868686868688,66.66666666666667,8.138740067483567,11.13774130102872,1.589846628287904
87.87878787878789,66.66666666666667,50.62687877223373,6.799805631572386,1.508425588797988
88.8888888888889,66.66666666666667,69.76454157633559,24.22125062335035,5.244052873490798
89.89898989898991,66.66666666666667,29.772458852082686,18.46375257592265,5.10188987954444
90.90909090909092,66.66666666666667,22.85243249106753,14.33278724828973,5.445215673755164
91.91919191919193,66.66666666666667,41.2482488367187,6.730203697428304,4.609830162898295
92.92929292929294,66.66666666666667,53.541615843640855,19.03066948144122,4.890752339199545
93.93939393939395,66.66666666666667,63.88847591015014,33.23362434463932,4.877365507443129
94.94949494949496,66.66666666666667,24.104580912261245,19.54415029219168,4.985454192870519
95.95959595959597,66.66666666666667,23.37374215018953,17.39539767982232,4.734003056486753
96.96969696969697,66.66666666666667,52.95560844346325,31.02523562855463,3.860758128300843
97.97979797979798,66.66666666666667,34.265817608043854,19.84444200915363,6.282765281839394
98.98989898989899,66.66666666666667,36.74037455605537,27.46249063277482,3.898769576499495
100.0,66.66666666666667,55.145536447265044,7.134223588705206,5.293453014561236
0.0,67.67676767676768,26.91940463386651,12.98304432115231,4.59807638553566
1.01010101010101,67.67676767676768,39.5803057135736,13.14323586926177,4.151197715083812
2.02020202020202,67.67676767676768,53.09776728820212,30.70941213473348,4.372630593849114
3.03030303030303,67.67676767676768,33.87199335906253,16.18032999304796,5.384770605586328
4.040404040404041,67.67676767676768,24.685455599500266,20.73016184816777,5.027892356866114
5.050505050505051,67.67676767676768,22.338783424504616,16.40857967632978,5.258916199299676
6.060606060606061,67.67676767676768,30.324464042553373,21.91223708493794,3.917322607351478
7.070707070707071,67.67676767676768,46.688781754155855,10.06152922919564,1.196090015616802
8.080808080808081,67.67676767676768,14.228011970523223,21.00739221364543,1.235672664180056
9.090909090909092,67.67676767676768,9.013217189443331,18.60655680999923,0.9108025452224808
10.1010101010101,67.67676767676768,12.487251791113746,15.92282881304572,1.619053419970337
11.11111111111111,67.67676767676768,8.339454814907588,19.65915856473796,0.862210026812189
12.12121212121212,67.67676767676768,2.8221790555869117,15.0730149195814,1.184564013577909
13.13131313131313,67.67676767676768,6.656636077399619,12.60864020658508,2.071583248893955
14.14141414141414,67.67676767676768,21.18744299292642,23.10234075174649,1.727447416081346
15.15151515151515,67.67676767676768,9.06187654181082,13.32047700384582,1.605595786913244
16.16161616161616,67.67676767676768,8.32405278374019,12.83299269769168,1.712503322496346
17.17171717171717,67.67676767676768,8.344585735382953,17.84322607934208,0.7038635074987268
18.18181818181818,67.67676767676768,12.064826866465477,5.535495998696939,0.8464289317237206
19.19191919191919,67.67676767676768,9.571274920130413,17.10490412239566,0.9636789352635904
20.2020202020202,67.67676767676768,7.157682185077424,17.21256472516768,1.782945641863653
21.21212121212121,67.67676767676768,4.40138665003459,21.99949848156408,1.497056179690838
22.22222222222222,67.67676767676768,10.99712823721855,12.09410976137223,1.717162983119273
23.23232323232324,67.67676767676768,16.732250057476158,16.53143175868983,2.173078453598604
24.24242424242424,67.67676767676768,68.71449785385732,15.57412058889546,0.3238513975484109
25.25252525252525,67.67676767676768,42.24145178597422,24.36088366142283,3.922381927981047
26.26262626262626,67.67676767676768,16.46390317943778,21.47051327112344,4.506352841554531
27.27272727272727,67.67676767676768,29.13119931404828,26.69788264632107,4.694706884208903
28.28282828282828,67.67676767676768,20.85874140048819,19.48434057199972,4.088313219073673
29.29292929292929,67.67676767676768,27.54831546960675,12.91331429395598,5.143347976435847
30.3030303030303,67.67676767676768,37.79994149868492,21.93002993330324,4.798381015799278
31.31313131313131,67.67676767676768,37.442170725892254,13.47879452739351,4.183968409503454
32.32323232323233,67.67676767676768,50.28069543676504,10.83920867036813,4.401680367727083
33.33333333333334,67.67676767676768,42.17542877887159,11.06790908623418,3.551486333280025
34.34343434343435,67.67676767676768,94.43449081407805,28.38495807438395,5.013083896679234
35.35353535353536,67.67676767676768,73.84812122866498,9.600191836371284,2.723634307409958
36.36363636363637,67.67676767676768,36.75368381491299,23.64552573712541,4.28516639962649
37.37373737373738,67.67676767676768,10.24407396690442,19.62760371868842,4.756432914598678
38.38383838383839,67.67676767676768,49.50541709801158,18.08253608845022,4.925571052635034
39.3939393939394,67.67676767676768,24.21298288966861,13.49351760710351,1.050730302913151
40.40404040404041,67.67676767676768,5.138648266891518,12.94098516180027,1.317025695856873
41.41414141414142,67.67676767676768,4.194168587884518,9.660628101796693,1.819755750457275
42.42424242424243,67.67676767676768,4.442996788960678,16.94209744642391,1.067627882094204
43.43434343434344,67.67676767676768,7.622459938372883,12.96885232315925,2.031295830035901
44.44444444444445,67.67676767676768,2.6036585363306415,17.24539475987775,1.6894958665674
45.45454545454546,67.67676767676768,5.298982338868492,13.79244740409165,1.99928113553074
46.46464646464647,67.67676767676768,11.915407012738937,14.92768173622109,2.166061152604827
47.47474747474748,67.67676767676768,7.926589608079662,16.15777676514934,0.8305853425900253
48.48484848484848,67.67676767676768,14.576588259809153,11.61100608026014,0.8755610171294131
49.49494949494949,67.67676767676768,9.86436571799343,13.04136186719154,1.200370287709958
50.50505050505051,67.67676767676768,6.77986079206283,13.79387356091581,1.554607524083099
51.51515151515152,67.67676767676768,13.134231384480039,11.5844839187544,1.127091558580538
52.52525252525253,67.67676767676768,15.501688357665307,20.10964883705962,1.662456062566616
53.53535353535354,67.67676767676768,18.944000210253687,14.56480690779794,1.154060906116961
54.54545454545455,67.67676767676768,12.427427900329551,15.38053495249921,1.857148307280901
55.55555555555556,67.67676767676768,28.753975076383444,12.10955329917655,2.597340446030981
56.56565656565657,67.67676767676768,16.948536571555422,10.89355221643117,3.413036456626331
57.57575757575758,67.67676767676768,36.229321801280804,17.60649078446412,3.997677778827643
58.58585858585859,67.67676767676768,39.34059040403024,17.35712669530445,6.18618218297379
59.5959595959596,67.67676767676768,40.129664900327626,10.17833019032418,3.964764379194129
60.60606060606061,67.67676767676768,32.884429639962846,17.32157912839852,4.170767302494543
61.61616161616162,67.67676767676768,19.376512491668755,22.01543751329046,4.181134223813243
62.62626262626263,67.67676767676768,21.854640006950657,14.2751331328976,3.961578843264173
63.63636363636364,67.67676767676768,3.7296317401884522,13.45523516911403,4.648519768281626
64.64646464646465,67.67676767676768,15.861940701994403,16.49237542530155,4.012018796819147
65.65656565656566,67.67676767676768,34.817797930006556,11.0758328986023,3.005606065513605
66.66666666666667,67.67676767676768,42.05101165965265,15.16885249963422,4.746118074060545
67.67676767676768,67.67676767676768,89.49393257148903,27.93001117956844,5.391727890628413
68.68686868686869,67.67676767676768,50.867214623135695,15.75106803001978,4.170995654668393
69.6969696969697,67.67676767676768,96.08955874214486,27.40853773833985,5.282836884464958
70.70707070707071,67.67676767676768,56.50630484778287,15.936266968851,0.7167524082350334
71.71717171717172,67.67676767676768,7.767726245855926,18.71417949939067,1.562051935834053
72.72727272727273,67.67676767676768,7.717316519263993,9.32842409266982,2.058634417408232
73.73737373737374,67.67676767676768,7.643778548264042,12.49776688218268,1.885345093063429
74.74747474747475,67.67676767676768,14.689779550477388,16.10876971373253,1.034307485667052
75.75757575757576,67.67676767676768,22.141613932351753,17.38150634333154,2.044198766445357
76.76767676767678,67.67676767676768,20.72210167103026,4.437325510850879,0.7504483913870059
77.77777777777779,67.67676767676768,10.510077363895023,10.79950508902478,1.468274557983391
78.7878787878788,67.67676767676768,20.670601586712152,22.59646383511325,1.619846618211482
79.7979797979798,67.67676767676768,19.175852979308573,15.48870519515596,1.098852506290356
80.80808080808082,67.67676767676768,38.66686130061457,22.68315486432219,2.311307629832128
81.81818181818183,67.67676767676768,33.83245397570728,5.224858176940167,1.266774675881093
82.82828282828284,67.67676767676768,15.230491497858269,16.51119024167713,2.422854724123923
83.83838383838385,67.67676767676768,11.351623742890075,25.75562352002338,1.207515028759219
84.84848484848486,67.67676767676768,8.26024269978036,6.522459255776385,1.442083355024023
85.85858585858587,67.67676767676768,15.754290499686807,4.179611535252033,1.898975964491385
86.86868686868688,67.67676767676768,50.132989638335275,15.35530126739116,1.369013022169088
87.87878787878789,67.67676767676768,46.62949965496392,15.36099719297238,4.197432652998568
88.8888888888889,67.67676767676768,65.46488876482606,9.613827089523689,4.498169073548489
89.89898989898991,67.67676767676768,68.94468385512467,24.93809648682062,5.445237519229754
90.90909090909092,67.67676767676768,26.309993500595034,17.08323054879103,5.184358651649056
91.91919191919193,67.67676767676768,51.455879784424006,7.980305578804783,5.440645398209668
92.92929292929294,67.67676767676768,45.396346558410855,24.69296792959862,5.058082757118422
93.93939393939395,67.67676767676768,30.272677765681156,26.09192618831197,4.126121517924197
94.94949494949496,67.67676767676768,10.973833556323832,20.43195993430135,5.376650796047667
95.95959595959597,67.67676767676768,27.036074729509032,24.0989828851217,4.669868723404637
96.96969696969697,67.67676767676768,69.85159275434313,8.532096110588714,4.814648963677522
97.97979797979798,67.67676767676768,26.55396518353956,16.41447608308299,4.891585276910672
98.98989898989899,67.67676767676768,21.83176254929762,17.33315367195733,5.244711568038353
100.0,67.67676767676768,35.0348071692726,27.54862496824137,4.21344468476051
0.0,68.68686868686869,20.874905757184177,9.804752031603385,5.097568487023929
1.01010101010101,68.68686868686869,15.132576787991034,16.66099660641939,3.589165896362105
2.02020202020202,68.68686868686869,27.228240052323862,18.03094098995298,4.956846759409506
3.03030303030303,68.68686868686869,17.22169648824498,15.09513851121506,4.986591087630596
4.040404040404041,68.68686868686869,27.002852319909703,14.30693731821055,3.232724098643613
5.050505050505051,68.68686868686869,38.48788748404628,9.511391022825054,3.703194751133221
6.060606060606061,68.68686868686869,32.43572461450023,12.00906905048264,4.43813292267574
7.070707070707071,68.68686868686869,58.43217638470149,19.56519153150044,4.433163948650003
8.080808080808081,68.68686868686869,29.532660290656143,14.29451116981522,1.168384960806458
9.090909090909092,68.68686868686869,8.371963711456928,13.87665748834693,1.291785485195104
10.1010101010101,68.68686868686869,13.42788035014453,18.82311485779678,1.997354435612791
11.11111111111111,68.68686868686869,14.011542657569485,18.39593408023127,1.933273778557984
12.12121212121212,68.68686868686869,5.764887884011497,11.02593232557164,1.629071008852452
13.13131313131313,68.68686868686869,6.717825489178793,15.00053371330481,1.449313678375822
14.14141414141414,68.68686868686869,13.407957391465313,17.57237145468363,0.5947332208084642
15.15151515151515,68.68686868686869,13.519789189819999,3.574634508359547,1.206270257743449
16.16161616161616,68.68686868686869,8.641121453085953,16.97383507576546,1.592759422393767
17.17171717171717,68.68686868686869,7.928184519764787,16.69629711786826,1.477625976740541
18.18181818181818,68.68686868686869,6.719809507933021,12.11497184837209,1.613299546991949
19.19191919191919,68.68686868686869,6.425457238305328,17.85566654409931,1.389017823282682
20.2020202020202,68.68686868686869,7.19694314534839,17.91148752774073,1.532942520592303
21.21212121212121,68.68686868686869,7.921131402963614,21.33707166490405,1.560679534941725
22.22222222222222,68.68686868686869,7.893420485031139,14.62592841067013,1.975424198567921
23.23232323232324,68.68686868686869,64.97657021163919,7.569505781820335,2.08245182787946
24.24242424242424,68.68686868686869,81.0181362486994,27.02953707525185,4.952436824393195
25.25252525252525,68.68686868686869,37.50059689873987,32.07377020004643,3.973305165230074
26.26262626262626,68.68686868686869,41.440536060808924,13.08892900223838,5.273714484293054
27.27272727272727,68.68686868686869,48.63545285787262,29.81555352965026,4.450261167506071
28.28282828282828,68.68686868686869,24.305510155290392,28.8160690731671,3.255334195102242
29.29292929292929,68.68686868686869,29.93089655512661,29.7683952584539,3.677321643125756
30.3030303030303,68.68686868686869,49.00028653485843,26.60896424811103,5.705980491927472
31.31313131313131,68.68686868686869,36.723978654204345,22.52677566311048,5.02684376885739
32.32323232323233,68.68686868686869,65.30399475749537,28.29248247246828,5.167710177323461
33.33333333333334,68.68686868686869,37.497852288670046,16.8670503311267,4.086005966884338
34.34343434343435,68.68686868686869,27.73198579592394,16.32194811128737,5.265160807509527
35.35353535353536,68.68686868686869,29.61860332559005,18.59011708432407,5.207895208290702
36.36363636363637,68.68686868686869,51.04954351928573,29.3926262566921,4.534914997799667
37.37373737373738,68.68686868686869,31.736332590869353,20.35697569472238,4.351934771771703
38.38383838383839,68.68686868686869,36.642852477427496,10.88203341034271,4.475162305988906
39.3939393939394,68.68686868686869,28.166318631640728,17.76911230701566,1.725443321637597
40.40404040404041,68.68686868686869,9.75192294236077,13.23481135153771,1.748082458981186
41.41414141414142,68.68686868686869,10.802912603491396,7.886802798725422,1.278482667751633
42.42424242424243,68.68686868686869,5.571360687315841,10.75125098759213,1.206278613165828
43.43434343434344,68.68686868686869,7.326688694051848,14.1305927272001,0.9805107276633461
44.44444444444445,68.68686868686869,10.281433557402796,14.98354863230429,1.695619996609305
45.45454545454546,68.68686868686869,5.816011289544915,14.47036422513364,1.311580416696495
46.46464646464647,68.68686868686869,6.212137704414077,16.19673400309951,1.195256154121663
47.47474747474748,68.68686868686869,20.696225376902532,9.719508137446704,1.022224812948785
48.48484848484848,68.68686868686869,22.62939379035627,18.55308915493441,2.027625294161613
49.49494949494949,68.68686868686869,20.34621375223777,11.19175609594467,0.7532452715231979
50.50505050505051,68.68686868686869,12.063543839613352,11.1477923292218,2.939838065112404
51.51515151515152,68.68686868686869,5.965260713786057,12.60950014777599,1.78230051701804
52.52525252525253,68.68686868686869,14.498466642871698,13.07784380741993,1.484026731959229
53.53535353535354,68.68686868686869,14.881384129265331,23.93557752703938,1.83374820337111
54.54545454545455,68.68686868686869,26.72707313811777,22.56468780596893,1.753916311014512
55.55555555555556,68.68686868686869,76.51765368382047,25.94303788995941,4.440774149165193
56.56565656565657,68.68686868686869,38.74582775269985,9.69739093566699,4.896038029702061
57.57575757575758,68.68686868686869,36.33594362634856,17.49462018907378,5.542381412654048
58.58585858585859,68.68686868686869,32.72889543430799,14.45000462174199,5.166573053521947
59.5959595959596,68.68686868686869,44.98661131747912,0.779738731127575,4.615161283935866
60.60606060606061,68.68686868686869,43.49379581973353,6.681597690267154,4.057721546845713
61.61616161616162,68.68686868686869,33.49956069772354,18.11285088517155,4.138773765553444
62.62626262626263,68.68686868686869,31.821461134088477,26.06721507271005,3.563089066661208
63.63636363636364,68.68686868686869,17.33000966247274,13.06219986939324,4.416952946060968
64.64646464646465,68.68686868686869,16.51254070198393,18.84427808146083,4.073191762273448
65.65656565656566,68.68686868686869,35.2247877283903,20.51927267860502,4.242785728950846
66.66666666666667,68.68686868686869,32.25673007013518,23.83113555967631,4.8890715459718
67.67676767676768,68.68686868686869,51.474092659001265,13.90247839642839,4.42699912447092
68.68686868686869,68.68686868686869,20.556202080113707,14.96010682337464,5.026796266477014
69.6969696969697,68.68686868686869,49.27124684663436,20.81202771342263,4.876955591247595
70.70707070707071,68.68686868686869,40.01934519831072,18.69468057616785,4.038962160262158
71.71717171717172,68.68686868686869,18.602925971778035,21.13108033196061,1.438536271314563
72.72727272727273,68.68686868686869,10.304238768565918,10.04476859329051,1.344170661396395
73.73737373737374,68.68686868686869,7.936215290085068,13.5857157137805,1.739397044152973
74.74747474747475,68.68686868686869,26.77537085998933,19.94348554414592,2.110962482963554
75.75757575757576,68.68686868686869,13.290931734809545,12.05301196905419,1.519791534976352
76.76767676767678,68.68686868686869,10.634081538232161,13.01733315436793,1.659854485978185
77.77777777777779,68.68686868686869,13.47867097128416,12.80369916219554,0.6714944093212295
78.7878787878788,68.68686868686869,14.152922265873237,7.438957999081737,1.633276540404022
79.7979797979798,68.68686868686869,8.379464382837257,12.46734576453854,0.4072840888975713
80.80808080808082,68.68686868686869,20.13903606445739,11.681535941212,1.31124540534963
81.81818181818183,68.68686868686869,25.930999904988166,18.00888155449108,2.315080813237045
82.82828282828284,68.68686868686869,14.273855942345085,14.31999039612659,1.964353161598794
83.83838383838385,68.68686868686869,9.716732562879159,16.38091629713231,1.177382365349686
84.84848484848486,68.68686868686869,8.852898817486633,9.23122376045276,1.886877208085676
85.85858585858587,68.68686868686869,55.59303999110394,18.89832098397207,2.092420243249434
86.86868686868688,68.68686868686869,89.07169116189152,27.71901769407068,5.833521643447932
87.87878787878789,68.68686868686869,41.91178299915815,29.9792930374886,4.405965275909661
88.8888888888889,68.68686868686869,53.69062730943197,25.48428017432093,4.220244963336205
89.89898989898991,68.68686868686869,70.55859415684534,8.463925922637788,4.889746597361757
90.90909090909092,68.68686868686869,22.373123999983477,19.59348969175823,4.639767972982844
91.91919191919193,68.68686868686869,33.9512542122707,22.3195350275867,4.938273635855817
92.92929292929294,68.68686868686869,25.254735837261777,15.35416778949918,4.810430223889226
93.93939393939395,68.68686868686869,34.32075360808347,15.81903100795576,3.820682489700763
94.94949494949496,68.68686868686869,45.93077576598688,29.92517084837385,4.559745793451308
95.95959595959597,68.68686868686869,28.81024354068614,24.53766718483135,4.431049573695863
96.96969696969697,68.68686868686869,41.26120826244177,25.9391857634198,5.054504655151645
97.97979797979798,68.68686868686869,33.5367004843601,21.87897586510513,4.218440808472152
98.98989898989899,68.68686868686869,47.614096446455754,15.60505427820654,3.558120958477169
100.0,68.68686868686869,44.17921631960963,22.61264946540874,5.061208420793904
0.0,69.6969696969697,38.55688591151857,20.06400202891501,4.638645458217324
1.01010101010101,69.6969696969697,29.616945473238154,8.59569386107369,5.107662152984402
2.02020202020202,69.6969696969697,38.74948143375386,14.83997698142782,4.652892234343828
3.03030303030303,69.6969696969697,7.52681970110028,13.71229541022042,4.475312696758383
4.040404040404041,69.6969696969697,22.573587708028292,12.35627724599162,4.550917568860239
5.050505050505051,69.6969696969697,46.13821120254296,21.32169294863784,5.112263468394431
6.060606060606061,69.6969696969697,26.91851136609443,23.52003196824329,4.208672755813834
7.070707070707071,69.6969696969697,52.59392972840051,30.07293170567795,4.731535145593511
8.080808080808081,69.6969696969697,49.394821103933914,13.88089462423703,3.913075010517705
9.090909090909092,69.6969696969697,34.25242912594395,17.94003856769002,1.646585872954892
10.1010101010101,69.6969696969697,16.686312803848757,9.642170535202938,1.805014149846353
11.11111111111111,69.6969696969697,5.784772760851666,19.39896038859041,0.9158565518727486
12.12121212121212,69.6969696969697,2.776878305203335,12.51547959213239,1.309606473843884
13.13131313131313,69.6969696969697,4.2619015772931945,11.95664984709278,1.197375827450062
14.14141414141414,69.6969696969697,7.215931015638542,11.91911543899398,1.442807862540351
15.15151515151515,69.6969696969697,9.883520629364227,15.05320239082587,0.8273088353080438
16.16161616161616,69.6969696969697,13.660541303750538,18.3433504967307,1.714703896359031
17.17171717171717,69.6969696969697,10.988204868200379,11.59628171324109,1.083104771684356
18.18181818181818,69.6969696969697,5.78157432483891,10.02615678313867,1.786135984501376
19.19191919191919,69.6969696969697,8.14592740209137,11.19847194394402,1.368973885659387
20.2020202020202,69.6969696969697,13.016855612456052,12.71988555823088,0.817600648974794
21.21212121212121,69.6969696969697,12.858617553137218,12.85881002955763,0.9513026316442295
22.22222222222222,69.6969696969697,30.108409278498023,19.94413392848334,1.745076508683287
23.23232323232324,69.6969696969697,73.17014964802037,21.57156564646798,5.761298074542242
24.24242424242424,69.6969696969697,43.466484096475575,14.13589000004083,4.465940620794981
25.25252525252525,69.6969696969697,22.39560337406794,18.70600993217394,3.964366358940172
26.26262626262626,69.6969696969697,29.044922011103036,18.23002323162255,2.910741884994017
27.27272727272727,69.6969696969697,49.45706462975075,14.74504067955447,3.257654347412991
28.28282828282828,69.6969696969697,28.257707413997807,25.45486028722081,4.806038304083762
29.29292929292929,69.6969696969697,27.88756070556227,28.65997883256,4.470239145119185
30.3030303030303,69.6969696969697,31.47857103796811,22.19349733281666,3.757163231334207
31.31313131313131,69.6969696969697,20.442767236830143,20.36203959355287,4.653110262943226
32.32323232323233,69.6969696969697,18.936814376654524,22.2271820814547,4.217594335981122
33.33333333333334,69.6969696969697,15.85831118983259,22.05166655752634,4.307685418949685
34.34343434343435,69.6969696969697,42.967604702742435,15.73782302091232,3.76575250315468
35.35353535353536,69.6969696969697,37.56023614241463,20.37004728807333,4.774973942457596
36.36363636363637,69.6969696969697,60.46450900277724,9.278564275829437,4.552584512287885
37.37373737373738,69.6969696969697,39.943396101627044,13.17709711410839,3.870825680558744
38.38383838383839,69.6969696969697,36.080907530902735,22.40274472457342,4.328473677441671
39.3939393939394,69.6969696969697,45.99007073800549,22.76423419108729,4.449084355754988
40.40404040404041,69.6969696969697,32.82978026650832,11.44858144772422,0.9430196146640467
41.41414141414142,69.6969696969697,12.748486713054476,16.03464203085365,1.862198347874549
42.42424242424243,69.6969696969697,8.54169491074442,18.89803932297487,1.395040928365421
43.43434343434344,69.6969696969697,9.011354262260127,16.72051782073468,1.090646491446474
44.44444444444445,69.6969696969697,10.082269330356967,17.31449451863275,0.3458867478270693
45.45454545454546,69.6969696969697,5.661716601458377,8.172426749823734,1.360488516405276
46.46464646464647,69.6969696969697,15.709514606558898,13.26551194610038,1.303352936525714
47.47474747474748,69.6969696969697,33.14823511288879,29.75922760969726,1.751679188152543
48.48484848484848,69.6969696969697,11.814598694540788,19.23388209023897,1.633860084618582
49.49494949494949,69.6969696969697,8.913882169806348,22.70258641206411,1.280009402246287
50.50505050505051,69.6969696969697,8.139309997735776,17.68731051099373,1.982035792831075
51.51515151515152,69.6969696969697,13.220114737725886,13.13877580638102,1.628375056782769
52.52525252525253,69.6969696969697,20.17483146623788,2.471141973057106,1.208972366915053
53.53535353535354,69.6969696969697,18.472429677202378,22.55247862529186,1.784665678625897
54.54545454545455,69.6969696969697,19.737180076285433,14.11579246551545,3.933635382675429
55.55555555555556,69.6969696969697,38.86317240321591,7.552899492461005,4.799490841630947
56.56565656565657,69.6969696969697,38.20136613965982,17.18288405868689,4.36201288803243
57.57575757575758,69.6969696969697,25.59542076010959,10.6068944584318,4.712291654818191
58.58585858585859,69.6969696969697,19.740890785419353,13.33747351953775,5.235024746214346
59.5959595959596,69.6969696969697,25.07291094639519,13.85180970084656,3.769700711761971
60.60606060606061,69.6969696969697,48.584955007091295,17.04330383312395,4.963161017472274
61.61616161616162,69.6969696969697,29.89790092374872,28.58706452154753,4.411470141466549
62.62626262626263,69.6969696969697,47.7063180750796,25.36557243437541,5.154167385300881
63.63636363636364,69.6969696969697,27.451159646992117,15.34453955117392,4.426163017940096
64.64646464646465,69.6969696969697,35.12999427463822,18.69021618776188,5.503099958346581
65.65656565656566,69.6969696969697,68.88568281202929,8.127900945706992,4.882537559815113
66.66666666666667,69.6969696969697,36.83404608783902,27.38427869630819,4.257952893961494
67.67676767676768,69.6969696969697,17.12635757306446,27.79303969794059,3.949796583016688
68.68686868686869,69.6969696969697,46.83200978756906,25.25986743203541,4.274344261201908
69.6969696969697,69.6969696969697,110.4768434380768,0.0,3.39142459757671
70.70707070707071,69.6969696969697,68.63294303344685,22.56911203860246,4.448479361400294
71.71717171717172,69.6969696969697,32.51811573172464,20.8758907044433,0.9176447266572652
72.72727272727273,69.6969696969697,33.90276833069119,17.61004265251438,1.248826838213367
73.73737373737374,69.6969696969697,8.792717512771269,16.81937049873882,1.588014135744011
74.74747474747475,69.6969696969697,28.48997568855464,6.731801014844857,0.3992802506190558
75.75757575757576,69.6969696969697,16.498007134069752,14.7076773575394,1.849231942151373
76.76767676767678,69.6969696969697,15.082518259501214,15.06307042700673,0.905892824503152
77.77777777777779,69.6969696969697,17.18011075416132,19.48763333400965,1.985450971312384
78.7878787878788,69.6969696969697,19.6448079328246,24.74881343947049,1.361044948104537
79.7979797979798,69.6969696969697,8.829519719486168,8.4118541292003,1.110554842298485
80.80808080808082,69.6969696969697,8.003073187897735,7.351264458727083,1.154341445660793
81.81818181818183,69.6969696969697,12.445455334355326,10.33389595446837,1.255912416112945
82.82828282828284,69.6969696969697,23.779226115074085,3.989164247400359,1.332160161163337
83.83838383838385,69.6969696969697,23.004446625106556,20.42740244412152,1.74415220604538
84.84848484848486,69.6969696969697,43.36834329993618,17.4940932755398,0.8009735600226576
85.85858585858587,69.6969696969697,41.001512559255424,19.1096243128889,4.501806862608323
86.86868686868688,69.6969696969697,28.252156539104316,18.4800605944847,5.295363213872664
87.87878787878789,69.6969696969697,30.666700098257106,17.52170454837024,4.919678299993056
88.8888888888889,69.6969696969697,47.41534832240807,11.75043296035467,4.067420534187661
89.89898989898991,69.6969696969697,48.7237117708719,25.93519747243101,4.377340061562952
90.90909090909092,69.6969696969697,26.837605866785093,18.77673201566349,3.866163726366155
91.91919191919193,69.6969696969697,18.330685345822673,22.55827799965768,4.294984623642859
92.92929292929294,69.6969696969697,12.029521056211966,17.73832773537134,4.175122825922941
93.93939393939395,69.6969696969697,19.37017793198605,14.15031142939009,4.315891636764109
94.94949494949496,69.6969696969697,42.488551812758615,25.88554197500133,3.208700689074231
95.95959595959597,69.6969696969697,84.11260269079627,33.32678916698342,5.102545542528242
96.96969696969697,69.6969696969697,57.63269929905362,24.15373016939673,6.00019929434805
97.97979797979798,69.6969696969697,66.77962308382618,12.3603129449199,3.700212325579316
98.98989898989899,69.6969696969697,60.611844361607794,24.44929986970424,4.699732959160178
100.0,69.6969696969697,77.67093300908455,10.92951592086341,3.884858213193502
0.0,70.70707070707071,25.12832285690813,20.61193416941405,5.651345481907729
1.01010101010101,70.70707070707071,51.927554068792354,15.02544564013707,4.802898903216716
2.02020202020202,70.70707070707071,113.13938074596099,28.80800627308738,5.93210174504228
3.03030303030303,70.70707070707071,35.54818882659781,14.07419439453936,4.119768221682746
4.040404040404041,70.70707070707071,36.95354817726573,7.466643991930915,4.530039178884484
5.050505050505051,70.70707070707071,30.332295803404293,11.09305384952808,5.500068197919425
6.060606060606061,70.70707070707071,17.51874222446484,28.59050252195083,3.159138423143708
7.070707070707071,70.70707070707071,21.798555282616153,24.87980118837678,4.772868239133716
8.080808080808081,70.70707070707071,27.057783323255165,26.90173391930216,3.774085988753141
9.090909090909092,70.70707070707071,51.159513297107594,33.04760643190907,3.571292034325098
10.1010101010101,70.70707070707071,44.882286946894155,23.19030106645988,2.21900341364727
11.11111111111111,70.70707070707071,11.526345010273062,9.874404146717431,2.164112495791322
12.12121212121212,70.70707070707071,7.251081977663139,21.77162883641678,1.032358737122985
13.13131313131313,70.70707070707071,15.864202487223132,6.975225650175181,1.383039406453138
14.14141414141414,70.70707070707071,15.634280203997848,15.15454387272745,2.09117881100092
15.15151515151515,70.70707070707071,5.2657709054281785,17.23323622668075,1.166521724594099
16.16161616161616,70.70707070707071,3.8057068654025112,14.88842865874415,1.284394905150704
17.17171717171717,70.70707070707071,7.2689885943712715,17.90083183314435,1.12622673448744
18.18181818181818,70.70707070707071,8.775799602120422,17.81143772176159,1.766933298936424
19.19191919191919,70.70707070707071,9.280831614346667,15.35106638992748,2.015130956901612
20.2020202020202,70.70707070707071,20.978368193357344,20.41540630204659,1.89299455114524
21.21212121212121,70.70707070707071,37.22047798624483,15.75274789153929,0.3980330181729376
22.22222222222222,70.70707070707071,38.54527544131945,9.271593020248645,4.020716843223346
23.23232323232324,70.70707070707071,26.93382722126268,20.36682307966677,4.455435363188514
24.24242424242424,70.70707070707071,21.508991049580732,20.06967064569601,4.68798659575512
25.25252525252525,70.70707070707071,37.4957221726658,17.31534441137927,4.524107195206204
26.26262626262626,70.70707070707071,59.04284556862493,21.66472039327413,5.869218020358859
27.27272727272727,70.70707070707071,33.824263988055016,16.77382263069164,4.881315249419226
28.28282828282828,70.70707070707071,39.95514595468187,25.07809983830136,4.702111269037818
29.29292929292929,70.70707070707071,23.202455494724852,18.87189588838345,4.542628091161602
30.3030303030303,70.70707070707071,15.143178652011633,19.19484586574106,4.415698243480482
31.31313131313131,70.70707070707071,64.16001673746233,10.50338120756658,4.173067079099839
32.32323232323233,70.70707070707071,30.24278013905827,14.59712849658467,4.980984823323195
33.33333333333334,70.70707070707071,23.33465178620901,21.30382167791302,4.440727802788821
34.34343434343435,70.70707070707071,66.42426476044182,32.8608154129062,3.978405097705433
35.35353535353536,70.70707070707071,71.27951174970858,10.84458812837463,3.734882214148189
36.36363636363637,70.70707070707071,53.65499011398066,25.42247805855488,5.084401105161653
37.37373737373738,70.70707070707071,54.96633644892436,24.5182141025713,4.831738662595844
38.38383838383839,70.70707070707071,36.394086676726886,15.37375303982286,3.329742451608025
39.3939393939394,70.70707070707071,36.29074385538504,19.0366436646019,4.346048992525096
40.40404040404041,70.70707070707071,40.7677614287083,5.61582109457958,3.602117037919313
41.41414141414142,70.70707070707071,7.7866967578360455,18.09909748728405,2.12814450835937
42.42424242424243,70.70707070707071,28.206537342963664,20.27626155782511,1.751421181392289
43.43434343434344,70.70707070707071,16.71787675513187,10.1428348155409,0.6848595717884948
44.44444444444445,70.70707070707071,11.111766669745593,7.378709754201186,1.290662312815515
45.45454545454546,70.70707070707071,11.998803835585768,9.492915559357815,0.8040701127843022
46.46464646464647,70.70707070707071,21.923253098110138,17.51261678789525,2.115501861594887
47.47474747474748,70.70707070707071,15.34443078653444,23.37451486031883,0.7388773513603537
48.48484848484848,70.70707070707071,11.373715020151101,11.76331480545004,1.141635150973413
49.49494949494949,70.70707070707071,16.449490448738736,19.86600314254806,1.798165397262088
50.50505050505051,70.70707070707071,11.569963819428875,24.25426866417239,1.007789898775802
51.51515151515152,70.70707070707071,15.523457812175094,11.34566728690926,0.1465581346010452
52.52525252525253,70.70707070707071,26.075356035156567,6.487277277008589,1.787828026063137
53.53535353535354,70.70707070707071,35.91111320037188,9.486976300535472,2.37598800720957
54.54545454545455,70.70707070707071,39.16188594827791,16.2358313515551,5.171970415395855
55.55555555555556,70.70707070707071,46.67679273815342,9.935377481939954,5.512368609321677
56.56565656565657,70.70707070707071,79.49832548784855,25.5713186775075,5.342438136967509
57.57575757575758,70.70707070707071,53.716261657570755,13.11535160213752,4.618784340398845
58.58585858585859,70.70707070707071,41.28343899530929,20.07746527785791,5.30477897952859
59.5959595959596,70.70707070707071,23.44632236104113,12.69705190925943,4.246178784733398
60.60606060606061,70.70707070707071,47.328878832374166,5.022084457900706,4.304834836056399
61.61616161616162,70.70707070707071,45.29797809441165,22.70931244688768,4.571477563668866
62.62626262626263,70.70707070707071,46.786946314619165,9.27990056849003,4.872910855814218
63.63636363636364,70.70707070707071,31.169474351917565,18.26552119717447,3.818237264220806
64.64646464646465,70.70707070707071,24.20900468983191,22.73891073765849,5.240809289886632
65.65656565656566,70.70707070707071,45.86644501475203,26.65607080876938,4.7932001991823
66.66666666666667,70.70707070707071,49.634747238175365,10.75519599147375,4.936584041169902
67.67676767676768,70.70707070707071,29.940235504829662,17.31322488039264,5.668130373458769
68.68686868686869,70.70707070707071,37.194558747371715,14.52774420877869,4.349343080391052
69.6969696969697,70.70707070707071,95.29960406741182,28.86959477758438,4.573685267898436
70.70707070707071,70.70707070707071,56.61077234890406,8.323733493655176,3.892170005417391
71.71717171717172,70.70707070707071,37.6205219789459,9.709967005371421,5.552142295531567
72.72727272727273,70.70707070707071,93.81215175354441,29.70597720814408,4.765377973846453
73.73737373737374,70.70707070707071,47.2695353135808,8.619413493660053,2.709697075471214
74.74747474747475,70.70707070707071,13.637615235917021,17.70971746506684,1.62081348627886
75.75757575757576,70.70707070707071,15.564567915964235,7.416996495489903,1.098575461600392
76.76767676767678,70.70707070707071,10.541152992424886,16.00962700317906,1.712448176590711
77.77777777777779,70.70707070707071,13.420917916193584,16.33854704659705,1.843440037818715
78.7878787878788,70.70707070707071,16.661030343374506,9.551842993867686,0.6270311279235655
79.7979797979798,70.70707070707071,12.443522812009306,5.105750150036441,0.6827984902050723
80.80808080808082,70.70707070707071,13.64558167233572,17.21208590038149,1.645246019808776
81.81818181818183,70.70707070707071,10.483872870689506,11.58004005606088,1.890311260257622
82.82828282828284,70.70707070707071,26.10732376385444,21.58579534914254,1.836265047669104
83.83838383838385,70.70707070707071,20.240335400965016,25.44471293403382,2.333447518723692
84.84848484848486,70.70707070707071,39.20560466703265,19.52583137595378,4.632226588086986
85.85858585858587,70.70707070707071,34.18296494513757,10.99891293366497,4.759808839981403
86.86868686868688,70.70707070707071,28.141984020043104,17.18340811803837,4.200513751779959
87.87878787878789,70.70707070707071,17.57642658696114,12.95838638653136,4.590510168914588
88.8888888888889,70.70707070707071,38.89408951801668,18.98294751391432,3.875002492306889
89.89898989898991,70.70707070707071,18.365440527425733,20.67295823920706,4.713381698147584
90.90909090909092,70.70707070707071,18.18452949478006,20.68051982184912,4.661498994049327
91.91919191919193,70.70707070707071,11.248213077246298,14.87552333678559,5.648105626556785
92.92929292929294,70.70707070707071,23.345122140526687,18.2191379763298,4.729202377488103
93.93939393939395,70.70707070707071,49.01283865207377,5.837935565776826,3.288567794815792
94.94949494949496,70.70707070707071,41.944828997552996,21.78047817222622,4.161556905663723
95.95959595959597,70.70707070707071,97.03582670312244,1.315315633070246,5.35358684522361
96.96969696969697,70.70707070707071,52.58006998461887,14.74237374880568,3.563166634309955
97.97979797979798,70.70707070707071,31.073235821178706,31.18517792024056,3.140404779211408
98.98989898989899,70.70707070707071,36.23031513293454,15.64637747675528,4.694586442336943
100.0,70.70707070707071,84.30935201368949,27.3870239222645,4.784716519639187
0.0,71.71717171717172,58.90311476920476,26.43099170420686,4.696581088923554
1.01010101010101,71.71717171717172,32.30530123308327,9.401829593408035,3.803841420666368
2.02020202020202,71.71717171717172,56.00610085956057,9.470999156739277,3.359059036142836
3.03030303030303,71.71717171717172,28.275859280388854,13.54716370826799,4.408520484487595
4.040404040404041,71.71717171717172,48.05411357736186,26.32073092102728,4.098806434866029
5.050505050505051,71.71717171717172,28.19872484442636,16.99664951379047,4.580609334807171
6.060606060606061,71.71717171717172,18.72581748193678,18.12440392790094,4.780770137313946
7.070707070707071,71.71717171717172,36.06364562930575,25.36084277532007,5.392324740847475
8.080808080808081,71.71717171717172,32.19722607743891,17.69213139636644,4.195229486948308
9.090909090909092,71.71717171717172,20.35846147875855,21.134734650682,4.018216186602087
10.1010101010101,71.71717171717172,43.04912080019385,18.72357562893101,5.355818345002296
11.11111111111111,71.71717171717172,42.39329203276874,21.94601847577845,1.488889630377355
12.12121212121212,71.71717171717172,34.63469340246045,8.744338658452808,1.543113913638369
13.13131313131313,71.71717171717172,18.48007491613021,11.44055679981659,2.933533963129493
14.14141414141414,71.71717171717172,9.634485819730331,15.94827889260765,1.083463212049614
15.15151515151515,71.71717171717172,4.745931865764179,10.91465771867672,1.919299017635355
16.16161616161616,71.71717171717172,7.854088438658453,17.95887846006359,1.016137123570884
17.17171717171717,71.71717171717172,11.154452139355492,18.0691816149395,1.620822822056098
18.18181818181818,71.71717171717172,8.411686068964627,13.31427767802706,1.635868491540655
19.19191919191919,71.71717171717172,23.240601464331192,12.19441503467129,1.448542889802018
20.2020202020202,71.71717171717172,31.595901639422966,18.15150815458863,1.270816122164743
21.21212121212121,71.71717171717172,42.530625351752136,25.32118038861833,3.388666833420907
22.22222222222222,71.71717171717172,31.51023209663058,22.12413702958694,4.723899116741913
23.23232323232324,71.71717171717172,23.355530080967796,14.20825064606318,5.162690982464374
24.24242424242424,71.71717171717172,48.60082357933003,17.84758906758416,3.255332698910874
25.25252525252525,71.71717171717172,91.03678981240509,23.41625857907091,6.814581364842922
26.26262626262626,71.71717171717172,44.11052960657418,23.94865165989513,2.470736361145982
27.27272727272727,71.71717171717172,15.342907024021612,11.1832400394214,5.521090591954716
28.28282828282828,71.71717171717172,60.090812035805364,7.47470214393014,4.113897821185492
29.29292929292929,71.71717171717172,27.455747537307694,18.60743988628281,3.67963064223965
30.3030303030303,71.71717171717172,40.31099464453034,22.18614231963791,4.600196610645783
31.31313131313131,71.71717171717172,81.76266043421751,31.51547619548564,5.703603686486265
32.32323232323233,71.71717171717172,64.97628476475228,26.61080901666297,4.579675700400527
33.33333333333334,71.71717171717172,25.69226621912143,13.11519341837125,4.550340470987003
34.34343434343435,71.71717171717172,35.9286471174361,19.87658091321545,3.162767503131788
35.35353535353536,71.71717171717172,24.077355149526113,21.00625641923441,4.278388609059886
36.36363636363637,71.71717171717172,28.69665903192683,21.74525857828213,4.653981509172533
37.37373737373738,71.71717171717172,57.67437085955055,9.537893422469674,4.626498722439107
38.38383838383839,71.71717171717172,15.927577876822644,13.71209228794104,3.804628665033982
39.3939393939394,71.71717171717172,21.784608661591854,12.8694712432943,3.898055397589477
40.40404040404041,71.71717171717172,46.426027407960426,17.47750573017365,5.325318885142091
41.41414141414142,71.71717171717172,41.6525202034299,7.111180063395988,5.584530211131047
42.42424242424243,71.71717171717172,56.72212803434633,24.42230626261491,4.406570334541752
43.43434343434344,71.71717171717172,44.739036037298696,17.25039741624776,1.819396135175885
44.44444444444445,71.71717171717172,26.35704961364594,20.38208415522981,2.255336722548119
45.45454545454546,71.71717171717172,18.53338048417547,10.71920382394165,1.94391352800111
46.46464646464647,71.71717171717172,29.550244173207506,20.63260050338754,2.70400131162125
47.47474747474748,71.71717171717172,13.324893905481613,8.412414905636918,1.708125005336749
48.48484848484848,71.71717171717172,5.849415453824429,12.99738791621285,1.138212046126946
49.49494949494949,71.71717171717172,14.0416975502905,18.2544329407522,0.5565405000950804
50.50505050505051,71.71717171717172,25.654220529290598,15.39019614299429,1.48383988230345
51.51515151515152,71.71717171717172,46.38171640802565,9.743113999281805,1.160700028002382
52.52525252525253,71.71717171717172,48.92382676729402,22.82569887285916,3.785681433051001
53.53535353535354,71.71717171717172,39.08907115418869,20.49876712431028,3.712642731538523
54.54545454545455,71.71717171717172,28.083006409451787,23.74347983042391,5.118872692072387
55.55555555555556,71.71717171717172,36.01742061421119,21.89624335545514,5.110819214479934
56.56565656565657,71.71717171717172,79.48270761567994,11.51534965726264,3.314102165890808
57.57575757575758,71.71717171717172,87.26056148119746,34.98389518485872,4.08422456760112
58.58585858585859,71.71717171717172,41.94753664867956,16.16613039908134,4.737025387634214
59.5959595959596,71.71717171717172,23.209793972273843,8.952010765124673,5.218124891568071
60.60606060606061,71.71717171717172,44.77855832209353,9.866157656685113,3.392887790134041
61.61616161616162,71.71717171717172,63.28816499826026,27.46066391913092,4.439816295511492
62.62626262626263,71.71717171717172,45.01686008887843,6.476590082630597,4.123708638672535
63.63636363636364,71.71717171717172,53.56374901593669,5.156318874050724,4.041453486160925
64.64646464646465,71.71717171717172,30.968707651659567,24.5242944362125,3.94205970181759
65.65656565656566,71.71717171717172,23.751562821082143,25.85608686751989,4.473095677500353
66.66666666666667,71.71717171717172,18.611380477265083,17.13272280177401,3.993074356470238
67.67676767676768,71.71717171717172,14.386536400583703,23.74016328797577,2.948718984656475
68.68686868686869,71.71717171717172,18.33356856678106,15.90666989573761,3.960156554167239
69.6969696969697,71.71717171717172,33.10334051523628,10.49879744581784,4.893876247067263
70.70707070707071,71.71717171717172,53.75170503199385,20.24490111429695,3.441994822229554
71.71717171717172,71.71717171717172,21.254367392169748,10.94966792958877,4.323996125647606
72.72727272727273,71.71717171717172,29.596276268911375,23.42849773024238,3.915454590294938
73.73737373737374,71.71717171717172,31.425028391670438,17.64512677444992,4.847139043013441
74.74747474747475,71.71717171717172,22.486654529259,22.15041427359959,1.414608676234605
75.75757575757576,71.71717171717172,12.24973801629794,10.70157129444065,1.077699760338479
76.76767676767678,71.71717171717172,6.867844124798038,18.83757669404395,1.114377689454605
77.77777777777779,71.71717171717172,8.774220659011998,17.82306194426912,0.6643848862288569
78.7878787878788,71.71717171717172,5.773348136281966,17.44704548261428,1.049206088737549
79.7979797979798,71.71717171717172,8.712770037746058,11.92776158841841,1.682599122409208
80.80808080808082,71.71717171717172,14.430762679929135,21.39886881518375,1.486435716410002
81.81818181818183,71.71717171717172,30.970791762028057,20.15958284007204,0.6469081096887105
82.82828282828284,71.71717171717172,43.81776278507703,6.092099922731259,1.151492021917213
83.83838383838385,71.71717171717172,24.04243094337391,17.38030131922232,3.78468737129278
84.84848484848486,71.71717171717172,17.841818912473233,19.46219353779477,4.071018549482167
85.85858585858587,71.71717171717172,39.52014082216154,24.93909743405895,3.909030663824113
86.86868686868688,71.71717171717172,59.2005981167777,24.66371182146809,5.130923983623183
87.87878787878789,71.71717171717172,77.09789133723282,12.85555085913314,3.318593332558458
88.8888888888889,71.71717171717172,93.44003058959926,31.3736674606922,5.272458887909941
89.89898989898991,71.71717171717172,37.35649028856364,12.1366727259655,5.354293800859329
90.90909090909092,71.71717171717172,22.712636270249224,12.66892155489445,4.806519811893881
91.91919191919193,71.71717171717172,36.23819699937947,16.84163725831186,3.943901812104579
92.92929292929294,71.71717171717172,41.25194225278117,18.9803732583945,5.18078211236868
93.93939393939395,71.71717171717172,57.331470117362265,0.6699241242252596,5.113493041410885
94.94949494949496,71.71717171717172,40.25697018435396,16.58904900263052,5.153063424478698
95.95959595959597,71.71717171717172,38.5861569391829,21.18488651466285,4.866121870131272
96.96969696969697,71.71717171717172,20.10313392081079,23.90369181417477,3.328344802654815
97.97979797979798,71.71717171717172,28.043100125531137,30.00648620595673,3.33739069506295
98.98989898989899,71.71717171717172,27.942527015845926,13.90778307274141,3.742552212659213
100.0,71.71717171717172,64.91182812111313,5.984311227106586,4.056689086849198
0.0,72.72727272727273,36.213364678103694,15.64004364032996,2.778017389901539
1.01010101010101,72.72727272727273,29.604380369681444,7.793165340104141,4.652794357455456
2.02020202020202,72.72727272727273,29.794274031145235,16.57961263595639,5.120803764333576
3.03030303030303,72.72727272727273,20.952533256796656,21.00705242658848,4.523048642605636
4.040404040404041,72.72727272727273,33.62609376737857,13.07556725935816,5.194093645438645
5.050505050505051,72.72727272727273,50.158025093715565,5.827160303870157,3.556575959913323
6.060606060606061,72.72727272727273,37.84146052169797,25.44985938725715,3.889225592762481
7.070707070707071,72.72727272727273,20.24570712412897,23.2221505415149,5.302775200899186
8.080808080808081,72.72727272727273,33.768044287630026,26.02099610225997,3.93804369802132
9.090909090909092,72.72727272727273,24.824737879121592,12.7146690627153,4.927090583027819
10.1010101010101,72.72727272727273,23.725865855394233,15.67199915889614,3.81988960709965
11.11111111111111,72.72727272727273,39.293430215840516,22.79605471277842,4.569033179546309
12.12121212121212,72.72727272727273,47.66773342495995,27.18922069127758,3.81769764089395
13.13131313131313,72.72727272727273,32.454516564940626,11.17918773336794,1.780527571372259
14.14141414141414,72.72727272727273,12.640022774998835,20.38051595059888,0.6429633383783889
15.15151515151515,72.72727272727273,10.704411506876916,7.815556674347897,1.1744830532801
16.16161616161616,72.72727272727273,18.129434615995343,15.85916359350602,2.210269807874122
17.17171717171717,72.72727272727273,25.86524503554304,13.91274121937396,0.8869907932125173
18.18181818181818,72.72727272727273,29.820871395459065,21.83704388906651,1.562167845394046
19.19191919191919,72.72727272727273,44.32173947739791,21.18534537836805,4.146115695273334
20.2020202020202,72.72727272727273,28.855626172185875,13.86373414884794,4.741211884149174
21.21212121212121,72.72727272727273,21.58475924510598,15.90899085304762,5.968175725509314
22.22222222222222,72.72727272727273,25.819005951389812,21.40341203404861,5.300689784114056
23.23232323232324,72.72727272727273,10.982558567895254,21.41278142458704,4.808918485966467
24.24242424242424,72.72727272727273,32.40274696568973,27.36322384460567,3.646920488433966
25.25252525252525,72.72727272727273,40.383460160730095,16.40390017309067,4.787502869858963
26.26262626262626,72.72727272727273,21.014911893066312,11.27056877611446,4.76346152371461
27.27272727272727,72.72727272727273,33.40939465067446,13.55787211131022,5.119850419622863
28.28282828282828,72.72727272727273,54.16612448109503,23.72730453423399,4.856501429756229
29.29292929292929,72.72727272727273,28.01780763760396,20.69692609780136,4.335017743670281
30.3030303030303,72.72727272727273,28.386401274213675,13.08893783996962,5.302331536151482
31.31313131313131,72.72727272727273,56.53615557112083,31.75810785689779,3.91067683258331
32.32323232323233,72.72727272727273,68.35184392510463,7.26766897713577,4.292673096460367
33.33333333333334,72.72727272727273,22.184234821940418,12.47729723818507,4.585295683556521
34.34343434343435,72.72727272727273,33.82608128470474,21.80358602035597,4.977008295779306
35.35353535353536,72.72727272727273,10.385016402660177,20.15174989721757,4.032910492234132
36.36363636363637,72.72727272727273,22.403977616509493,16.47435386416488,5.030578003035938
37.37373737373738,72.72727272727273,47.754449374090065,27.93253447834436,4.846271173474351
38.38383838383839,72.72727272727273,50.430476762861645,19.41327158058362,5.401205769700199
39.3939393939394,72.72727272727273,27.05547613790153,14.30273634015742,4.18277900632303
40.40404040404041,72.72727272727273,33.85157670340568,24.01839609343562,4.565870391038869
41.41414141414142,72.72727272727273,24.089639437368156,15.31937177872452,5.474171861777
42.42424242424243,72.72727272727273,24.40203204557099,22.48062623675353,4.313747655026424
43.43434343434344,72.72727272727273,43.37810330757751,27.18315999712075,3.497978207508236
44.44444444444445,72.72727272727273,44.735641437577996,14.56591955904729,1.146492583462401
45.45454545454546,72.72727272727273,22.746529164945947,9.714838223739894,2.231829297273616
46.46464646464647,72.72727272727273,14.068395781210011,17.61169029438265,1.857101905563997
47.47474747474748,72.72727272727273,8.057862604796671,15.03896681961764,1.524183075349868
48.48484848484848,72.72727272727273,20.586140849897703,17.49124587554434,1.816239747571704
49.49494949494949,72.72727272727273,36.91696937505664,15.28063922668691,1.534712327394189
50.50505050505051,72.72727272727273,38.62496359032147,26.14869221046289,3.81058594758098
51.51515151515152,72.72727272727273,40.33521722734571,17.90759099711679,5.615491196577843
52.52525252525253,72.72727272727273,42.35991354354669,30.21721258119432,4.033635646998288
53.53535353535354,72.72727272727273,81.03503291382404,7.685490128524101,3.78029870844365
54.54545454545455,72.72727272727273,45.20721962917173,24.41850905023448,4.170762300533216
55.55555555555556,72.72727272727273,9.9846641853877,23.74054801999208,4.564138212364902
56.56565656565657,72.72727272727273,34.83536141377799,17.10036135875224,4.630311383276925
57.57575757575758,72.72727272727273,38.11522487906697,11.75734189747238,4.011680128458694
58.58585858585859,72.72727272727273,37.45935247131898,8.993521437078767,3.878985934358215
59.5959595959596,72.72727272727273,36.52600476718855,15.08416489827702,5.916538315511852
60.60606060606061,72.72727272727273,30.87149076162119,22.86919778933984,4.331153049869452
61.61616161616162,72.72727272727273,33.6326229143354,16.56878194580785,4.256867173063974
62.62626262626263,72.72727272727273,39.23311875761745,19.80218774249627,4.40260308353127
63.63636363636364,72.72727272727273,33.40760360018804,27.42640187442472,3.809657246635938
64.64646464646465,72.72727272727273,13.277165287434713,21.41511843778929,4.207924033007353
65.65656565656566,72.72727272727273,29.35652827090201,20.47467662781399,4.834589886063815
66.66666666666667,72.72727272727273,19.707963465993814,12.46818873413063,4.661492621695071
67.67676767676768,72.72727272727273,41.490374179170395,8.641208477399935,5.692313938117378
68.68686868686869,72.72727272727273,53.77630588292651,26.17628903557263,4.48920325188984
69.6969696969697,72.72727272727273,52.696752349337146,14.08331882263529,5.198805521304213
70.70707070707071,72.72727272727273,140.3200048103545,34.50350492089362,5.992569565402932
71.71717171717172,72.72727272727273,53.32468585855669,12.11313907334608,4.876983062553812
72.72727272727273,72.72727272727273,25.03256504871134,20.91771219425425,5.244340260046762
73.73737373737374,72.72727272727273,23.470819387968934,17.36416836277758,5.105747680079546
74.74747474747475,72.72727272727273,22.8472891756946,12.27735150978179,3.637222971007374
75.75757575757576,72.72727272727273,17.89659261762712,14.85793792532465,1.876902487259111
76.76767676767678,72.72727272727273,32.90850193139358,15.78253982111768,1.175614119254828
77.77777777777779,72.72727272727273,6.9660510897783965,12.90613397534414,0.8241991558154677
78.7878787878788,72.72727272727273,6.555203991328272,14.563545124435,1.431960903354884
79.7979797979798,72.72727272727273,14.677653081661248,7.958985095867393,1.922921085997868
80.80808080808082,72.72727272727273,57.484385243501706,6.036369357783189,1.338547355810505
81.81818181818183,72.72727272727273,62.778947763249406,21.58526057620136,4.784887510889444
82.82828282828284,72.72727272727273,39.32383512899322,15.94066852031651,5.324332715284157
83.83838383838385,72.72727272727273,30.18252934854872,9.690099185359724,4.977279728084739
84.84848484848486,72.72727272727273,41.37319291173798,28.51473621670467,3.776026953349779
85.85858585858587,72.72727272727273,46.61841335560469,8.883495889498128,3.586289327471462
86.86868686868688,72.72727272727273,45.065786712259914,16.83388039061941,3.389530172547939
87.87878787878789,72.72727272727273,49.035240981756786,25.52141475634123,4.999383505872274
88.8888888888889,72.72727272727273,48.91156311981814,31.87740205392915,3.347221929315016
89.89898989898991,72.72727272727273,36.8499098898171,17.64224142388171,2.977883024908857
90.90909090909092,72.72727272727273,51.57006829969973,21.01650733232771,5.073009306603003
91.91919191919193,72.72727272727273,88.1218053238181,34.34640863471846,4.551801447226063
92.92929292929294,72.72727272727273,41.00838395190374,14.38880677353318,5.025818922787336
93.93939393939395,72.72727272727273,24.387168380961448,13.34780480037468,2.997679666621128
94.94949494949496,72.72727272727273,66.37278811826857,13.25786748922243,2.208153450803419
95.95959595959597,72.72727272727273,47.999749372095685,26.62573528848991,4.516455745920736
96.96969696969697,72.72727272727273,23.398065262765492,23.23532801318078,3.823054241907887
97.97979797979798,72.72727272727273,33.470166322878754,17.25453810359729,3.411082699423784
98.98989898989899,72.72727272727273,26.368785093474457,11.69073685504702,5.692640945617938
100.0,72.72727272727273,43.84882490295259,20.9938085182595,4.023815132691075
0.0,73.73737373737374,38.68650717963975,12.65017903698273,5.076063111827961
1.01010101010101,73.73737373737374,49.213048357873774,19.06881189853081,5.1577060108821
2.02020202020202,73.73737373737374,13.48388559327299,19.72101702762233,4.676980758754257
3.03030303030303,73.73737373737374,12.598227317057937,20.98742813687408,5.065790087842138
4.040404040404041,73.73737373737374,22.868266893782106,18.23131136436182,4.835694588877504
5.050505050505051,73.73737373737374,35.25849941908947,9.765430440944765,3.97115896916414
6.060606060606061,73.73737373737374,28.69352585652282,13.60512340743706,4.583798445961518
7.070707070707071,73.73737373737374,39.42284650309982,15.61856980377642,6.441223270877028
8.080808080808081,73.73737373737374,54.6798355705039,12.63941918439581,4.442010185812252
9.090909090909092,73.73737373737374,44.7592619190517,21.18674763603209,4.581220285162789
10.1010101010101,73.73737373737374,37.89579187301721,11.07042782462096,4.737689489363443
11.11111111111111,73.73737373737374,63.453226406938164,32.28150061091732,4.498012396004112
12.12121212121212,73.73737373737374,32.093969352608056,19.18121512398919,4.571508156611476
13.13131313131313,73.73737373737374,36.094883136598575,11.21083812075635,4.04699529989998
14.14141414141414,73.73737373737374,27.714513640539373,11.64860875404761,4.18616117014913
15.15151515151515,73.73737373737374,21.477489715437123,5.000581104930984,1.585680334700714
16.16161616161616,73.73737373737374,14.185485647038242,18.63542994741447,1.498542730347445
17.17171717171717,73.73737373737374,43.2429550019227,10.9974684977085,4.943844433384053
18.18181818181818,73.73737373737374,45.92859079672552,0.8429044972558332,3.154310248354164
19.19191919191919,73.73737373737374,32.392069978346306,12.39475368338998,4.562612002319766
20.2020202020202,73.73737373737374,19.893449929777894,21.78624520275428,4.001010237552918
21.21212121212121,73.73737373737374,19.275536341602727,12.45930673618614,5.25496102646869
22.22222222222222,73.73737373737374,51.3562730260617,10.72922914248302,4.483379074487952
23.23232323232324,73.73737373737374,31.010560134327136,19.86436970489921,5.151079367951897
24.24242424242424,73.73737373737374,42.460267900837074,7.273157861077902,4.99243618143162
25.25252525252525,73.73737373737374,31.82516760274882,10.07055365755233,4.383347843477474
26.26262626262626,73.73737373737374,34.17245114877882,24.14105768962314,3.798032827820989
27.27272727272727,73.73737373737374,59.1220202313859,22.88119527457095,5.849191473021064
28.28282828282828,73.73737373737374,43.268459315019044,12.06100528520278,4.508436437367012
29.29292929292929,73.73737373737374,32.66294619869124,10.17948546784559,4.39444094396132
30.3030303030303,73.73737373737374,26.770969235504165,14.78051382374785,5.086108799025864
31.31313131313131,73.73737373737374,22.376187754888246,21.52022810764616,4.711796814040654
32.32323232323233,73.73737373737374,37.81298983204939,25.6090834349258,3.706560411549945
33.33333333333334,73.73737373737374,37.194167681509434,9.968556831318589,4.841278264670407
34.34343434343435,73.73737373737374,32.07283621760912,27.96228218207661,4.277847291203924
35.35353535353536,73.73737373737374,23.19439423466045,19.57020673803594,4.361517601488732
36.36363636363637,73.73737373737374,23.54262913208068,12.1600198238135,5.401681483112502
37.37373737373738,73.73737373737374,33.560434690179605,27.16667460923162,4.365609792901687
38.38383838383839,73.73737373737374,77.08065674352882,38.08707473066067,4.682635154867143
39.3939393939394,73.73737373737374,41.249329889538174,14.6649799197807,3.827631673855975
40.40404040404041,73.73737373737374,16.080452138037906,15.45894842957603,4.3013195357037
41.41414141414142,73.73737373737374,42.837653148681554,11.89643060697337,5.931987245310046
42.42424242424243,73.73737373737374,89.47369473343072,29.80696983549743,5.667684237915928
43.43434343434344,73.73737373737374,51.658746107923236,14.52477709042028,4.513013349608896
44.44444444444445,73.73737373737374,26.36282864199896,20.59991603482715,4.029386132860943
45.45454545454546,73.73737373737374,58.04356334492363,18.98323437023025,5.047418962105966
46.46464646464647,73.73737373737374,37.21483572120028,13.1405216722621,1.546849063835853
47.47474747474748,73.73737373737374,40.084952479053435,13.45510850923922,1.328424286773156
48.48484848484848,73.73737373737374,46.63016939761193,15.02849762446381,5.321575116415204
49.49494949494949,73.73737373737374,25.832145758853198,17.00920596410948,4.310597719701338
50.50505050505051,73.73737373737374,33.840039205659586,24.40071076988007,4.107581452663553
51.51515151515152,73.73737373737374,39.9320836644814,11.99488281805276,4.227929951142746
52.52525252525253,73.73737373737374,35.94352553613308,27.80749220103274,3.670847264734872
53.53535353535354,73.73737373737374,86.6672469197091,27.38894713555691,5.1305478452432
54.54545454545455,73.73737373737374,84.01143558998402,4.398514964955702,4.549868797856131
55.55555555555556,73.73737373737374,40.52067545382164,23.36902473250653,4.606763684760069
56.56565656565657,73.73737373737374,45.67520254414312,24.85183838149761,4.680379840023797
57.57575757575758,73.73737373737374,36.14800214391603,16.91969044835809,2.051777452836625
58.58585858585859,73.73737373737374,27.599213720218096,15.78353715977089,4.839743916660946
59.5959595959596,73.73737373737374,36.1425607895176,18.2257002897276,2.734578188534864
60.60606060606061,73.73737373737374,41.07376190155262,16.6583393795955,4.770109959129004
61.61616161616162,73.73737373737374,60.77314804975978,8.210381447423948,3.965561447843944
62.62626262626263,73.73737373737374,52.936453409591714,6.168982524690378,4.000074034369159
63.63636363636364,73.73737373737374,42.05529275635158,27.27135268597089,4.50265235332307
64.64646464646465,73.73737373737374,18.804439291482154,22.3061367975196,5.084400779377852
65.65656565656566,73.73737373737374,44.9650550350206,31.45038621418372,4.769509760293683
66.66666666666667,73.73737373737374,39.20266118606943,20.5787930677651,3.735018085245464
67.67676767676768,73.73737373737374,51.69649207177392,23.1538371424747,5.056667713066727
68.68686868686869,73.73737373737374,37.57706207906233,14.37156316393227,4.838700770724333
69.6969696969697,73.73737373737374,5.602519611523208,16.08885030614464,3.860344855446324
70.70707070707071,73.73737373737374,38.9322646253525,21.99194614704787,2.901232102254191
71.71717171717172,73.73737373737374,28.60812163623413,14.81890933308721,4.206244753301965
72.72727272727273,73.73737373737374,27.527085572841607,24.89020860412238,3.985594769619457
73.73737373737374,73.73737373737374,43.30151544786112,15.28911639187277,4.117085505192408
74.74747474747475,73.73737373737374,37.961453185494754,7.900863388895159,3.462630005506548
75.75757575757576,73.73737373737374,35.30583322379148,14.92437238658166,3.820473084545507
76.76767676767678,73.73737373737374,93.67553775373636,22.88068437585416,5.70352301413719
77.77777777777779,73.73737373737374,57.05250499139449,17.34711619171147,1.104686576758706
78.7878787878788,73.73737373737374,25.077299221879187,22.03263420529737,1.305301607361742
79.7979797979798,73.73737373737374,34.26985508517774,12.05783723646594,4.683718114303514
80.80808080808082,73.73737373737374,58.22253201383292,28.41739440017786,3.936385491821305
81.81818181818183,73.73737373737374,52.39220890452976,16.58298357919735,3.37825801400166
82.82828282828284,73.73737373737374,52.65708713393039,21.3410929050734,5.119589514359308
83.83838383838385,73.73737373737374,37.42481910817692,12.74469630869407,4.341147930677394
84.84848484848486,73.73737373737374,36.68582529647905,24.15976301282537,4.531005465099464
85.85858585858587,73.73737373737374,33.84786958025141,13.13008145621674,3.936742126583135
86.86868686868688,73.73737373737374,38.916787414453076,8.943960330489599,4.697811214334332
87.87878787878789,73.73737373737374,53.92885712574535,21.13424713018773,5.100837765800722
88.8888888888889,73.73737373737374,47.72515935691072,10.45898211419349,4.285783033437941
89.89898989898991,73.73737373737374,28.877196204495927,14.83855471622227,5.340464625529284
90.90909090909092,73.73737373737374,29.622411531144223,14.74506469441454,3.381584363108602
91.91919191919193,73.73737373737374,60.32975447540956,8.225339380322614,3.34462436198698
92.92929292929294,73.73737373737374,19.72232368978908,10.43244903372,4.852669951067314
93.93939393939395,73.73737373737374,34.14175568996997,9.859886634477952,5.87574649759446
94.94949494949496,73.73737373737374,83.35009717715053,27.92523085246033,4.900298111877053
95.95959595959597,73.73737373737374,31.230116343457826,13.46826934243554,5.035781254789535
96.96969696969697,73.73737373737374,42.3495602699294,15.29054826645302,4.310188670390599
97.97979797979798,73.73737373737374,39.3507803234933,27.83470711410487,4.087804336805176
98.98989898989899,73.73737373737374,34.978587610095914,31.3069713761379,4.213349004741088
100.0,73.73737373737374,34.39794663292231,24.67242569769684,5.589192134680822
0.0,74.74747474747475,81.67875789787489,22.71253996853066,5.51984130099476
1.01010101010101,74.74747474747475,112.73282093695843,1.037496923719865,3.706217732571242
2.02020202020202,74.74747474747475,56.87263820433803,24.4253295824433,4.857125385270795
3.03030303030303,74.74747474747475,16.248696753809785,17.15920537191099,5.796709079409299
4.040404040404041,74.74747474747475,24.147707010464494,20.37614178534728,4.507769950430349
5.050505050505051,74.74747474747475,17.800712324228954,17.07686907325106,5.199705617492429
6.060606060606061,74.74747474747475,22.23091871005342,15.01287834323496,5.24200127619634
7.070707070707071,74.74747474747475,61.30699965194992,10.67499485626321,4.510379340022476
8.080808080808081,74.74747474747475,85.94373279843956,30.82209148163282,4.644765406825671
9.090909090909092,74.74747474747475,56.87151375687187,5.606625804666009,6.772090972601468
10.1010101010101,74.74747474747475,16.538886714669715,14.42295929826181,4.107833197808794
11.11111111111111,74.74747474747475,24.64796320958633,24.39697217258099,3.390018734265031
12.12121212121212,74.74747474747475,21.555122053657087,18.1847182911242,4.138459876170603
13.13131313131313,74.74747474747475,68.12239164888723,20.42090934843198,5.806537105072593
14.14141414141414,74.74747474747475,48.87999825543237,3.762147049006582,4.728763373583956
15.15151515151515,74.74747474747475,30.15200357852175,7.623184957869311,4.166115727862803
16.16161616161616,74.74747474747475,28.159259600094597,7.686846607948896,3.21998596260034
17.17171717171717,74.74747474747475,60.38382092474299,23.67757712490164,4.525696035266048
18.18181818181818,74.74747474747475,56.72902317280181,10.58860126721775,4.657285507443439
19.19191919191919,74.74747474747475,17.693032048828563,15.55765216516208,4.520481768522607
20.2020202020202,74.74747474747475,27.520762910563242,22.93334803492466,3.546696984275541
21.21212121212121,74.74747474747475,33.11334975523498,18.73731418115805,3.951315838747236
22.22222222222222,74.74747474747475,37.101798896619485,26.85846372960997,4.340863840736928
23.23232323232324,74.74747474747475,16.698197779488094,21.52103489060771,4.607677669881497
24.24242424242424,74.74747474747475,27.352178338603572,16.8687411893108,4.080149810607674
25.25252525252525,74.74747474747475,17.174012686547368,14.55634981962269,5.610931204446235
26.26262626262626,74.74747474747475,12.078183512262093,25.69245147611054,3.21861409793796
27.27272727272727,74.74747474747475,37.41471076703124,25.0986870454026,3.322038542213394
28.28282828282828,74.74747474747475,36.905295089617965,7.19474467948543,4.345004178955636
29.29292929292929,74.74747474747475,33.82133124553218,16.61128273785026,5.436741890910653
30.3030303030303,74.74747474747475,23.116709225026845,25.32649726106388,4.731012310302613
31.31313131313131,74.74747474747475,16.08219291985658,24.34453667559666,5.562068090689795
32.32323232323233,74.74747474747475,33.469239960992,24.64673552442723,5.246589414436947
33.33333333333334,74.74747474747475,45.27535839690733,16.19081228350695,4.327566429427185
34.34343434343435,74.74747474747475,43.575426786452525,24.58006221363017,5.337154345854287
35.35353535353536,74.74747474747475,34.955363786899625,9.172343496704462,5.51632643931256
36.36363636363637,74.74747474747475,29.453382410084835,14.38205311588941,4.872621982361248
37.37373737373738,74.74747474747475,23.077717334165996,33.35006464015476,3.700382104616754
38.38383838383839,74.74747474747475,42.24962888310704,27.80608929705695,4.512772550747941
39.3939393939394,74.74747474747475,36.50780136700169,17.85505173614966,4.752657684995924
40.40404040404041,74.74747474747475,21.01103183733409,14.92452934516049,4.005513783143993
41.41414141414142,74.74747474747475,63.95900332363058,4.521308320518681,3.307201480536437
42.42424242424243,74.74747474747475,51.87892662279603,20.6117104060365,4.112005050363456
43.43434343434344,74.74747474747475,35.81733906233262,26.99761205245361,4.51185924981127
44.44444444444445,74.74747474747475,48.12915449308472,22.90758108995995,3.235820605678903
45.45454545454546,74.74747474747475,72.16590236504551,35.42981295463776,4.672755669603998
46.46464646464647,74.74747474747475,54.50719456260832,18.76894886755253,4.201791103591531
47.47474747474748,74.74747474747475,66.24914695064777,27.29352477372149,3.979418604827423
48.48484848484848,74.74747474747475,82.59173861894368,2.337070589754564,4.457805029790446
49.49494949494949,74.74747474747475,52.606656815406026,25.2190539450259,3.696271538587223
50.50505050505051,74.74747474747475,57.93659634368129,13.2510077500537,3.160232344089981
51.51515151515152,74.74747474747475,29.15799847681175,16.80768249113522,2.481573529365392
52.52525252525253,74.74747474747475,54.27234635382135,26.20660042138376,5.198545714483946
53.53535353535354,74.74747474747475,51.43206783803336,13.56812594113726,4.736767358392735
54.54545454545455,74.74747474747475,23.301416117785497,20.89713151226619,3.162000063369542
55.55555555555556,74.74747474747475,39.76836998907733,9.991575682206207,4.261171540080658
56.56565656565657,74.74747474747475,51.789913498804665,11.05904954024656,5.516961586986861
57.57575757575758,74.74747474747475,23.505765085509687,5.768163896210973,4.481171010718235
58.58585858585859,74.74747474747475,28.70466989745846,16.73310272536387,4.524891358323813
59.5959595959596,74.74747474747475,35.36676905256787,26.14989662331758,3.779449930768978
60.60606060606061,74.74747474747475,57.06050800479332,29.01764353933083,5.088057073820836
61.61616161616162,74.74747474747475,110.25300573295826,36.32333661217304,5.035146157066102
62.62626262626263,74.74747474747475,44.44760640994897,15.2205309113079,4.462261927033397
63.63636363636364,74.74747474747475,25.46573172602203,16.70904338475266,4.810424614932804
64.64646464646465,74.74747474747475,31.98398228104405,25.93209477865126,4.144107777278982
65.65656565656566,74.74747474747475,48.21183323952505,29.3522563514841,4.459258811407159
66.66666666666667,74.74747474747475,36.18979185258701,10.97998090774805,4.749841609868452
67.67676767676768,74.74747474747475,28.492465887872875,15.92326192780394,4.141660506697871
68.68686868686869,74.74747474747475,45.77910134733149,4.931783423852821,4.496382310704442
69.6969696969697,74.74747474747475,18.57759086970882,10.12630952920651,5.918520456677919
70.70707070707071,74.74747474747475,31.82084175949102,20.15001040384286,3.642919962962425
71.71717171717172,74.74747474747475,75.93989235156494,28.68862678680286,4.711482202623425
72.72727272727273,74.74747474747475,53.006972144663706,14.20677327634077,5.1184929780397
73.73737373737374,74.74747474747475,77.14662596946519,27.78780744558805,4.987715569459764
74.74747474747475,74.74747474747475,42.94875885111656,21.98446272968117,4.396589221410007
75.75757575757576,74.74747474747475,17.514725126156087,13.00633989515215,5.071948818609639
76.76767676767678,74.74747474747475,40.109210539900644,11.27538972185976,4.661871907645607
77.77777777777779,74.74747474747475,60.893523897356744,21.37186575889642,5.517241969819477
78.7878787878788,74.74747474747475,42.55507338287022,17.00499096733042,4.930978205148335
79.7979797979798,74.74747474747475,44.945898337071114,11.080693621055,3.941060771635982
80.80808080808082,74.74747474747475,33.20054349082486,20.34060236585418,4.620319117615358
81.81818181818183,74.74747474747475,44.98428115746604,19.86094256278316,5.500883239469417
82.82828282828284,74.74747474747475,69.98341859666982,6.889377324930914,4.380738606940146
83.83838383838385,74.74747474747475,34.655953600823494,19.76109871103327,4.547175351528192
84.84848484848486,74.74747474747475,21.302043175566872,16.88322195233635,4.527571970129369
85.85858585858587,74.74747474747475,32.5704921479273,20.05466072523722,4.976363603552543
86.86868686868688,74.74747474747475,43.398720718313605,27.09272107437117,3.956200697429973
87.87878787878789,74.74747474747475,52.75404960489516,11.65464303797483,3.486908860070515
88.8888888888889,74.74747474747475,25.109425898911578,13.94241641244663,5.483444609620312
89.89898989898991,74.74747474747475,19.08359797203796,12.87906810407187,4.212042471885753
90.90909090909092,74.74747474747475,33.56318361445237,7.363694069966769,5.413233747191724
91.91919191919193,74.74747474747475,38.826204115346286,22.82647699331465,4.14153945706633
92.92929292929294,74.74747474747475,19.35885702009529,16.55125128627334,4.676425731410927
93.93939393939395,74.74747474747475,36.97577869400512,16.34756074443223,5.527597856255064
94.94949494949496,74.74747474747475,36.16960938425256,13.72292839723246,4.294606455027877
95.95959595959597,74.74747474747475,37.49028021420299,12.70792439637911,5.459287963721694
96.96969696969697,74.74747474747475,79.21181292576125,37.08222227124759,4.384387144659878
97.97979797979798,74.74747474747475,36.87129909431338,18.23214469504585,4.240200222399817
98.98989898989899,74.74747474747475,16.91773259556398,16.83395327690344,4.839324755786501
100.0,74.74747474747475,23.588698217091547,19.30730169250933,4.874867729406323
0.0,75.75757575757576,46.384971434870856,13.24743974192949,4.756713702910607
1.01010101010101,75.75757575757576,76.59959961195283,18.59709794102272,6.665244859651393
2.02020202020202,75.75757575757576,46.67930427325841,14.40546775480389,3.575730635139982
3.03030303030303,75.75757575757576,32.41102517054435,11.01946309844423,6.180795426616295
4.040404040404041,75.75757575757576,65.43250179783095,2.113275555819221,4.553247699142963
5.050505050505051,75.75757575757576,31.964089032524917,15.10529179589008,5.346463439492282
6.060606060606061,75.75757575757576,22.866681377435185,23.07764792501091,4.794266856701583
7.070707070707071,75.75757575757576,28.05199468782667,28.14313383310446,4.099028108156967
8.080808080808081,75.75757575757576,47.09876029733455,17.41164851965756,4.974217163594373
9.090909090909092,75.75757575757576,15.928692169416136,15.16815410325404,5.267003561212286
10.1010101010101,75.75757575757576,11.931589427598007,17.74595644412318,4.162423361787576
11.11111111111111,75.75757575757576,25.502313058150303,21.7254393798902,4.045630535486879
12.12121212121212,75.75757575757576,29.456773646275245,12.29877551591792,4.247097580700019
13.13131313131313,75.75757575757576,20.55437512932005,17.83555382291214,3.554263920063343
14.14141414141414,75.75757575757576,38.519424130417406,15.49963470401647,4.360387502351871
15.15151515151515,75.75757575757576,46.21598300062338,23.23639151778634,4.628990572773877
16.16161616161616,75.75757575757576,30.406493560444567,13.29327055086671,3.370172538287086
17.17171717171717,75.75757575757576,50.31998562729328,10.8812287927359,5.390873979398441
18.18181818181818,75.75757575757576,87.68184531821936,28.34042604485406,5.31811177806792
19.19191919191919,75.75757575757576,81.94757876370332,12.3890924445812,3.660888246826523
20.2020202020202,75.75757575757576,118.60569219617102,29.66090507512257,5.639787133863383
21.21212121212121,75.75757575757576,108.36266660931186,0.0,5.630260601343464
22.22222222222222,75.75757575757576,70.67438569927101,23.29391067896928,5.861255718092428
23.23232323232324,75.75757575757576,23.531444564774624,17.82160172579639,4.67365941404756
24.24242424242424,75.75757575757576,36.19608589417716,20.17751151793099,5.081736800683547
25.25252525252525,75.75757575757576,25.11016515268487,22.34106273950725,4.430035231304692
26.26262626262626,75.75757575757576,22.57837848685064,20.10450421584031,5.984144046482786
27.27272727272727,75.75757575757576,48.577782589748345,26.06840775782781,4.97834905037821
28.28282828282828,75.75757575757576,66.0755075468077,3.693632922136972,4.852340978942772
29.29292929292929,75.75757575757576,32.21808592735846,21.70321352149647,4.214108569675387
30.3030303030303,75.75757575757576,31.735079847863425,23.92170653070395,4.894822870505673
31.31313131313131,75.75757575757576,40.65086818267086,27.26561882132598,5.283101976460284
32.32323232323233,75.75757575757576,50.18090120304254,17.01852128604133,5.591742199516792
33.33333333333334,75.75757575757576,63.595330875544626,7.197266863299565,4.326211192929656
34.34343434343435,75.75757575757576,42.58032138872463,22.47056564776993,4.902671713181271
35.35353535353536,75.75757575757576,30.905061614059065,11.35070399487943,4.897522105805454
36.36363636363637,75.75757575757576,34.18750033091971,21.28312557398349,5.200727765817687
37.37373737373738,75.75757575757576,31.09636102527528,23.48738347454341,3.887629423327757
38.38383838383839,75.75757575757576,51.58934447695266,11.22951061369957,4.634889547072222
39.3939393939394,75.75757575757576,63.570326651838414,27.1985155463781,5.017229648004292
40.40404040404041,75.75757575757576,46.670882001519985,12.11198672281588,4.322645162072422
41.41414141414142,75.75757575757576,44.15065804371185,25.3818529418476,3.961183759936225
42.42424242424243,75.75757575757576,10.161291247040431,19.78112926382412,5.11768456222774
43.43434343434344,75.75757575757576,54.451992045023616,25.07309749221902,4.94878217886892
44.44444444444445,75.75757575757576,61.58527627819382,5.051235804301167,5.860553410603479
45.45454545454546,75.75757575757576,37.483037244425184,23.52984343843826,5.301840017694049
46.46464646464647,75.75757575757576,29.49262740918497,31.41748763605753,3.88046200345446
47.47474747474748,75.75757575757576,50.754167194392856,12.58087292402795,4.951751229568427
48.48484848484848,75.75757575757576,52.8510121924861,15.90217054536705,5.674424364891797
49.49494949494949,75.75757575757576,69.97098346680556,9.564200492943444,3.850289976419385
50.50505050505051,75.75757575757576,96.86917800137202,27.68138314694387,5.916035073649701
51.51515151515152,75.75757575757576,68.05248422300866,15.25762541588842,3.58142203229632
52.52525252525253,75.75757575757576,31.927661456321704,23.9100365617592,5.010441653009077
53.53535353535354,75.75757575757576,27.564492327173276,23.9803301500481,5.002902366397948
54.54545454545455,75.75757575757576,18.91052334271405,20.23304100040534,4.344860574512804
55.55555555555556,75.75757575757576,32.676454722827394,21.0823084830465,4.488696986319189
56.56565656565657,75.75757575757576,98.20829829886644,34.52860308114935,4.612626727092525
57.57575757575758,75.75757575757576,44.061969940986614,7.190894815803888,3.577293985842584
58.58585858585859,75.75757575757576,43.40961211387434,7.89860622732019,4.374657188110511
59.5959595959596,75.75757575757576,24.926390029253287,15.98869100970557,4.896318640489802
60.60606060606061,75.75757575757576,36.059788435930656,15.26083680997133,4.694617668714675
61.61616161616162,75.75757575757576,66.00593416736517,10.60966738180425,4.000221340462992
62.62626262626263,75.75757575757576,20.308431388415883,12.03513899475467,5.052213349244194
63.63636363636364,75.75757575757576,15.754211135318657,18.64957346043614,3.242856660104436
64.64646464646465,75.75757575757576,30.82099815459412,7.851479815605567,4.583737743622867
65.65656565656566,75.75757575757576,33.700461079325024,14.89869100971773,3.981265247551842
66.66666666666667,75.75757575757576,14.815354119720329,19.69549753847478,4.045169760478871
67.67676767676768,75.75757575757576,11.920815860213132,25.51779606989759,2.790874124978475
68.68686868686869,75.75757575757576,29.135609049981763,16.84991837821838,4.5339051348608
69.6969696969697,75.75757575757576,34.333035036914865,8.936281237353231,4.367346707288505
70.70707070707071,75.75757575757576,62.69950819326502,25.09647718748196,4.616342042784644
71.71717171717172,75.75757575757576,88.66943084512148,7.760690509185255,3.665929547558872
72.72727272727273,75.75757575757576,69.55724256664922,23.63707166153273,5.496918056213845
73.73737373737374,75.75757575757576,92.55582759621718,2.454603064537815,5.493228233697494
74.74747474747475,75.75757575757576,25.495605186642393,21.97882117711874,3.038865949222971
75.75757575757576,75.75757575757576,29.869419623424555,15.4440262215653,3.169519761328268
76.76767676767678,75.75757575757576,14.049048084574745,15.05205622187022,3.741201652255386
77.77777777777779,75.75757575757576,32.2029709699944,18.89197691128449,3.837720894491927
78.7878787878788,75.75757575757576,47.431736795003616,11.0208647544894,3.898697792439905
79.7979797979798,75.75757575757576,63.18615754500705,19.23879434176273,6.245480591271044
80.80808080808082,75.75757575757576,56.950016833552176,13.1353087381777,3.39867795040041
81.81818181818183,75.75757575757576,22.13881150261429,19.35262957946806,3.973183434155894
82.82828282828284,75.75757575757576,29.467315611543732,19.64424702003038,4.697984946412156
83.83838383838385,75.75757575757576,45.986419602460636,31.87775537810377,3.791252763048334
84.84848484848486,75.75757575757576,23.137345761833203,28.85091066716226,3.18338997094728
85.85858585858587,75.75757575757576,33.2823995762252,15.28941795085956,3.163697514958528
86.86868686868688,75.75757575757576,28.087387244282134,17.46376742998417,4.162165267666363
87.87878787878789,75.75757575757576,20.58690211003455,22.12327517607565,3.712462734435042
88.8888888888889,75.75757575757576,11.649863958865769,13.27937586271881,4.944613478527175
89.89898989898991,75.75757575757576,28.110579604230033,16.16559883959617,4.267884465259729
90.90909090909092,75.75757575757576,25.61709595025295,20.69502355061823,4.593022376105607
91.91919191919193,75.75757575757576,27.713351269575135,15.4808174535304,5.042979105252251
92.92929292929294,75.75757575757576,30.323419402032002,21.59038926568843,4.537322452209759
93.93939393939395,75.75757575757576,72.92321751796851,7.929701824506019,2.43116121088747
94.94949494949496,75.75757575757576,43.61039117084162,16.09657855761212,5.208301148999182
95.95959595959597,75.75757575757576,22.751190702391284,24.93433072144504,4.577469460726417
96.96969696969697,75.75757575757576,31.44933728318217,20.19638350382348,5.985958434887964
97.97979797979798,75.75757575757576,20.625888931120958,19.4612680659902,5.08118741790572
98.98989898989899,75.75757575757576,21.311260396329402,21.80425483487183,3.717112320169579
100.0,75.75757575757576,11.123601040726308,22.28966605913754,3.579614334380499
0.0,76.76767676767678,9.877042298464694,17.54060418428871,4.496647908935282
1.01010101010101,76.76767676767678,28.513305656875097,18.75602270783664,3.788058293210169
2.02020202020202,76.76767676767678,15.479404563629728,17.64580023810997,4.650248699764219
3.03030303030303,76.76767676767678,26.84085621382291,16.10492790336728,5.669663290752342
4.040404040404041,76.76767676767678,26.664456149592407,16.01452989504238,3.715324691521661
5.050505050505051,76.76767676767678,15.633177824728026,17.93468964300045,3.454560556545003
6.060606060606061,76.76767676767678,25.1410985757354,20.40761689208131,4.200204216291739
7.070707070707071,76.76767676767678,40.792924807452806,28.57620827748415,3.633512432073856
8.080808080808081,76.76767676767678,82.87200200325064,28.87720474697134,6.336607901769612
9.090909090909092,76.76767676767678,42.534694741711164,19.50064864825807,4.560884770952084
10.1010101010101,76.76767676767678,46.89004200161424,13.8215684405562,4.399671004495977
11.11111111111111,76.76767676767678,57.67761658110557,28.97233317691524,4.660636947934452
12.12121212121212,76.76767676767678,36.096705942870614,21.99024228609036,4.557539604683879
13.13131313131313,76.76767676767678,26.965101173037986,17.7441232591876,4.231088160778884
14.14141414141414,76.76767676767678,43.64836269645151,28.3460873365849,4.505003683321132
15.15151515151515,76.76767676767678,33.07436297582724,23.79845879149109,4.253893852984095
16.16161616161616,76.76767676767678,40.12716595900281,12.55225554978894,5.557437259358112
17.17171717171717,76.76767676767678,33.190232229575805,23.12568790279364,4.563070909245664
18.18181818181818,76.76767676767678,23.479219647829165,23.70488117860938,4.168520266067759
19.19191919191919,76.76767676767678,42.90501823653035,24.0172832874837,5.033201213686675
20.2020202020202,76.76767676767678,42.80552213061645,16.75784154965106,4.058355311778577
21.21212121212121,76.76767676767678,26.627589009540454,11.90767085977614,4.669331459287359
22.22222222222222,76.76767676767678,29.535248733755267,17.34158551675793,3.664468574462016
23.23232323232324,76.76767676767678,23.287890779410603,17.35673139165471,4.466301201662184
24.24242424242424,76.76767676767678,70.32046713985999,3.730847543505616,3.82542697756248
25.25252525252525,76.76767676767678,47.42225034933795,10.20936442101361,3.989446582714445
26.26262626262626,76.76767676767678,54.58455262495042,30.26199441099175,4.699018200271032
27.27272727272727,76.76767676767678,30.065871577997626,17.54783215702333,5.880474546263343
28.28282828282828,76.76767676767678,33.275808988975285,20.91879326882324,3.991366417551822
29.29292929292929,76.76767676767678,16.873688025956184,15.72989332261922,3.999108213728392
30.3030303030303,76.76767676767678,33.759020626560584,11.99480605248153,3.790557123014552
31.31313131313131,76.76767676767678,31.615527605252968,14.68477272547343,4.489210472416139
32.32323232323233,76.76767676767678,37.10466599478416,7.839208459130776,5.293626943193937
33.33333333333334,76.76767676767678,40.208058726466284,20.67846008616498,5.006809162215251
34.34343434343435,76.76767676767678,26.425291179590104,19.61389870715353,4.816517852343945
35.35353535353536,76.76767676767678,20.078937717866907,13.20149641784585,4.889217413001692
36.36363636363637,76.76767676767678,23.012582046967704,24.14259652191178,3.68734539764865
37.37373737373738,76.76767676767678,40.277440980169956,14.54699958322186,3.963892258680892
38.38383838383839,76.76767676767678,32.90414036934173,12.3123922650472,3.476297426485179
39.3939393939394,76.76767676767678,29.06947715059353,23.96924595010204,4.268018147385093
40.40404040404041,76.76767676767678,28.081709570148345,21.832896240722,4.549237073383804
41.41414141414142,76.76767676767678,61.21010341192638,26.39860588374168,5.40474566453761
42.42424242424243,76.76767676767678,36.062787677150304,22.6983832537793,4.487610715148732
43.43434343434344,76.76767676767678,57.05152642418051,7.117370634710274,3.634935225747441
44.44444444444445,76.76767676767678,27.876855327511986,7.938450578642181,5.264965382562798
45.45454545454546,76.76767676767678,42.14825270799753,26.27672935327407,4.323530364806636
46.46464646464647,76.76767676767678,13.575133187591906,25.99420845323285,5.169597669133323
47.47474747474748,76.76767676767678,31.12696244797388,30.11666087986188,4.364484160293469
48.48484848484848,76.76767676767678,48.69317100212393,25.6745449316475,5.471303364494251
49.49494949494949,76.76767676767678,41.686641794924185,16.92598525616611,4.724543056719604
50.50505050505051,76.76767676767678,42.737455523129945,30.55900886632077,4.392623416570799
51.51515151515152,76.76767676767678,52.5906221092893,24.55871136407957,5.686110713763743
52.52525252525253,76.76767676767678,46.8314698085488,13.78079714861912,5.35911082063811
53.53535353535354,76.76767676767678,15.654985876186494,20.11939689365175,4.853445244629842
54.54545454545455,76.76767676767678,12.28287673435267,25.69113902706187,4.006632937200608
55.55555555555556,76.76767676767678,15.67721507120869,21.79912156808089,4.675593061603586
56.56565656565657,76.76767676767678,42.47955371998559,15.32286374314479,4.102930542976788
57.57575757575758,76.76767676767678,26.11258467396953,14.95521158568824,3.976826256608607
58.58585858585859,76.76767676767678,65.63357465808954,25.37144638143672,4.511709059900348
59.5959595959596,76.76767676767678,44.6315469816594,16.90908425449413,2.92745763995391
60.60606060606061,76.76767676767678,32.158787945384184,22.960722939033,4.531155567141751
61.61616161616162,76.76767676767678,35.55730375904532,24.63355499073696,4.808344367926489
62.62626262626263,76.76767676767678,35.10197826518356,26.08823671107729,4.455442605277147
63.63636363636364,76.76767676767678,48.11532258204882,11.98567362425208,3.518843903658862
64.64646464646465,76.76767676767678,30.454348885988125,8.256861942221587,4.842222200862854
65.65656565656566,76.76767676767678,21.400910343460176,19.09488223476217,4.129971077777099
66.66666666666667,76.76767676767678,32.36179796969223,25.72212846050622,3.211395285790707
67.67676767676768,76.76767676767678,38.49985302719992,9.347907909106333,4.539577670724704
68.68686868686869,76.76767676767678,40.15431684093127,17.55851960536174,5.477144680188823
69.6969696969697,76.76767676767678,30.499906183392067,8.425101639214407,4.367283491153668
70.70707070707071,76.76767676767678,30.598308852497077,19.15089556167327,3.745767388415889
71.71717171717172,76.76767676767678,39.764950832401375,18.00220271273854,4.862037166401453
72.72727272727273,76.76767676767678,46.438175491544634,22.16973534909924,5.999980825511996
73.73737373737374,76.76767676767678,43.577757633350686,25.47528029850128,3.487250057367848
74.74747474747475,76.76767676767678,21.48096823786604,15.30958341745551,4.299383643074169
75.75757575757576,76.76767676767678,47.75390121801456,28.91660236845333,4.364527441658089
76.76767676767678,76.76767676767678,44.398185976551865,17.76084569149812,4.797554586277886
77.77777777777779,76.76767676767678,53.299858486439724,8.356856877849689,4.167397112644752
78.7878787878788,76.76767676767678,36.72967139849983,16.14834800277512,5.269030645830652
79.7979797979798,76.76767676767678,14.565245716307967,17.48288836363486,5.525290914911246
80.80808080808082,76.76767676767678,48.8997776278984,24.90577273410409,4.631202067007175
81.81818181818183,76.76767676767678,24.52211222854765,18.32578834929083,3.729344209054145
82.82828282828284,76.76767676767678,32.32960418121229,24.83743408030337,4.190639919978784
83.83838383838385,76.76767676767678,66.49245914007169,4.87633345262704,5.227611490004386
84.84848484848486,76.76767676767678,32.61617952309599,18.34545612424918,5.26036803281909
85.85858585858587,76.76767676767678,33.89600902705489,11.01409761004444,5.654925640789535
86.86868686868688,76.76767676767678,39.71703493151955,22.92138266552139,5.09475104850092
87.87878787878789,76.76767676767678,23.950366773366724,17.75503057334394,3.78442519232188
88.8888888888889,76.76767676767678,38.12443523188856,15.88414828418761,5.14146348594562
89.89898989898991,76.76767676767678,66.15703123675193,28.86848476735479,4.755988269257762
90.90909090909092,76.76767676767678,35.255556115308735,16.53135412816064,5.49372399320383
91.91919191919193,76.76767676767678,87.71927348582128,4.722357254702743,4.353702029484734
92.92929292929294,76.76767676767678,25.465109398262513,18.91569964950289,5.292803510899657
93.93939393939395,76.76767676767678,40.083540045287805,22.46866315235309,4.301336269339934
94.94949494949496,76.76767676767678,63.98086504870143,6.554429547970805,4.447872897432757
95.95959595959597,76.76767676767678,37.12080884166762,24.47712687783554,4.287683656979493
96.96969696969697,76.76767676767678,41.663773303556574,13.89667666040354,4.717128248292103
97.97979797979798,76.76767676767678,59.51258483169582,24.68708791466432,4.859449288624167
98.98989898989899,76.76767676767678,73.09197748103979,3.073503985415666,4.983845024310077
100.0,76.76767676767678,50.29887550420103,21.43122985176888,4.552544205675192
0.0,77.77777777777779,35.33405854179233,18.68685022533335,3.902607988530472
1.01010101010101,77.77777777777779,50.68522889678651,7.795029910734561,3.686253313404245
2.02020202020202,77.77777777777779,45.567987142536765,20.0543951148157,4.645718752304179
3.03030303030303,77.77777777777779,38.095284289509976,14.22816703637631,3.388283541993103
4.040404040404041,77.77777777777779,30.881798742239788,17.77309043907918,4.614417433899753
5.050505050505051,77.77777777777779,32.28684879148434,11.76200523265553,3.778620934439625
6.060606060606061,77.77777777777779,44.2469810530163,14.57610230991187,3.564158907036742
7.070707070707071,77.77777777777779,71.88386352056287,29.62574801940024,5.340248398188645
8.080808080808081,77.77777777777779,43.56749151731897,27.89614233983769,4.339831122189516
9.090909090909092,77.77777777777779,29.834763803133033,25.7736357556912,4.960740967302687
10.1010101010101,77.77777777777779,43.818396790724094,30.62373701936995,4.341914964350446
11.11111111111111,77.77777777777779,43.026038322473454,13.43920403221437,4.500473720557805
12.12121212121212,77.77777777777779,15.79611689289804,17.77488301731546,3.587897221315844
13.13131313131313,77.77777777777779,18.055249404290592,15.95210848222544,3.552380421583397
14.14141414141414,77.77777777777779,34.33578743262466,20.376670274658,4.529983483211233
15.15151515151515,77.77777777777779,60.47720759165836,8.52819536464162,3.893489669942384
16.16161616161616,77.77777777777779,55.81783057579868,26.8545074708321,5.141250622977701
17.17171717171717,77.77777777777779,47.70357167800301,32.2330209395086,4.620870168779596
18.18181818181818,77.77777777777779,42.800850589217674,16.38320531664615,5.223647706371588
19.19191919191919,77.77777777777779,39.25598495372908,27.3728476269287,5.18875755572839
20.2020202020202,77.77777777777779,31.820464626456882,16.55825548498721,4.509925037880087
21.21212121212121,77.77777777777779,26.202624670971538,18.0591059172837,4.770729531854339
22.22222222222222,77.77777777777779,51.214640004022,10.53739988039608,3.825431397255643
23.23232323232324,77.77777777777779,39.96343287598575,20.93938597373209,4.187288325840278
24.24242424242424,77.77777777777779,57.45796149865738,25.23025284619074,4.660409134430398
25.25252525252525,77.77777777777779,33.767511497660124,9.736800906318482,3.821817008803906
26.26262626262626,77.77777777777779,42.95817043943131,19.12496434554216,4.509336302214709
27.27272727272727,77.77777777777779,25.192640056795998,16.24275072945726,4.200103873736134
28.28282828282828,77.77777777777779,35.348554281334444,26.04517516171122,4.251918710611711
29.29292929292929,77.77777777777779,26.23217539286267,13.40486804608511,4.624627202666978
30.3030303030303,77.77777777777779,11.833904802994319,17.14629830289456,4.13984254899428
31.31313131313131,77.77777777777779,17.3477060373513,16.16436140835168,4.292152756172948
32.32323232323233,77.77777777777779,38.04068183337119,9.817490663684353,5.071634245693646
33.33333333333334,77.77777777777779,48.89089895730399,27.9325677322661,4.327259279445427
34.34343434343435,77.77777777777779,58.76704277501734,12.90603090168539,3.366856894211474
35.35353535353536,77.77777777777779,21.797497043367486,14.93662154390348,5.456606183766
36.36363636363637,77.77777777777779,32.23659630175303,16.23486997123317,4.587278691238786
37.37373737373738,77.77777777777779,70.03422114912553,20.92228948904924,6.639065211443519
38.38383838383839,77.77777777777779,34.855440252529874,19.64825134835662,4.621849189296361
39.3939393939394,77.77777777777779,19.580907551682593,13.22270537851842,6.251450248506716
40.40404040404041,77.77777777777779,44.460497357873805,22.64773774345631,5.225677506194224
41.41414141414142,77.77777777777779,75.0824496793925,8.409377461327775,2.871065865351079
42.42424242424243,77.77777777777779,28.01650837887756,19.38156448779338,3.871970952570138
43.43434343434344,77.77777777777779,20.510047096538216,14.06571371388635,4.546684121711836
44.44444444444445,77.77777777777779,14.567959813922812,13.39650310377732,3.984129448212552
45.45454545454546,77.77777777777779,42.88708356791724,10.5216545367339,4.632578126651707
46.46464646464647,77.77777777777779,29.722570763464557,20.8506787640196,5.575433426173962
47.47474747474748,77.77777777777779,25.81758552288666,18.65914444255775,4.71873836475943
48.48484848484848,77.77777777777779,46.3321845888572,18.24034225130013,3.589478303995306
49.49494949494949,77.77777777777779,26.844660717487766,25.1544115074355,3.5301625992893
50.50505050505051,77.77777777777779,48.019788364185615,11.24080261613765,4.669614703486166
51.51515151515152,77.77777777777779,55.350943865920826,19.4594405573326,4.392761736933057
52.52525252525253,77.77777777777779,51.22352444339796,4.707526769405171,4.68616955566929
53.53535353535354,77.77777777777779,38.57929371714955,16.59445450169857,5.208574445452795
54.54545454545455,77.77777777777779,20.754177589203806,16.03553177856834,4.684995452838802
55.55555555555556,77.77777777777779,31.47005596010092,17.49465912371146,4.94853919807307
56.56565656565657,77.77777777777779,27.373070901848433,21.92917146624824,4.283718856994552
57.57575757575758,77.77777777777779,24.55429553467715,10.78732432038354,4.372070894088731
58.58585858585859,77.77777777777779,24.630852929912347,11.67266865767207,4.438696959007528
59.5959595959596,77.77777777777779,26.345254790682148,15.3689313154429,5.188114900854239
60.60606060606061,77.77777777777779,9.56713253375845,17.19978827769794,4.461930316222702
61.61616161616162,77.77777777777779,33.885802133635515,14.24289360523425,4.833496738302798
62.62626262626263,77.77777777777779,21.44698920307933,23.14813734216042,4.645219568922463
63.63636363636364,77.77777777777779,57.96913265845108,28.46018982077384,4.922024262696518
64.64646464646465,77.77777777777779,43.800598884071476,28.63721886477367,4.076255273053994
65.65656565656566,77.77777777777779,39.885072813391204,25.49932539052008,4.011750063410945
66.66666666666667,77.77777777777779,81.75019679392943,0.0,4.661321359065264
67.67676767676768,77.77777777777779,34.07065120684828,14.95345253856923,4.931984560905327
68.68686868686869,77.77777777777779,10.419071647166277,14.36940522960397,4.762803175727654
69.6969696969697,77.77777777777779,17.858117483442726,13.72677032591309,4.534618247182459
70.70707070707071,77.77777777777779,43.035701657765124,23.82068537668029,4.167652601732932
71.71717171717172,77.77777777777779,42.42450762071614,31.34780628231203,4.026653727936112
72.72727272727273,77.77777777777779,62.06211714308136,13.94161234972138,2.870697281908494
73.73737373737374,77.77777777777779,22.648525778002664,13.74149734935679,4.153756537415036
74.74747474747475,77.77777777777779,15.400572859105134,14.07241794105615,4.567036793634639
75.75757575757576,77.77777777777779,48.96287609635886,26.52426097014862,4.29165841597402
76.76767676767678,77.77777777777779,67.26975028160894,5.284449021084563,5.278259874461035
77.77777777777779,77.77777777777779,57.68099538251411,22.57100288349004,4.860568122113667
78.7878787878788,77.77777777777779,34.792235814614315,28.10967962006311,4.557647237402248
79.7979797979798,77.77777777777779,26.624782434628425,21.23257464867881,4.340126479285455
80.80808080808082,77.77777777777779,47.035000569674956,14.46567287819344,3.884482495146393
81.81818181818183,77.77777777777779,16.22309712955567,11.82602199249862,5.204215077321972
82.82828282828284,77.77777777777779,27.879357694742552,23.02452168355589,4.659035218719496
83.83838383838385,77.77777777777779,45.81279571406888,8.544858754381957,5.440806357784162
84.84848484848486,77.77777777777779,27.997306814581243,16.50838429046626,4.599572247880394
85.85858585858587,77.77777777777779,73.80645423668406,10.07866758704975,2.909854836854486
86.86868686868688,77.77777777777779,51.70317511330724,25.68572157814273,4.962844310947091
87.87878787878789,77.77777777777779,40.75072340942093,22.44151909001715,3.742770945843744
88.8888888888889,77.77777777777779,57.6668362811764,3.303213761434012,4.626405079565324
89.89898989898991,77.77777777777779,69.30082400907524,17.27674712558375,2.493826006556472
90.90909090909092,77.77777777777779,62.940264029451555,19.54779994462157,5.671659911617503
91.91919191919193,77.77777777777779,106.48111752285635,33.7268334720127,4.865882895708469
92.92929292929294,77.77777777777779,44.44862857659159,16.69602574615451,4.997615580373155
93.93939393939395,77.77777777777779,41.851018876375804,25.52480634328226,4.256593771491161
94.94949494949496,77.77777777777779,25.388618962250767,17.27051086890013,5.043583123449682
95.95959595959597,77.77777777777779,18.982874403452584,21.03717836555558,3.843080988364123
96.96969696969697,77.77777777777779,51.029741085760385,9.982471525644211,4.813500892636067
97.97979797979798,77.77777777777779,91.74503694459725,36.60654832943577,4.859121327863562
98.98989898989899,77.77777777777779,54.157785110565285,13.09797552288158,4.203568913494951
100.0,77.77777777777779,38.79105275564989,12.76938686840385,3.656946268162558
0.0,78.7878787878788,64.95734225410882,24.66562581861752,5.221443041911884
1.01010101010101,78.7878787878788,38.63404400191232,16.33483903820068,4.930277975680943
2.02020202020202,78.7878787878788,50.91776051694275,7.229933766390237,4.342431285841702
3.03030303030303,78.7878787878788,32.29632363079569,16.62547200259563,4.735404660557244
4.040404040404041,78.7878787878788,19.438687585677076,22.07292912327853,5.058444184728706
5.050505050505051,78.7878787878788,27.072136785894987,24.27424743540881,4.572893869727895
6.060606060606061,78.7878787878788,35.48519822001081,17.86226371648694,4.557662037829918
7.070707070707071,78.7878787878788,31.464920337989117,23.34375627601194,2.932341269347552
8.080808080808081,78.7878787878788,39.771016029229706,10.11586608907847,5.204660480101568
9.090909090909092,78.7878787878788,31.498391640536617,21.60779080709661,2.74597763029626
10.1010101010101,78.7878787878788,40.67595771200678,21.53071743208475,4.990060923170978
11.11111111111111,78.7878787878788,18.96183775858956,18.73848603853438,4.390197240136027
12.12121212121212,78.7878787878788,23.060320431664014,18.42479966592743,4.348150933316317
13.13131313131313,78.7878787878788,14.678810937441979,21.98036675304775,3.081634022747434
14.14141414141414,78.7878787878788,36.871330171153474,18.14001566604753,5.48601071323326
15.15151515151515,78.7878787878788,62.29577026798128,5.498282113780782,4.235893803787079
16.16161616161616,78.7878787878788,39.07053427434527,18.48506702770426,5.347125641966879
17.17171717171717,78.7878787878788,41.72906263928982,16.60531578212585,4.564449966115466
18.18181818181818,78.7878787878788,23.430852816073983,20.40765117856965,6.063109385917287
19.19191919191919,78.7878787878788,45.17959488557108,24.59843466142059,5.2832604389388
20.2020202020202,78.7878787878788,56.5590318349102,5.475766967743613,6.007386049384118
21.21212121212121,78.7878787878788,37.40622220006378,23.22918846264454,4.437853371777446
22.22222222222222,78.7878787878788,43.456643841800215,25.05204076747892,5.137981016730298
23.23232323232324,78.7878787878788,63.30444361422107,30.90135719785726,5.181032026193624
24.24242424242424,78.7878787878788,51.443038567117355,22.01587051702793,4.602941075857935
25.25252525252525,78.7878787878788,60.97196488945814,9.173803346771683,4.291046900795418
26.26262626262626,78.7878787878788,80.53270024028869,25.11891223865416,5.377005561974941
27.27272727272727,78.7878787878788,40.63662993421272,17.774754268984,3.542068837455647
28.28282828282828,78.7878787878788,27.140777777624393,28.40723623659267,3.093061425825565
29.29292929292929,78.7878787878788,40.460279979644994,21.32704748604369,5.076571562368325
30.3030303030303,78.7878787878788,39.77174367575151,12.94416838369683,4.616508129285535
31.31313131313131,78.7878787878788,33.91321954654718,30.0491048135649,3.79783713845552
32.32323232323233,78.7878787878788,26.328231730824992,26.41560758007385,3.898855801763279
33.33333333333334,78.7878787878788,17.385968496793428,20.14785820577602,4.523839234808676
34.34343434343435,78.7878787878788,38.07474266481023,24.62692368898367,4.549240145121131
35.35353535353536,78.7878787878788,27.454347166475344,11.62767762724809,4.846319377009068
36.36363636363637,78.7878787878788,37.31638582435265,9.915197103846069,3.180538546884529
37.37373737373738,78.7878787878788,53.48826215690265,17.04297648440425,3.082385634870064
38.38383838383839,78.7878787878788,42.52238963285835,28.02004870127016,4.496064244286671
39.3939393939394,78.7878787878788,24.33864269718396,17.43213848505336,3.890308991883437
40.40404040404041,78.7878787878788,23.4634602011016,16.63429479582944,5.376189615168628
41.41414141414142,78.7878787878788,49.779548636439316,17.40231651834646,3.495679776968992
42.42424242424243,78.7878787878788,30.923192755054746,25.9727818573509,3.784760520868837
43.43434343434344,78.7878787878788,32.65053804430687,9.124060469525654,4.566475322956536
44.44444444444445,78.7878787878788,26.563220671529322,20.81688680584934,4.076379767755258
45.45454545454546,78.7878787878788,24.164464744482792,16.36787089321571,5.088301976622953
46.46464646464647,78.7878787878788,18.624872672634208,31.63253291187058,3.515445695343811
47.47474747474748,78.7878787878788,25.143961939043574,19.31341039962282,5.0298540552365
48.48484848484848,78.7878787878788,63.09990420607231,28.67859383272563,4.529579890678267
49.49494949494949,78.7878787878788,54.32191494435538,10.99747987212777,4.536214886399317
50.50505050505051,78.7878787878788,57.54937630671209,19.11712312833855,4.89226098423047
51.51515151515152,78.7878787878788,60.799611262765204,3.424222917448011,4.278536384226035
52.52525252525253,78.7878787878788,43.10358033428257,13.09574788863113,3.617068381372778
53.53535353535354,78.7878787878788,84.70794070755694,24.98124711904796,6.158837669425234
54.54545454545455,78.7878787878788,80.73099391484737,12.6653774654681,3.369179065610524
55.55555555555556,78.7878787878788,109.76023632082389,30.27077733574881,5.889852160370933
56.56565656565657,78.7878787878788,40.13832273541341,11.5936921347442,6.008158412479992
57.57575757575758,78.7878787878788,26.765570949222003,14.61293502426732,5.587162773149435
58.58585858585859,78.7878787878788,39.83222861117243,12.13416904949244,3.998461490520794
59.5959595959596,78.7878787878788,60.64368562134132,20.96950101138961,5.911718140947375
60.60606060606061,78.7878787878788,33.513903092577564,24.47032225544871,3.139543217985702
61.61616161616162,78.7878787878788,48.76849918158884,8.21408114123466,3.590162320667857
62.62626262626263,78.7878787878788,34.469541358718764,19.19122878201619,5.298537718229042
63.63636363636364,78.7878787878788,32.822652181967484,12.67698896983924,4.891850837445648
64.64646464646465,78.7878787878788,39.7894755753877,18.72132772018526,2.9947714429405
65.65656565656566,78.7878787878788,17.33940545578446,18.33969585567925,4.521604553516839
66.66666666666667,78.7878787878788,35.71107687219026,15.34492444639006,4.454225110793248
67.67676767676768,78.7878787878788,29.93109147051996,27.12671337649445,3.673737109703957
68.68686868686869,78.7878787878788,14.337641950872506,16.6900595505559,4.24674926949982
69.6969696969697,78.7878787878788,23.506672483432176,11.3874169690058,5.223986543565426
70.70707070707071,78.7878787878788,77.6000909121044,4.539450182932669,4.109787125783939
71.71717171717172,78.7878787878788,33.6903908338324,21.31109654905028,5.085761056708767
72.72727272727273,78.7878787878788,25.11253255545184,16.65083037094066,5.526059587073414
73.73737373737374,78.7878787878788,18.799227542704916,21.8325588395783,4.198591569876393
74.74747474747475,78.7878787878788,23.249740832394114,13.02931718240881,4.679732146244522
75.75757575757576,78.7878787878788,16.261144210723792,14.43643424374649,4.562067679624502
76.76767676767678,78.7878787878788,31.431847573985316,24.90579402517797,2.886886093138588
77.77777777777779,78.7878787878788,45.59411421209833,12.19129926255431,4.43650661991437
78.7878787878788,78.7878787878788,36.05074757260618,19.7126778992384,4.379971852607936
79.7979797979798,78.7878787878788,37.18006762562673,18.18362743635329,3.410830171777341
80.80808080808082,78.7878787878788,81.24591331885838,25.17053908386428,5.715639483205144
81.81818181818183,78.7878787878788,47.259691251494175,13.76109086337365,3.962708263608504
82.82828282828284,78.7878787878788,24.412646131123033,20.563027176572,5.12813465765049
83.83838383838385,78.7878787878788,45.19353757951757,22.68877914540828,5.223773341858927
84.84848484848486,78.7878787878788,46.049754087091316,12.93958627585323,4.680153863441793
85.85858585858587,78.7878787878788,80.98721839056725,24.31471135671568,6.039389358551842
86.86868686868688,78.7878787878788,39.79041918186654,13.55017862572025,5.386245212197178
87.87878787878789,78.7878787878788,25.181798950536205,11.57305210675151,4.318971732983448
88.8888888888889,78.7878787878788,43.945527295311564,16.12492019148796,5.15034669988682
89.89898989898991,78.7878787878788,78.97202972738376,28.55681674422159,4.569453819023433
90.90909090909092,78.7878787878788,79.99955604992775,0.04000713960357949,4.569547081642827
91.91919191919193,78.7878787878788,80.76699423681082,3.52277216512169,4.442606440958528
92.92929292929294,78.7878787878788,98.46173727551499,31.6977121656947,4.375052427929046
93.93939393939395,78.7878787878788,108.50300411107476,0.0,4.384171622301689
94.94949494949496,78.7878787878788,42.85857711734059,26.43581898815001,3.89269551156488
95.95959595959597,78.7878787878788,23.62556402536073,18.21388647867386,3.73743961247042
96.96969696969697,78.7878787878788,30.009479995740517,19.61838346127566,3.672364794896032
97.97979797979798,78.7878787878788,57.73972229034522,25.09267127308518,4.839977364935767
98.98989898989899,78.7878787878788,75.20589904826109,1.935375556917167,4.829127621626554
100.0,78.7878787878788,66.60136566763833,25.08992640727492,4.138680103197712
0.0,79.7979797979798,67.27718278992812,8.843208142159341,4.301120749970402
1.01010101010101,79.7979797979798,13.271212084502677,18.14387545652484,4.14435346803119
2.02020202020202,79.7979797979798,17.047045729367962,15.59700817641291,4.92545040198717
3.03030303030303,79.7979797979798,22.26635089253569,11.97395051747699,5.037728006194932
4.040404040404041,79.7979797979798,15.436075005031489,23.84626358252462,4.072739358283147
5.050505050505051,79.7979797979798,31.08827464916966,21.35272139522053,4.660713971948847
6.060606060606061,79.7979797979798,64.33223727198168,27.53278124973352,5.496743645517502
7.070707070707071,79.7979797979798,46.030644903020246,12.65014494801054,4.830749773970742
8.080808080808081,79.7979797979798,57.448517640827994,22.71867585398969,5.318608438942054
9.090909090909092,79.7979797979798,33.95864004511527,12.78784726481144,4.849628843015994
10.1010101010101,79.7979797979798,28.856547621880527,9.524753517490264,4.57133663616692
11.11111111111111,79.7979797979798,21.568620634914282,12.84417037718375,4.323124342511058
12.12121212121212,79.7979797979798,65.61976030011563,4.069007861673763,4.606058509253858
13.13131313131313,79.7979797979798,43.41486723716203,13.76249853625912,5.175220423017203
14.14141414141414,79.7979797979798,40.78416652151634,26.60019947669749,4.954257774596261
15.15151515151515,79.7979797979798,41.8020714482045,23.04663091805318,4.806815420432827
16.16161616161616,79.7979797979798,32.07825909406983,25.21177894511197,4.652613220387077
17.17171717171717,79.7979797979798,41.20248356246819,11.81930891682232,4.485531760736931
18.18181818181818,79.7979797979798,47.394640705891796,29.29482973540029,4.271665055658194
19.19191919191919,79.7979797979798,42.43903771792348,16.14386930870085,4.00174797530856
20.2020202020202,79.7979797979798,38.31517848934488,12.91287969740001,3.879239397860101
21.21212121212121,79.7979797979798,60.14853502279411,33.12831210057634,4.22472882083033
22.22222222222222,79.7979797979798,44.20227146858218,24.44757663566189,4.103078784432054
23.23232323232324,79.7979797979798,40.495832262256556,16.46979808307335,4.216930852294648
24.24242424242424,79.7979797979798,55.69867651727579,6.967804817293857,4.671033171652906
25.25252525252525,79.7979797979798,74.02277028770774,22.43096929455156,5.502583706922531
26.26262626262626,79.7979797979798,89.77425579318034,10.85756043558286,2.722692899115071
27.27272727272727,79.7979797979798,48.66551630314267,25.08812127841334,4.912007297518842
28.28282828282828,79.7979797979798,38.78138469905153,25.20931413960337,5.087124403987676
29.29292929292929,79.7979797979798,41.00479974330916,12.32465917284965,4.999514203434438
30.3030303030303,79.7979797979798,39.73539799734263,22.07021104486493,4.745833398851262
31.31313131313131,79.7979797979798,19.472597517814613,19.57064081417739,4.532612692542258
32.32323232323233,79.7979797979798,29.968567777922555,20.00825818051823,3.691154676466781
33.33333333333334,79.7979797979798,12.802928533861163,19.92204868825123,4.930751030344157
34.34343434343435,79.7979797979798,30.202655232293534,26.85270399065214,3.905987233273176
35.35353535353536,79.7979797979798,24.46528097795389,16.57910684271857,3.650310191017337
36.36363636363637,79.7979797979798,33.114838523199175,18.86516565257372,4.879356640064278
37.37373737373738,79.7979797979798,35.46282754971541,25.01311511467999,3.425018564302467
38.38383838383839,79.7979797979798,40.89059184406278,25.31563301845625,5.107135413595246
39.3939393939394,79.7979797979798,29.062566101813562,16.64878667987716,3.909159695584336
40.40404040404041,79.7979797979798,38.3061914334421,16.54780260120669,6.294092372506507
41.41414141414142,79.7979797979798,65.62155968067417,26.81112278699279,5.863165145901835
42.42424242424243,79.7979797979798,29.666999708970174,18.3569015602944,5.009978869479551
43.43434343434344,79.7979797979798,43.59432205496805,11.85732990268906,4.229509316893966
44.44444444444445,79.7979797979798,43.69944459625076,21.8251137344958,5.262775763485868
45.45454545454546,79.7979797979798,54.25984261863174,13.5337433425486,3.74321730046509
46.46464646464647,79.7979797979798,30.843085658523336,26.48202958394206,3.161716826161603
47.47474747474748,79.7979797979798,32.68418858392964,17.00634574238295,3.085963667894223
48.48484848484848,79.7979797979798,48.37369622792246,12.76461833284661,4.285629943921966
49.49494949494949,79.7979797979798,62.665462148190386,21.07775683785631,4.962970584469764
50.50505050505051,79.7979797979798,55.37721875581773,6.433450520914055,4.177929978267459
51.51515151515152,79.7979797979798,37.698905795207025,21.2529798778841,3.548972318808137
52.52525252525253,79.7979797979798,36.57716801647206,9.091113291502829,4.341231205784044
53.53535353535354,79.7979797979798,44.94918530639035,25.81808048402339,3.87776420826075
54.54545454545455,79.7979797979798,26.650214688559497,18.9524911694605,4.555571655816439
55.55555555555556,79.7979797979798,45.988075682329395,17.06456435605247,4.4079061333849
56.56565656565657,79.7979797979798,32.28084203240166,10.94177036990085,4.935845348584366
57.57575757575758,79.7979797979798,35.50834598605673,23.73216868287538,4.59756903753678
58.58585858585859,79.7979797979798,34.191149109407675,18.6842990423266,5.136873473215502
59.5959595959596,79.7979797979798,50.35369201497983,14.95699085313212,3.223171867915294
60.60606060606061,79.7979797979798,48.11048132373405,23.08346303259734,5.039277426937125
61.61616161616162,79.7979797979798,38.99628451580599,13.29151305161567,4.941459357966795
62.62626262626263,79.7979797979798,49.631644205230906,26.97996405101489,4.516455557877194
63.63636363636364,79.7979797979798,34.450629605104766,13.9824280941403,4.978919950584825
64.64646464646465,79.7979797979798,62.446533252447324,26.88664594844278,4.528303279393675
65.65656565656566,79.7979797979798,33.021768314818644,25.6190163326716,2.903045012465983
66.66666666666667,79.7979797979798,25.214493000844282,21.64095956036956,4.480510067784313
67.67676767676768,79.7979797979798,32.23190494108941,15.98799509394587,4.123271558669854
68.68686868686869,79.7979797979798,27.997692850802004,21.08854009973551,4.060049471227441
69.6969696969697,79.7979797979798,33.79660166660534,16.86489449208896,5.842558251699316
70.70707070707071,79.7979797979798,40.922223250275756,19.20331106432285,6.138413299208437
71.71717171717172,79.7979797979798,25.24907141228946,19.44902611705707,5.016283704520047
72.72727272727273,79.7979797979798,28.65029424501786,15.88402175194974,3.794494307677692
73.73737373737374,79.7979797979798,24.875272759761522,18.07459851101542,4.542065853229778
74.74747474747475,79.7979797979798,46.28312379955977,29.689575770719,3.876733840512395
75.75757575757576,79.7979797979798,33.662395755523306,17.38500193190684,4.141789198644203
76.76767676767678,79.7979797979798,43.483620481372355,23.50824730339309,5.520040391961319
77.77777777777779,79.7979797979798,45.640592984731775,29.47870211844873,4.436237186086609
78.7878787878788,79.7979797979798,36.65295928646066,28.23896825502356,4.681369036144446
79.7979797979798,79.7979797979798,23.313970607505695,15.88826348386527,4.685632898244481
80.80808080808082,79.7979797979798,22.121735238788684,19.59716842556627,3.966652038344426
81.81818181818183,79.7979797979798,27.849988567392728,21.90479010167089,4.396420015505217
82.82828282828284,79.7979797979798,24.761718933767593,15.71977700276942,4.682720630130271
83.83838383838385,79.7979797979798,37.98297856055757,14.94416307736276,5.407452999017663
84.84848484848486,79.7979797979798,47.867435712351686,8.283204552431124,4.343853752038349
85.85858585858587,79.7979797979798,47.815532122798444,21.86306764647367,4.599714234305265
86.86868686868688,79.7979797979798,27.896491869002947,15.14935118292836,5.333184499390064
87.87878787878789,79.7979797979798,42.94419257675147,9.025964347925552,4.357696610243193
88.8888888888889,79.7979797979798,62.04503413856591,24.95190941657206,4.430873078393535
89.89898989898991,79.7979797979798,76.8987705918577,37.91685835805063,4.779587797828569
90.90909090909092,79.7979797979798,57.9565248890982,15.45933176460341,4.121889888515734
91.91919191919193,79.7979797979798,19.951351844395433,14.53998592348531,3.559934491068693
92.92929292929294,79.7979797979798,29.76839783369161,16.50127622876196,3.743895418309568
93.93939393939395,79.7979797979798,33.243446706564626,14.42688353378006,5.807043361705359
94.94949494949496,79.7979797979798,25.19163380523006,23.03154491091373,3.691177016745923
95.95959595959597,79.7979797979798,55.937454714182095,6.544356809098115,3.843185493780743
96.96969696969697,79.7979797979798,46.08353588707287,23.82035870860086,4.815792105425913
97.97979797979798,79.7979797979798,22.41578765711881,26.30776250351524,4.121242017829724
98.98989898989899,79.7979797979798,32.06258892461507,11.16403286759242,5.182976096732728
100.0,79.7979797979798,22.784026603787407,11.27464584017717,4.937654291622334
0.0,80.80808080808082,35.373941135342335,25.58643026824255,4.375517484421757
1.01010101010101,80.80808080808082,19.29860535144274,24.21633467693686,3.475019423959708
2.02020202020202,80.80808080808082,8.813235752354394,12.73608316848359,5.668096484342192
3.03030303030303,80.80808080808082,20.936540979964885,26.23765461019132,2.960675569256352
4.040404040404041,80.80808080808082,34.09127090030101,26.91619876015116,3.905879593002874
5.050505050505051,80.80808080808082,61.24173032443388,12.20175521245038,3.349639631240117
6.060606060606061,80.80808080808082,43.14618701401994,22.8234357154812,4.644122852515478
7.070707070707071,80.80808080808082,17.497494458087274,18.91361686929928,4.649405674583676
8.080808080808081,80.80808080808082,32.555964842957906,17.59066681896663,4.42036953298922
9.090909090909092,80.80808080808082,75.13638304540935,1.138311965277281,5.40663903705207
10.1010101010101,80.80808080808082,25.930595735230465,18.6690164780132,3.460640742660702
11.11111111111111,80.80808080808082,39.94446573932921,13.66847823746029,3.27484264282224
12.12121212121212,80.80808080808082,67.48232783801893,26.50200373360126,4.927275562930714
13.13131313131313,80.80808080808082,32.19775628283682,29.3481240955369,4.373456980477642
14.14141414141414,80.80808080808082,30.67352384438597,17.60587397851832,4.684750646452439
15.15151515151515,80.80808080808082,25.677117103292716,11.87133899763381,4.935119464987608
16.16161616161616,80.80808080808082,23.879872551816398,17.65995948305449,4.430974232824272
17.17171717171717,80.80808080808082,18.115496504486337,11.10422378719087,4.26781602805864
18.18181818181818,80.80808080808082,40.71407056256502,16.02992388732346,4.343054675308389
19.19191919191919,80.80808080808082,17.54532929231106,18.81817869234744,4.992941108200528
20.2020202020202,80.80808080808082,24.570424201279362,20.4792326144553,3.993227367260568
21.21212121212121,80.80808080808082,37.3978003093908,12.60437831302784,5.216297140081135
22.22222222222222,80.80808080808082,57.829434385282575,5.414569579452195,4.139564362342341
23.23232323232324,80.80808080808082,18.943035888788632,17.22191189727335,3.825421836336897
24.24242424242424,80.80808080808082,22.720292588969343,20.21200435114611,2.907383860950401
25.25252525252525,80.80808080808082,17.116730920121796,21.77905311337337,4.414709513625158
26.26262626262626,80.80808080808082,42.11375267781,19.98078308808936,4.785517252280759
27.27272727272727,80.80808080808082,69.16367207131951,28.5109654077311,5.574709648077308
28.28282828282828,80.80808080808082,34.82414095474995,20.58265642075952,4.136028806365834
29.29292929292929,80.80808080808082,21.51352950853299,17.05993360584258,4.058379726484661
30.3030303030303,80.80808080808082,36.591815317484325,9.685863095438847,5.156410346844476
31.31313131313131,80.80808080808082,31.18900861882993,29.81374147781631,3.69940434616823
32.32323232323233,80.80808080808082,47.41088208763766,22.24727969208955,5.634897116783359
33.33333333333334,80.80808080808082,29.69211053223003,19.24785684415227,4.423177214634584
34.34343434343435,80.80808080808082,33.617830476202315,9.13019694804343,4.62709209654431
35.35353535353536,80.80808080808082,22.54300236441452,12.2517317203533,3.487150055841594
36.36363636363637,80.80808080808082,26.00307851156115,12.61934767163526,4.597321487171865
37.37373737373738,80.80808080808082,39.06058062184129,7.703677924602241,3.499095026160674
38.38383838383839,80.80808080808082,44.02732809237511,15.35701051681592,5.005271539471434
39.3939393939394,80.80808080808082,8.420137633137573,20.30850686115013,3.708847689461271
40.40404040404041,80.80808080808082,40.77869065209352,12.07622504757334,4.78362916784813
41.41414141414142,80.80808080808082,41.14964469932416,21.19476438147018,5.159383181248361
42.42424242424243,80.80808080808082,10.591880208425419,24.18539228829959,4.021239878510934
43.43434343434344,80.80808080808082,29.18370029183044,19.67405115381492,5.566473849911086
44.44444444444445,80.80808080808082,16.666418096208897,17.59332869885117,5.625824196109154
45.45454545454546,80.80808080808082,67.37988047352916,26.05110736678957,5.28976789627708
46.46464646464647,80.80808080808082,45.39859294092493,10.98472066405087,4.747208451355154
47.47474747474748,80.80808080808082,35.22134941561983,21.5285826373244,4.88113275960246
48.48484848484848,80.80808080808082,42.70844169989705,22.57079002528095,5.355343870124944
49.49494949494949,80.80808080808082,61.45028262959941,12.36680222835357,2.935393578278947
50.50505050505051,80.80808080808082,23.146369217625278,12.24847798081272,4.52810693925212
51.51515151515152,80.80808080808082,8.819453079926216,19.60793158164071,3.565574104124375
52.52525252525253,80.80808080808082,30.332618235997558,18.26183080784781,4.449953044816911
53.53535353535354,80.80808080808082,43.945296055960725,13.6345689652582,3.55607172054965
54.54545454545455,80.80808080808082,48.793986719405154,28.02500297090731,4.438013903502736
55.55555555555556,80.80808080808082,56.08676555947389,23.33260927470157,5.304479604879115
56.56565656565657,80.80808080808082,52.866785199553476,4.827732651714679,3.490019241836393
57.57575757575758,80.80808080808082,28.5951647892824,15.20851035682303,4.127763812963845
58.58585858585859,80.80808080808082,17.488805360805223,18.93735665477271,3.568422412178951
59.5959595959596,80.80808080808082,25.20408910792538,11.7768504243991,3.263687667713856
60.60606060606061,80.80808080808082,30.552205939758537,17.09171911598402,4.805830996551089
61.61616161616162,80.80808080808082,29.518877051968488,18.35040254329843,4.286346460544974
62.62626262626263,80.80808080808082,26.653885690461124,10.16902001156981,5.104360712389171
63.63636363636364,80.80808080808082,11.030024023612551,8.692199191936638,5.037647793617889
64.64646464646465,80.80808080808082,60.09303493854476,8.036930430163778,4.6237515652668
65.65656565656566,80.80808080808082,59.40407028059391,26.37269745336312,4.851283314601337
66.66666666666667,80.80808080808082,29.920553642988867,18.99191872581211,4.125250694387956
67.67676767676768,80.80808080808082,43.609060507948286,26.7853732618211,4.120888427662871
68.68686868686869,80.80808080808082,57.303846644634646,5.928093022963219,3.539594520671652
69.6969696969697,80.80808080808082,35.562751567946826,8.232793636708266,4.208957828092723
70.70707070707071,80.80808080808082,42.919064681805544,20.00553175557355,4.65223384520864
71.71717171717172,80.80808080808082,21.385384638973484,19.23529833515752,3.378834475483295
72.72727272727273,80.80808080808082,21.46040086320754,15.46593265879777,5.432402236920204
73.73737373737374,80.80808080808082,42.41232940358384,22.36988283757088,5.239203746966497
74.74747474747475,80.80808080808082,47.42956762405145,14.22079522591483,4.23232961722547
75.75757575757576,80.80808080808082,29.281107797575427,22.14656488158846,4.499774222663901
76.76767676767678,80.80808080808082,49.57494885071708,15.98292400302831,4.534075134453673
77.77777777777779,80.80808080808082,53.45986429554718,6.549910816467671,4.172642186567207
78.7878787878788,80.80808080808082,36.15150428529607,17.89609156728443,5.06335307744749
79.7979797979798,80.80808080808082,25.32430650786108,11.32441811976298,4.826299380902213
80.80808080808082,80.80808080808082,13.442319298740923,16.53833205622816,4.730550958072659
81.81818181818183,80.80808080808082,27.579855803031695,15.16040341383984,4.480950394010873
82.82828282828284,80.80808080808082,54.518784619373854,27.5495216374353,4.026555671757641
83.83838383838385,80.80808080808082,77.72351996428038,3.608846882617193,5.158570501187631
84.84848484848486,80.80808080808082,46.63250592835743,20.54792450211616,4.54843417036435
85.85858585858587,80.80808080808082,41.035024707547684,12.12527187097607,3.293641066139514
86.86868686868688,80.80808080808082,28.954580042436234,10.20128830136638,3.749474151888798
87.87878787878789,80.80808080808082,41.21348898993799,21.24023710183385,4.132237947830378
88.8888888888889,80.80808080808082,62.05077008178151,7.281910411934463,4.364645927706932
89.89898989898991,80.80808080808082,67.67669239840006,21.8891863742192,5.141500810760393
90.90909090909092,80.80808080808082,62.399329580146215,4.604607570632613,5.407620144074087
91.91919191919193,80.80808080808082,29.047505843038586,16.39501228576399,4.481715257796322
92.92929292929294,80.80808080808082,21.535892989307232,12.96242927783226,5.549608124724723
93.93939393939395,80.80808080808082,34.62240944377328,24.22311749462867,4.530355355143644
94.94949494949496,80.80808080808082,21.501575889902206,14.52223753490508,4.354588031468518
95.95959595959597,80.80808080808082,21.19700987621864,18.50134822698895,3.056740584915311
96.96969696969697,80.80808080808082,28.111359956157134,13.50264182290445,5.102982430343263
97.97979797979798,80.80808080808082,21.1246112597025,22.94307451025194,3.863291741516515
98.98989898989899,80.80808080808082,22.050184874913388,27.38926437816639,3.097789604051073
100.0,80.80808080808082,28.63564327267603,10.98625369211546,3.429714307868243
0.0,81.81818181818183,25.043781241111702,28.86720076649177,3.725745944535878
1.01010101010101,81.81818181818183,48.04588905645418,15.20611643682323,3.661680297121128
2.02020202020202,81.81818181818183,18.396681269329463,17.65035412528217,4.835859312459261
3.03030303030303,81.81818181818183,28.10409223727584,19.94832605266752,5.570672259228173
4.040404040404041,81.81818181818183,37.01010405847343,18.69496629970222,3.663465291402278
5.050505050505051,81.81818181818183,51.78157097850316,23.41380444522303,4.17734995029589
6.060606060606061,81.81818181818183,36.40544234207298,13.51520000938219,4.582766855677485
7.070707070707071,81.81818181818183,40.21149293573825,20.00119981440715,5.142795028671
8.080808080808081,81.81818181818183,22.093289172487847,16.70824100639561,4.332623488629787
9.090909090909092,81.81818181818183,66.61769768192636,23.88367639432051,5.057135181472818
10.1010101010101,81.81818181818183,23.766910222675286,12.40452821933905,4.856874859192101
11.11111111111111,81.81818181818183,29.722753178351223,18.61710495037238,4.732741462157056
12.12121212121212,81.81818181818183,64.22806653000211,17.69571188409301,3.421418060828679
13.13131313131313,81.81818181818183,77.43770825988797,26.94992846999274,5.636803189813163
14.14141414141414,81.81818181818183,23.323152024272677,25.03917379246976,3.438684838626145
15.15151515151515,81.81818181818183,15.946155857822003,13.20869194498578,4.962150493526167
16.16161616161616,81.81818181818183,22.229142977080397,13.83027729197057,5.228062656970383
17.17171717171717,81.81818181818183,39.79656255688624,8.227403255811943,4.089017064311721
18.18181818181818,81.81818181818183,60.5884585691847,26.72494610675852,4.878923956973434
19.19191919191919,81.81818181818183,31.83372051687246,19.09465465230207,4.695039110221934
20.2020202020202,81.81818181818183,48.58760816783966,9.570386474917534,4.534037506995002
21.21212121212121,81.81818181818183,20.808847439243785,16.919342608276,4.832643941277129
22.22222222222222,81.81818181818183,19.366832815540743,14.9071825692727,5.972555900142748
23.23232323232324,81.81818181818183,18.8126607520269,22.18806145421088,3.943479180668958
24.24242424242424,81.81818181818183,37.41908089133626,10.02786451883096,3.849399136686474
25.25252525252525,81.81818181818183,28.516653716744482,22.12263735488388,4.494087813538757
26.26262626262626,81.81818181818183,23.433444283182688,9.483811310046462,6.01780567275333
27.27272727272727,81.81818181818183,42.98165267492171,15.01487642844401,3.671348936157366
28.28282828282828,81.81818181818183,28.69739346840578,13.61772803178375,5.775634409656867
29.29292929292929,81.81818181818183,35.957109453565,5.958078695851978,4.361494241996698
30.3030303030303,81.81818181818183,29.156895891100845,11.07220699926404,3.433325220691884
31.31313131313131,81.81818181818183,38.672458976946245,19.00743985414731,4.342554721175256
32.32323232323233,81.81818181818183,46.82637453739548,9.017242261456117,4.715150909381255
33.33333333333334,81.81818181818183,27.9881158419985,16.82377548942092,3.719562833065283
34.34343434343435,81.81818181818183,28.299907212417864,16.40679497157151,4.30978401554533
35.35353535353536,81.81818181818183,32.94481200803842,19.6353502740844,5.058806858244613
36.36363636363637,81.81818181818183,20.13262779961923,16.3165847870415,5.003618825931737
37.37373737373738,81.81818181818183,62.67198036044113,11.00082934015969,3.955550630177724
38.38383838383839,81.81818181818183,82.96223143154224,26.72387147309014,5.579131993319142
39.3939393939394,81.81818181818183,38.30061685133223,20.38798112269782,3.481307244882465
40.40404040404041,81.81818181818183,33.095789935072816,24.07600231198426,4.376184342429071
41.41414141414142,81.81818181818183,43.59287931403236,13.98152545120949,4.025300206664673
42.42424242424243,81.81818181818183,28.8163613286247,23.80414522054487,4.620150586606732
43.43434343434344,81.81818181818183,54.049009090851435,24.08792975431884,5.981732163204624
44.44444444444445,81.81818181818183,17.77666721252114,21.83420467095033,4.597991488865089
45.45454545454546,81.81818181818183,30.835240816187383,20.08740694688275,3.978325758337339
46.46464646464647,81.81818181818183,18.887545721854863,14.40692834683673,4.412081840447636
47.47474747474748,81.81818181818183,28.220185769957013,16.10159104977694,5.311832860478566
48.48484848484848,81.81818181818183,20.00139003847531,36.88112027516496,3.394007943032517
49.49494949494949,81.81818181818183,36.51079537683681,19.33592971405391,5.692087849252635
50.50505050505051,81.81818181818183,25.26448147821307,14.62532408654433,5.870084035028562
51.51515151515152,81.81818181818183,28.3872055928888,15.69057874576897,4.203178065945764
52.52525252525253,81.81818181818183,57.703669989987716,23.38738179363839,4.988483006664179
53.53535353535354,81.81818181818183,35.719621670663216,8.32702422595185,3.963465880124103
54.54545454545455,81.81818181818183,26.248909982145573,9.309900883870686,4.697491226389236
55.55555555555556,81.81818181818183,25.22693804323304,11.65262728134512,4.762454987002294
56.56565656565657,81.81818181818183,12.631482706787459,11.57587829321837,3.309579118896004
57.57575757575758,81.81818181818183,20.8621029776226,8.757590887041237,5.190609315344157
58.58585858585859,81.81818181818183,25.646236885020407,22.63648404003039,3.321604246874402
59.5959595959596,81.81818181818183,27.52696755233498,11.15426777076341,5.077415210158055
60.60606060606061,81.81818181818183,45.53391234539833,30.7923427791161,3.993752438102847
61.61616161616162,81.81818181818183,66.1371624178864,29.12165921482313,5.271726152155162
62.62626262626263,81.81818181818183,35.17950662133601,13.50822712071962,3.975834966599736
63.63636363636364,81.81818181818183,25.889122508039552,12.54902848153979,3.771894020026714
64.64646464646465,81.81818181818183,29.61246940749165,18.19186796565461,5.251503932552612
65.65656565656566,81.81818181818183,30.678682431360393,17.76954187630345,4.742332400783329
66.66666666666667,81.81818181818183,24.768945918557016,19.10468364601661,5.118347993658626
67.67676767676768,81.81818181818183,27.37476382095642,27.45639314969005,4.331577309423333
68.68686868686869,81.81818181818183,43.000944810211266,17.78850471341246,4.637603791078213
69.6969696969697,81.81818181818183,62.576499506192434,5.862908306974463,4.838978722525671
70.70707070707071,81.81818181818183,77.17623319696209,26.07427280584721,5.884834074914958
71.71717171717172,81.81818181818183,29.995943822313535,17.19906881851642,4.120204650125315
72.72727272727273,81.81818181818183,26.53640021011222,17.95387776829181,5.230399246602444
73.73737373737374,81.81818181818183,30.849060866646063,17.34318482118648,4.200606887917787
74.74747474747475,81.81818181818183,22.70733306905249,19.46801221399802,5.060256887890812
75.75757575757576,81.81818181818183,18.158236261244085,23.53475601691221,5.204015367142589
76.76767676767678,81.81818181818183,64.2243585746487,28.53238292503756,4.946827263851614
77.77777777777779,81.81818181818183,58.878325383641126,9.326977017781488,2.718586904663376
78.7878787878788,81.81818181818183,22.32540533822655,18.04685548692665,4.811586638730508
79.7979797979798,81.81818181818183,20.05534004677326,17.24769950334162,4.442397185640778
80.80808080808082,81.81818181818183,29.3327823092134,17.37223599238554,3.387544191360019
81.81818181818183,81.81818181818183,21.536542736721955,8.781805562512329,4.47314712246734
82.82828282828284,81.81818181818183,49.0357404419063,15.57617378739758,4.204033804161087
83.83838383838385,81.81818181818183,44.28679139550548,19.75454109895032,5.070207384413519
84.84848484848486,81.81818181818183,8.805050507514157,23.58573353811762,3.933720791863019
85.85858585858587,81.81818181818183,21.03503114830748,22.36332543280052,3.945629966680231
86.86868686868688,81.81818181818183,16.937181484553786,16.24995709340853,3.711757205309208
87.87878787878789,81.81818181818183,16.177276486020737,17.06717632283188,4.503384508861677
88.8888888888889,81.81818181818183,22.937298556048724,13.84838190168786,4.65492620977804
89.89898989898991,81.81818181818183,31.451249289288462,19.26451621579985,4.096847943774703
90.90909090909092,81.81818181818183,36.323213977808734,18.69273970970556,5.320487258507832
91.91919191919193,81.81818181818183,39.33137269253509,22.42741433937753,5.253937749709253
92.92929292929294,81.81818181818183,63.59149906719284,7.46702619512901,4.726712003448397
93.93939393939395,81.81818181818183,29.57463088570767,20.10725020235135,4.054029208063037
94.94949494949496,81.81818181818183,26.799406017324202,11.53348150031143,4.525321667466567
95.95959595959597,81.81818181818183,36.13947682077668,21.37633535282198,4.252588360743554
96.96969696969697,81.81818181818183,40.876977083154266,7.717341570001828,4.451069524453236
97.97979797979798,81.81818181818183,32.785465489526935,12.16552632930563,3.899861627325848
98.98989898989899,81.81818181818183,22.068583832971495,17.36398492145199,4.295372349790989
100.0,81.81818181818183,56.5614347713907,15.97232219068633,3.658177044080187
0.0,82.82828282828284,22.940351428081446,20.99392148709569,4.224768039035981
1.01010101010101,82.82828282828284,60.53034549357857,28.57607200127006,4.823776518312168
2.02020202020202,82.82828282828284,29.895471530457222,24.42065349180836,3.29142850559507
3.03030303030303,82.82828282828284,36.067894282706206,23.44515748138493,4.289235627547048
4.040404040404041,82.82828282828284,77.30782498953819,6.858851391241979,4.235043834163774
5.050505050505051,82.82828282828284,115.49062467688884,34.01803510491099,5.373850292155734
6.060606060606061,82.82828282828284,60.98159029947908,18.74448145696645,4.625641257832704
7.070707070707071,82.82828282828284,48.88975517790292,9.658078028257957,2.93409375842915
8.080808080808081,82.82828282828284,15.124135190655155,11.27905550671665,6.050870766134275
9.090909090909092,82.82828282828284,23.533860800034855,17.07383873604356,4.560715988254891
10.1010101010101,82.82828282828284,29.566800735250617,11.14582815169558,5.198138669758222
11.11111111111111,82.82828282828284,22.66721371325812,21.64309059132201,5.000436889152569
12.12121212121212,82.82828282828284,75.66527002429446,24.83811204726257,5.172934086102355
13.13131313131313,82.82828282828284,102.18253739335822,6.105304558428899,3.750169066915364
14.14141414141414,82.82828282828284,26.056602306623013,14.30814282954983,5.786903547308075
15.15151515151515,82.82828282828284,34.971665257622156,20.18680980764973,4.708557294063515
16.16161616161616,82.82828282828284,54.511427443465294,25.82815762898134,4.253158805433315
17.17171717171717,82.82828282828284,35.53658186788826,9.236194269998052,4.728018691469283
18.18181818181818,82.82828282828284,33.0052671809363,15.09479048437198,5.716615044676951
19.19191919191919,82.82828282828284,37.338306622035844,11.76588864244869,4.557213323345716
20.2020202020202,82.82828282828284,55.89296848613158,28.32016864143858,4.051065443402369
21.21212121212121,82.82828282828284,45.56414075382921,14.60400008541563,4.121352671302665
22.22222222222222,82.82828282828284,21.369075849244602,19.11460465063795,4.764767397937156
23.23232323232324,82.82828282828284,14.299272952430588,20.20357026756373,4.172397404785219
24.24242424242424,82.82828282828284,27.617539823796967,12.75475290420784,4.57853221448768
25.25252525252525,82.82828282828284,33.267925982337275,25.95498110355863,4.124281349306508
26.26262626262626,82.82828282828284,25.44746385972371,16.14303810191453,4.210027702688762
27.27272727272727,82.82828282828284,26.85165920128027,19.12202264185413,5.112581911549319
28.28282828282828,82.82828282828284,27.592524499875,24.6931624511274,4.485860843158124
29.29292929292929,82.82828282828284,36.200442687024726,11.8937008975944,5.202060084251913
30.3030303030303,82.82828282828284,36.49914484766727,15.14737420701514,5.687952976621518
31.31313131313131,82.82828282828284,42.302388498452075,26.74007920884081,4.671971826337058
32.32323232323233,82.82828282828284,51.54727889296951,20.77162230332905,4.183450824682257
33.33333333333334,82.82828282828284,49.15355934311977,24.55392298569108,5.041063173306379
34.34343434343435,82.82828282828284,36.250473007536755,25.33032815812784,4.68574807395389
35.35353535353536,82.82828282828284,22.440544244563288,19.0190591943643,3.705293163400795
36.36363636363637,82.82828282828284,16.32867939390731,16.53018492898091,5.004699134170608
37.37373737373738,82.82828282828284,64.53873582064614,33.49871321420589,3.998198958154619
38.38383838383839,82.82828282828284,51.725695977880065,13.10868198850659,5.582401657950991
39.3939393939394,82.82828282828284,43.73124785443426,6.075282630323715,5.698840915672624
40.40404040404041,82.82828282828284,33.914725068927666,23.41490978182586,4.443155773768559
41.41414141414142,82.82828282828284,22.15101092921956,18.79104475087067,3.980576741215228
42.42424242424243,82.82828282828284,30.0235226538306,25.12739950639266,3.790462621930101
43.43434343434344,82.82828282828284,70.82111698319422,10.15573337298653,3.964935348965307
44.44444444444445,82.82828282828284,27.708883065638908,20.11796755819085,5.264465565241854
45.45454545454546,82.82828282828284,36.43730875437555,23.64883377775967,4.589495174092996
46.46464646464647,82.82828282828284,41.973572173167035,23.87785822177328,3.743335176113455
47.47474747474748,82.82828282828284,37.872264820193365,12.52815326881499,4.295397252132579
48.48484848484848,82.82828282828284,47.129440027339314,23.88160679754787,4.364387553473296
49.49494949494949,82.82828282828284,37.08534028484503,17.54733455075975,4.393940362720391
50.50505050505051,82.82828282828284,31.017108405299993,22.95198573460591,4.897564472184389
51.51515151515152,82.82828282828284,40.01282820731453,30.2281163790619,3.470842695003526
52.52525252525253,82.82828282828284,41.58535789746136,16.36066968857406,3.400660563093124
53.53535353535354,82.82828282828284,39.693291734909266,0.0,5.818869349744088
54.54545454545455,82.82828282828284,27.031621865053467,11.12269174190753,4.099314005266893
55.55555555555556,82.82828282828284,4.729975618615507,15.80319232679581,3.278157969278388
56.56565656565657,82.82828282828284,12.206072517950235,10.24205010132667,4.202775290931633
57.57575757575758,82.82828282828284,38.65902522865415,15.13065930123135,4.93749683739008
58.58585858585859,82.82828282828284,39.30237832863695,8.40069229026604,3.393083328335733
59.5959595959596,82.82828282828284,18.04155641319793,14.60393867134348,3.397891827913034
60.60606060606061,82.82828282828284,24.147759699948526,17.74804368153721,4.426684442165615
61.61616161616162,82.82828282828284,44.24221135216601,17.44787340358686,5.39878639040671
62.62626262626263,82.82828282828284,62.871996042745764,4.85659486497873,4.319157414650048
63.63636363636364,82.82828282828284,32.43636814762893,18.77431243270172,4.94136824096964
64.64646464646465,82.82828282828284,11.72233582039905,20.59723901845886,4.608643789746298
65.65656565656566,82.82828282828284,50.527880291554894,28.23468740288955,4.9063944646977
66.66666666666667,82.82828282828284,41.892688153653644,13.83185166004665,3.81778560883259
67.67676767676768,82.82828282828284,20.429319154480325,20.31621525929318,3.719143118152931
68.68686868686869,82.82828282828284,22.835878452299777,13.50559599133147,4.632468646811515
69.6969696969697,82.82828282828284,33.058502500443915,18.55201091769372,5.023588301516677
70.70707070707071,82.82828282828284,51.97028111637367,23.78945828790155,4.739980137222798
71.71717171717172,82.82828282828284,24.222921270969053,12.6812731712188,4.918437805646498
72.72727272727273,82.82828282828284,38.543437844693486,9.791204432916823,4.263565564699832
73.73737373737374,82.82828282828284,26.68518913672243,20.56972482232349,5.113553302938003
74.74747474747475,82.82828282828284,16.732351723465733,18.8785363474088,5.065710037223612
75.75757575757576,82.82828282828284,40.50171535106627,27.67375160125475,4.685156600054865
76.76767676767678,82.82828282828284,46.45018450593301,15.16256823190415,5.763036679358023
77.77777777777779,82.82828282828284,33.58818417103639,21.99427473515463,3.711369443220067
78.7878787878788,82.82828282828284,25.963194298939843,22.50502149495051,4.47298930050169
79.7979797979798,82.82828282828284,36.08613048131916,21.06505988212043,5.074355417961792
80.80808080808082,82.82828282828284,57.80016532425995,29.76898568572803,4.012743959364685
81.81818181818183,82.82828282828284,47.36307155355068,11.81560732594722,4.317205941982296
82.82828282828284,82.82828282828284,85.66171392792342,28.11547859202374,5.523700728256308
83.83838383838385,82.82828282828284,65.09761779069672,15.07495174502052,3.092041235346203
84.84848484848486,82.82828282828284,26.02779951263393,18.79463590017313,3.73313393520475
85.85858585858587,82.82828282828284,22.954638570822347,18.07811824393398,4.694193827958916
86.86868686868688,82.82828282828284,18.203782043027864,13.03341216826139,4.534443547200533
87.87878787878789,82.82828282828284,32.707675463050585,11.46514496337319,4.535627915307806
88.8888888888889,82.82828282828284,31.763163870085997,20.65130768953824,4.681286868053652
89.89898989898991,82.82828282828284,59.854328575690964,29.31189131365809,4.643781799297074
90.90909090909092,82.82828282828284,41.904221860835754,13.84510172193718,4.884369134739012
91.91919191919193,82.82828282828284,25.93452260545185,24.00450104618171,4.40653699982869
92.92929292929294,82.82828282828284,50.93151914781348,32.31795320432236,3.844918754379975
93.93939393939395,82.82828282828284,45.32348339828822,24.1431245672465,3.97820875655549
94.94949494949496,82.82828282828284,43.48546756825648,7.826605409388511,3.07610304756401
95.95959595959597,82.82828282828284,28.10260162332764,15.17241563664151,5.006727642807427
96.96969696969697,82.82828282828284,27.939320313367023,19.99618416954371,4.683755401355487
97.97979797979798,82.82828282828284,17.001725192694913,20.96410029390252,4.634563472295247
98.98989898989899,82.82828282828284,41.71141158528081,18.84979139668034,5.798557992761002
100.0,82.82828282828284,108.68806512702942,33.11164423766127,5.774669964569085
0.0,83.83838383838385,5.1410411724078715,21.61893287341863,4.064998906688882
1.01010101010101,83.83838383838385,33.93432039718816,17.25875317283061,4.896282895258982
2.02020202020202,83.83838383838385,39.904590517364994,23.45528953051593,5.00254779840093
3.03030303030303,83.83838383838385,31.450844069466882,11.91355972148451,4.914672776291334
4.040404040404041,83.83838383838385,23.814941835826172,26.12655424338006,2.815658415418496
5.050505050505051,83.83838383838385,44.945558409216076,15.12089380479565,3.684198543190427
6.060606060606061,83.83838383838385,45.88393093852612,5.644484672993036,3.900664882763314
7.070707070707071,83.83838383838385,21.627406919574504,10.16118274989138,5.028393133120382
8.080808080808081,83.83838383838385,14.138185935540605,17.5570432403165,4.275834713410396
9.090909090909092,83.83838383838385,15.103056469527782,26.45932449783443,3.761930150887346
10.1010101010101,83.83838383838385,24.293532095460954,20.83304445640248,4.976534529270443
11.11111111111111,83.83838383838385,42.061780323641074,21.73616478705193,4.978770404133884
12.12121212121212,83.83838383838385,80.92220799334967,4.355425348303875,4.504112223764025
13.13131313131313,83.83838383838385,105.70843665944706,29.44210734166816,4.657161373483919
14.14141414141414,83.83838383838385,46.408491143037,22.40226785714784,2.411820297592063
15.15151515151515,83.83838383838385,33.99401256905239,4.740005066915717,2.473148494536557
16.16161616161616,83.83838383838385,27.91002795995502,9.758091038485144,1.059029724225499
17.17171717171717,83.83838383838385,26.503153013942743,11.42192149623093,1.78201563145077
18.18181818181818,83.83838383838385,37.414416627855196,18.60789753647784,3.958618112035183
19.19191919191919,83.83838383838385,27.65794766775909,9.013452784478721,3.780522144455316
20.2020202020202,83.83838383838385,41.894498853597064,19.55377276597578,3.99591233105938
21.21212121212121,83.83838383838385,71.29290616527884,31.22825935945851,4.337124281135073
22.22222222222222,83.83838383838385,38.962766648147806,11.23342838769012,4.033562610664729
23.23232323232324,83.83838383838385,34.960161100744095,16.50334538717786,3.816175637175052
24.24242424242424,83.83838383838385,28.844140525617348,14.79698715897412,5.036467018374761
25.25252525252525,83.83838383838385,75.17745360649216,23.51224377628356,6.156884725550364
26.26262626262626,83.83838383838385,51.09584475416147,12.93935148414293,3.55094787203846
27.27272727272727,83.83838383838385,28.19424513804575,17.74017090332945,4.272888917837016
28.28282828282828,83.83838383838385,42.37149483334217,28.62691718079738,4.440421876246039
29.29292929292929,83.83838383838385,64.73186172206192,5.345669586711425,4.88989183574044
30.3030303030303,83.83838383838385,52.27844933598318,26.63825522878746,4.540609581476351
31.31313131313131,83.83838383838385,46.244924641794825,22.76223192589912,3.291002951785931
32.32323232323233,83.83838383838385,69.9746421912772,0.0,3.020733736103128
33.33333333333334,83.83838383838385,44.570144172960774,6.083599414439155,4.985795644647643
34.34343434343435,83.83838383838385,46.26885570942856,23.89862369219815,3.137340706144176
35.35353535353536,83.83838383838385,16.155705381695654,16.62416059411852,4.21356770603109
36.36363636363637,83.83838383838385,8.019860872248042,16.30307545764445,5.121325626108567
37.37373737373738,83.83838383838385,29.70129280038517,13.66954468319511,5.717986364743405
38.38383838383839,83.83838383838385,34.58005072105082,12.31590509514923,3.370087146115439
39.3939393939394,83.83838383838385,14.729156270733533,13.35480363372543,4.883817394239203
40.40404040404041,83.83838383838385,16.37109472701619,16.07975463341764,4.250875955569087
41.41414141414142,83.83838383838385,28.38840832416728,13.46222399285783,4.040690396209115
42.42424242424243,83.83838383838385,40.079671171057555,22.77620814236407,5.49614651623166
43.43434343434344,83.83838383838385,49.194497150011586,22.56403500503229,4.392362122603501
44.44444444444445,83.83838383838385,83.0841217530805,36.32883334945343,3.935156295272002
45.45454545454546,83.83838383838385,63.0202519775043,7.852707878555732,1.67944314632965
46.46464646464647,83.83838383838385,33.20959203168408,1.982239678048362,1.023907950445678
47.47474747474748,83.83838383838385,15.296023178788612,17.41232084670532,1.1500204461748
48.48484848484848,83.83838383838385,26.509183300136634,10.5515319512552,1.345671261813173
49.49494949494949,83.83838383838385,25.30353506044806,15.99398648820342,1.510191579839806
50.50505050505051,83.83838383838385,30.83385180625875,12.03046552879437,4.795826558331863
51.51515151515152,83.83838383838385,31.772305372526503,13.03473412118857,3.115077753573487
52.52525252525253,83.83838383838385,22.600206094020223,14.48915186446558,3.812725720099139
53.53535353535354,83.83838383838385,51.21558106157177,6.298764870353421,3.895493928183177
54.54545454545455,83.83838383838385,51.20008681496653,19.78075122747442,5.058165039538787
55.55555555555556,83.83838383838385,15.750730661227923,14.04466352428084,3.670112206546465
56.56565656565657,83.83838383838385,46.724711058191694,9.50339340286079,4.143506060457277
57.57575757575758,83.83838383838385,54.1419565726634,24.42465298098504,5.004265690244543
58.58585858585859,83.83838383838385,30.793523555326775,23.51659486007834,3.049203412810868
59.5959595959596,83.83838383838385,8.15390258149825,20.37518301217976,3.176209245467995
60.60606060606061,83.83838383838385,17.077086587467733,16.80824235158434,4.221779491930844
61.61616161616162,83.83838383838385,42.144039872401876,11.28499340647386,5.795826465564009
62.62626262626263,83.83838383838385,41.61462270124371,23.09992199227428,4.100401754153668
63.63636363636364,83.83838383838385,15.340975029234421,16.47391559444975,6.260207994789651
64.64646464646465,83.83838383838385,8.33882237934877,20.12490843934924,4.74266156284869
65.65656565656566,83.83838383838385,39.171644300466,25.17384159901439,4.767213546615141
66.66666666666667,83.83838383838385,29.400478056847675,16.77136762584937,3.990436891551084
67.67676767676768,83.83838383838385,17.605747147861585,18.71692316811658,4.175850942362024
68.68686868686869,83.83838383838385,32.83949773571639,7.423060835966942,4.685479624573439
69.6969696969697,83.83838383838385,44.551974860932496,16.1791561794304,4.696668998741323
70.70707070707071,83.83838383838385,64.09499650730365,3.830993465614454,4.049875280482414
71.71717171717172,83.83838383838385,25.45606922485399,18.17125442786401,4.389129608629776
72.72727272727273,83.83838383838385,29.66072407875754,13.32177556750639,4.480869149696411
73.73737373737374,83.83838383838385,18.860814758700137,25.7233300049846,4.03393518324758
74.74747474747475,83.83838383838385,50.526934794696,24.64138759381142,4.711941790470424
75.75757575757576,83.83838383838385,55.11740486875037,17.43537638863337,2.932297955425905
76.76767676767678,83.83838383838385,43.80679219793311,1.742642547175781,1.934425693334993
77.77777777777779,83.83838383838385,25.84845206879956,18.16794345435956,1.559792556301904
78.7878787878788,83.83838383838385,27.63579386347006,25.07544185744235,1.431894063921473
79.7979797979798,83.83838383838385,38.16344398177248,11.90700684419926,0.9749003348692429
80.80808080808082,83.83838383838385,40.88359368798717,15.74696894443233,1.896833652905597
81.81818181818183,83.83838383838385,31.55182463541756,12.09373756253996,4.630380596337672
82.82828282828284,83.83838383838385,30.84771745476837,25.70141515488559,4.492109021033058
83.83838383838385,83.83838383838385,44.449550465980614,20.92947605899239,5.791638437511126
84.84848484848486,83.83838383838385,36.225196338112816,24.91501583576611,4.551772147368303
85.85858585858587,83.83838383838385,55.11326993168535,9.677044281853606,3.811191620626458
86.86868686868688,83.83838383838385,31.35289042204859,20.0933139900117,4.869142878532464
87.87878787878789,83.83838383838385,34.287867292558936,23.55422915080855,4.508880452258859
88.8888888888889,83.83838383838385,20.797040297296146,20.03616556381755,4.289739730661911
89.89898989898991,83.83838383838385,45.85084720484534,13.89906388292694,4.448624677156043
90.90909090909092,83.83838383838385,41.05375933554271,21.39335555561908,4.52318031192994
91.91919191919193,83.83838383838385,27.048278696763038,13.64241152603123,5.184528052813883
92.92929292929294,83.83838383838385,47.80634556904636,16.71302802939162,3.362403682371457
93.93939393939395,83.83838383838385,30.551706210469042,4.952459498213797,5.950159826232613
94.94949494949496,83.83838383838385,24.7160744900337,9.591501524467251,4.800123639487842
95.95959595959597,83.83838383838385,37.05169968461445,25.00830218997978,4.152707588111872
96.96969696969697,83.83838383838385,43.57085363515236,23.64178564791171,2.639481962172749
97.97979797979798,83.83838383838385,25.879210911205504,18.10431445856749,5.512851500263835
98.98989898989899,83.83838383838385,20.24179322080662,16.05070559462808,4.437322313368129
100.0,83.83838383838385,47.038315472112345,19.08444191480675,4.183044303926613
0.0,84.84848484848486,37.216107822215044,20.34676301019,3.767111530109334
1.01010101010101,84.84848484848486,40.94949920358364,30.22095645045837,4.32449922676054
2.02020202020202,84.84848484848486,37.39988145300502,19.65501917243395,4.390361798516813
3.03030303030303,84.84848484848486,28.706265112375505,15.54421115345585,4.409802597452769
4.040404040404041,84.84848484848486,19.840434471071156,12.86208399636299,4.329538129613698
5.050505050505051,84.84848484848486,8.612293428692567,12.43951431781263,4.386972194573814
6.060606060606061,84.84848484848486,33.79876559955461,16.71604615561069,4.671957251896311
7.070707070707071,84.84848484848486,29.996379984155485,8.016942758127955,5.038738832709896
8.080808080808081,84.84848484848486,30.49187902607025,16.5265503929583,4.464627294165652
9.090909090909092,84.84848484848486,35.08991222992048,23.40764680878375,4.685469066715164
10.1010101010101,84.84848484848486,34.40302432278709,13.20170994003428,4.614726810991524
11.11111111111111,84.84848484848486,28.756934264577403,8.832343531553398,3.750176317239536
12.12121212121212,84.84848484848486,7.344832611762621,13.06459253211117,2.168930615880359
13.13131313131313,84.84848484848486,30.414003802575998,16.96800875393077,1.714363828209477
14.14141414141414,84.84848484848486,11.967496508443237,14.65963075681376,1.538905513245943
15.15151515151515,84.84848484848486,6.155918684911703,14.6438507145908,1.41183060641933
16.16161616161616,84.84848484848486,10.092934699204918,16.23746252368952,0.6804333237949524
17.17171717171717,84.84848484848486,19.36924453827387,19.98094649690265,1.988111346825784
18.18181818181818,84.84848484848486,18.250183519631182,14.95261420761547,1.974702175164062
19.19191919191919,84.84848484848486,30.400035737487386,19.20426963294829,2.161896101856515
20.2020202020202,84.84848484848486,52.75543567954967,22.18753242059104,4.856609387195796
21.21212121212121,84.84848484848486,34.618731864647636,14.86415407902733,4.908292085830476
22.22222222222222,84.84848484848486,38.294857977027746,10.49781579915111,4.533977624694506
23.23232323232324,84.84848484848486,100.74124812460408,29.35304089874091,5.188179613488548
24.24242424242424,84.84848484848486,42.21408737284587,18.22718790326976,5.046971572314206
25.25252525252525,84.84848484848486,48.43639826504805,11.43952466165358,4.442644292746317
26.26262626262626,84.84848484848486,37.13235355337798,20.04753201331967,4.97041918105098
27.27272727272727,84.84848484848486,18.676282870075223,16.22554226128222,5.266326679936268
28.28282828282828,84.84848484848486,44.04854524006969,23.87984758277532,5.287502827230766
29.29292929292929,84.84848484848486,39.02940877230913,8.98761380514363,5.957663447216681
30.3030303030303,84.84848484848486,28.639472194503973,19.8304523863224,4.412103058435812
31.31313131313131,84.84848484848486,18.525918886919936,13.82502007428162,4.405282215068018
32.32323232323233,84.84848484848486,47.80594458369997,19.35124476809818,4.535075311190008
33.33333333333334,84.84848484848486,63.41389355747826,5.667920553030688,3.612510967700796
34.34343434343435,84.84848484848486,115.59631976106186,29.78606999936103,5.59867401591644
35.35353535353536,84.84848484848486,78.95260634016812,5.500498553283899,4.404291513432621
36.36363636363637,84.84848484848486,40.35635872993227,19.72355372593781,4.86882978107726
37.37373737373738,84.84848484848486,36.93477615871765,16.99459952990367,3.360893185049213
38.38383838383839,84.84848484848486,28.38718352258377,24.07624619780592,3.645928668397401
39.3939393939394,84.84848484848486,13.266733705747065,14.58187031601348,4.372108499269064
40.40404040404041,84.84848484848486,15.960187458927015,16.79044893110911,4.82818470988399
41.41414141414142,84.84848484848486,28.407279024718257,16.27880968611444,3.858189649624757
42.42424242424243,84.84848484848486,49.691707910503496,17.00474040261917,5.390041881268115
43.43434343434344,84.84848484848486,37.75659002352607,20.038730666086,1.551804850442508
44.44444444444445,84.84848484848486,40.219608056616565,11.22949689516961,1.896267093503827
45.45454545454546,84.84848484848486,8.663176752087878,27.28397581248624,1.062570432472904
46.46464646464647,84.84848484848486,10.389920432711897,24.49817322424263,0.7494993114460875
47.47474747474748,84.84848484848486,4.970398009868283,14.64840877155667,1.611043372626547
48.48484848484848,84.84848484848486,5.738926204011841,12.94737026124941,1.114142099385705
49.49494949494949,84.84848484848486,8.090760419401432,10.18367062727284,1.903531131909828
50.50505050505051,84.84848484848486,25.104542810831628,17.85106029740785,2.224365398484456
51.51515151515152,84.84848484848486,41.5726149602453,14.58972085158971,4.910980708366076
52.52525252525253,84.84848484848486,58.394044900109094,2.331720129083268,4.538097453304486
53.53535353535354,84.84848484848486,49.015531906053525,22.49133391237415,4.385620655267311
54.54545454545455,84.84848484848486,44.926999134816946,20.65246838086683,6.118853866706476
55.55555555555556,84.84848484848486,58.512645388278216,14.43917007857894,3.426746420113111
56.56565656565657,84.84848484848486,50.62439482855893,23.79293704508063,5.362529963793918
57.57575757575758,84.84848484848486,34.39393513402791,31.57026208979019,5.001692793552584
58.58585858585859,84.84848484848486,34.01635193132285,18.80235732934266,5.008240896658606
59.5959595959596,84.84848484848486,20.989142657166774,14.51264476552766,4.754635042057219
60.60606060606061,84.84848484848486,85.8979498606379,4.338183786098503,5.084229064947441
61.61616161616162,84.84848484848486,125.79457273739098,26.96352755352046,6.316778023990973
62.62626262626263,84.84848484848486,56.74670487292954,11.91195206800209,3.335079525503876
63.63636363636364,84.84848484848486,27.044313568544815,15.99101801866526,4.266224368755642
64.64646464646465,84.84848484848486,19.685745456214256,18.77133847601246,5.115920207273783
65.65656565656566,84.84848484848486,37.86157379975266,9.946695742672002,5.981019415738805
66.66666666666667,84.84848484848486,39.44141257007236,22.77663937244639,4.657884903688329
67.67676767676768,84.84848484848486,27.11409732275387,17.31139620834686,3.751790962572159
68.68686868686869,84.84848484848486,33.34106106286144,12.00661605656637,4.47827426106958
69.6969696969697,84.84848484848486,50.98263177058057,4.784146160633148,3.484509353342079
70.70707070707071,84.84848484848486,45.25504447562143,11.03131569586348,4.526611195010422
71.71717171717172,84.84848484848486,19.459452901947532,21.15715166342664,3.763240696269915
72.72727272727273,84.84848484848486,26.921721179381347,18.39724147201299,5.231891317246383
73.73737373737374,84.84848484848486,44.157858787536426,17.69754352849363,4.868290107666242
74.74747474747475,84.84848484848486,48.66184849929148,10.21622774731526,1.155244527622204
75.75757575757576,84.84848484848486,14.617716802086184,9.28123439499311,2.362187077252051
76.76767676767678,84.84848484848486,7.594667361265919,14.95830236652776,1.461719381823352
77.77777777777779,84.84848484848486,20.865858461855215,14.88202853734042,0.7236536809443961
78.7878787878788,84.84848484848486,22.560815229123946,27.94613330210176,1.782887903808253
79.7979797979798,84.84848484848486,17.462685867832015,12.28886111979883,2.1499142837459
80.80808080808082,84.84848484848486,20.9735598670676,17.07622933877622,0.01823619932580587
81.81818181818183,84.84848484848486,44.4801592178468,18.60082652963628,1.094773127917988
82.82828282828284,84.84848484848486,82.42788539595837,25.50058820396849,5.246120075454911
83.83838383838385,84.84848484848486,69.579459693337,9.932164490631848,3.180799495142997
84.84848484848486,84.84848484848486,27.27466077234393,24.01017205807561,4.001893844914598
85.85858585858587,84.84848484848486,18.63234923778394,14.5297028771263,4.946451948632941
86.86868686868688,84.84848484848486,18.84935564371507,15.18723960046785,5.2995630195225
87.87878787878789,84.84848484848486,55.47599494026692,9.84625030442901,5.268255328845378
88.8888888888889,84.84848484848486,24.24933933371298,11.68638813472723,4.950889739936403
89.89898989898991,84.84848484848486,49.366212795828076,25.87970124669377,4.323708939246122
90.90909090909092,84.84848484848486,93.85570393827342,34.39506362543583,4.9678291412397
91.91919191919193,84.84848484848486,78.24139137180408,6.99886425565399,5.451408043846727
92.92929292929294,84.84848484848486,69.99985451922687,27.14547147620591,5.087251193280673
93.93939393939395,84.84848484848486,31.171978134005265,10.39312555259666,4.021484880579015
94.94949494949496,84.84848484848486,40.75837636864006,9.342745223868718,4.658725393809541
95.95959595959597,84.84848484848486,41.14851814500797,25.4351862577323,4.910877305385213
96.96969696969697,84.84848484848486,33.63316584603736,28.74326353636879,4.403671227536085
97.97979797979798,84.84848484848486,27.205817513452267,14.43267947557017,4.498476575919604
98.98989898989899,84.84848484848486,14.80452627113637,14.12882370152048,4.637865973488021
100.0,84.84848484848486,20.524706414419228,22.85277290847965,4.417816143784131
0.0,85.85858585858587,44.431933178490645,6.692126835754651,4.523911909695641
1.01010101010101,85.85858585858587,43.31320327203464,21.19975355149041,5.260396320608377
2.02020202020202,85.85858585858587,37.50440958065276,31.80710534762613,4.486576436807495
3.03030303030303,85.85858585858587,36.321798219365725,26.67124280396309,5.352976870840331
4.040404040404041,85.85858585858587,52.216810073282446,23.29592496440775,4.429828504520411
5.050505050505051,85.85858585858587,53.87771133432591,10.45197324089344,4.39143207225283
6.060606060606061,85.85858585858587,40.44213808370912,18.54231781467266,5.176595752730797
7.070707070707071,85.85858585858587,28.379898241999687,18.81140998410945,4.17781976983634
8.080808080808081,85.85858585858587,43.28051735644253,5.077584289398809,4.408400102073029
9.090909090909092,85.85858585858587,31.732116612053503,11.62964235996387,5.511628467187641
10.1010101010101,85.85858585858587,38.21004595936102,18.06563695292235,4.385527204134553
11.11111111111111,85.85858585858587,22.112325599553657,23.5135855885706,1.09629077496727
12.12121212121212,85.85858585858587,9.516333106972315,14.36337524493875,0.9200853391931791
13.13131313131313,85.85858585858587,11.692843550067382,14.04487733330708,1.619332720663785
14.14141414141414,85.85858585858587,6.668596955894509,16.46794369731761,0.8850505183807698
15.15151515151515,85.85858585858587,8.697509689269793,14.47029960492653,1.14124369115362
16.16161616161616,85.85858585858587,8.144573447000607,5.796758764004837,1.672164777223759
17.17171717171717,85.85858585858587,11.794345717485104,13.5590077510299,1.511238505335902
18.18181818181818,85.85858585858587,18.801217319871807,18.54855377799502,1.951905867618975
19.19191919191919,85.85858585858587,26.928027577616284,4.464656145865444,1.251784855779472
20.2020202020202,85.85858585858587,35.99624829794131,20.01767071333731,1.36841910344452
21.21212121212121,85.85858585858587,23.167294228100715,11.95851262468441,4.77695116029917
22.22222222222222,85.85858585858587,32.2424016842782,13.06016384300922,5.240166596267008
23.23232323232324,85.85858585858587,72.96798128778269,1.018125180897508,3.557298628428617
24.24242424242424,85.85858585858587,30.622492486381823,11.22940061846582,3.746452901406689
25.25252525252525,85.85858585858587,19.53805763728577,9.866667523025484,4.156402387821314
26.26262626262626,85.85858585858587,23.474845934065698,18.5687480412406,3.652988805048259
27.27272727272727,85.85858585858587,22.8872158765546,17.53097671831849,4.30110023744657
28.28282828282828,85.85858585858587,37.447469624440245,14.55223050839047,4.429337974378127
29.29292929292929,85.85858585858587,32.62825372374542,6.793961563675031,4.636673283844787
30.3030303030303,85.85858585858587,22.306533065078398,15.01888222064064,4.456772022791456
31.31313131313131,85.85858585858587,17.591277111328623,17.03074061791332,3.966487002424648
32.32323232323233,85.85858585858587,13.809509607616665,17.49009555678999,4.484543308916705
33.33333333333334,85.85858585858587,34.370022885473276,13.83319244851798,3.66537536953636
34.34343434343435,85.85858585858587,31.36930986516944,17.3230946433394,4.905899210397738
35.35353535353536,85.85858585858587,28.435783327641836,19.21506936464997,4.156814222521422
36.36363636363637,85.85858585858587,38.92504459875488,13.15199338634868,4.399399809023267
37.37373737373738,85.85858585858587,70.81401022395607,0.0,4.405913127686143
38.38383838383839,85.85858585858587,50.27909231933828,31.36914630255812,3.199462522278367
39.3939393939394,85.85858585858587,30.47611679479266,12.28532212420939,4.354473873184785
40.40404040404041,85.85858585858587,25.211425641223105,17.99546943279233,3.640666840525789
41.41414141414142,85.85858585858587,82.01329312495493,24.14210700534348,5.008494643758492
42.42424242424243,85.85858585858587,46.38786431629774,12.85341058057846,1.231123576913913
43.43434343434344,85.85858585858587,12.509728436636543,21.53681297027317,0.8564493795741457
44.44444444444445,85.85858585858587,20.673696606791324,29.24715156643057,1.470500510329972
45.45454545454546,85.85858585858587,8.037031561318628,12.74736148800736,2.233263024988081
46.46464646464647,85.85858585858587,6.285756789663556,12.54403769219218,2.209948140626523
47.47474747474748,85.85858585858587,1.9229514283371207,19.36152256713209,1.316748073190592
48.48484848484848,85.85858585858587,9.933370891754455,17.20207081939367,1.338261131137514
49.49494949494949,85.85858585858587,5.555309372498127,18.15687944814792,0.9403054451690721
50.50505050505051,85.85858585858587,15.118003154733094,8.718307033648072,1.094565536451664
51.51515151515152,85.85858585858587,24.498718195436084,14.61621476540288,2.0125474950584
52.52525252525253,85.85858585858587,32.1115526356819,15.09061526387441,3.337903276228278
53.53535353535354,85.85858585858587,25.781920045902957,18.23025010296376,5.072110997762516
54.54545454545455,85.85858585858587,34.40619379587177,18.27965335643542,4.245026353806246
55.55555555555556,85.85858585858587,51.83031535036413,28.34802221014936,4.461080679378974
56.56565656565657,85.85858585858587,16.630799874636452,22.42173967633805,5.429155273142117
57.57575757575758,85.85858585858587,51.52233652861791,35.34151171911687,4.245962779594859
58.58585858585859,85.85858585858587,30.010854700162373,16.42814183846716,4.22832993186024
59.5959595959596,85.85858585858587,27.39336316696709,14.2820314857562,5.360722004455396
60.60606060606061,85.85858585858587,72.62434945964785,22.32585816098987,5.443528236804163
61.61616161616162,85.85858585858587,56.503548523589465,12.1131248999658,4.203926870587523
62.62626262626263,85.85858585858587,28.830565625786143,13.12371750797,4.010540424474671
63.63636363636364,85.85858585858587,19.51166280662712,28.85958806077486,2.951680914972762
64.64646464646465,85.85858585858587,33.42162868516002,22.08596220007723,4.973110159240238
65.65656565656566,85.85858585858587,54.696601311328436,14.12365051712976,3.660785660717805
66.66666666666667,85.85858585858587,71.4696581272578,27.83343575160697,4.920302560647563
67.67676767676768,85.85858585858587,81.51876662867025,7.182667921670836,3.066372723878296
68.68686868686869,85.85858585858587,65.49420427737871,25.42473454402906,4.714562763409007
69.6969696969697,85.85858585858587,38.622637345653075,20.19858837889153,4.501334228301082
70.70707070707071,85.85858585858587,59.57957412455882,31.40585812926544,4.253543112124215
71.71717171717172,85.85858585858587,39.395086114785144,11.41682620649826,4.224998186812864
72.72727272727273,85.85858585858587,32.46121835877926,12.51095148493108,4.144626698731113
73.73737373737374,85.85858585858587,32.01370457695872,11.75803339940039,0.9852784997636068
74.74747474747475,85.85858585858587,14.57032835839997,19.2831436093727,0.3079215580238487
75.75757575757576,85.85858585858587,20.79177080406884,16.68490485828237,2.458044004840183
76.76767676767678,85.85858585858587,6.65138074594017,10.39413548335838,2.033317370714282
77.77777777777779,85.85858585858587,10.224557398446594,15.72070473142353,1.686520213308651
78.7878787878788,85.85858585858587,9.177581626071863,20.18554133368257,1.781533695326151
79.7979797979798,85.85858585858587,10.20507279804383,17.75825392669688,1.798908330870746
80.80808080808082,85.85858585858587,11.628062999846824,9.943145574115784,0.8535324936798981
81.81818181818183,85.85858585858587,10.916972246010491,7.722040040194469,1.495163584505297
82.82828282828284,85.85858585858587,40.72644099406351,23.38007101360976,1.625126867034494
83.83838383838385,85.85858585858587,29.125684605654786,15.76815045052355,3.399604070492227
84.84848484848486,85.85858585858587,32.997804190175515,21.34520361430294,4.645252894076521
85.85858585858587,85.85858585858587,44.0612319067047,14.48481388634739,4.498602923760767
86.86868686868688,85.85858585858587,44.01602500961439,22.39919749923015,4.522628259464761
87.87878787878789,85.85858585858587,117.79517048581585,37.56188935181817,4.921138676412863
88.8888888888889,85.85858585858587,68.35438583291099,9.488736347160177,5.161521126986456
89.89898989898991,85.85858585858587,55.513370692210586,25.96134706239465,5.634753432885925
90.90909090909092,85.85858585858587,55.11230357478011,15.62574396006498,3.918944070416026
91.91919191919193,85.85858585858587,37.17441884713478,16.80690573528703,5.110168976177365
92.92929292929294,85.85858585858587,51.66210046143151,29.1781634606378,4.669193850478907
93.93939393939395,85.85858585858587,79.33774986913086,6.812440889160962,4.031635495316684
94.94949494949496,85.85858585858587,77.46702822689886,30.01936997212538,4.028412306657843
95.95959595959597,85.85858585858587,56.050476417116826,11.17183868892268,5.766509797055427
96.96969696969697,85.85858585858587,39.77604645656311,27.90926398851427,4.787554213866704
97.97979797979798,85.85858585858587,40.78247743442578,17.5866796234035,4.356347158950812
98.98989898989899,85.85858585858587,33.43315349567674,10.94186122566536,4.390325059124956
100.0,85.85858585858587,27.935760394738054,25.40556002691189,4.17126907581374
0.0,86.86868686868688,54.27981128316953,6.557884733961286,5.482247212051043
1.01010101010101,86.86868686868688,21.604613663136174,19.14206019789613,3.649978428328238
2.02020202020202,86.86868686868688,34.44144060950005,18.5032335307738,4.342547762666745
3.03030303030303,86.86868686868688,46.63623847177037,26.0053477073224,4.281662649479983
4.040404040404041,86.86868686868688,78.69243664787957,8.826567423221386,4.38575892450292
5.050505050505051,86.86868686868688,66.5803202030694,30.41483590033697,4.779000890525154
6.060606060606061,86.86868686868688,68.5312872069242,31.88188031742778,5.406922283953354
7.070707070707071,86.86868686868688,33.41952348750995,16.40961097671106,4.684361375286145
8.080808080808081,86.86868686868688,21.813148095700825,14.14578391922398,3.264882717060562
9.090909090909092,86.86868686868688,23.200524968338193,8.229053166006059,4.811083002826275
10.1010101010101,86.86868686868688,25.469472100706994,10.61878462248108,1.249757503316039
11.11111111111111,86.86868686868688,12.683532781252893,16.76329143301097,0.637425801197952
12.12121212121212,86.86868686868688,11.335970874313936,20.43911983483877,0.6883958487838371
13.13131313131313,86.86868686868688,29.249180105364157,16.91258792592396,2.688679405253072
14.14141414141414,86.86868686868688,12.38396891419536,12.97222921681364,1.785119713032816
15.15151515151515,86.86868686868688,17.76778297628433,17.57558218163491,2.183910590210794
16.16161616161616,86.86868686868688,9.100772857589405,16.55323389563187,1.407416454579234
17.17171717171717,86.86868686868688,4.138252026719123,13.68694711477157,1.601739987918507
18.18181818181818,86.86868686868688,11.865640832426816,17.78104972222159,0.7878393797040752
19.19191919191919,86.86868686868688,13.599545548347578,12.2373716385081,2.039002918436818
20.2020202020202,86.86868686868688,9.257347969371,11.3809639507581,1.345020238645952
21.21212121212121,86.86868686868688,38.497073526332855,12.26480796049127,1.739391622460894
22.22222222222222,86.86868686868688,63.65117348355918,26.19096571333472,3.834856920574842
23.23232323232324,86.86868686868688,42.66767840339698,7.701245523787152,5.656529587339583
24.24242424242424,86.86868686868688,24.84474895898844,17.60134046152197,4.268395732748445
25.25252525252525,86.86868686868688,28.677928196080092,19.8221692332746,4.109943932181035
26.26262626262626,86.86868686868688,27.81425544508126,9.229577127958743,4.348834300021692
27.27272727272727,86.86868686868688,81.61222999233031,2.481562231338077,5.003679849140305
28.28282828282828,86.86868686868688,54.872137777825046,23.60640051058845,4.597799787167009
29.29292929292929,86.86868686868688,35.36545905202671,14.53400187119441,4.925063054382789
30.3030303030303,86.86868686868688,46.381752122561664,8.316027312925986,4.126814078527666
31.31313131313131,86.86868686868688,64.25430493113258,33.38755631929988,3.587230687060118
32.32323232323233,86.86868686868688,19.315841224066688,16.60037884220522,5.164625521037419
33.33333333333334,86.86868686868688,36.78398519729279,17.65899786895918,5.433080396040393
34.34343434343435,86.86868686868688,24.201559722875157,18.852903178414,4.279375546447874
35.35353535353536,86.86868686868688,36.68393096236243,8.28882552654779,5.899809788320524
36.36363636363637,86.86868686868688,37.56417114926929,19.69013187191894,4.851050973628139
37.37373737373738,86.86868686868688,28.0840856576444,17.27677627760151,3.930925591604606
38.38383838383839,86.86868686868688,28.72547913173179,16.0317989281472,3.684232339581652
39.3939393939394,86.86868686868688,33.06765374298827,28.91873170154338,3.674278982614201
40.40404040404041,86.86868686868688,43.25066645409554,19.48700949639355,4.279252393991129
41.41414141414142,86.86868686868688,46.143853208843325,12.48438541398506,0.918179063602351
42.42424242424243,86.86868686868688,6.902671466746036,12.13793980489586,1.13835922898031
43.43434343434344,86.86868686868688,15.301275502652148,21.10410482048135,1.357521688982489
44.44444444444445,86.86868686868688,15.93442289829149,12.39337219394883,1.704902575027631
45.45454545454546,86.86868686868688,8.91402232058604,9.493128224484584,1.27769245046333
46.46464646464647,86.86868686868688,7.497355560314025,14.96051846771182,0.9968182587327566
47.47474747474748,86.86868686868688,8.027344809198434,14.35594881560985,1.852208997446201
48.48484848484848,86.86868686868688,26.168375684855008,18.46331927007554,2.477206739505605
49.49494949494949,86.86868686868688,17.137822601011173,23.32951548729304,0.4561518188994284
50.50505050505051,86.86868686868688,2.910414149485625,8.625327122435046,1.443067170167452
51.51515151515152,86.86868686868688,8.0756966933484,9.695623998782018,1.493789422633339
52.52525252525253,86.86868686868688,37.01405387594111,11.14092530392411,2.222819872418358
53.53535353535354,86.86868686868688,75.28155560248422,24.97579071894364,5.303449547189751
54.54545454545455,86.86868686868688,33.03067181262892,16.22875764922112,3.233649038736893
55.55555555555556,86.86868686868688,43.405898796277434,16.31976959525388,3.046728338905018
56.56565656565657,86.86868686868688,31.044581160074948,16.22741409219471,5.800461054254094
57.57575757575758,86.86868686868688,42.93089765290124,11.45249996765117,5.30348684155291
58.58585858585859,86.86868686868688,22.32970342941165,15.11550265002352,5.101408620630154
59.5959595959596,86.86868686868688,52.213685759227836,23.02487153698586,5.494404013067452
60.60606060606061,86.86868686868688,49.2236549227878,17.28859019074548,2.665766675693327
61.61616161616162,86.86868686868688,38.23411577133844,18.82548159097034,4.526720950158476
62.62626262626263,86.86868686868688,47.51851754317954,30.41980475620132,3.97070155061013
63.63636363636364,86.86868686868688,16.460867227062998,15.89133619292793,5.116208670474392
64.64646464646465,86.86868686868688,30.812162181801405,16.28159777453475,4.467408901247531
65.65656565656566,86.86868686868688,49.90469042466789,28.31996512457923,4.213451723099913
66.66666666666667,86.86868686868688,40.54974607813655,19.55499906299369,4.198297788102714
67.67676767676768,86.86868686868688,45.32530995629154,14.95308342183138,6.179985766911503
68.68686868686869,86.86868686868688,43.03125300308567,17.68131613535677,2.87167287907276
69.6969696969697,86.86868686868688,18.501703860988957,18.2458870542473,4.510152156766491
70.70707070707071,86.86868686868688,20.26069889251106,26.21118231535607,4.079756645086301
71.71717171717172,86.86868686868688,48.52179574912502,19.53342218161879,4.375361087111084
72.72727272727273,86.86868686868688,32.40099110665601,7.99902544077054,1.286773511625054
73.73737373737374,86.86868686868688,5.5860133785422885,14.19626031666188,1.349115110567653
74.74747474747475,86.86868686868688,7.573419898920784,15.03837255194523,1.17251296998306
75.75757575757576,86.86868686868688,11.895597403033427,10.64729517981154,2.994709348589918
76.76767676767678,86.86868686868688,5.897213786930267,15.08381113330699,1.36011260779829
77.77777777777779,86.86868686868688,9.767055952416634,12.73120552619101,1.271329258524633
78.7878787878788,86.86868686868688,7.253213175243332,22.30170693995148,1.191755566112431
79.7979797979798,86.86868686868688,3.7212599849088592,12.04311090936964,2.003226326263701
80.80808080808082,86.86868686868688,5.834659283064989,11.52232520845574,1.76232390868394
81.81818181818183,86.86868686868688,4.893635871583735,10.62473468831213,1.589389932983041
82.82828282828284,86.86868686868688,10.406539149863669,14.7435217465024,0.877208264647147
83.83838383838385,86.86868686868688,43.34840106167191,16.86685812157364,1.202017699552421
84.84848484848486,86.86868686868688,78.17322892405517,30.62967696934739,4.849431925478775
85.85858585858587,86.86868686868688,88.14296514829996,29.04643162117021,5.665516666457827
86.86868686868688,86.86868686868688,46.28106689177331,17.21054022351855,3.819897185113237
87.87878787878789,86.86868686868688,40.601075204954256,19.78784578005156,3.338224242567359
88.8888888888889,86.86868686868688,39.138884087033595,17.12396824010089,4.691186041616789
89.89898989898991,86.86868686868688,45.43151531560253,28.02996186334662,5.029641155396636
90.90909090909092,86.86868686868688,48.8904171290294,16.09074048211747,3.736227654707845
91.91919191919193,86.86868686868688,30.42013500100397,25.35240619636018,4.411780667395509
92.92929292929294,86.86868686868688,34.63775209656738,21.82772784362544,4.149448215018277
93.93939393939395,86.86868686868688,63.85477667136014,27.45416924099817,4.671327485470946
94.94949494949496,86.86868686868688,60.02205299468355,8.186620518859812,4.695515636462385
95.95959595959597,86.86868686868688,51.38875201215055,5.348498696993172,4.937769292920763
96.96969696969697,86.86868686868688,42.73321869880896,25.53332331863482,4.220061321490594
97.97979797979798,86.86868686868688,61.450347027679754,32.13685065834433,4.433421150049557
98.98989898989899,86.86868686868688,39.79574822216391,18.21649104437831,4.269275818586409
100.0,86.86868686868688,33.07315642223419,25.93453211220453,4.890449935989461
0.0,87.87878787878789,86.37615387787451,29.61185241610994,5.376153521553865
1.01010101010101,87.87878787878789,37.11148856692131,13.1025017245539,5.304321454026506
2.02020202020202,87.87878787878789,34.64082642723818,22.64996532968434,5.045706824360211
3.03030303030303,87.87878787878789,45.43620988224793,14.39977612680479,4.156694600116923
4.040404040404041,87.87878787878789,31.812379314749315,24.0885337337307,4.554819688746337
5.050505050505051,87.87878787878789,16.594742176974815,19.63708007171596,5.711454873587107
6.060606060606061,87.87878787878789,26.993032058945627,18.68303097985799,5.202533170701599
7.070707070707071,87.87878787878789,8.30953751451544,17.9846234542941,4.594257178082293
8.080808080808081,87.87878787878789,34.60294560214882,22.09998232255299,3.274153092067414
9.090909090909092,87.87878787878789,32.105482393235704,9.296797420496985,0.4527997663861324
10.1010101010101,87.87878787878789,14.158685838918164,10.88725494808593,0.5745026903457251
11.11111111111111,87.87878787878789,27.52539468185116,16.80975032954366,2.400791817317842
12.12121212121212,87.87878787878789,17.074671568349608,11.70727546650079,2.030552896437289
13.13131313131313,87.87878787878789,19.78605442573783,3.368416219484809,1.461479186085987
14.14141414141414,87.87878787878789,5.867485565481868,11.31455271350761,1.745114423765606
15.15151515151515,87.87878787878789,9.385162576618873,15.57829568516798,1.251385563598161
16.16161616161616,87.87878787878789,3.8206811209731395,10.13208511978085,1.673784775165444
17.17171717171717,87.87878787878789,5.397946910177726,9.089913391544869,1.770164376996781
18.18181818181818,87.87878787878789,7.828642721458602,17.99371603332941,0.422381471132159
19.19191919191919,87.87878787878789,7.462897049942717,12.24391968752652,0.8579717142867496
20.2020202020202,87.87878787878789,15.765370357090266,8.0844666225268,0.7462778213026823
21.21212121212121,87.87878787878789,37.89141446015592,21.62121823328167,2.515986468586063
22.22222222222222,87.87878787878789,56.16670814847842,7.763604623922217,1.779671883125009
23.23232323232324,87.87878787878789,50.0636508258125,19.9215278102264,4.309360377947425
24.24242424242424,87.87878787878789,33.68667218248099,25.69433049668979,4.029828112435492
25.25252525252525,87.87878787878789,33.24795475236947,11.82672581568729,4.640597589301822
26.26262626262626,87.87878787878789,31.357922250206766,20.57495379958524,2.656158334066822
27.27272727272727,87.87878787878789,86.96549172326938,33.32619907354103,4.562140386942937
28.28282828282828,87.87878787878789,38.85318659916623,36.53195519639664,4.129757347935689
29.29292929292929,87.87878787878789,41.23434392423344,19.80666868042977,4.985412399434623
30.3030303030303,87.87878787878789,33.33517462525858,14.64734718973287,4.404642402949408
31.31313131313131,87.87878787878789,43.71901215432806,7.954680964616513,4.331109781085693
32.32323232323233,87.87878787878789,48.0224860145678,11.93477592361909,5.028428369028001
33.33333333333334,87.87878787878789,96.73639668165161,33.20955296739393,5.190303724917205
34.34343434343435,87.87878787878789,60.82146992654708,7.674688016226423,4.589030658548385
35.35353535353536,87.87878787878789,38.02957945853447,20.82342674449507,4.1432056768458
36.36363636363637,87.87878787878789,18.781324958525047,12.26652982157116,4.658004880692753
37.37373737373738,87.87878787878789,28.85059335695152,14.62856206148688,4.097741285367337
38.38383838383839,87.87878787878789,22.45746042820281,17.90954721360453,4.278599891343297
39.3939393939394,87.87878787878789,57.07294058139323,24.9613807872168,4.635579181059569
40.40404040404041,87.87878787878789,42.25371653681977,14.14999567479851,1.629263833990525
41.41414141414142,87.87878787878789,7.1295170197981035,8.336033650283829,1.274175039867498
42.42424242424243,87.87878787878789,11.201271636872148,13.64496397314157,1.629527346892777
43.43434343434344,87.87878787878789,28.547940163033303,0.0,2.162981024732987
44.44444444444445,87.87878787878789,33.49795025119118,16.85542996264638,2.756900474733149
45.45454545454546,87.87878787878789,11.337049946996649,22.05220102888732,0.8916416596519068
46.46464646464647,87.87878787878789,4.692630330729947,14.62677747152101,1.205505870297177
47.47474747474748,87.87878787878789,6.8138351488936255,14.43414773131826,1.855259230321337
48.48484848484848,87.87878787878789,16.512801918644016,11.28078780844729,1.597712149641961
49.49494949494949,87.87878787878789,23.436199914114198,14.5992794810554,2.456360685517133
50.50505050505051,87.87878787878789,12.629342966316287,14.43608367539407,0.5230544247962265
51.51515151515152,87.87878787878789,4.726501821834581,17.65998107016258,1.106233221457101
52.52525252525253,87.87878787878789,12.45614981456847,18.56499156942147,1.092886250652458
53.53535353535354,87.87878787878789,40.35595822576123,25.86088717023355,2.281318979656961
54.54545454545455,87.87878787878789,39.23917157032783,20.43800430422443,3.755031437874305
55.55555555555556,87.87878787878789,62.98062299839002,0.0,3.727635113475658
56.56565656565657,87.87878787878789,36.78548746060498,18.10867513213374,4.160749503826795
57.57575757575758,87.87878787878789,35.26786266151521,24.57907711729572,3.799196340052342
58.58585858585859,87.87878787878789,24.543814808126353,16.20175773179011,3.777865227650506
59.5959595959596,87.87878787878789,53.3342671301714,34.42254201936842,2.830044905538121
60.60606060606061,87.87878787878789,24.351127814446592,10.60708411476562,4.16587371500149
61.61616161616162,87.87878787878789,44.814774254177,13.90897727654888,2.967642191372779
62.62626262626263,87.87878787878789,33.884926108194946,16.10791538669493,4.589265475762126
63.63636363636364,87.87878787878789,28.39582033423353,17.16654276235807,3.92578974158412
64.64646464646465,87.87878787878789,46.00183878781296,26.21047353262547,3.957606757248081
65.65656565656566,87.87878787878789,42.20388133314833,17.33446068020878,4.104110395808346
66.66666666666667,87.87878787878789,42.95719882583562,5.434778151595095,4.10121079675997
67.67676767676768,87.87878787878789,59.696380632428486,8.404212133107144,3.979043864458444
68.68686868686869,87.87878787878789,22.127546094911537,13.92358657797869,5.792814896539872
69.6969696969697,87.87878787878789,8.914880495874396,18.93523515745548,4.832756600854365
70.70707070707071,87.87878787878789,40.52056182895738,14.33373007405758,6.882811643459518
71.71717171717172,87.87878787878789,38.98983535923924,12.10905297848706,2.085267016382381
72.72727272727273,87.87878787878789,15.920180067819977,6.840788728170502,0.9182502018830594
73.73737373737374,87.87878787878789,8.491032884591094,12.18545599763004,1.932618141967893
74.74747474747475,87.87878787878789,4.076031823702106,13.93807948501754,1.467835310576194
75.75757575757576,87.87878787878789,5.139371806636738,13.52076180395946,1.409135171970902
76.76767676767678,87.87878787878789,8.467426288310701,14.37509500066168,0.9214354001820777
77.77777777777779,87.87878787878789,13.368226700651626,14.50475449914142,2.082302652267964
78.7878787878788,87.87878787878789,8.650727080146527,13.13534719079744,1.506934297917868
79.7979797979798,87.87878787878789,3.1177196244857175,15.82195834679377,1.474693881781589
80.80808080808082,87.87878787878789,5.455213341622088,8.855357566880574,1.809631488773189
81.81818181818183,87.87878787878789,6.438944589008276,10.1435054040028,0.9884518052716054
82.82828282828284,87.87878787878789,8.407903695677277,11.66571934268566,1.560300111748615
83.83838383838385,87.87878787878789,7.214689216637158,17.30212356315294,1.429493059646747
84.84848484848486,87.87878787878789,32.678181116886776,14.95336667030238,1.973807187903059
85.85858585858587,87.87878787878789,61.863012716475616,5.202691808648973,5.043515272429548
86.86868686868688,87.87878787878789,61.524984054658006,22.90936236792504,5.070926452530128
87.87878787878789,87.87878787878789,56.101544550404626,9.855505930492951,3.757513061296226
88.8888888888889,87.87878787878789,34.43147046469827,8.557705087718542,3.512153675611405
89.89898989898991,87.87878787878789,38.7141317208449,22.30469559144806,4.755529478982798
90.90909090909092,87.87878787878789,36.8384960397088,21.88595111504668,5.572982605678857
91.91919191919193,87.87878787878789,35.76461617385592,29.53662598369718,4.555694790827447
92.92929292929294,87.87878787878789,50.62676775091741,17.10780225874972,3.310659684616972
93.93939393939395,87.87878787878789,24.668171145285378,28.35731488266281,3.564930096683234
94.94949494949496,87.87878787878789,30.944066033476567,18.41763450556595,5.114709985781026
95.95959595959597,87.87878787878789,28.68974512704264,23.31009719135736,4.314804253578215
96.96969696969697,87.87878787878789,18.564252795798062,19.78639203904545,3.98004751138759
97.97979797979798,87.87878787878789,24.700388785026995,14.70578262157005,4.213736217139828
98.98989898989899,87.87878787878789,19.565461285578813,11.07063707949509,5.608205150773917
100.0,87.87878787878789,22.376083942524147,19.83148157360856,4.917961952877182
0.0,88.8888888888889,55.80461041041095,25.18817989132557,4.48675952351853
1.01010101010101,88.8888888888889,38.01253484136278,19.21781108397188,4.323823448065606
2.02020202020202,88.8888888888889,26.120181572348734,25.57904301935668,4.679599013405818
3.03030303030303,88.8888888888889,23.384220399093444,19.52922525572993,4.394264839380739
4.040404040404041,88.8888888888889,15.1709818154882,24.06172346079911,4.72368030011854
5.050505050505051,88.8888888888889,13.744995037163491,19.13315489600713,5.036709152287246
6.060606060606061,88.8888888888889,27.803461988385518,18.12889239659676,5.181840684492737
7.070707070707071,88.8888888888889,27.6135477106076,26.09878995371766,3.064725835448097
8.080808080808081,88.8888888888889,23.751624371519487,17.60400550473952,2.189146143801382
9.090909090909092,88.8888888888889,10.441081339325917,14.00513634886,1.931872647937722
10.1010101010101,88.8888888888889,8.046070824953624,14.03461504737632,1.405541135625512
11.11111111111111,88.8888888888889,21.744213766639255,8.838620999847898,1.200742921732467
12.12121212121212,88.8888888888889,35.96090191000675,22.46176982098464,2.08955265088575
13.13131313131313,88.8888888888889,21.856053644497173,4.001756607446696,0.0
14.14141414141414,88.8888888888889,12.43014933752716,13.76770416024253,1.072080967171899
15.15151515151515,88.8888888888889,17.595511655936818,25.44110524729168,1.38986884548908
16.16161616161616,88.8888888888889,9.353235858892422,15.87626482004042,1.417176971779645
17.17171717171717,88.8888888888889,7.981169911843704,5.178732820437348,1.871087149385663
18.18181818181818,88.8888888888889,10.839021165140204,21.04477622129256,1.003157783089424
19.19191919191919,88.8888888888889,6.787875511915813,17.72036215173316,1.04586023371931
20.2020202020202,88.8888888888889,11.884886144606956,7.532787004696449,0.674817755475041
21.21212121212121,88.8888888888889,16.469552585931922,15.42521557538136,1.610731523275738
22.22222222222222,88.8888888888889,18.871423444262888,16.64392893184862,2.358047006390267
23.23232323232324,88.8888888888889,55.640785136441075,11.88997362621148,1.480930556925231
24.24242424242424,88.8888888888889,80.11196769048506,22.38586516716204,6.411225180106491
25.25252525252525,88.8888888888889,42.71148119320306,21.95640095319316,5.119079640938716
26.26262626262626,88.8888888888889,25.317517754091092,19.56343780903852,3.473233448136571
27.27272727272727,88.8888888888889,49.04865791360671,12.9473524905529,3.271544490560351
28.28282828282828,88.8888888888889,38.5262030784164,17.68707492633781,5.149543305416278
29.29292929292929,88.8888888888889,50.35020577795801,7.21933284226798,6.554948612955617
30.3030303030303,88.8888888888889,38.645986182243846,30.78548216543045,3.357672991390399
31.31313131313131,88.8888888888889,22.362828750211555,19.1045421673357,3.579676246302753
32.32323232323233,88.8888888888889,20.97264310448636,16.56436105582077,5.340771386183056
33.33333333333334,88.8888888888889,47.96780663146788,19.32773199043561,5.761140502018467
34.34343434343435,88.8888888888889,63.19292725600967,6.655742942153137,3.845915102746721
35.35353535353536,88.8888888888889,68.89000057949835,22.92035462198967,5.271570548667462
36.36363636363637,88.8888888888889,48.44561604537697,13.47351843484571,4.597009107424701
37.37373737373738,88.8888888888889,73.40788329393826,30.81530509462122,4.799126453214974
38.38383838383839,88.8888888888889,55.40598008904843,18.60343056258716,5.005975595170064
39.3939393939394,88.8888888888889,44.01243915426285,11.87873949880262,2.408733270660065
40.40404040404041,88.8888888888889,6.872349168617599,16.14427994377797,1.20561939329029
41.41414141414142,88.8888888888889,13.083488347305488,6.76278685479409,1.033689144470626
42.42424242424243,88.8888888888889,4.833237757094027,9.343673936064148,2.107883852463871
43.43434343434344,88.8888888888889,8.347619517390157,10.52748713089836,1.599517113148054
44.44444444444445,88.8888888888889,18.834933039049027,9.001715331788361,1.232100411835915
45.45454545454546,88.8888888888889,9.69153872622651,12.15275572321936,2.356784086144825
46.46464646464647,88.8888888888889,6.159668303404339,20.15985259886751,1.116428032270507
47.47474747474748,88.8888888888889,7.809072687200379,14.00442204238166,1.257793230226151
48.48484848484848,88.8888888888889,10.103579592653734,12.77442643192368,2.33023172473535
49.49494949494949,88.8888888888889,10.985080377372455,13.34799806157622,1.010149596374236
50.50505050505051,88.8888888888889,4.284553244895578,14.22674736956491,0.9051064868689646
51.51515151515152,88.8888888888889,6.089396106528959,12.66097669641077,1.631048044014407
52.52525252525253,88.8888888888889,7.152411762008569,12.38908481370738,1.162357518982187
53.53535353535354,88.8888888888889,17.02141238916448,16.2195863866074,1.694860588973767
54.54545454545455,88.8888888888889,18.076608345766438,20.32876025107127,1.896311860494828
55.55555555555556,88.8888888888889,23.137352459131698,13.70672016603117,3.655840136484659
56.56565656565657,88.8888888888889,22.906998561160552,9.29525307757032,4.342568523917453
57.57575757575758,88.8888888888889,20.212211044107352,8.425308093524693,4.17309458042029
58.58585858585859,88.8888888888889,56.72403889244633,13.20871270115786,3.582261386252974
59.5959595959596,88.8888888888889,117.26895282305142,35.04140991627548,5.485651190264632
60.60606060606061,88.8888888888889,60.58716241543643,19.91942295631122,4.194510944468707
61.61616161616162,88.8888888888889,58.23798086114316,33.58684187689463,4.199191872839406
62.62626262626263,88.8888888888889,17.44576073528352,28.0923087726288,4.393403361634293
63.63636363636364,88.8888888888889,65.66078641887206,25.67160250763958,4.8378200016913
64.64646464646465,88.8888888888889,90.83550556211105,5.521000325467922,3.558105372480781
65.65656565656566,88.8888888888889,61.78259534770401,31.72220022274635,3.478139061674188
66.66666666666667,88.8888888888889,53.95824121778972,13.35386503631869,5.564269229528933
67.67676767676768,88.8888888888889,77.00585155531151,27.94623118447847,5.542412761410785
68.68686868686869,88.8888888888889,25.246971496565624,17.27507487355712,4.636566478051736
69.6969696969697,88.8888888888889,45.55191726499412,27.07369017102745,3.691836749854623
70.70707070707071,88.8888888888889,41.21823137537024,15.03700696550059,1.689547327694372
71.71717171717172,88.8888888888889,5.248445368498169,14.9686563947574,1.461804046722693
72.72727272727273,88.8888888888889,11.712004408702693,16.29778387097499,1.823166073891149
73.73737373737374,88.8888888888889,13.041279459733106,9.17819618927482,1.56266561701
74.74747474747475,88.8888888888889,11.473807080951055,20.74348308667584,1.419219796261704
75.75757575757576,88.8888888888889,5.395978830102438,9.983233981468176,1.857228933548507
76.76767676767678,88.8888888888889,2.835173911591408,16.12716493386782,1.059147060982504
77.77777777777779,88.8888888888889,13.25685191276247,19.25802985500822,0.9406397070111008
78.7878787878788,88.8888888888889,14.871115691042547,6.696546071999405,0.884470671501719
79.7979797979798,88.8888888888889,9.142112304636271,18.28069653821597,1.321877463361858
80.80808080808082,88.8888888888889,7.2930955543497245,13.21359384682277,0.8923684890080973
81.81818181818183,88.8888888888889,11.467353264203414,21.03825710559166,0.7009820133805864
82.82828282828284,88.8888888888889,15.073995349257382,22.49019938560854,1.416521660844992
83.83838383838385,88.8888888888889,12.412362010765891,7.536094480040596,1.545435993518119
84.84848484848486,88.8888888888889,10.420415219144585,17.61455419723909,1.469285722133555
85.85858585858587,88.8888888888889,28.653065622921574,10.84165002757937,0.9517033503838819
86.86868686868688,88.8888888888889,56.346131636366124,21.75302104684696,4.117694188252399
87.87878787878789,88.8888888888889,103.15122968925307,28.65793174283659,5.104994361729348
88.8888888888889,88.8888888888889,58.96876657709944,5.872749965040271,4.358557402537448
89.89898989898991,88.8888888888889,27.078791491355595,21.54716251021893,3.621737773869776
90.90909090909092,88.8888888888889,50.625086900924984,12.15588383006555,5.343635448370766
91.91919191919193,88.8888888888889,24.953359237217555,20.36072568825199,5.143409807971521
92.92929292929294,88.8888888888889,21.955446668351605,33.92942283478369,3.030844104500974
93.93939393939395,88.8888888888889,30.71552233299676,28.8997050250245,4.196037276519508
94.94949494949496,88.8888888888889,65.22042030492169,7.512996377909746,5.25139119259083
95.95959595959597,88.8888888888889,47.09363782281645,22.28092644140204,5.069953438594387
96.96969696969697,88.8888888888889,15.832725263065669,17.44813092848636,4.132671684842918
97.97979797979798,88.8888888888889,13.949760604845695,14.36834234149114,4.409230465099782
98.98989898989899,88.8888888888889,21.39277519107561,16.856986870748,5.285597353731046
100.0,88.8888888888889,12.781203608610744,20.30062083242479,4.921701532383921
0.0,89.89898989898991,93.4854020239303,5.869578002254229,3.69752599406041
1.01010101010101,89.89898989898991,86.17279997170576,26.55839840733664,5.83717029441024
2.02020202020202,89.89898989898991,40.68147276331763,20.36083661714361,4.47534836758053
3.03030303030303,89.89898989898991,11.004721142408599,23.67606288221947,3.377554820164895
4.040404040404041,89.89898989898991,16.410068727931698,29.29649142627009,3.483419760612323
5.050505050505051,89.89898989898991,45.04394534153211,16.61640605273767,4.627665765937401
6.060606060606061,89.89898989898991,128.77823250160085,31.10602313081262,5.9639357500193
7.070707070707071,89.89898989898991,58.9385490338004,13.20973742372405,2.087481763820772
8.080808080808081,89.89898989898991,17.302118725576545,22.04324057278661,2.122816625158636
9.090909090909092,89.89898989898991,10.22529528758016,20.77653254126389,1.307359686179325
10.1010101010101,89.89898989898991,7.203128480033911,12.46591123338938,1.764476892751905
11.11111111111111,89.89898989898991,10.029201583196013,20.03844446619054,1.118375781664958
12.12121212121212,89.89898989898991,21.983433372581874,12.86870531319108,0.7391140840705693
13.13131313131313,89.89898989898991,12.566973625796862,9.525908310179013,2.184169681334339
14.14141414141414,89.89898989898991,11.342527144546217,6.994479544222219,0.7698058637053271
15.15151515151515,89.89898989898991,12.193902739432444,12.89861664323436,1.108888438611298
16.16161616161616,89.89898989898991,4.175427912223247,9.437995944684122,1.726745783220061
17.17171717171717,89.89898989898991,5.493337486724629,14.11233896420771,0.5950075568180349
18.18181818181818,89.89898989898991,9.249979995296062,3.144445547825198,1.674617899115503
19.19191919191919,89.89898989898991,8.77872487621206,14.69692520592929,1.050395087143888
20.2020202020202,89.89898989898991,5.241935307786884,13.76034527159561,1.341566412058773
21.21212121212121,89.89898989898991,4.435197047061807,15.86336458378625,1.429986080133207
22.22222222222222,89.89898989898991,8.270069820997662,21.80758912610484,1.157037494641722
23.23232323232324,89.89898989898991,7.805604471085752,4.308855207461468,2.515155475948476
24.24242424242424,89.89898989898991,48.38283134784722,7.846242755916397,2.560065228416033
25.25252525252525,89.89898989898991,41.38117462139777,19.17975454211243,3.891424462630178
26.26262626262626,89.89898989898991,22.71806714281625,18.92035155757777,4.539116536120007
27.27272727272727,89.89898989898991,37.591335903820166,15.60406724517938,3.496424749618631
28.28282828282828,89.89898989898991,23.907578322564557,21.36139169254675,4.177809218965185
29.29292929292929,89.89898989898991,30.07280984427028,20.61941714795034,4.72845055278674
30.3030303030303,89.89898989898991,13.768240337205881,19.69629826393308,3.99362479567236
31.31313131313131,89.89898989898991,6.99104488149017,18.64479324846776,3.692506248222594
32.32323232323233,89.89898989898991,31.517765172587676,16.65573569027953,4.562446118672849
33.33333333333334,89.89898989898991,54.246842147944655,23.52890429968907,5.676738968108081
34.34343434343435,89.89898989898991,46.23101273561696,20.64570935086573,4.251051497606042
35.35353535353536,89.89898989898991,67.30272191726934,8.770150949526577,3.869262260597278
36.36363636363637,89.89898989898991,45.59084893436986,20.18400351427395,5.255794845597779
37.37373737373738,89.89898989898991,55.72973602302406,21.12078664373651,3.925250633648844
38.38383838383839,89.89898989898991,46.77260659839106,9.40022766286358,0.7743176769161915
39.3939393939394,89.89898989898991,7.229010296592385,10.47273093317194,1.272367538851805
40.40404040404041,89.89898989898991,5.598128031178261,14.40810102689357,1.192854990648766
41.41414141414142,89.89898989898991,13.789463626193072,17.43817736457819,1.749932218934437
42.42424242424243,89.89898989898991,8.489945678328427,13.55210923677324,1.362380883536035
43.43434343434344,89.89898989898991,16.831666155486094,4.844326904565201,1.835482204078081
44.44444444444445,89.89898989898991,14.029900060232496,9.493492338631393,2.923554352269475
45.45454545454546,89.89898989898991,6.367043153984014,16.73087217815734,1.347140015208329
46.46464646464647,89.89898989898991,13.471738800552899,10.65458261172163,1.292351316941373
47.47474747474748,89.89898989898991,6.5725102921221294,16.20747878364728,1.396977030694162
48.48484848484848,89.89898989898991,5.979446998537302,14.84239619522328,1.989812315832351
49.49494949494949,89.89898989898991,4.517433347540034,11.56591440081337,1.569743820424178
50.50505050505051,89.89898989898991,11.52901678314887,11.3627013574919,1.435255265611046
51.51515151515152,89.89898989898991,12.522981614893524,19.86823175647569,1.503384257246354
52.52525252525253,89.89898989898991,6.378115460856195,21.49748019954133,0.8271577592934943
53.53535353535354,89.89898989898991,10.758470863010373,9.662239403684008,1.558686949586689
54.54545454545455,89.89898989898991,10.633621714099073,19.12568381737464,1.414775835024014
55.55555555555556,89.89898989898991,22.652225551574872,14.92332172357811,1.941522067308345
56.56565656565657,89.89898989898991,48.72104983859439,23.97307658022021,3.423128007495333
57.57575757575758,89.89898989898991,32.53152340276331,6.756746410810925,5.982790704076359
58.58585858585859,89.89898989898991,44.177303646188506,21.54876391287729,4.791777259063956
59.5959595959596,89.89898989898991,60.403424843449244,16.39360587902721,4.363735382682508
60.60606060606061,89.89898989898991,33.926919319020044,9.036434640616466,5.170858280907156
61.61616161616162,89.89898989898991,40.70427313123575,15.50893782481865,5.348432114910081
62.62626262626263,89.89898989898991,54.64050943496112,26.51023897336569,4.58410211771494
63.63636363636364,89.89898989898991,84.28694710244699,7.619284913037186,3.107619776696417
64.64646464646465,89.89898989898991,64.34776478171695,26.26970123853297,3.945977992591507
65.65656565656566,89.89898989898991,44.072946762718445,6.949184599143066,4.189724929878439
66.66666666666667,89.89898989898991,45.19082829685753,5.823996634951094,4.653442998241858
67.67676767676768,89.89898989898991,43.069852142481686,27.06104598223126,4.570870067455789
68.68686868686869,89.89898989898991,38.79705109468199,17.4940189298729,4.908995821305964
69.6969696969697,89.89898989898991,41.18439521304008,18.25195147996369,1.127920900806497
70.70707070707071,89.89898989898991,14.36142202805102,22.6152658389266,1.722625308296966
71.71717171717172,89.89898989898991,7.918385483248737,17.85800984538137,1.576258571992182
72.72727272727273,89.89898989898991,1.915203418393241,16.8612200967264,1.774849858461237
73.73737373737374,89.89898989898991,7.1150076937846,15.67500708741936,1.711767167410213
74.74747474747475,89.89898989898991,9.942008106586256,16.19249296366558,1.143777628079216
75.75757575757576,89.89898989898991,8.644747710958427,12.60612181841763,2.162053818485282
76.76767676767678,89.89898989898991,15.455524547912322,15.70474367832416,1.40673911243945
77.77777777777779,89.89898989898991,29.220376801318707,15.96440666328473,2.870639529317305
78.7878787878788,89.89898989898991,12.908297564762048,17.86835964609444,1.180983820595646
79.7979797979798,89.89898989898991,16.989966384603107,20.63515301952318,1.419209549951353
80.80808080808082,89.89898989898991,25.65317318742439,19.20089544996594,0.1136427583322439
81.81818181818183,89.89898989898991,18.703937631523743,21.47941739256045,1.668076876545588
82.82828282828284,89.89898989898991,13.057837571833886,15.48449019735211,1.455612808915675
83.83838383838385,89.89898989898991,3.875316457988761,9.887670988483976,1.392008449538814
84.84848484848486,89.89898989898991,7.533550799621955,10.13940975236591,1.738803522469154
85.85858585858587,89.89898989898991,12.50618946224376,5.180443850658193,1.244029528004908
86.86868686868688,89.89898989898991,24.057522531455255,17.01464609209155,1.573215820231197
87.87878787878789,89.89898989898991,51.8252476906787,3.990179704810923,5.10959510119449
88.8888888888889,89.89898989898991,43.14159793765775,20.96429893098742,4.000573078565321
89.89898989898991,89.89898989898991,26.050859137745757,22.96470571164327,4.040890368888872
90.90909090909092,89.89898989898991,68.31786063283622,28.37404026737126,5.554198119932571
91.91919191919193,89.89898989898991,36.683722180153474,18.44896829734191,4.141268197143105
92.92929292929294,89.89898989898991,17.711783405461652,22.46235040044836,3.629535485401309
93.93939393939395,89.89898989898991,41.553595711729955,22.64156674469689,5.464018062853199
94.94949494949496,89.89898989898991,43.267676753182656,16.16373397211165,5.584604095746759
95.95959595959597,89.89898989898991,28.82224910704332,12.79649778595355,4.011949356065804
96.96969696969697,89.89898989898991,15.94819530745367,17.25434927687046,3.768893578085913
97.97979797979798,89.89898989898991,25.72566935849232,28.26521741623419,2.945859349312272
98.98989898989899,89.89898989898991,20.08170481624168,16.3382409884868,4.107005745442406
100.0,89.89898989898991,25.927086105170627,20.23572622220036,3.69482475138031
0.0,90.90909090909092,26.44152116283597,18.30425592824246,4.235395190620826
1.01010101010101,90.90909090909092,34.230365607397204,21.58890577958056,3.682131998095715
2.02020202020202,90.90909090909092,67.96435123264959,8.492733795244174,3.77174984360912
3.03030303030303,90.90909090909092,28.858122315730512,16.94716055741839,5.009528503248602
4.040404040404041,90.90909090909092,40.45487188744353,22.04399415046578,4.93752442609348
5.050505050505051,90.90909090909092,36.80031790662853,11.32019036039625,4.414087314366706
6.060606060606061,90.90909090909092,48.88162669860496,21.64197130791752,1.318413722355814
7.070707070707071,90.90909090909092,6.3146734093500525,12.31996444430828,1.736153444587728
8.080808080808081,90.90909090909092,12.215496098012638,16.17437151386488,1.526571064079639
9.090909090909092,90.90909090909092,24.467132706621303,10.73711021776759,1.03989119494698
10.1010101010101,90.90909090909092,24.046402674744698,0.8014447042920338,1.290381430979301
11.11111111111111,90.90909090909092,15.20654572014915,21.10918563631919,1.772496118682361
12.12121212121212,90.90909090909092,14.098665409367813,21.68412810913586,1.652256290334882
13.13131313131313,90.90909090909092,5.63758560119253,13.12673790377636,1.79414925069289
14.14141414141414,90.90909090909092,16.460375062123493,25.91154634117612,0.6575544832718521
15.15151515151515,90.90909090909092,11.65007484039078,14.20127001687697,2.190609484182827
16.16161616161616,90.90909090909092,4.3546261607693575,9.471367348641532,1.784569146536557
17.17171717171717,90.90909090909092,5.299628193921459,21.25667849858053,0.848961951957577
18.18181818181818,90.90909090909092,12.507301914828084,16.15601569051216,0.8119044943327596
19.19191919191919,90.90909090909092,20.011980980100656,18.98426252213101,1.804777045757798
20.2020202020202,90.90909090909092,11.532294907308529,18.16239244286755,0.9974813055456315
21.21212121212121,90.90909090909092,12.222248747000146,7.560812302500562,1.835368144199791
22.22222222222222,90.90909090909092,7.011611445030871,15.36415806737127,1.504114489793309
23.23232323232324,90.90909090909092,10.177122603788147,9.60324093844253,1.212597313300986
24.24242424242424,90.90909090909092,5.249585685314735,14.75549428559292,0.934473764295039
25.25252525252525,90.90909090909092,47.16972420255685,9.274786715670453,1.36570838570968
26.26262626262626,90.90909090909092,40.95369768503616,24.36670618939635,4.77094876514387
27.27272727272727,90.90909090909092,49.40771049460015,27.70905828472274,4.57303803237583
28.28282828282828,90.90909090909092,79.64522039514853,9.406820452092964,4.081027450792567
29.29292929292929,90.90909090909092,57.070360494138704,28.22008715126849,4.979476139632387
30.3030303030303,90.90909090909092,37.53788310056299,15.99732280823913,5.024137584362244
31.31313131313131,90.90909090909092,31.855655702487745,11.99969974550087,4.858310432855195
32.32323232323233,90.90909090909092,58.82102157260266,25.50923556242544,4.894892118065266
33.33333333333334,90.90909090909092,62.86895445395675,8.082973758653711,5.217853532140993
34.34343434343435,90.90909090909092,28.73742759061333,21.13011849271245,5.24786642610416
35.35353535353536,90.90909090909092,36.38071432175765,19.74262242086997,4.572428141529414
36.36363636363637,90.90909090909092,69.42097925829042,32.19945919061458,4.626590583002046
37.37373737373738,90.90909090909092,47.0326965256148,13.22960674447472,1.796865273321555
38.38383838383839,90.90909090909092,9.540831025118594,16.8970222888501,1.588896096509829
39.3939393939394,90.90909090909092,5.628918356816081,10.09862795199352,1.687916340597482
40.40404040404041,90.90909090909092,7.983168055688289,10.9465145845681,1.302863142720355
41.41414141414142,90.90909090909092,13.204330349229448,17.98634056261984,1.349030944909726
42.42424242424243,90.90909090909092,16.973809055228493,12.97361134578571,0.5672706765103304
43.43434343434344,90.90909090909092,24.719495318021146,27.47482761559245,1.44993072388444
44.44444444444445,90.90909090909092,16.487450697597126,11.57850315225377,1.069036522558434
45.45454545454546,90.90909090909092,14.719729399488106,10.98075123055656,1.562600344020973
46.46464646464647,90.90909090909092,20.57179006938968,21.32853884670892,1.935316967711104
47.47474747474748,90.90909090909092,7.516157288508688,19.02308969839722,1.47928596125989
48.48484848484848,90.90909090909092,9.029367757217637,18.00985346338513,1.940460680187241
49.49494949494949,90.90909090909092,12.045562918526631,12.44471659001201,1.472753704038773
50.50505050505051,90.90909090909092,27.243457449348604,22.28604776376541,1.955682467138505
51.51515151515152,90.90909090909092,15.715790839921963,8.755177278489159,1.67279024277805
52.52525252525253,90.90909090909092,8.133189465851956,14.66346058629518,1.711998828823881
53.53535353535354,90.90909090909092,14.184639679323737,16.23130742589285,1.906513622577188
54.54545454545455,90.90909090909092,13.163465474964198,9.478410957603774,1.047510425834123
55.55555555555556,90.90909090909092,13.878741180612897,10.11519374809808,1.43398440523386
56.56565656565657,90.90909090909092,28.31097337180298,16.3352447676398,1.444974284434201
57.57575757575758,90.90909090909092,20.31800911831401,10.42909086989671,5.831219077456442
58.58585858585859,90.90909090909092,44.86569903595477,17.93831280475732,4.29470010120113
59.5959595959596,90.90909090909092,67.51364220275732,1.582374151023471,4.513475289460834
60.60606060606061,90.90909090909092,42.50688150737443,19.13827251113716,4.419106899009836
61.61616161616162,90.90909090909092,57.5003929005119,22.43136049858589,5.032105904652617
62.62626262626263,90.90909090909092,62.03873167836814,11.38190640039396,3.627138392553406
63.63636363636364,90.90909090909092,28.12461322710361,16.7476859899067,4.924814849919237
64.64646464646465,90.90909090909092,24.22099821246317,17.84821581438262,4.751751112550858
65.65656565656566,90.90909090909092,30.659156551770067,10.27531601996854,4.635368932647416
66.66666666666667,90.90909090909092,38.79653246393386,18.59313625428904,3.337665063119785
67.67676767676768,90.90909090909092,56.71974490263281,25.08961597515933,5.196156152254544
68.68686868686869,90.90909090909092,41.88565225872474,10.29671136028199,3.843621554549907
69.6969696969697,90.90909090909092,6.761175487562897,22.18908622903732,1.004875613212074
70.70707070707071,90.90909090909092,8.643652393822096,17.35414037989298,1.396986247762338
71.71717171717172,90.90909090909092,12.642374772487162,15.79432478865496,0.970537149920796
72.72727272727273,90.90909090909092,7.2696493479685795,15.13873485620098,2.147003431253318
73.73737373737374,90.90909090909092,5.784003663446458,15.3574684146457,2.044409835729224
74.74747474747475,90.90909090909092,10.909106976069332,15.43267922066281,1.964910864565252
75.75757575757576,90.90909090909092,15.712537968852047,19.01356490088676,2.062895769376549
76.76767676767678,90.90909090909092,30.758430812071758,19.42124412323469,2.574753756184923
77.77777777777779,90.90909090909092,29.098296344743932,12.15273111898916,0.4213976000363938
78.7878787878788,90.90909090909092,14.497199181796038,14.35065533676918,1.717476485024927
79.7979797979798,90.90909090909092,24.088277248415498,1.770208660848426,0.9792248154442424
80.80808080808082,90.90909090909092,21.043404124392797,20.03158795138125,1.719012154160443
81.81818181818183,90.90909090909092,13.541915203157803,21.52235331540944,1.348952046700632
82.82828282828284,90.90909090909092,26.953404591780483,17.51696402757906,0.09659791550689506
83.83838383838385,90.90909090909092,7.574195784674284,12.75043256423517,1.137639596098299
84.84848484848486,90.90909090909092,5.889966846422071,13.86444806454484,1.764349852332873
85.85858585858587,90.90909090909092,6.450980979685407,13.30120037924577,1.585351040919335
86.86868686868688,90.90909090909092,5.810489824568377,13.91938576357262,1.44006291517686
87.87878787878789,90.90909090909092,30.1563994834648,16.96255203282588,1.88169215948604
88.8888888888889,90.90909090909092,71.44477693393449,26.43130034942849,4.757747536426785
89.89898989898991,90.90909090909092,40.99923107534818,20.03827873137113,3.846634711597595
90.90909090909092,90.90909090909092,52.92743031733796,29.0336276578436,4.234817908195215
91.91919191919193,90.90909090909092,54.07631079912292,8.097996156449481,5.47139739731473
92.92929292929294,90.90909090909092,22.34266180960006,20.25337438472646,3.915370348869694
93.93939393939395,90.90909090909092,71.3685443482173,11.90528398567139,2.988684980602055
94.94949494949496,90.90909090909092,71.30096358893022,30.75584718566503,4.5568363167999
95.95959595959597,90.90909090909092,48.348985624044644,10.51711654818114,4.782139856530938
96.96969696969697,90.90909090909092,30.692062580810735,19.47717114011025,4.611477836062789
97.97979797979798,90.90909090909092,60.83296701315016,6.947546515858487,4.990877549627192
98.98989898989899,90.90909090909092,41.48496135270004,27.02806341224471,3.759046805021413
100.0,90.90909090909092,56.42661815451313,21.04501902916818,5.689535049046419
0.0,91.91919191919193,19.287428785121445,19.49756943993236,5.080635193155414
1.01010101010101,91.91919191919193,32.527862427353796,13.78485833915183,4.899042617533442
2.02020202020202,91.91919191919193,75.64057354766967,31.61178910181391,4.570287128257482
3.03030303030303,91.91919191919193,51.957816117725216,22.55022337464865,5.258901226852118
4.040404040404041,91.91919191919193,62.55136031461098,7.169317488572546,5.10982825025208
5.050505050505051,91.91919191919193,60.39049328538748,23.00045501745356,3.910054293786188
6.060606060606061,91.91919191919193,25.518078491025406,8.623743840857326,2.152983309552041
7.070707070707071,91.91919191919193,7.053710466546591,21.8466246660128,1.373969822075998
8.080808080808081,91.91919191919193,17.263397562725512,21.595366932707,1.603260644816636
9.090909090909092,91.91919191919193,37.65131150294749,27.20929867272482,2.549857134461547
10.1010101010101,91.91919191919193,19.6055613567798,19.01209930467095,1.564535266613432
11.11111111111111,91.91919191919193,7.9336934393422744,19.74649046489152,1.497238113339987
12.12121212121212,91.91919191919193,12.635124741519395,17.78320311928641,1.102950557475031
13.13131313131313,91.91919191919193,9.000676632898486,10.30453134391285,2.384102498164159
14.14141414141414,91.91919191919193,28.5837904857535,20.69353768301249,2.447219782364935
15.15151515151515,91.91919191919193,14.150805767541954,18.13237000179705,1.799274781306245
16.16161616161616,91.91919191919193,8.23458247112912,18.16512209139407,1.010981158580078
17.17171717171717,91.91919191919193,4.2721501100307995,23.38063621645006,1.006075713293665
18.18181818181818,91.91919191919193,15.779235527821001,18.78699225057431,1.555372092837497
19.19191919191919,91.91919191919193,22.220715092557754,12.16746481888247,0.8489980820067158
20.2020202020202,91.91919191919193,19.30746627112805,21.60184232872247,2.014484162855745
21.21212121212121,91.91919191919193,14.491645119974928,20.24543950971388,1.99975905232706
22.22222222222222,91.91919191919193,16.457012810523974,10.419252005695,1.716334323878654
23.23232323232324,91.91919191919193,22.153033975169745,18.21377138999644,2.082906589366766
24.24242424242424,91.91919191919193,12.290084311611945,21.51037979146599,1.172595179018199
25.25252525252525,91.91919191919193,34.943754583828216,27.09654188098202,1.27942590715476
26.26262626262626,91.91919191919193,69.12930137298774,24.2553707209851,5.592515964429046
27.27272727272727,91.91919191919193,28.232453519668514,19.33119454891359,5.174394219279775
28.28282828282828,91.91919191919193,35.10647803342193,19.91731041202812,5.806969013292515
29.29292929292929,91.91919191919193,21.42134402259432,23.73483530732585,4.952358899597366
30.3030303030303,91.91919191919193,57.478016296023476,28.51110895931608,5.141440607513244
31.31313131313131,91.91919191919193,25.30146828915165,23.87486903754328,3.624395430334903
32.32323232323233,91.91919191919193,24.599976482362663,22.80373425501654,3.846335025790449
33.33333333333334,91.91919191919193,50.67886807027822,8.084814613327877,4.142714565179574
34.34343434343435,91.91919191919193,40.45892600203346,22.06025271597768,4.913315342592157
35.35353535353536,91.91919191919193,9.747571862058187,19.13919385682535,5.232120157613146
36.36363636363637,91.91919191919193,50.208711415366224,21.48046490783525,4.566214797791187
37.37373737373738,91.91919191919193,19.710676261255706,13.37015574694336,1.724084673288458
38.38383838383839,91.91919191919193,3.3651773095237747,12.59530317430541,1.67768128433649
39.3939393939394,91.91919191919193,5.354565572510692,12.94622458208861,1.796279200812446
40.40404040404041,91.91919191919193,15.898526370625726,12.4340123941887,2.45161163365041
41.41414141414142,91.91919191919193,18.6293339005102,15.89412356825003,0.2897427671304839
42.42424242424243,91.91919191919193,10.294124201904141,10.87105829943353,1.358614009787814
43.43434343434344,91.91919191919193,14.508597322711275,13.36003048585208,2.383178517402921
44.44444444444445,91.91919191919193,11.475694213952607,22.76455390613654,1.349084665295525
45.45454545454546,91.91919191919193,13.680995556837317,26.04522697837378,1.603268850482372
46.46464646464647,91.91919191919193,9.17831709277936,17.64974371211733,1.345866181693935
47.47474747474748,91.91919191919193,7.183717953600288,15.80003538167622,1.488527735524981
48.48484848484848,91.91919191919193,4.26666696356429,15.50409841080517,1.784689668144705
49.49494949494949,91.91919191919193,10.256932104197027,22.48823129144968,1.087766020705454
50.50505050505051,91.91919191919193,10.70865322630909,6.915161248187806,2.325606964933966
51.51515151515152,91.91919191919193,9.52753879110193,13.33705138733347,1.71609272022168
52.52525252525253,91.91919191919193,11.569569022938662,22.14679665570612,1.535884956639926
53.53535353535354,91.91919191919193,9.258074044715961,15.58258771196939,1.087708175550357
54.54545454545455,91.91919191919193,13.939933081995742,19.6229301649173,1.012081520096249
55.55555555555556,91.91919191919193,16.205744718618533,19.50776043489106,2.146622226522765
56.56565656565657,91.91919191919193,12.217756907809434,18.37559848365749,1.745778094582277
57.57575757575758,91.91919191919193,33.40421703846508,11.03282397566172,4.837207274311662
58.58585858585859,91.91919191919193,78.72816182784315,29.54043344610327,4.880166697573182
59.5959595959596,91.91919191919193,58.59855799326947,16.89350962548534,3.875541130804193
60.60606060606061,91.91919191919193,46.444333502521395,25.11722831349751,4.420020893632872
61.61616161616162,91.91919191919193,80.47590213819734,4.066277340871807,3.123257684069597
62.62626262626263,91.91919191919193,52.13661899986279,18.38597807667134,5.243563772053757
63.63636363636364,91.91919191919193,22.30736294849265,15.48238626960465,4.670387390539436
64.64646464646465,91.91919191919193,30.06310825684139,10.20502197864628,4.535717374770406
65.65656565656566,91.91919191919193,38.44954199079495,18.47074270435835,5.421742938479325
66.66666666666667,91.91919191919193,35.34447244252,24.45531964370687,4.070610644793517
67.67676767676768,91.91919191919193,47.925404068608685,18.11541595772239,3.823948734596963
68.68686868686869,91.91919191919193,20.573151228696794,29.06044312276948,0.9087179935330059
69.6969696969697,91.91919191919193,8.598608859108916,10.28891408923668,1.573411686830269
70.70707070707071,91.91919191919193,10.755235754263296,19.00337886572171,1.749332638080366
71.71717171717172,91.91919191919193,11.413949990183681,17.1745826502148,1.571517821993823
72.72727272727273,91.91919191919193,12.581758918515918,22.56360289469253,1.804890768819728
73.73737373737374,91.91919191919193,12.206206043834626,24.44347022616622,0.6138661284540865
74.74747474747475,91.91919191919193,7.792487076710189,10.86547878751632,0.7788817354632789
75.75757575757576,91.91919191919193,11.961227545069017,16.03578227405568,0.5002451111744927
76.76767676767678,91.91919191919193,18.307007115370496,16.45951539412292,0.6409271487082253
77.77777777777779,91.91919191919193,5.719369818481871,8.80354250651935,1.862638943941932
78.7878787878788,91.91919191919193,5.558462627251492,6.816006618274985,1.854758761830704
79.7979797979798,91.91919191919193,7.856632744473616,13.39120535660587,1.114147316992558
80.80808080808082,91.91919191919193,6.44597284818046,11.94123423621738,1.726493107127639
81.81818181818183,91.91919191919193,14.98647819194598,19.57384486123265,0.7358850398668055
82.82828282828284,91.91919191919193,31.69213151061269,25.99554051094144,1.865881011903345
83.83838383838385,91.91919191919193,10.34846064101809,15.09522643913015,1.410437273166896
84.84848484848486,91.91919191919193,9.053733149929105,21.13771272992053,1.317990463929493
85.85858585858587,91.91919191919193,8.874930302189135,16.51479847885784,0.8684659622006317
86.86868686868688,91.91919191919193,6.828452277210285,12.62029545622669,1.302785795934819
87.87878787878789,91.91919191919193,11.95121588943596,20.76134305045,1.700522824499708
88.8888888888889,91.91919191919193,57.918191277300764,17.36094884633676,1.403567245087324
89.89898989898991,91.91919191919193,76.70320381766575,28.0519966043747,4.663241681489727
90.90909090909092,91.91919191919193,47.82285404054993,17.20276429157596,4.092498026090002
91.91919191919193,91.91919191919193,51.53487233496948,32.02100738870227,3.58767444826759
92.92929292929294,91.91919191919193,15.470048353765574,18.4602802237124,4.752433161518514
93.93939393939395,91.91919191919193,16.73885822633066,23.06778686963556,3.669012507262594
94.94949494949496,91.91919191919193,32.45469605784111,16.671437940594,5.953299951357184
95.95959595959597,91.91919191919193,35.730144592181674,19.01293136246403,5.957336285318156
96.96969696969697,91.91919191919193,29.640752797965604,22.12357853960493,3.910191982445326
97.97979797979798,91.91919191919193,39.49633370940212,24.39039973151901,4.401142725608697
98.98989898989899,91.91919191919193,42.42544316067045,11.3003420143331,4.886616279734127
100.0,91.91919191919193,50.02836961593169,15.52090700844962,0.8737922421882238
0.0,92.92929292929294,24.835508215711116,23.97329268046319,4.332346677143339
1.01010101010101,92.92929292929294,25.22890531903874,16.88134046980123,4.573907663471195
2.02020202020202,92.92929292929294,29.535682319445858,12.97470907322097,4.407269835842678
3.03030303030303,92.92929292929294,27.887014922770973,15.11379018533823,3.459834863583239
4.040404040404041,92.92929292929294,41.15372940537294,14.85702127984874,5.342671258154324
5.050505050505051,92.92929292929294,40.95322574509767,7.361852938716968,1.766005421108521
6.060606060606061,92.92929292929294,13.324840481685815,13.11836622438436,0.7071639580210003
7.070707070707071,92.92929292929294,14.235470033510211,20.38564301311171,1.645666275693505
8.080808080808081,92.92929292929294,27.26223585047742,14.7263253769612,1.009369751248308
9.090909090909092,92.92929292929294,23.926467564557406,21.59397622796042,2.379391487720603
10.1010101010101,92.92929292929294,12.53045737712516,13.43964800938453,1.476854983052916
11.11111111111111,92.92929292929294,11.194844404350619,18.86154778614315,0.8383342709326611
12.12121212121212,92.92929292929294,17.749938418333418,17.554505711842,2.223729945256043
13.13131313131313,92.92929292929294,9.114758790809038,15.87593780582397,1.796831964430965
14.14141414141414,92.92929292929294,14.184690000990122,9.519557087802719,1.470756319191292
15.15151515151515,92.92929292929294,11.691350731577408,12.1735346393135,0.8062252402926269
16.16161616161616,92.92929292929294,11.219768052053393,14.05262613755662,0.4488247560361509
17.17171717171717,92.92929292929294,16.059329143090245,19.16898099452878,1.266553732832795
18.18181818181818,92.92929292929294,29.838031256099654,22.33455239941614,2.312354444377242
19.19191919191919,92.92929292929294,17.376749493732788,19.73188715195612,1.17595359342983
20.2020202020202,92.92929292929294,10.595698729285644,21.22216431729312,1.314833368992155
21.21212121212121,92.92929292929294,16.52604993213328,23.55194227753686,1.962037974042345
22.22222222222222,92.92929292929294,15.481590222363725,17.00422818392596,2.106928470654404
23.23232323232324,92.92929292929294,17.91301094263435,13.03439991856507,0.6434857211471424
24.24242424242424,92.92929292929294,16.718591736647085,9.151041296758667,1.055250683892829
25.25252525252525,92.92929292929294,23.292019142881287,17.34807348887813,2.421945700055906
26.26262626262626,92.92929292929294,51.71711732525161,19.86092008909453,0.7617693719006018
27.27272727272727,92.92929292929294,50.27804227001573,16.8618298175914,3.857118338990519
28.28282828282828,92.92929292929294,69.7252147371312,31.51427640054809,5.118289915154421
29.29292929292929,92.92929292929294,38.566657531278814,15.26983165721589,5.616620106945872
30.3030303030303,92.92929292929294,23.158465563446995,14.51002229234374,4.961569800913673
31.31313131313131,92.92929292929294,22.374104300638013,18.37045315407688,4.071474715616786
32.32323232323233,92.92929292929294,11.381434106346653,21.10553716103851,4.432959683428722
33.33333333333334,92.92929292929294,36.6474452116306,19.65254553539875,5.0076075912881
34.34343434343435,92.92929292929294,57.88192682023747,9.04587090654142,3.559485954377881
35.35353535353536,92.92929292929294,40.51975322702809,16.0859375228076,5.055327080221278
36.36363636363637,92.92929292929294,36.02382927600026,13.53021388804322,1.864431012865269
37.37373737373738,92.92929292929294,3.770688639181512,14.12114648409947,1.715153441648754
38.38383838383839,92.92929292929294,5.254356010607331,10.26174370431864,1.69867907034623
39.3939393939394,92.92929292929294,5.104826041455983,16.811212908411,1.034942070577392
40.40404040404041,92.92929292929294,8.116569552051859,9.427453557397435,1.720222803520652
41.41414141414142,92.92929292929294,9.486835285793486,11.31330234601674,2.07022606757835
42.42424242424243,92.92929292929294,12.135822288804814,16.35128200721528,1.302767317031809
43.43434343434344,92.92929292929294,20.54699217272919,0.0,1.526297022864881
44.44444444444445,92.92929292929294,14.927620040688938,9.322589941728268,1.642914603936073
45.45454545454546,92.92929292929294,18.287646975769267,16.52735216881124,2.461494885239901
46.46464646464647,92.92929292929294,10.084234167442252,12.47121845978642,1.828444033692517
47.47474747474748,92.92929292929294,19.472341768883915,9.243799222880687,0.4102570030299861
48.48484848484848,92.92929292929294,14.91060409180849,10.87050246915816,2.768959410158757
49.49494949494949,92.92929292929294,20.667766404776156,1.041771803416667,1.109834169259419
50.50505050505051,92.92929292929294,5.459698507878093,20.11656922637708,0.8067189707790102
51.51515151515152,92.92929292929294,10.51293947399026,18.70621273754671,0.5855000214579092
52.52525252525253,92.92929292929294,7.02376665903728,12.18631420657968,2.038409528623144
53.53535353535354,92.92929292929294,9.730083043510309,12.99188389632813,1.540144832702833
54.54545454545455,92.92929292929294,14.790107255758256,18.1730471057354,2.242991079072808
55.55555555555556,92.92929292929294,11.898398828544334,20.91736936202306,1.732313307037344
56.56565656565657,92.92929292929294,10.14633361771834,14.35524048692154,1.586097585813185
57.57575757575758,92.92929292929294,19.96194157069081,16.10303901968178,2.43928910978482
58.58585858585859,92.92929292929294,47.51695156175187,17.13672612740989,3.843037972057337
59.5959595959596,92.92929292929294,64.73300582242183,3.522364123331303,3.873726392616053
60.60606060606061,92.92929292929294,52.37409257429132,22.54852966370555,5.609482456800889
61.61616161616162,92.92929292929294,42.11494327144022,8.741521701081592,5.994383362488206
62.62626262626263,92.92929292929294,37.57702675116365,13.16923953771837,3.856957331266381
63.63636363636364,92.92929292929294,46.77117407340717,20.75110748586299,4.87910003636991
64.64646464646465,92.92929292929294,23.260634271788938,10.9794994709216,4.384368828543495
65.65656565656566,92.92929292929294,26.671742811385013,14.65975281433436,3.636572007812333
66.66666666666667,92.92929292929294,62.429517791375766,8.428950164590567,3.147700988458504
67.67676767676768,92.92929292929294,94.99048333671557,26.6872002959532,4.748964275780066
68.68686868686869,92.92929292929294,36.25671186438804,10.47483305185581,0.9897800771313758
69.6969696969697,92.92929292929294,4.137440546676016,14.6637024563712,1.034965033112178
70.70707070707071,92.92929292929294,10.37265803472146,10.89306153347717,2.068254604345932
71.71717171717172,92.92929292929294,19.74005504814704,15.90601135883965,0.8162505508524998
72.72727272727273,92.92929292929294,15.435420845325751,16.39051752303386,2.322942014568667
73.73737373737374,92.92929292929294,7.3582663911857455,15.38608326573399,0.9863449781588243
74.74747474747475,92.92929292929294,5.930302952142311,8.55659573217045,1.260870418162107
75.75757575757576,92.92929292929294,14.211476829599365,15.34677529520859,1.41377720521715
76.76767676767678,92.92929292929294,15.384665010169478,20.20672223872224,1.778903470401968
77.77777777777779,92.92929292929294,8.829101962127545,14.55748482847554,0.9892694631576328
78.7878787878788,92.92929292929294,5.071989832448876,17.65328222401868,0.9537904938502093
79.7979797979798,92.92929292929294,7.9873435333598595,13.9233686866602,1.808869188945433
80.80808080808082,92.92929292929294,6.72100863933008,16.90297545763826,1.223052320840663
81.81818181818183,92.92929292929294,5.49218239297358,16.66276575296767,1.164791301285337
82.82828282828284,92.92929292929294,11.071858868006654,20.44661027880684,1.460522964476404
83.83838383838385,92.92929292929294,6.468973406565992,17.35816409035085,1.274160688529441
84.84848484848486,92.92929292929294,10.340859214381457,10.09687295461797,1.498200030251875
85.85858585858587,92.92929292929294,10.676556784032314,15.36354726683861,1.788777344352953
86.86868686868688,92.92929292929294,5.903108431658996,10.6352323885275,1.287567493039453
87.87878787878789,92.92929292929294,14.952748712048663,13.69885815072515,1.510241594050328
88.8888888888889,92.92929292929294,13.791259953622877,23.31141068156164,1.598786557132924
89.89898989898991,92.92929292929294,40.162572730484094,9.488685762723417,4.699351261367012
90.90909090909092,92.92929292929294,41.29071758033796,21.43592751651406,4.86352715701603
91.91919191919193,92.92929292929294,72.80351776154875,10.57279219800832,4.818351468984165
92.92929292929294,92.92929292929294,31.42592184928019,26.76945459440999,4.144077836089666
93.93939393939395,92.92929292929294,19.734888122824756,16.18516774363187,5.21741532626451
94.94949494949496,92.92929292929294,51.102492076024774,10.89033231585603,3.577577194573355
95.95959595959597,92.92929292929294,44.34145927408352,20.76442022623734,3.568281323402419
96.96969696969697,92.92929292929294,67.5835885387248,34.41035410966074,4.480109944351836
97.97979797979798,92.92929292929294,44.796352851081274,20.6598189806741,4.598053741426813
98.98989898989899,92.92929292929294,40.530081357109594,20.75706808520783,4.083394878760438
100.0,92.92929292929294,24.684652666548175,10.94374542470843,1.445066932122635
0.0,93.93939393939395,37.76469428523368,13.53201545195765,4.493165870220519
1.01010101010101,93.93939393939395,45.131680074903215,21.94866815552624,5.547974844592713
2.02020202020202,93.93939393939395,27.020253690780322,12.0350442271813,4.258787664447658
3.03030303030303,93.93939393939395,15.991166365499659,13.01244663275452,5.038584402021971
4.040404040404041,93.93939393939395,31.502830248029632,12.31981699931278,4.136711871163642
5.050505050505051,93.93939393939395,14.146186478276636,16.23921409815236,1.833997292422804
6.060606060606061,93.93939393939395,12.465779381137875,19.8005239363141,1.277283932824508
7.070707070707071,93.93939393939395,11.689640850714463,16.70200028951816,1.382602931135053
8.080808080808081,93.93939393939395,22.159580033975175,19.38508090725954,2.525379327270067
9.090909090909092,93.93939393939395,14.930160480322332,22.4305471277472,1.860065284119606
10.1010101010101,93.93939393939395,8.938658243287552,15.59577962605033,0.9740783738397361
11.11111111111111,93.93939393939395,4.750126412841274,17.92606366747612,1.092175970192913
12.12121212121212,93.93939393939395,8.761970578510194,14.02395731689105,1.511235219078723
13.13131313131313,93.93939393939395,16.071626306773084,19.15319439812431,1.879089307598269
14.14141414141414,93.93939393939395,11.61982388798495,8.02092220046431,1.572718958092257
15.15151515151515,93.93939393939395,10.023125144603135,14.49997933060921,1.798328521501213
16.16161616161616,93.93939393939395,8.524510385854642,9.7051587277826,1.818619065795733
17.17171717171717,93.93939393939395,11.932538024276948,8.45207252725762,0.7258949827608587
18.18181818181818,93.93939393939395,22.704536949351024,7.992315900378678,1.317063743858552
19.19191919191919,93.93939393939395,29.721123200838335,23.9299830253325,1.951347316545337
20.2020202020202,93.93939393939395,11.68711152254443,15.17189849884694,1.591086036720869
21.21212121212121,93.93939393939395,14.981671753132893,18.82594796023843,0.771207778186497
22.22222222222222,93.93939393939395,9.77833777221023,17.11655103748608,1.733203087652186
23.23232323232324,93.93939393939395,12.696710079881807,19.67786799670057,1.10687423988537
24.24242424242424,93.93939393939395,12.370889475461988,15.03819155985076,1.817774604720102
25.25252525252525,93.93939393939395,12.602264247146895,14.82927244233852,1.041331634163611
26.26262626262626,93.93939393939395,24.220136585619223,21.9955486925249,1.122205185391905
27.27272727272727,93.93939393939395,30.55213232102472,20.3098834122993,4.18472768174453
28.28282828282828,93.93939393939395,24.991720178939513,22.48595604153796,4.439830455932978
29.29292929292929,93.93939393939395,51.77127485956415,23.53024113023224,5.055034453970582
30.3030303030303,93.93939393939395,39.87237067371395,18.10683939470285,4.056807590886274
31.31313131313131,93.93939393939395,51.407804688514815,3.428304614734949,5.426313599066181
32.32323232323233,93.93939393939395,40.27428392927146,28.28046324888369,3.87614363189931
33.33333333333334,93.93939393939395,29.744767589935112,19.30647595512502,4.548082165694762
34.34343434343435,93.93939393939395,32.28446273437259,14.0756591235843,5.129523135147848
35.35353535353536,93.93939393939395,66.09819421401016,27.86522790968678,4.283663214122635
36.36363636363637,93.93939393939395,36.03578377347116,16.38551223694094,0.6767467527904554
37.37373737373738,93.93939393939395,14.97859997623759,13.42900525209312,2.259236143123628
38.38383838383839,93.93939393939395,14.531809487180826,11.13839532966817,0.6226015197230921
39.3939393939394,93.93939393939395,13.999311469009085,20.98521072710292,1.465195891778227
40.40404040404041,93.93939393939395,6.784809244108598,16.53409568613867,1.574471727672758
41.41414141414142,93.93939393939395,12.141640099897163,17.75729567415586,0.766591326301936
42.42424242424243,93.93939393939395,13.202717147932274,4.17673590543869,0.6493261263367447
43.43434343434344,93.93939393939395,13.675201160247477,10.16416390471398,1.350873148205996
44.44444444444445,93.93939393939395,9.600325952344583,14.50030740432345,1.306842299322696
45.45454545454546,93.93939393939395,11.388578243828585,8.177117933140002,1.449380432657059
46.46464646464647,93.93939393939395,5.039456648186919,14.46544152151509,1.403822755221748
47.47474747474748,93.93939393939395,11.661271460657744,7.650717724922673,2.174567819408152
48.48484848484848,93.93939393939395,7.505024411879499,19.51627354279088,1.441820972335303
49.49494949494949,93.93939393939395,8.99689544333603,9.876424599461215,1.671202897086373
50.50505050505051,93.93939393939395,7.6249834819717925,18.57040819535763,0.8015035982988982
51.51515151515152,93.93939393939395,18.84626101397016,15.57134735883147,0.0
52.52525252525253,93.93939393939395,9.826687186760214,16.73060415385161,1.496778322757484
53.53535353535354,93.93939393939395,11.955125614730985,15.1957036298868,1.993045213767064
54.54545454545455,93.93939393939395,26.562301017155487,19.40887370858979,2.768903022841797
55.55555555555556,93.93939393939395,20.32751472606702,13.96588458128665,0.8789537827879409
56.56565656565657,93.93939393939395,7.296261798060581,18.11451243299088,1.185356954277108
57.57575757575758,93.93939393939395,38.665211910893234,17.54933159444613,0.9463931411537763
58.58585858585859,93.93939393939395,52.23682566826566,17.91952370682114,5.515225232127089
59.5959595959596,93.93939393939395,37.44984715603517,12.0384093729328,4.626571405182996
60.60606060606061,93.93939393939395,21.43836610166472,23.63654445378575,5.050762609760632
61.61616161616162,93.93939393939395,27.55085948799692,18.74263801335967,5.627138419256421
62.62626262626263,93.93939393939395,26.850261926285302,19.65406533465802,5.262324871674518
63.63636363636364,93.93939393939395,76.71783115062871,29.01793765920289,5.37017314498139
64.64646464646465,93.93939393939395,30.043080878207093,13.37952816178125,6.05761324743278
65.65656565656566,93.93939393939395,16.50021306655042,15.06136438488541,5.392163707245848
66.66666666666667,93.93939393939395,36.64969956118087,14.05039197472242,5.426854876792838
67.67676767676768,93.93939393939395,41.236646134181775,9.581287610227552,2.172181135259315
68.68686868686869,93.93939393939395,5.77031295998699,14.04242958640374,1.294451499268399
69.6969696969697,93.93939393939395,4.113679119929338,12.10769293173102,1.532253882642133
70.70707070707071,93.93939393939395,19.296762838144737,13.43450523417474,0.6440235874834866
71.71717171717172,93.93939393939395,22.26468448523507,21.25613256010507,2.037029690951201
72.72727272727273,93.93939393939395,11.829971623168635,10.10606720338272,2.668923701493179
73.73737373737374,93.93939393939395,11.43622796017432,13.57391669073671,0.9724055026681612
74.74747474747475,93.93939393939395,9.833255628550251,14.62793929188775,1.154553917357402
75.75757575757576,93.93939393939395,17.40718512306366,19.7755634952944,0.1862481969214666
76.76767676767678,93.93939393939395,18.97070894450233,14.714485866064,2.419182497381345
77.77777777777779,93.93939393939395,13.031673053744461,4.131474709538283,1.225277729801088
78.7878787878788,93.93939393939395,4.933523975004588,8.659032129164254,1.331480870583093
79.7979797979798,93.93939393939395,10.2059244224773,10.01870221840987,1.633176069305978
80.80808080808082,93.93939393939395,23.412864742376147,17.01128586293654,2.452700252861922
81.81818181818183,93.93939393939395,10.4981090331818,8.954964007271963,1.58159631138924
82.82828282828284,93.93939393939395,9.197474170042554,14.5660106278499,1.538987121226968
83.83838383838385,93.93939393939395,14.487153474636688,16.87457875322668,1.92189420698087
84.84848484848486,93.93939393939395,8.638169968467173,18.99495551958204,1.285268549351862
85.85858585858587,93.93939393939395,8.983546704720517,18.16229288455087,1.701632717569589
86.86868686868688,93.93939393939395,16.073887172040887,9.44515789222797,1.441214612907474
87.87878787878789,93.93939393939395,27.861479685494615,18.15596335103792,2.330178604406645
88.8888888888889,93.93939393939395,19.499258563500096,10.77410348503122,1.755108734192661
89.89898989898991,93.93939393939395,19.3529428981413,13.16908587369765,3.951234036674177
90.90909090909092,93.93939393939395,36.277647412935764,24.29438812092483,3.53652113268689
91.91919191919193,93.93939393939395,62.79793029617571,30.2612823562887,5.449799360156408
92.92929292929294,93.93939393939395,33.83383897440123,27.81040764763508,4.5649708208621
93.93939393939395,93.93939393939395,36.264614370423125,17.11637656210131,4.537767949941491
94.94949494949496,93.93939393939395,30.73407466365838,16.793356101963,6.10157255112974
95.95959595959597,93.93939393939395,12.662942384450059,21.35469401473054,4.546299366396491
96.96969696969697,93.93939393939395,57.539944776018736,21.73916436237478,4.173050656405882
97.97979797979798,93.93939393939395,104.92482593938377,30.7544692991677,6.256873789101871
98.98989898989899,93.93939393939395,61.33802436258516,19.40018878715656,1.616394769695824
100.0,93.93939393939395,12.93074251759507,14.00791462837013,0.9250301956037099
0.0,94.94949494949496,28.56284144805788,9.916569782148692,5.196918085183051
1.01010101010101,94.94949494949496,54.15887489097084,30.04176382320271,3.904096149713006
2.02020202020202,94.94949494949496,52.22447917521207,9.108281731137781,3.724918026156748
3.03030303030303,94.94949494949496,38.139911672988724,10.13982454076931,4.317937413432067
4.040404040404041,94.94949494949496,52.61990757568093,22.64668464716823,4.980003593902331
5.050505050505051,94.94949494949496,31.034224780328863,25.80454523162193,1.701761281660244
6.060606060606061,94.94949494949496,23.377451993334503,20.19474825916561,2.597185788229473
7.070707070707071,94.94949494949496,10.681455779543448,17.4178915899247,1.798952679461573
8.080808080808081,94.94949494949496,9.26270864535627,19.97098805222736,1.377076895744932
9.090909090909092,94.94949494949496,7.392691213744305,14.51838951607479,1.751093135857612
10.1010101010101,94.94949494949496,6.832362376528838,11.05948309505126,1.389899540659248
11.11111111111111,94.94949494949496,7.059726071850104,19.29764378025223,0.536129232213947
12.12121212121212,94.94949494949496,5.454832226614112,16.2102036294551,1.356321757900876
13.13131313131313,94.94949494949496,12.081653251401576,14.24021568957512,1.21776237252152
14.14141414141414,94.94949494949496,5.870167947964311,21.90095680739137,0.9529576002379085
15.15151515151515,94.94949494949496,6.42935248004287,12.60532874697625,1.914361098933079
16.16161616161616,94.94949494949496,7.452718777676983,10.06343370508531,1.474166287696888
17.17171717171717,94.94949494949496,5.73503736996941,11.1023620366098,1.784890419141305
18.18181818181818,94.94949494949496,5.569190971562006,20.28025107238968,0.9696691676527506
19.19191919191919,94.94949494949496,13.753211888825248,7.287970656600629,1.37601691329354
20.2020202020202,94.94949494949496,4.880838451744426,17.24498684398394,0.7731031922400604
21.21212121212121,94.94949494949496,8.564856593573552,18.78467481289335,0.9574558577770896
22.22222222222222,94.94949494949496,17.856486081190035,12.55478248856044,1.572836243681703
23.23232323232324,94.94949494949496,20.6250339374947,16.66025429739997,2.745074491105925
24.24242424242424,94.94949494949496,12.559922139051888,23.62885897619165,1.764419973940196
25.25252525252525,94.94949494949496,16.48910413146462,12.12888107719796,1.495782289324185
26.26262626262626,94.94949494949496,36.92032140448231,5.928939870682598,1.164827373141958
27.27272727272727,94.94949494949496,52.22029829287453,23.17962247527845,4.835984225209969
28.28282828282828,94.94949494949496,36.854348436181716,19.65585431714123,5.310402314759271
29.29292929292929,94.94949494949496,69.55837673269514,2.561283779246476,3.76568174567627
30.3030303030303,94.94949494949496,33.42251548349983,3.239032767025312,4.869688175773991
31.31313131313131,94.94949494949496,25.140892126132414,2.932393168803138,5.126395077055757
32.32323232323233,94.94949494949496,39.88297020053912,17.89802886491156,4.324997167334818
33.33333333333334,94.94949494949496,73.57582946051376,3.572735478896471,4.716521657826361
34.34343434343435,94.94949494949496,61.13914950524812,19.75435748726481,4.989615529027325
35.35353535353536,94.94949494949496,42.14082155850168,13.52755635194018,3.582191195281794
36.36363636363637,94.94949494949496,30.801014352075455,16.66959424772751,0.8139254935496646
37.37373737373738,94.94949494949496,7.615659735353386,15.5946615496762,1.23114048418935
38.38383838383839,94.94949494949496,8.842222751153118,16.29256102107085,0.4002652595099953
39.3939393939394,94.94949494949496,9.303929977120378,17.27598793774036,0.9624140054595907
40.40404040404041,94.94949494949496,6.454790995723407,16.52449834723325,1.563934347411724
41.41414141414142,94.94949494949496,10.762258049642156,17.18134771090277,1.690801134567417
42.42424242424243,94.94949494949496,19.694786888235733,12.10661737566647,1.240158368343836
43.43434343434344,94.94949494949496,16.79221692572222,21.78618688052428,1.765488083297045
44.44444444444445,94.94949494949496,19.76382003108047,20.12139502869864,2.057538435802474
45.45454545454546,94.94949494949496,8.183320795965361,8.30012205588507,1.568989941045255
46.46464646464647,94.94949494949496,7.21031115922057,11.56136570665272,1.27754552743503
47.47474747474748,94.94949494949496,12.667607965613035,18.98424106629138,1.857621789419999
48.48484848484848,94.94949494949496,5.811646590202425,12.81628733732231,2.579735506520201
49.49494949494949,94.94949494949496,6.612099850604124,16.84318317629993,1.418321700947316
50.50505050505051,94.94949494949496,7.2761441644197475,18.80941829242213,1.463867943992442
51.51515151515152,94.94949494949496,14.072405086538549,18.56090283942903,1.320318396905352
52.52525252525253,94.94949494949496,8.313975248038517,12.72619259870305,1.274716516135099
53.53535353535354,94.94949494949496,8.684924868599786,22.80308216106837,0.9402609163055139
54.54545454545455,94.94949494949496,10.548215028760811,14.03604688468617,1.809118939033581
55.55555555555556,94.94949494949496,8.43369098470944,12.72524594560331,1.490158827156103
56.56565656565657,94.94949494949496,16.872608704806627,16.81667075706319,2.09911756956178
57.57575757575758,94.94949494949496,46.26666664090246,22.66040654082225,2.714548631223061
58.58585858585859,94.94949494949496,72.05089911615062,24.70470869775339,6.049417653786485
59.5959595959596,94.94949494949496,43.98424067846964,10.71139817673775,5.286368730720515
60.60606060606061,94.94949494949496,39.50025721703312,22.78344514817201,5.285937269807532
61.61616161616162,94.94949494949496,51.06600894903642,13.72014081219486,4.685656341114345
62.62626262626263,94.94949494949496,40.65530613851203,21.70359083219678,4.780205689752781
63.63636363636364,94.94949494949496,70.39502195318165,7.14791891206656,4.299609546507694
64.64646464646465,94.94949494949496,19.152095560517903,13.946988233094,4.928246304011184
65.65656565656566,94.94949494949496,42.216036804371555,14.20790530964874,3.395562145254221
66.66666666666667,94.94949494949496,57.448324488568964,24.20421390713985,4.657435404537765
67.67676767676768,94.94949494949496,38.0533711205179,14.2559603400767,1.526548433847508
68.68686868686869,94.94949494949496,7.595472387720352,19.68380781372727,1.54640654664353
69.6969696969697,94.94949494949496,6.6443153924397205,17.75189961146428,1.203048660985758
70.70707070707071,94.94949494949496,9.527508635160256,15.60858745819444,1.75637591407108
71.71717171717172,94.94949494949496,10.393140467010138,27.1314071733261,1.309589410991445
72.72727272727273,94.94949494949496,10.157602958280538,15.19565288791353,1.372389677023298
73.73737373737374,94.94949494949496,15.80099377173203,17.66721249910248,2.236077938782587
74.74747474747475,94.94949494949496,16.943931639588023,15.87609208695256,2.092883177635334
75.75757575757576,94.94949494949496,12.047380721368386,7.833949337188532,1.299306373725892
76.76767676767678,94.94949494949496,10.123274211001396,18.12842832370705,1.241787675648603
77.77777777777779,94.94949494949496,9.966855662709058,14.36953995050918,0.7549212124806385
78.7878787878788,94.94949494949496,4.9165694547676235,10.69552050832408,1.370212290070955
79.7979797979798,94.94949494949496,4.897156276719599,10.11486564803395,1.439080353611189
80.80808080808082,94.94949494949496,9.250154866554329,19.26962010252931,1.143988067726036
81.81818181818183,94.94949494949496,8.26621364564979,14.46734854464422,1.0434431541055
82.82828282828284,94.94949494949496,20.287453912071005,19.83050897311831,1.68896024237017
83.83838383838385,94.94949494949496,19.72778537587839,15.45178416921471,0.1830464803425581
84.84848484848486,94.94949494949496,10.941290203087194,16.67135914360723,0.8191828627728956
85.85858585858587,94.94949494949496,8.684543347574118,20.73225564010343,1.069827469760516
86.86868686868688,94.94949494949496,16.969941313178822,17.93616968935832,1.775171560918183
87.87878787878789,94.94949494949496,27.416815621731025,12.69462671702447,0.3599808530344815
88.8888888888889,94.94949494949496,14.956267550827187,14.46766408849584,1.522372853936037
89.89898989898991,94.94949494949496,15.430615383557008,17.71398118613944,3.104584144962955
90.90909090909092,94.94949494949496,28.70981283280247,24.26922569091674,2.967849232799517
91.91919191919193,94.94949494949496,55.13096005036624,34.63799705813129,4.176488675778531
92.92929292929294,94.94949494949496,48.991364542643026,22.20495259761401,4.273150834797901
93.93939393939395,94.94949494949496,80.5713635460425,4.441866479423384,3.031512748081346
94.94949494949496,94.94949494949496,28.417384617634333,20.06166764163958,3.649309907807654
95.95959595959597,94.94949494949496,22.896968343688375,19.50556275004057,4.161471723544646
96.96969696969697,94.94949494949496,56.43058971584112,8.465475215063083,3.78913010983983
97.97979797979798,94.94949494949496,76.36485550835191,27.28072192329833,4.872894210019157
98.98989898989899,94.94949494949496,47.7674643840486,23.74660278683962,1.846176939622759
100.0,94.94949494949496,15.769005819692817,16.49248938757504,1.848881060267068
0.0,95.95959595959597,9.127299461502878,13.84993179830482,4.491560198620366
1.01010101010101,95.95959595959597,39.26116860734167,13.48752644420484,4.021777065923377
2.02020202020202,95.95959595959597,61.03423963447609,23.95427382910071,5.522378543234363
3.03030303030303,95.95959595959597,37.450723563968225,22.92454321088236,4.174941352191876
4.040404040404041,95.95959595959597,41.00221159256445,22.73154239658336,4.486401085401792
5.050505050505051,95.95959595959597,63.695174441045225,8.781713707409285,1.287961629915508
6.060606060606061,95.95959595959597,15.29584441613532,9.222100582334384,1.70787715777986
7.070707070707071,95.95959595959597,8.654790931579429,20.75945884421575,1.050017484823905
8.080808080808081,95.95959595959597,9.5694294077227,19.23564761647272,1.933307091350932
9.090909090909092,95.95959595959597,5.313950327964256,14.4752793655531,1.677448310746727
10.1010101010101,95.95959595959597,9.951980671019161,21.19647395807064,1.294740810922052
11.11111111111111,95.95959595959597,9.113910307522179,15.01023825263346,0.8452090841938686
12.12121212121212,95.95959595959597,11.856548966643862,20.79474642490487,1.285303152536705
13.13131313131313,95.95959595959597,18.932060631139997,25.73954773745973,1.50911394600419
14.14141414141414,95.95959595959597,8.423498434639411,21.17158131417913,1.384184563916583
15.15151515151515,95.95959595959597,18.198364834674173,17.73059419191208,1.993590349807791
16.16161616161616,95.95959595959597,22.673410756725843,10.71447387980006,0.1975283920043795
17.17171717171717,95.95959595959597,5.266845905119133,15.88942665494465,0.9874631383280386
18.18181818181818,95.95959595959597,2.9254462840273923,21.50784031608591,0.7585719192789421
19.19191919191919,95.95959595959597,5.539691703559388,16.59935658844193,0.9297549759544504
20.2020202020202,95.95959595959597,11.87982459713979,8.31440499234007,1.512263127143892
21.21212121212121,95.95959595959597,19.856771920394074,22.02837004542675,1.923141895441007
22.22222222222222,95.95959595959597,24.62545854691608,21.81439607479642,2.452718688208781
23.23232323232324,95.95959595959597,20.977810467625197,12.2958137772883,1.400122680808081
24.24242424242424,95.95959595959597,11.513521497666204,16.43120358334104,2.032608482789206
25.25252525252525,95.95959595959597,25.96001957901786,18.06290816922321,2.580623635522588
26.26262626262626,95.95959595959597,31.243447223857757,19.43298024437866,1.048942480374747
27.27272727272727,95.95959595959597,44.76300735307868,8.757637903998464,4.93579944747291
28.28282828282828,95.95959595959597,44.524273135965956,15.47443465737807,4.133338167102998
29.29292929292929,95.95959595959597,27.865460246999042,14.68837763660543,5.290827461756098
30.3030303030303,95.95959595959597,31.448708359895313,18.04246585062747,4.706212809886332
31.31313131313131,95.95959595959597,47.86823562241432,14.90912867274469,3.280468868129943
32.32323232323233,95.95959595959597,22.288003675203825,21.23785842543469,3.851435102482726
33.33333333333334,95.95959595959597,51.109853440963434,21.60040377746378,4.533426500104081
34.34343434343435,95.95959595959597,100.05391620721682,33.60555820042424,5.503074693406202
35.35353535353536,95.95959595959597,46.43435358865371,15.07013234336634,4.055424229049839
36.36363636363637,95.95959595959597,55.902130423308385,18.98240949584661,4.939889356514507
37.37373737373738,95.95959595959597,19.19743072468865,11.76416561815755,1.718141299288249
38.38383838383839,95.95959595959597,9.19831955850838,13.77607270709542,1.356963067980326
39.3939393939394,95.95959595959597,7.269522147499012,15.8854264600597,1.284176823290196
40.40404040404041,95.95959595959597,8.203997080639576,20.12580134432485,0.6278950812902981
41.41414141414142,95.95959595959597,11.420729220370186,14.01469262224723,1.333029191920997
42.42424242424243,95.95959595959597,23.27398379306177,25.52153193267583,1.724268025749298
43.43434343434344,95.95959595959597,11.419132466544905,12.03045985855915,1.863067904853265
44.44444444444445,95.95959595959597,10.142905028154544,7.390888167470036,2.179875777082783
45.45454545454546,95.95959595959597,2.603466999753068,8.34408307917951,1.732957246667473
46.46464646464647,95.95959595959597,4.674026365817568,19.18546582269484,0.7145202158368998
47.47474747474748,95.95959595959597,10.026538733561068,13.24605275010494,1.956954343496695
48.48484848484848,95.95959595959597,11.199435850511264,19.93641820744989,2.006833463862612
49.49494949494949,95.95959595959597,13.735103037397504,12.62398331990661,2.38711320166657
50.50505050505051,95.95959595959597,13.627694479490893,14.29327184411161,1.242111588244643
51.51515151515152,95.95959595959597,26.699668433357576,18.11122672740545,2.483399077973926
52.52525252525253,95.95959595959597,14.928050653347517,17.49437941059904,0.3023072228571936
53.53535353535354,95.95959595959597,19.122841178703347,3.0420634502472,1.550465776692551
54.54545454545455,95.95959595959597,13.916794039740214,23.3293020216685,1.236858929920092
55.55555555555556,95.95959595959597,8.74849790860183,7.229170623984391,2.031065116333385
56.56565656565657,95.95959595959597,9.224289672504822,15.06687490446561,1.605367943153753
57.57575757575758,95.95959595959597,37.24632462391517,15.99602233451424,2.219254802103285
58.58585858585859,95.95959595959597,43.68492497476394,20.60593030015286,4.495085669991234
59.5959595959596,95.95959595959597,33.616498950648776,9.34209368936756,4.094097186387003
60.60606060606061,95.95959595959597,42.09981566638184,19.73695962009407,4.227174801923728
61.61616161616162,95.95959595959597,77.38789586132114,28.3934614395171,4.640807412535523
62.62626262626263,95.95959595959597,50.967999759786174,14.17143174292508,3.804985122952836
63.63636363636364,95.95959595959597,17.50179056791555,15.93834269213793,4.780921060386649
64.64646464646465,95.95959595959597,15.829041341709702,14.90483204998936,5.000892380380949
65.65656565656566,95.95959595959597,34.21276940682607,20.23684450723921,4.900089561565618
66.66666666666667,95.95959595959597,20.61950031633976,15.78661630538186,4.742579042024654
67.67676767676768,95.95959595959597,30.028172819456863,14.78129834740992,4.964507904509845
68.68686868686869,95.95959595959597,12.076611599615987,13.76801157753272,2.184682248752094
69.6969696969697,95.95959595959597,3.437776955605444,11.32475491243303,2.648039899398187
70.70707070707071,95.95959595959597,10.287687797363883,16.49498422660618,1.975604697038578
71.71717171717172,95.95959595959597,6.864019127642703,20.23873248600983,1.211534079239475
72.72727272727273,95.95959595959597,3.573471511636682,10.26088836078766,2.147889125940579
73.73737373737374,95.95959595959597,9.136438085951857,13.42523089331871,2.051105643604105
74.74747474747475,95.95959595959597,16.719852582560282,12.45087115139527,0.8927652217013063
75.75757575757576,95.95959595959597,8.328203228745018,16.91398090755943,0.2285552418546889
76.76767676767678,95.95959595959597,12.927221001824954,11.10864487145311,1.719442556423886
77.77777777777779,95.95959595959597,10.589804268627862,19.82983455982247,1.485568376215353
78.7878787878788,95.95959595959597,10.681970698121358,19.15889451381058,1.424368253317135
79.7979797979798,95.95959595959597,4.892472692136315,16.21991802525061,1.525987306324677
80.80808080808082,95.95959595959597,4.883559489513193,19.34063667208474,0.9906311100043732
81.81818181818183,95.95959595959597,4.799382910979271,11.78911430489725,1.856165522247854
82.82828282828284,95.95959595959597,12.40214226980775,12.31827861186458,1.013193193882696
83.83838383838385,95.95959595959597,11.558383925518047,6.879214198206373,1.547230820757602
84.84848484848486,95.95959595959597,26.094531127657312,18.67502868474955,0.0
85.85858585858587,95.95959595959597,14.66055375461383,19.05746977262523,1.574690056072075
86.86868686868688,95.95959595959597,10.431389905333587,19.01454868241235,1.005392750575643
87.87878787878789,95.95959595959597,14.611214959659852,14.60071114853373,2.176260979780262
88.8888888888889,95.95959595959597,22.041841696813947,23.79271219999833,1.189863119214834
89.89898989898991,95.95959595959597,14.954265838155177,17.16598508771713,3.713994726504309
90.90909090909092,95.95959595959597,14.685971386419459,14.49172857751906,4.191979077544453
91.91919191919193,95.95959595959597,26.444552986086848,14.67780458120587,4.551904680636079
92.92929292929294,95.95959595959597,30.08948500853906,13.77575990512215,4.514296800521873
93.93939393939395,95.95959595959597,76.78603890495978,27.54169298725531,4.733959327465342
94.94949494949496,95.95959595959597,39.1635664032736,13.82126902931233,4.088091695573549
95.95959595959597,95.95959595959597,40.424892004092584,23.80527236049241,4.191973505620786
96.96969696969697,95.95959595959597,28.686515584606504,10.79382571347428,4.558435020357061
97.97979797979798,95.95959595959597,37.103446353940214,15.39895007947531,4.99529751994215
98.98989898989899,95.95959595959597,74.67324802764422,22.1634477316998,5.413634288108285
100.0,95.95959595959597,41.50504460038449,16.40964875390704,0.8573200114157606
0.0,96.96969696969697,16.55962647988461,22.7920155314027,3.113086740443958
1.01010101010101,96.96969696969697,29.03466795672114,20.98129785612636,2.966530872842699
2.02020202020202,96.96969696969697,43.780097562838684,20.03141159112495,5.048134600212259
3.03030303030303,96.96969696969697,67.76304594527478,8.613553070769678,4.722947888419081
4.040404040404041,96.96969696969697,76.1650697606097,27.53675223997245,5.746770998612655
5.050505050505051,96.96969696969697,76.95080048641297,24.21114483489432,5.715406377095404
6.060606060606061,96.96969696969697,61.6504801091303,12.95761489409742,0.1353196546763279
7.070707070707071,96.96969696969697,12.059703631830796,14.68287221087143,1.732807527446425
8.080808080808081,96.96969696969697,9.553706094421155,17.88703322199619,2.062668737328257
9.090909090909092,96.96969696969697,10.84296352404258,13.58299080075362,1.489844114336938
10.1010101010101,96.96969696969697,19.003726141550562,16.17278828440221,2.303865937440444
11.11111111111111,96.96969696969697,10.274283889054864,17.42814312473952,1.033027929680302
12.12121212121212,96.96969696969697,16.028588018905868,13.98036710540885,0.7295787852744464
13.13131313131313,96.96969696969697,15.60454542886083,3.21620638151701,1.9505188786943
14.14141414141414,96.96969696969697,7.603976655753858,9.42799100100901,2.081755800260218
15.15151515151515,96.96969696969697,15.44700817732317,16.46203723855802,0.7923543449562911
16.16161616161616,96.96969696969697,19.961989746157393,20.82920524929641,1.598061688879796
17.17171717171717,96.96969696969697,6.723957135947096,14.33401593773781,1.285927082957029
18.18181818181818,96.96969696969697,11.448556032719551,10.93145754144265,0.8663326847957653
19.19191919191919,96.96969696969697,10.867771031892186,16.03198774178551,1.774294151504741
20.2020202020202,96.96969696969697,9.495468191326504,12.62190510015046,2.114134155299827
21.21212121212121,96.96969696969697,8.892948282775816,14.45317092195007,1.954296881340035
22.22222222222222,96.96969696969697,14.45219300537035,20.38160593196843,1.775646513377874
23.23232323232324,96.96969696969697,9.526594712787322,12.30950980483668,1.161206470174998
24.24242424242424,96.96969696969697,9.181942671808349,14.01941448524765,1.785742533961411
25.25252525252525,96.96969696969697,30.870843338669363,15.26356902351933,0.7003437314957863
26.26262626262626,96.96969696969697,58.23968019732791,24.69333164388041,3.353481274478647
27.27272727272727,96.96969696969697,42.824636496817824,25.15492961618451,4.366167515541687
28.28282828282828,96.96969696969697,88.45630472134148,32.97181050427216,5.069512745882726
29.29292929292929,96.96969696969697,45.47377178402446,11.1836352044049,4.942143988968701
30.3030303030303,96.96969696969697,42.290501686862775,25.29173511757466,3.889300159233244
31.31313131313131,96.96969696969697,54.67358167292696,25.52777322453769,5.390814731785967
32.32323232323233,96.96969696969697,25.171454338471918,26.69507175455684,4.40328572582126
33.33333333333334,96.96969696969697,20.796260371406532,16.78325641456863,4.629319203481572
34.34343434343435,96.96969696969697,32.55048689714761,20.49839629261343,3.99610047252497
35.35353535353536,96.96969696969697,17.102375262432158,17.76684776344574,4.374572732738613
36.36363636363637,96.96969696969697,39.92163755348878,14.80309362023139,3.822133664122516
37.37373737373738,96.96969696969697,41.419644049237206,15.06357948361345,1.388219934601055
38.38383838383839,96.96969696969697,25.825594654476248,18.18773070705535,2.204215222189923
39.3939393939394,96.96969696969697,19.06024913900862,11.72099902114354,0.3893465947936681
40.40404040404041,96.96969696969697,6.42227334457742,15.57015184593262,1.184229529755856
41.41414141414142,96.96969696969697,6.149130561249444,11.75224081327009,1.925385464100123
42.42424242424243,96.96969696969697,8.889767783271369,17.59327550090867,1.524345473351231
43.43434343434344,96.96969696969697,9.808910516642085,11.69544005707247,1.768335927780575
44.44444444444445,96.96969696969697,10.313162271076473,5.007254959394832,1.753964600636808
45.45454545454546,96.96969696969697,10.31024944815473,12.34325395762399,1.704077480664621
46.46464646464647,96.96969696969697,10.94576606955621,20.86446697929121,0.4332302826865088
47.47474747474748,96.96969696969697,12.884954283247922,20.04649462298698,1.515665882969901
48.48484848484848,96.96969696969697,10.360781689522666,16.81807398754698,1.553038251612447
49.49494949494949,96.96969696969697,17.411693001089947,7.067851945239014,0.5228636316902613
50.50505050505051,96.96969696969697,6.967862569254086,18.84467221041723,0.6701273568375801
51.51515151515152,96.96969696969697,12.451957180734624,19.34731557329333,1.321223291375665
52.52525252525253,96.96969696969697,12.962267125383653,10.68730642538527,1.291857854125856
53.53535353535354,96.96969696969697,26.403305151494784,14.37923979889849,2.766018693249312
54.54545454545455,96.96969696969697,12.300971312926178,13.386016834744,1.117631657734135
55.55555555555556,96.96969696969697,14.333234766973552,6.526276695000823,1.171532752460444
56.56565656565657,96.96969696969697,22.442701227068884,14.31457399935784,2.036834102634731
57.57575757575758,96.96969696969697,36.655557502125866,27.25811191120508,3.302997579492255
58.58585858585859,96.96969696969697,18.983430874822197,27.90762400794472,3.548753839167593
59.5959595959596,96.96969696969697,38.891888756193985,14.76943273126295,3.708629436766399
60.60606060606061,96.96969696969697,65.17093313730861,23.21561965648199,5.22533589604899
61.61616161616162,96.96969696969697,74.94439281706462,3.90915040812077,4.062578831162985
62.62626262626263,96.96969696969697,49.209905708557606,0.0,5.829351511684935
63.63636363636364,96.96969696969697,30.7328648887284,18.02402039417407,4.194395072720636
64.64646464646465,96.96969696969697,36.119765171763994,15.11587601948549,2.865328488997073
65.65656565656566,96.96969696969697,17.289844080850287,14.80845226522589,4.19677635978166
66.66666666666667,96.96969696969697,27.786546871973542,14.83572942373086,3.776830782546254
67.67676767676768,96.96969696969697,17.93274660291425,13.31238876652154,3.731800939180848
68.68686868686869,96.96969696969697,42.26227070033258,13.76197398630099,1.854835107127289
69.6969696969697,96.96969696969697,9.435699509405865,20.12361341036493,1.610943975478939
70.70707070707071,96.96969696969697,24.969870886265305,13.27565791911496,0.5481203317256289
71.71717171717172,96.96969696969697,15.87178670971436,14.65428238036847,2.075610572621599
72.72727272727273,96.96969696969697,6.659536535492744,13.15904308789713,1.284913930359327
73.73737373737374,96.96969696969697,7.300622588847083,18.34702787842682,1.355952057060114
74.74747474747475,96.96969696969697,16.988698551873306,20.49104194185789,1.572063831553809
75.75757575757576,96.96969696969697,20.399228275154293,7.938908703994363,1.055667400948153
76.76767676767678,96.96969696969697,28.32325969300429,18.18721303530218,2.298635992037131
77.77777777777779,96.96969696969697,21.572362723420643,19.09261827803,0.9551971761026122
78.7878787878788,96.96969696969697,30.39853483396534,20.86291606402177,2.524854635303908
79.7979797979798,96.96969696969697,12.587389363407688,17.95035935870636,1.448222285866041
80.80808080808082,96.96969696969697,9.97797941204613,9.798261283302537,1.104792061907254
81.81818181818183,96.96969696969697,6.201791345416845,18.25763765833769,1.182878671439713
82.82828282828284,96.96969696969697,10.146796474652081,15.32829121338688,1.94662302806871
83.83838383838385,96.96969696969697,17.58468053931391,30.02193868586957,1.218480083585857
84.84848484848486,96.96969696969697,28.152633331581804,30.35815896128085,1.649240077107636
85.85858585858587,96.96969696969697,16.813907122421654,17.03672967630981,2.343174158530932
86.86868686868688,96.96969696969697,10.766003838985025,16.19983387462331,1.516655848186618
87.87878787878789,96.96969696969697,21.80754259406127,9.32053050695568,1.787236170637597
88.8888888888889,96.96969696969697,31.043645446937624,15.43180505416191,4.619249081385607
89.89898989898991,96.96969696969697,21.251682434711356,12.35970772294089,4.13818929023971
90.90909090909092,96.96969696969697,30.20253015189335,21.44842754201891,4.622540697493289
91.91919191919193,96.96969696969697,19.911905700729342,16.63032937396949,5.054013029341073
92.92929292929294,96.96969696969697,9.38257088408102,13.23678238150534,5.819471813980125
93.93939393939395,96.96969696969697,19.505469547522726,16.12031715172697,5.100693887592111
94.94949494949496,96.96969696969697,20.138705638962364,18.95674540620071,4.182213589205329
95.95959595959597,96.96969696969697,33.66164140468492,13.59367072304289,3.721386299426183
96.96969696969697,96.96969696969697,18.15432736502106,17.04584072715761,4.01947598639951
97.97979797979798,96.96969696969697,14.71954435046061,11.05190916659755,5.004034425442384
98.98989898989899,96.96969696969697,30.3699827447604,13.06610948618085,3.552329208049844
100.0,96.96969696969697,15.706741703867635,12.07488347805903,0.9850196742518941
0.0,97.97979797979798,53.715897462671386,7.118061713924602,5.441399059466521
1.01010101010101,97.97979797979798,69.40372760488879,22.90815371195649,5.360146011858443
2.02020202020202,97.97979797979798,47.25637812343684,10.38274033406005,5.440150625221423
3.03030303030303,97.97979797979798,27.42143056673767,17.01758426336782,4.624648079803584
4.040404040404041,97.97979797979798,70.7130890531352,15.50385669767543,3.05012154071788
5.050505050505051,97.97979797979798,47.01565128006962,21.07049105157028,5.416738501394565
6.060606060606061,97.97979797979798,46.554218226665164,16.12628090017554,4.591651526938427
7.070707070707071,97.97979797979798,22.054884090639916,10.48998401996882,1.524328151602352
8.080808080808081,97.97979797979798,5.978345206854085,14.62633114404511,1.851763601495938
9.090909090909092,97.97979797979798,8.524858242896645,10.25110787933474,2.524753110340358
10.1010101010101,97.97979797979798,21.549852309043477,4.552187042229775,1.612544067742194
11.11111111111111,97.97979797979798,16.452392200139634,14.57354450330376,1.833717836164448
12.12121212121212,97.97979797979798,21.808482187795317,17.43757001626231,2.641186246251884
13.13131313131313,97.97979797979798,11.637778070586634,21.8331990557466,0.8629428088386633
14.14141414141414,97.97979797979798,4.392084255468722,11.71913599351094,1.743095103876658
15.15151515151515,97.97979797979798,6.387038341415556,20.80539284924134,1.23537337071838
16.16161616161616,97.97979797979798,6.057107104050977,8.925484623596681,2.207698818594783
17.17171717171717,97.97979797979798,1.4027200113460827,17.76164690883684,1.056770005222269
18.18181818181818,97.97979797979798,4.413419808119647,16.10025967721353,1.27216177171746
19.19191919191919,97.97979797979798,14.705283364068936,14.94099257384392,1.253112877564401
20.2020202020202,97.97979797979798,22.9662225149819,18.2483398888207,2.588344668940214
21.21212121212121,97.97979797979798,13.489990546230427,8.804111237951716,1.851182315171061
22.22222222222222,97.97979797979798,10.213465091248725,21.54273638198585,1.185420003398316
23.23232323232324,97.97979797979798,8.28261948846271,8.744626869102166,1.925830434758992
24.24242424242424,97.97979797979798,10.483469637893208,20.47114633596649,1.383078101859273
25.25252525252525,97.97979797979798,53.33998494796528,16.52315105964163,0.7132474361628378
26.26262626262626,97.97979797979798,82.5409490395827,35.2581558968531,4.373510290186203
27.27272727272727,97.97979797979798,25.41747240751393,33.33233163831443,3.905580425443773
28.28282828282828,97.97979797979798,46.124763692893346,22.07164250685413,3.883534815458054
29.29292929292929,97.97979797979798,31.520924698604013,13.2168266452119,4.520585458697425
30.3030303030303,97.97979797979798,56.64398233826138,5.349898558070412,4.67391453900856
31.31313131313131,97.97979797979798,65.93760169010241,16.59689934274127,4.033617696375472
32.32323232323233,97.97979797979798,21.993342996170345,25.83969164707811,4.35494557391127
33.33333333333334,97.97979797979798,20.41154913505974,22.93492685426405,4.211119771681651
34.34343434343435,97.97979797979798,36.53288122992874,12.37393441164924,5.102809699293163
35.35353535353536,97.97979797979798,28.037620188315323,22.19626381135068,4.694079738989682
36.36363636363637,97.97979797979798,31.641818977066976,31.85783675796616,3.837785565426043
37.37373737373738,97.97979797979798,64.52777082418868,28.09844120073214,4.663786199795696
38.38383838383839,97.97979797979798,38.160635518995505,6.934413213384552,1.858498800756171
39.3939393939394,97.97979797979798,4.862303044720692,10.04264451638655,1.550101448684581
40.40404040404041,97.97979797979798,4.894081189462463,12.11546893657624,1.672401008949352
41.41414141414142,97.97979797979798,10.854668630270123,12.7004955798762,0.8154222680570268
42.42424242424243,97.97979797979798,9.7607103589578,9.514773560584354,1.973172508298433
43.43434343434344,97.97979797979798,22.417261779921805,19.46924385904846,2.062192578011326
44.44444444444445,97.97979797979798,10.709650122486655,8.429186237134802,2.201433721358543
45.45454545454546,97.97979797979798,8.116853324590759,8.799974577630694,1.206008089166733
46.46464646464647,97.97979797979798,8.979192920382335,7.323186975558897,2.022819815574231
47.47474747474748,97.97979797979798,11.139551797023751,7.02970546615877,1.268215743970417
48.48484848484848,97.97979797979798,8.272763109984723,14.14667481066793,1.785169308338082
49.49494949494949,97.97979797979798,7.17202903626775,12.4481531163786,1.248903589459999
50.50505050505051,97.97979797979798,3.791273106408325,9.994777993982234,1.351472861791302
51.51515151515152,97.97979797979798,8.99036531108958,13.87074582770789,1.431719107082647
52.52525252525253,97.97979797979798,8.911931681512986,10.57297319267212,0.7753376588920775
53.53535353535354,97.97979797979798,14.221574092933153,19.1004579099715,1.046887545913829
54.54545454545455,97.97979797979798,11.958092728409387,9.651332208373999,1.220419026819321
55.55555555555556,97.97979797979798,12.893886868995704,18.50574051510421,1.573347561905555
56.56565656565657,97.97979797979798,23.691955130669797,23.80917906354325,1.325999188578803
57.57575757575758,97.97979797979798,39.18091137141071,15.2819294935642,4.438336881594465
58.58585858585859,97.97979797979798,12.491984429997405,21.33367370827406,3.880352551036034
59.5959595959596,97.97979797979798,12.953187824583976,15.18999709054521,5.465241462605851
60.60606060606061,97.97979797979798,24.2386463924378,16.9851021751808,4.148738501783235
61.61616161616162,97.97979797979798,30.16500776300343,20.15107061136005,3.893690767956756
62.62626262626263,97.97979797979798,33.90777582005519,12.29837252765949,4.182377931549309
63.63636363636364,97.97979797979798,26.319829601829987,23.75698142163463,3.790189077775337
64.64646464646465,97.97979797979798,50.82226020914296,20.92622953024112,5.038737416148093
65.65656565656566,97.97979797979798,32.4417938056214,15.17768148210642,4.568617126407222
66.66666666666667,97.97979797979798,61.73864922577996,30.10778478440065,4.512866505278114
67.67676767676768,97.97979797979798,53.0577348139707,13.21644760048387,5.084697392659641
68.68686868686869,97.97979797979798,102.4316918864869,29.51846850167762,5.385710426709982
69.6969696969697,97.97979797979798,52.79329129424631,25.05497410941319,1.162962835787346
70.70707070707071,97.97979797979798,17.254285272515048,22.42424249452199,1.496770742487083
71.71717171717172,97.97979797979798,14.023552573219995,8.073650071908453,1.173493639742671
72.72727272727273,97.97979797979798,3.243618466638133,9.268121711441701,1.82117833624366
73.73737373737374,97.97979797979798,9.485054881180847,21.17785562193001,0.6440248188429268
74.74747474747475,97.97979797979798,10.709498516818963,14.73026604660923,1.121762995750221
75.75757575757576,97.97979797979798,15.499340293990198,21.7055251321658,1.299456141987248
76.76767676767678,97.97979797979798,20.46469572687205,12.14177377677562,0.6762893439171895
77.77777777777779,97.97979797979798,16.022725081421996,16.20792242781008,2.177831450611192
78.7878787878788,97.97979797979798,14.89330222982549,14.71441011831101,1.195191326275107
79.7979797979798,97.97979797979798,3.86563035133391,11.70652601472675,1.600992768966105
80.80808080808082,97.97979797979798,2.6950607081461775,11.75501077912434,1.400251015370877
81.81818181818183,97.97979797979798,9.033360449332054,11.81227906487079,1.362035675859153
82.82828282828284,97.97979797979798,19.140930443147976,18.99798082415693,2.004603442784276
83.83838383838385,97.97979797979798,14.74531219445019,7.055250507519123,1.758874768149358
84.84848484848486,97.97979797979798,15.24529805545157,8.296968882810274,1.345054736629747
85.85858585858587,97.97979797979798,18.656426128938058,9.297202969025019,0.8683399168249938
86.86868686868688,97.97979797979798,17.76793571499128,28.1187420997114,1.384097096052556
87.87878787878789,97.97979797979798,37.09433062082552,14.75311486600398,1.778217384261813
88.8888888888889,97.97979797979798,30.803718836959757,13.73331050248315,4.721654938826392
89.89898989898991,97.97979797979798,36.91808187558108,13.41729636018033,3.494266457657714
90.90909090909092,97.97979797979798,60.97324167638975,26.56099144641762,4.460051760054673
91.91919191919193,97.97979797979798,37.01332461726379,10.71496453841381,4.083574852289464
92.92929292929294,97.97979797979798,16.124886811450736,15.77902506730343,4.218039569331588
93.93939393939395,97.97979797979798,15.980022518803093,13.52120592475628,4.474212038453686
94.94949494949496,97.97979797979798,33.8090758245893,14.54474895917667,3.653715998560152
95.95959595959597,97.97979797979798,26.554472926209538,17.33126999305141,5.158778835028613
96.96969696969697,97.97979797979798,15.829854319989625,24.84515053454285,3.649847138277438
97.97979797979798,97.97979797979798,14.744026519422667,13.19000071528403,5.342219803221479
98.98989898989899,97.97979797979798,32.03432809183394,9.49839550697625,5.360404179733923
100.0,97.97979797979798,40.87798993513384,4.4960008436401,4.964139607173476
0.0,98.98989898989899,42.69031208683324,16.57927598059432,5.042425576062641
1.01010101010101,98.98989898989899,43.61536453486692,16.76344963115769,3.346073294555939
2.02020202020202,98.98989898989899,57.72463469500173,23.09833098098885,4.863881670788034
3.03030303030303,98.98989898989899,28.181535651676338,22.89436604383119,4.225438092227326
4.040404040404041,98.98989898989899,54.2555968890531,26.30601954363696,4.596889219427999
5.050505050505051,98.98989898989899,62.626727706947875,15.50149992198592,3.692913421391797
6.060606060606061,98.98989898989899,39.55427260592319,19.44449562246468,4.619668848851306
7.070707070707071,98.98989898989899,48.85427453553193,12.40139846530196,0.5139314891710254
8.080808080808081,98.98989898989899,9.612639910881917,15.22503049800317,1.660355571972005
9.090909090909092,98.98989898989899,8.843652281854535,20.49315314580939,0.8378879735092238
10.1010101010101,98.98989898989899,13.654040126040421,14.63007970302564,1.756422217929689
11.11111111111111,98.98989898989899,25.13629217768798,10.18664824211322,0.8196491386731497
12.12121212121212,98.98989898989899,22.327313481518043,18.4494978380457,2.234489097173797
13.13131313131313,98.98989898989899,13.748762721560578,8.094888017305754,1.687368014293239
14.14141414141414,98.98989898989899,12.076899118993229,11.4629451023256,0.917883776912954
15.15151515151515,98.98989898989899,7.6604658912143595,11.68236672887731,2.338517063945191
16.16161616161616,98.98989898989899,4.665933425849897,17.02494598766843,1.375580553123239
17.17171717171717,98.98989898989899,5.332908747126422,9.110295326552517,1.772010325578033
18.18181818181818,98.98989898989899,10.107694636339037,16.91326863521502,1.023566513966593
19.19191919191919,98.98989898989899,15.65798650597651,24.72455429755138,1.518795589368716
20.2020202020202,98.98989898989899,11.25287766987887,19.29805943858163,1.832407928165745
21.21212121212121,98.98989898989899,12.503611483941626,8.386368550224176,2.162563141920903
22.22222222222222,98.98989898989899,17.601613807317992,25.7539063865106,1.467816799407042
23.23232323232324,98.98989898989899,9.446470227651226,22.21680060653305,1.226788372659601
24.24242424242424,98.98989898989899,39.19908019976977,7.057718099232081,2.501951710990828
25.25252525252525,98.98989898989899,32.71677726569332,11.31813662748123,5.752251915371848
26.26262626262626,98.98989898989899,39.4092742687104,19.94423582327325,3.102049761019881
27.27272727272727,98.98989898989899,21.374249268839293,22.99192539442601,5.103948072684587
28.28282828282828,98.98989898989899,20.214498465446948,17.72324855154337,6.67742809124698
29.29292929292929,98.98989898989899,36.27216047524236,19.83039320677885,6.083783088906062
30.3030303030303,98.98989898989899,43.883983549151104,25.36919130246904,4.002307842502146
31.31313131313131,98.98989898989899,94.6090823608607,31.41589828160189,5.490867105452169
32.32323232323233,98.98989898989899,31.88031947112068,19.77833111142111,4.606368788960432
33.33333333333334,98.98989898989899,23.701262865112664,18.17657261761631,4.577915765803861
34.34343434343435,98.98989898989899,56.551334382515996,2.350798614599755,4.3692459384842
35.35353535353536,98.98989898989899,31.833250043306204,18.1567512181614,4.275595812201414
36.36363636363637,98.98989898989899,38.3810386708318,21.85281541129427,4.037672132971188
37.37373737373738,98.98989898989899,80.47587931136431,29.04307237672996,5.236482653438603
38.38383838383839,98.98989898989899,57.974424868765084,12.42222799416792,1.408042393480674
39.3939393939394,98.98989898989899,5.608928249890378,10.22998956680656,1.626435617972692
40.40404040404041,98.98989898989899,2.7517904045210884,16.54921157768671,1.033846641704382
41.41414141414142,98.98989898989899,6.953924471157659,17.40700057228061,1.331644492758134
42.42424242424243,98.98989898989899,3.1695245922656183,15.72924410857895,1.27025350850336
43.43434343434344,98.98989898989899,13.22424431272252,11.38332916719778,1.134661235785609
44.44444444444445,98.98989898989899,7.459522930051897,23.91858599761011,0.9233262692350125
45.45454545454546,98.98989898989899,8.725195630531518,8.609348004897951,2.382890286971975
46.46464646464647,98.98989898989899,15.038638709330451,18.99208789812322,1.835340011807016
47.47474747474748,98.98989898989899,17.49315296002747,6.247323548384671,1.563462227547009
48.48484848484848,98.98989898989899,4.403789904110494,10.56108129098657,1.806136357901785
49.49494949494949,98.98989898989899,4.081882386769545,14.37824055785877,1.43530081652307
50.50505050505051,98.98989898989899,7.017372702852562,12.47448070835252,1.555432306553781
51.51515151515152,98.98989898989899,18.214011676794605,16.1852494791787,1.983573551081781
52.52525252525253,98.98989898989899,20.990315482335475,1.683048738559534,0.9616767207606575
53.53535353535354,98.98989898989899,19.259424192335985,20.99263876657547,1.766778557458318
54.54545454545455,98.98989898989899,10.133970616031071,19.47872620551003,1.585032769573533
55.55555555555556,98.98989898989899,41.24785144391906,11.12512146565237,1.690130915098818
56.56565656565657,98.98989898989899,56.62643497314665,20.59774156654296,4.137047897287774
57.57575757575758,98.98989898989899,70.00559426083248,33.45927733656368,4.516883189368473
58.58585858585859,98.98989898989899,35.15411284990118,21.88154667602969,2.936721141999607
59.5959595959596,98.98989898989899,32.62597225788079,20.76680982077413,3.478241552276223
60.60606060606061,98.98989898989899,23.02592453075461,11.01115916881161,4.077715097941711
61.61616161616162,98.98989898989899,20.907023665913815,13.03909698072789,4.249044128213017
62.62626262626263,98.98989898989899,16.926813042928984,18.52514376590376,3.77856705259572
63.63636363636364,98.98989898989899,24.102217338652288,14.23380695774648,3.738497809360547
64.64646464646465,98.98989898989899,62.25174559016685,5.690325752820927,2.773416750182538
65.65656565656566,98.98989898989899,27.89978587081835,22.99723416793561,3.882326842619307
66.66666666666667,98.98989898989899,36.58552996049998,30.02562246368396,3.4623883467333
67.67676767676768,98.98989898989899,18.11189376175298,21.36161878409926,4.749783309971839
68.68686868686869,98.98989898989899,16.409085029556735,27.04384161372124,3.857406629414546
69.6969696969697,98.98989898989899,46.80310831965624,30.80770829710826,3.33570065266919
70.70707070707071,98.98989898989899,27.29525385134381,14.21674782697941,1.361044081678686
71.71717171717172,98.98989898989899,4.99774677644303,13.03229574575484,1.007672214856649
72.72727272727273,98.98989898989899,8.827685823676486,10.51257352355053,1.386732486810526
73.73737373737374,98.98989898989899,16.369395968317043,18.15767484674971,1.884383231619952
74.74747474747475,98.98989898989899,7.491519185729185,14.40340331866016,2.020785569584706
75.75757575757576,98.98989898989899,15.46296222780554,19.37093796327336,1.997976146600436
76.76767676767678,98.98989898989899,21.699538702957803,12.88578318534201,0.7290909694900126
77.77777777777779,98.98989898989899,20.7238379832144,17.93158666273021,2.092941201277784
78.7878787878788,98.98989898989899,14.08255051712277,17.18232809688765,0.6966307106771148
79.7979797979798,98.98989898989899,4.572989854838578,21.86124018996895,0.6390861090495435
80.80808080808082,98.98989898989899,7.3711623894984495,14.53945633134405,1.303485198293221
81.81818181818183,98.98989898989899,10.7843419076087,6.098035440616982,1.283859531801031
82.82828282828284,98.98989898989899,8.455879104063563,14.0193895114546,1.243527545921584
83.83838383838385,98.98989898989899,6.6417397798007665,16.43763394549497,1.234677582945616
84.84848484848486,98.98989898989899,14.491052502826129,15.51156405564189,1.862925275308666
85.85858585858587,98.98989898989899,7.634220652805937,9.612283951395607,1.760170955087914
86.86868686868688,98.98989898989899,47.441263241834264,20.67958537471818,1.244105394190653
87.87878787878789,98.98989898989899,73.31442726006438,23.70324012350963,4.798532991706262
88.8888888888889,98.98989898989899,87.23307423092707,1.098302036115294,4.223363510758654
89.89898989898991,98.98989898989899,55.071412431954116,18.39304399681374,5.477755714369907
90.90909090909092,98.98989898989899,48.05372778053881,9.743653245711211,4.123240155678097
91.91919191919193,98.98989898989899,15.254187840264784,7.270821322119065,4.608259599443423
92.92929292929294,98.98989898989899,27.276765973445738,9.23793717608979,4.480712098997248
93.93939393939395,98.98989898989899,26.792251340120092,19.75419234454751,4.519273674670349
94.94949494949496,98.98989898989899,38.43036772313843,22.03496637204473,5.383250410828528
95.95959595959597,98.98989898989899,37.11808444754689,27.77121979409184,4.294610498400418
96.96969696969697,98.98989898989899,24.492312841489557,20.89774839404802,5.280225953675291
97.97979797979798,98.98989898989899,35.32108243001558,13.34971691251829,4.974883667916547
98.98989898989899,98.98989898989899,44.380773684984206,23.92545148743987,5.283383163454052
100.0,98.98989898989899,36.71095638485845,22.3947248307574,4.730198976838419
0.0,100.0,53.94047861930368,7.736593505940128,3.606808859571145
1.01010101010101,100.0,49.032129248982365,17.11674541126922,4.679044881334698
2.02020202020202,100.0,68.91730421845915,1.853570057556992,4.951270703357367
3.03030303030303,100.0,37.04074872579184,12.56609334650873,3.330145987565458
4.040404040404041,100.0,56.09144361856079,13.70914559527958,4.771119527736905
5.050505050505051,100.0,92.576813081874,24.90660413988896,6.207324368132046
6.060606060606061,100.0,47.98906403562811,14.00669369518909,4.528263784277962
7.070707070707071,100.0,61.33239742830818,16.49160398374813,5.446086510075928
8.080808080808081,100.0,31.784247243913438,18.48360419899376,0.8465578749878006
9.090909090909092,100.0,11.158868043064208,13.38977022648109,2.031505929069839
10.1010101010101,100.0,15.755987198860623,11.71645373040961,1.306639515849257
11.11111111111111,100.0,26.681795903474647,16.42080852946061,2.454051587602788
12.12121212121212,100.0,20.90868673782175,13.03755855925386,1.31838235267764
13.13131313131313,100.0,12.823573094784651,18.20599316201107,1.799891293627262
14.14141414141414,100.0,10.747597837258752,16.15687447583009,1.794169055730771
15.15151515151515,100.0,8.840877774801841,11.35273776730889,1.672946943586385
16.16161616161616,100.0,4.2538118822067235,23.08756456582698,1.177804567898003
17.17171717171717,100.0,5.9362268954510276,11.71013328381139,2.254864924887652
18.18181818181818,100.0,13.199570695195945,17.18671709557876,1.929649955241048
19.19191919191919,100.0,14.606581678443481,13.6507546917381,1.185114499399985
20.2020202020202,100.0,8.989288387247033,13.22220088531919,1.636412520981693
21.21212121212121,100.0,12.87193633308253,14.46187875782849,2.034357425998135
22.22222222222222,100.0,24.028694201136304,10.03567823387573,0.9837955642194506
23.23232323232324,100.0,34.70318494518467,16.27478093140943,2.118775241931008
24.24242424242424,100.0,58.71884944630665,21.09721672509986,5.060161333766631
25.25252525252525,100.0,26.112044688376812,23.5270729010227,3.909060010819764
26.26262626262626,100.0,29.716701154492483,11.26696503116866,4.906658790503082
27.27272727272727,100.0,29.939194639916696,23.67210767571517,4.273502472546804
28.28282828282828,100.0,29.413028440235024,16.97581633457876,4.324485232853954
29.29292929292929,100.0,43.649781965393,9.710330976062952,5.958373220870124
30.3030303030303,100.0,40.00996201869946,25.5568106475923,4.322417131301081
31.31313131313131,100.0,67.11025213063974,11.39156719003535,4.562902734025359
32.32323232323233,100.0,15.813513122558918,17.00456631699996,4.369348538993792
33.33333333333334,100.0,16.07235243433673,17.80896312783224,4.638773280340319
34.34343434343435,100.0,27.951739073978842,9.993871732730605,4.333318209815468
35.35353535353536,100.0,15.317871693573794,12.36836297623015,4.43238274009061
36.36363636363637,100.0,21.046604796743583,9.381934968138989,4.603741845421965
37.37373737373738,100.0,56.19056636852131,11.12104088030024,4.465410418334222
38.38383838383839,100.0,74.73006127702159,21.6374248952977,5.053289536292292
39.3939393939394,100.0,36.98621228566645,15.96284793361259,2.297791679890076
40.40404040404041,100.0,10.016367620014597,13.39084407452056,1.375747161452982
41.41414141414142,100.0,7.9712242127059625,14.31394221632116,2.019119945538954
42.42424242424243,100.0,3.3601716585237114,14.80192594883996,1.431480872652571
43.43434343434344,100.0,8.808486573815923,23.38744254444314,0.9555448439499096
44.44444444444445,100.0,12.10723334814967,21.10978506049197,0.3085249070537654
45.45454545454546,100.0,12.25046310822971,5.652414967475133,2.021786195861334
46.46464646464647,100.0,11.247616567425665,15.25999446651671,2.239655242987259
47.47474747474748,100.0,23.29588180765018,18.69345233171841,2.380031855807433
48.48484848484848,100.0,10.953567685036603,13.76916314170577,1.426434526367582
49.49494949494949,100.0,5.638991051452176,14.81365894854097,0.8233189273409632
50.50505050505051,100.0,4.262525367077553,9.379407173267063,1.190328019806377
51.51515151515152,100.0,7.525973044049649,13.76607890104827,1.066513828123692
52.52525252525253,100.0,6.283329486244209,11.80657563033569,1.104795869717924
53.53535353535354,100.0,10.978509129684573,15.8008394662486,1.191751854427203
54.54545454545455,100.0,26.440616232342382,14.07394663273692,1.969647875076861
55.55555555555556,100.0,64.59770774260937,17.21227946996639,5.519247368254139
56.56565656565657,100.0,80.410919351325,9.666063444648382,4.622329526842191
57.57575757575758,100.0,99.28526825087685,32.55889954380302,5.990966543390903
58.58585858585859,100.0,65.31196131397262,18.07413841948759,5.063071273144614
59.5959595959596,100.0,96.66705105164674,31.3269395008809,5.000400943815733
60.60606060606061,100.0,57.628577681048135,3.242641990373079,4.995305861380125
61.61616161616162,100.0,35.67903065138493,4.049056876738417,4.922645306538206
62.62626262626263,100.0,38.261704296289615,30.01007300046924,2.924466490323804
63.63636363636364,100.0,13.390556590549915,11.47986281503625,5.102384752535125
64.64646464646465,100.0,25.21458294623874,13.15528148153504,4.879861378773598
65.65656565656566,100.0,34.728588543668856,20.50262294994543,4.18503138671878
66.66666666666667,100.0,79.42639339559041,1.23515039382026,5.428638039273076
67.67676767676768,100.0,45.671465997849964,14.94042539147573,4.593593940438954
68.68686868686869,100.0,23.10613056329159,27.5403676710445,4.02633584639532
69.6969696969697,100.0,55.491627821605164,27.92836310006315,4.704212814542394
70.70707070707071,100.0,43.494976665913526,13.50014192217505,1.038207236544153
71.71717171717172,100.0,7.052771086157364,12.71406505385134,1.714808044805725
72.72727272727273,100.0,9.689887918945528,24.67514798905063,1.074131737344491
73.73737373737374,100.0,14.986601104953323,11.01995918827396,1.276148711389274
74.74747474747475,100.0,5.073155128840324,16.07713191498409,1.643871930796857
75.75757575757576,100.0,7.980407540796707,12.94110214841739,2.028603364438237
76.76767676767678,100.0,22.16416919111023,21.97853176871096,1.709254067583741
77.77777777777779,100.0,26.17852672745943,19.98530915985922,0.5284334260080684
78.7878787878788,100.0,20.77473168715244,16.13895034274882,2.176203795669024
79.7979797979798,100.0,11.199171292821845,21.98183833588041,0.9330473996198562
80.80808080808082,100.0,12.417422017416591,10.10077621423003,0.7982567983569082
81.81818181818183,100.0,11.106545086474222,18.1409446061196,1.211582040364816
82.82828282828284,100.0,3.203066119480233,10.28642042499234,1.626032952399451
83.83838383838385,100.0,4.898247821200203,11.50646216011569,1.136533766924666
84.84848484848486,100.0,10.683802917025474,9.891470325593675,0.9350491050957792
85.85858585858587,100.0,32.37847784986674,12.69082382570297,1.404485075383629
86.86868686868688,100.0,55.92739821827928,22.83694632077474,4.618815182634764
87.87878787878789,100.0,8.655428350781321,21.56735045318865,4.873340950047734
88.8888888888889,100.0,34.44821482741737,21.1684088864435,4.164180567721318
89.89898989898991,100.0,5.591711172176701,20.46973916396674,4.446915384860533
90.90909090909092,100.0,22.66353468790281,19.67876955885291,4.41366972461031
91.91919191919193,100.0,17.833234012732586,16.58514103102731,4.203567573647065
92.92929292929294,100.0,16.3986502269108,14.98607223573575,4.642098021141404
93.93939393939395,100.0,17.368869769432294,19.95414608207,4.532318366882163
94.94949494949496,100.0,46.15649890757231,12.70122751079436,4.752895048353896
95.95959595959597,100.0,77.95443711186425,3.535090437095036,2.891350779622422
96.96969696969697,100.0,38.31746326980819,20.32965615505664,4.175805863952381
97.97979797979798,100.0,17.753879216038218,19.64094814381387,5.077221298654875
98.98989898989899,100.0,11.271841941822922,20.79492975148733,5.041910921718101
100.0,100.0,6.586977974919002,22.31259475531635,5.018502919923488
