Y Position_µm,X Position_µm,KAPM,modulus,hardness
0.0,0.0,0.5186867256101291,14.14402207934651,5.768414080996088
1.01010101010101,0.0,0.39523418708873975,22.50806078934491,5.117051291378607
2.02020202020202,0.0,0.8292602798350591,29.56669160709701,4.593177961421558
3.03030303030303,0.0,1.1257626128494884,29.73937034202247,3.320836423003019
4.040404040404041,0.0,1.110405573223803,27.29248527028127,4.304734208082583
5.050505050505051,0.0,1.152113476230797,24.93852755585618,1.996018417114181
6.060606060606061,0.0,1.045916871426149,7.51934185951619,2.64532402321887
7.070707070707071,0.0,1.1329453260586186,17.8756305287061,1.33555201690188
8.080808080808081,0.0,1.6843674915989062,6.187468176277859,0.09860530851467078
9.090909090909092,0.0,1.0093661218261827,20.72442846649522,1.93511321077257
10.1010101010101,0.0,0.7572836466494293,10.00668637511493,1.036121336282095
11.11111111111111,0.0,0.654826594118299,14.49699406844313,1.944577347760472
12.12121212121212,0.0,0.5070058190107971,13.88660868709171,1.073106166044457
13.13131313131313,0.0,0.42007991184698357,15.57364090413426,1.462880019813484
14.14141414141414,0.0,0.8926243923355375,12.80079659256582,0.8290613808433335
15.15151515151515,0.0,0.7367046425164846,8.55901972320093,1.843239655355848
16.16161616161616,0.0,0.4088488707719429,9.767183903896472,1.111565080199595
17.17171717171717,0.0,0.24314928476582945,12.11828437014367,1.12000208457907
18.18181818181818,0.0,0.7193269655158055,18.27620881443462,0.6980234777327284
19.19191919191919,0.0,0.5390729188862052,22.63342566864671,1.081002457794151
20.2020202020202,0.0,0.500159563130128,18.88969218222589,0.6392310339609029
21.21212121212121,0.0,0.42204809757468303,16.97349251677539,1.373785009084572
22.22222222222222,0.0,0.5596452142979776,9.317785235352972,0.878882351250755
23.23232323232324,0.0,0.5358240199181377,15.53593189383324,1.786216817613819
24.24242424242424,0.0,0.4640736090516053,17.92139949327984,2.176321636492802
25.25252525252525,0.0,0.39917529502506915,16.51148070341008,1.749434908401935
26.26262626262626,0.0,1.4356650489663405,14.14654983973928,2.447539489874145
27.27272727272727,0.0,1.3315930306050177,22.65855786110092,4.909633252708014
28.28282828282828,0.0,0.34471755731740367,17.96377857849582,4.558562548569153
29.29292929292929,0.0,0.5721610441828672,27.12899297630218,4.802055592073235
30.3030303030303,0.0,0.7891444792475045,25.06409429334108,3.952660927737326
31.31313131313131,0.0,1.139879442466332,31.29876539176056,4.491217544620858
32.32323232323233,0.0,2.0434792485047732,22.18770755083521,2.774315759535674
33.33333333333334,0.0,1.5160683231602545,16.80719417440948,5.390111901871663
34.34343434343435,0.0,0.669786069947342,24.07797437233267,4.198640466896049
35.35353535353536,0.0,1.0754577114708446,31.46411252639558,4.396874212973949
36.36363636363637,0.0,1.3917459527403269,4.108758991934947,1.471100664801075
37.37373737373738,0.0,0.25641924989507364,11.37198166366745,1.093477224189987
38.38383838383839,0.0,0.5018148346448538,14.84039762042007,1.18097910051485
39.3939393939394,0.0,0.7408750677268184,23.89218065983007,1.744579506909049
40.40404040404041,0.0,0.8170340121288336,17.35992420790373,0.5797158597119481
41.41414141414142,0.0,0.5377712433851444,20.7124863343352,1.283705623928758
42.42424242424243,0.0,0.7477942350412149,8.829539483608155,1.064836794527997
43.43434343434344,0.0,1.1505968866765388,6.202776970181286,2.571257001935504
44.44444444444445,0.0,0.7110435106114178,10.76248521878753,2.412675262128424
45.45454545454546,0.0,0.4971066063562383,14.5939889280447,1.611584724975513
46.46464646464647,0.0,0.39278425208296697,20.87247073884274,1.277043514100268
47.47474747474748,0.0,0.6177075936438335,15.88519701970841,0.8370101626296849
48.48484848484848,0.0,0.5282049050577328,10.34370782727692,1.093349808588979
49.49494949494949,0.0,0.6316646941296366,20.45007107222386,0.9794892304122447
50.50505050505051,0.0,0.20730786271629845,16.48212402543435,1.391065046861874
51.51515151515152,0.0,0.36048756880665506,22.65500077439333,1.512626065943845
52.52525252525253,0.0,0.432742029148576,13.81430122475674,1.205481699189316
53.53535353535354,0.0,0.393726896775799,12.92413628678107,1.262709034833943
54.54545454545455,0.0,0.4962459265324153,16.15383867555192,1.472014200329633
55.55555555555556,0.0,1.041030088504274,10.22630750905879,0.6560560172844494
56.56565656565657,0.0,0.9257538471651988,20.91608689455885,2.100945064661949
57.57575757575758,0.0,1.9371713015323662,9.752755109954252,1.182124186829421
58.58585858585859,0.0,2.191500400557577,20.40038254503852,5.490738360326941
59.5959595959596,0.0,0.48670676411488056,14.85567319109159,4.504758653064626
60.60606060606061,0.0,0.3351089401824347,28.10242084392831,4.72278124960574
61.61616161616162,0.0,0.3378590264452095,15.25590779741522,4.203573462671505
62.62626262626263,0.0,0.4600732428864234,17.1643851780641,4.001876128370332
63.63636363636364,0.0,0.4879707466652092,19.49186664858388,4.859144371581771
64.64646464646465,0.0,0.3106437977917498,24.43972390984148,5.087045504913961
65.65656565656566,0.0,0.40090716793077963,25.43295931324764,4.611927598539824
66.66666666666667,0.0,1.506340595702422,20.21120313841172,5.023305264343027
67.67676767676768,0.0,1.5220357280745578,18.22304052055438,1.649304501152497
68.68686868686869,0.0,0.47710819530830145,13.33028930931036,2.230057304473066
69.6969696969697,0.0,0.430711477086295,15.27616720649969,2.138972762107646
70.70707070707071,0.0,0.708677021849971,12.46149273189775,1.747033868035023
71.71717171717172,0.0,0.6876129550035236,13.90725188773862,1.006958462422619
72.72727272727273,0.0,0.949823155725241,9.95394680073334,2.188200328765645
73.73737373737374,0.0,0.2450531718676594,13.81312181442304,1.672611233682894
74.74747474747475,0.0,0.22325316887285296,23.0510749618689,1.85530261270276
75.75757575757576,0.0,0.4529114179772347,0.917677110017816,2.107149535917065
76.76767676767678,0.0,0.4924301896681023,5.951722934249747,1.129049966351473
77.77777777777779,0.0,0.18247295219781132,10.38626964194918,1.456189877755389
78.7878787878788,0.0,0.30614494457615393,12.73129707122687,1.252489706579803
79.7979797979798,0.0,0.3526539398155653,16.2208889745206,1.242335887050064
80.80808080808082,0.0,0.344521530911049,12.31328032973087,1.818288827193814
81.81818181818183,0.0,0.41716507365595906,6.366551965201585,1.491382663847933
82.82828282828284,0.0,0.9384768692319865,9.862324276412153,1.154608892712691
83.83838383838385,0.0,2.165694023351589,14.22749954916265,3.600281373888682
84.84848484848486,0.0,0.9318884975666979,14.44708734000631,2.140061660231416
85.85858585858587,0.0,1.098266493151466,13.04437479403617,0.8890945728681163
86.86868686868688,0.0,1.121607198444503,12.38134190098855,1.93703224189767
87.87878787878789,0.0,0.981262632458189,17.03772028484261,0.629431946456821
88.8888888888889,0.0,2.880071068376493,13.24699698450002,0.0
89.89898989898991,0.0,2.2102267308689245,18.87189245680538,5.246284381351487
90.90909090909092,0.0,0.7938822515522291,34.39438664983794,4.294152456204791
91.91919191919193,0.0,0.5818195504153748,25.77027472992028,3.379772124767385
92.92929292929294,0.0,0.4569718915204965,32.86628817089729,3.801903918459618
93.93939393939395,0.0,0.8167544422042384,19.72174184546689,3.475049285634644
94.94949494949496,0.0,0.5808887526663922,30.96218791443527,4.581713466268726
95.95959595959597,0.0,0.6376121795981909,28.98157539552955,4.28846480771074
96.96969696969697,0.0,0.6041494726014133,30.70956587709576,4.065976566478325
97.97979797979798,0.0,1.3252684978360285,29.8268605262525,4.468852730310894
98.98989898989899,0.0,2.1053804031665524,17.92115756804481,1.589991602209848
100.0,0.0,0.48779674960923447,12.00481730509629,1.84873943733408
0.0,1.01010101010101,0.2302191934848604,24.82847807368733,5.382403419393311
1.01010101010101,1.01010101010101,0.22863936892109082,20.5509345505407,5.127517733070296
2.02020202020202,1.01010101010101,0.721277041062629,17.42520088563842,5.284743932551148
3.03030303030303,1.01010101010101,0.6093998000573155,22.34933602402997,4.441884938053382
4.040404040404041,1.01010101010101,1.037861335970556,21.85419331518457,4.26613106445914
5.050505050505051,1.01010101010101,1.4810211158835607,8.583886667259232,1.497699385494881
6.060606060606061,1.01010101010101,0.5503337899949781,13.44265037815875,1.466651021362102
7.070707070707071,1.01010101010101,0.6387974465543514,15.41449316434158,2.187669280373537
8.080808080808081,1.01010101010101,0.8741508781732892,20.63199560552941,2.078253172666281
9.090909090909092,1.01010101010101,0.45849626886946115,12.36864586969036,1.642514622042396
10.1010101010101,1.01010101010101,0.8924392164241354,10.54979826522315,0.5717182823026591
11.11111111111111,1.01010101010101,0.6851003714561968,6.362073296651412,1.760024758599967
12.12121212121212,1.01010101010101,0.6572226509395862,19.47110384365494,0.8133337444971076
13.13131313131313,1.01010101010101,0.3862756304811866,13.69202076896741,1.699527262615257
14.14141414141414,1.01010101010101,0.47144248513503934,15.18708160689949,1.858937644367281
15.15151515151515,1.01010101010101,0.3561665412046578,11.41663364048317,1.378978577475162
16.16161616161616,1.01010101010101,0.38443802081425493,14.91199318832195,1.598000112979696
17.17171717171717,1.01010101010101,0.2944470231762835,21.89097797611516,1.419034327650742
18.18181818181818,1.01010101010101,0.5966288886632654,5.720333123450656,2.051046787372381
19.19191919191919,1.01010101010101,0.6580645044587613,14.59285557229598,1.873470810558096
20.2020202020202,1.01010101010101,0.42216618433519365,16.934995918587,0.9633843243943697
21.21212121212121,1.01010101010101,0.22598019075993056,23.22510520195753,1.337097349318009
22.22222222222222,1.01010101010101,0.4309860060198772,19.92867795341598,1.155580869947807
23.23232323232324,1.01010101010101,0.2331446301331047,17.49125309122514,1.476184043101453
24.24242424242424,1.01010101010101,0.2847554152513143,16.16266701442195,1.601092356307837
25.25252525252525,1.01010101010101,0.2562424794281561,17.8632526534591,1.821969483914065
26.26262626262626,1.01010101010101,1.166469934793852,22.37593629003145,1.300742687281203
27.27272727272727,1.01010101010101,1.2915632637091163,18.0398660507776,3.728018627865691
28.28282828282828,1.01010101010101,0.44890434783809263,29.06803338033031,4.118973624259885
29.29292929292929,1.01010101010101,0.5238936692833625,20.4443862466184,4.178460167364625
30.3030303030303,1.01010101010101,1.2560015337856103,17.71338616408182,4.932143084260398
31.31313131313131,1.01010101010101,1.0060013576449387,22.27269135436167,3.327037619190579
32.32323232323233,1.01010101010101,1.0124135824510114,20.78800049542391,4.572055577628821
33.33333333333334,1.01010101010101,0.2605938213038921,12.34778704970227,4.649174509702502
34.34343434343435,1.01010101010101,0.36353151633285585,21.22851508547049,4.818293495684562
35.35353535353536,1.01010101010101,1.195793326823622,32.86305718006226,4.29450837281219
36.36363636363637,1.01010101010101,2.4991342911308525,14.54916856087,0.5992597953640564
37.37373737373738,1.01010101010101,0.7002331347925539,14.56905934395649,1.397609656939257
38.38383838383839,1.01010101010101,0.6568844553392974,14.17169486841693,2.035321321730349
39.3939393939394,1.01010101010101,0.49601431382841826,16.66171915801609,2.238740656498204
40.40404040404041,1.01010101010101,0.7700599915726415,17.26226261446307,1.161964484684538
41.41414141414142,1.01010101010101,0.705335717915063,20.57471499775921,1.97416076046662
42.42424242424243,1.01010101010101,0.4291663869093704,14.22927014424208,1.582930462843374
43.43434343434344,1.01010101010101,0.886752020406746,18.59037815493995,0.7844682891204744
44.44444444444445,1.01010101010101,0.42868081752430665,15.14286036530042,1.239217007254161
45.45454545454546,1.01010101010101,0.22462642174349523,21.99192435536904,1.255896653934954
46.46464646464647,1.01010101010101,0.5419983563358337,23.12045148087059,0.8732653201971954
47.47474747474748,1.01010101010101,0.9592468175398847,16.28244823799659,1.993759946131308
48.48484848484848,1.01010101010101,0.5169238114508407,12.39189612719938,2.307764299626149
49.49494949494949,1.01010101010101,1.0552815517254461,19.17599778222672,2.349046918174791
50.50505050505051,1.01010101010101,0.5949535661381967,14.36884409524034,1.302278294244579
51.51515151515152,1.01010101010101,0.5969761387391567,28.07604616723953,2.16538338652731
52.52525252525253,1.01010101010101,0.3844781734753315,20.47829348350391,2.139336084235888
53.53535353535354,1.01010101010101,0.753743226988523,21.41686435161114,2.177357224021023
54.54545454545455,1.01010101010101,0.6118488149323693,19.29102288944567,1.008539769273261
55.55555555555556,1.01010101010101,0.42800958585944465,14.40335685212761,1.518299052374588
56.56565656565657,1.01010101010101,0.24882050120975457,6.924565848415988,1.68739344837638
57.57575757575758,1.01010101010101,0.9324279312272507,16.49617297548854,1.766203040096472
58.58585858585859,1.01010101010101,1.245910964721893,1.640167668312109,4.210831039414045
59.5959595959596,1.01010101010101,0.449147353134296,33.27173731680943,4.248640664523413
60.60606060606061,1.01010101010101,0.6160141553317877,17.20970311012519,4.990877686677695
61.61616161616162,1.01010101010101,0.5576875588128348,3.692185970317416,4.496245420771726
62.62626262626263,1.01010101010101,0.42133434585256047,18.16562242432689,4.323130279516991
63.63636363636364,1.01010101010101,0.5237107468562507,29.67693212984423,4.480401508129773
64.64646464646465,1.01010101010101,0.36279307884243894,14.83807881660659,4.858133151245039
65.65656565656566,1.01010101010101,0.6215270511949205,18.36021102118138,4.928153530154821
66.66666666666667,1.01010101010101,1.4580313760232533,31.9258885395006,4.289661906229495
67.67676767676768,1.01010101010101,1.8239936947697433,19.96997838379772,1.037950883439923
68.68686868686869,1.01010101010101,0.50524759469154,14.18445092790861,1.47057006423415
69.6969696969697,1.01010101010101,0.6004237002895118,11.41364144613112,1.329861767286804
70.70707070707071,1.01010101010101,0.8504539745309306,14.04669501356307,0.7530171021701372
71.71717171717172,1.01010101010101,0.24745074797299996,20.58280446177594,1.14848005547776
72.72727272727273,1.01010101010101,0.6197829441097915,3.433184810900556,1.035561823015699
73.73737373737374,1.01010101010101,0.5300926395490393,10.58338478262699,1.709490275183255
74.74747474747475,1.01010101010101,0.23223606768988864,14.53558876498603,2.090523817087148
75.75757575757576,1.01010101010101,0.5301670362775659,13.34659363450948,1.978361774765258
76.76767676767678,1.01010101010101,0.448325702196397,9.261881799478244,1.301101054386272
77.77777777777779,1.01010101010101,0.275798305441423,8.55728017174021,1.472768651769321
78.7878787878788,1.01010101010101,0.5615375042661692,15.47676280644632,1.95707054960294
79.7979797979798,1.01010101010101,0.22747424389813398,10.91362821450864,1.714190946823271
80.80808080808082,1.01010101010101,0.38914588237995634,19.22745956334537,1.687583337950298
81.81818181818183,1.01010101010101,0.7108577744622003,6.9945180999312,0.9035673773611789
82.82828282828284,1.01010101010101,0.36065451385596126,8.117950587124396,1.187593248097417
83.83838383838385,1.01010101010101,1.0025869607782318,14.60335259025118,1.009091498667174
84.84848484848486,1.01010101010101,0.8955177942837502,21.94984095175172,2.224540351910944
85.85858585858587,1.01010101010101,0.9290644460240369,11.92571077502359,1.884989295929661
86.86868686868688,1.01010101010101,0.7539005975967114,15.45827299983207,0.9277486110345634
87.87878787878789,1.01010101010101,0.858827075942612,20.59278915984524,1.636187601933718
88.8888888888889,1.01010101010101,2.14792904383447,15.85362720061607,2.764496877321172
89.89898989898991,1.01010101010101,1.2301561884352141,26.20603987522945,5.678548267460078
90.90909090909092,1.01010101010101,0.6834526899780072,17.49668837646506,4.809286954277376
91.91919191919193,1.01010101010101,0.5631209925593484,12.92766603243432,3.78871865088387
92.92929292929294,1.01010101010101,0.4318626675629259,24.05218984036339,4.423833166503901
93.93939393939395,1.01010101010101,0.39118804840619026,16.78996011229702,4.491793798788303
94.94949494949496,1.01010101010101,0.7395893571748748,27.59996456496417,4.924466885075835
95.95959595959597,1.01010101010101,1.597779326041362,24.54423676874999,2.891365168706569
96.96969696969697,1.01010101010101,1.4623609796842902,21.33375235062634,5.25306057921758
97.97979797979798,1.01010101010101,0.873596638141011,23.9093712155574,3.774784528736423
98.98989898989899,1.01010101010101,2.0970995880933776,14.14206436742129,4.768523848484227
100.0,1.01010101010101,1.4725438944567015,16.02702046344617,1.131893773239843
0.0,2.02020202020202,0.6558337002356787,34.31259708716598,5.332642186864522
1.01010101010101,2.02020202020202,0.6101198756456535,32.69217853144576,4.635538584881489
2.02020202020202,2.02020202020202,0.5715879097837483,9.040061319724606,4.09128693340884
3.03030303030303,2.02020202020202,0.4441000285099821,25.01687038355038,4.14394712096649
4.040404040404041,2.02020202020202,1.3225066710658036,15.19702437634908,5.43478771215942
5.050505050505051,2.02020202020202,1.7546624743981207,24.49654956672837,4.123984774312786
6.060606060606061,2.02020202020202,1.1051979459275063,7.345528941074648,1.737246556341032
7.070707070707071,2.02020202020202,0.502635769842018,17.54863582042542,1.315031124346479
8.080808080808081,2.02020202020202,0.4775920418022562,7.40236435594246,1.106452182455875
9.090909090909092,2.02020202020202,0.230452910909752,14.61904867762545,1.677366218426445
10.1010101010101,2.02020202020202,0.6208722773745332,16.45791729240837,1.41796927798272
11.11111111111111,2.02020202020202,0.6592362655530501,13.15681684144885,2.180876164864082
12.12121212121212,2.02020202020202,0.5880303454625251,18.65508872983643,1.349567394487094
13.13131313131313,2.02020202020202,0.26294533789696223,17.57712493414405,1.962378641868057
14.14141414141414,2.02020202020202,0.49900029880913815,9.116435353817776,2.075461872739348
15.15151515151515,2.02020202020202,0.4204256730821343,9.328357532797632,1.640403062016454
16.16161616161616,2.02020202020202,0.9467718277873234,15.48974428600011,2.251329842623127
17.17171717171717,2.02020202020202,0.4984579820732559,14.29455201608492,1.486811932233611
18.18181818181818,2.02020202020202,0.6263371331235901,17.71314208469436,2.274950595849866
19.19191919191919,2.02020202020202,0.7662083872543249,13.37519192447368,1.121343608465007
20.2020202020202,2.02020202020202,0.26253338941118076,20.86306316788466,1.044096260214312
21.21212121212121,2.02020202020202,0.35334497832938816,18.60579031017735,1.649100948297327
22.22222222222222,2.02020202020202,0.6068694193250068,20.83121463682016,2.100706722806416
23.23232323232324,2.02020202020202,0.23526162177415094,11.30479483005954,1.653218302761476
24.24242424242424,2.02020202020202,0.3315626304549033,14.51387213607239,1.383085416300157
25.25252525252525,2.02020202020202,0.3634488127140467,14.16823759006612,2.032300901875469
26.26262626262626,2.02020202020202,1.3225151318836847,15.5761469630352,1.871322886646318
27.27272727272727,2.02020202020202,1.341641330358721,10.02465083175032,4.894426120881151
28.28282828282828,2.02020202020202,0.8361601469879958,34.18084815546353,5.024560551804054
29.29292929292929,2.02020202020202,0.61151057911222,15.46320061962396,3.519650374940298
30.3030303030303,2.02020202020202,1.0249951984738064,13.97001989713766,3.24640748760662
31.31313131313131,2.02020202020202,1.0000152014680188,8.276202206475363,3.336739700831994
32.32323232323233,2.02020202020202,1.106538113263263,22.25935888058331,5.501833198827797
33.33333333333334,2.02020202020202,0.6084385563413202,15.70882740046371,4.593974534711835
34.34343434343435,2.02020202020202,0.09858285727478533,21.60284029029877,4.676724567996082
35.35353535353536,2.02020202020202,0.3601844008487747,21.48190304813047,4.756282139624413
36.36363636363637,2.02020202020202,2.2268765774338077,28.80814339345658,5.230357651427114
37.37373737373738,2.02020202020202,1.5051518175033018,20.25515617866985,2.45834823699391
38.38383838383839,2.02020202020202,1.0166708195311598,18.50306972862031,1.103256721147606
39.3939393939394,2.02020202020202,0.5585494046670645,10.59592537287132,2.448441255641201
40.40404040404041,2.02020202020202,0.6062973171915331,19.80869252538643,1.770983378406766
41.41414141414142,2.02020202020202,0.6017946418872862,23.29451219219496,1.046699598749558
42.42424242424243,2.02020202020202,0.5283198161806837,20.59583304091453,1.574051054867415
43.43434343434344,2.02020202020202,0.25005669932859165,8.789813746516648,1.291476766075843
44.44444444444445,2.02020202020202,0.257464308119326,11.38327261447437,1.169380356845677
45.45454545454546,2.02020202020202,0.20335883695794488,10.23527923534839,1.112390018420084
46.46464646464647,2.02020202020202,0.4040238019595556,11.54852407970169,1.134354591965586
47.47474747474748,2.02020202020202,0.864758054086909,17.24109149768189,0.748021438902346
48.48484848484848,2.02020202020202,0.9127903501716217,11.87737633348281,1.809770516903439
49.49494949494949,2.02020202020202,1.2543061279520815,11.64471209933062,0.5855296415144053
50.50505050505051,2.02020202020202,0.6604009809228752,18.02298436507962,1.683432089967128
51.51515151515152,2.02020202020202,0.5816743652383154,17.126686775442,1.319388546728301
52.52525252525253,2.02020202020202,0.4139706315941223,22.34572572191627,1.599346217457691
53.53535353535354,2.02020202020202,0.39534339163076976,14.26540681561294,1.283871099786907
54.54545454545455,2.02020202020202,0.23550956589373306,21.20521843539805,1.313883860097277
55.55555555555556,2.02020202020202,0.3231454930201093,17.38776038122471,1.689240681619109
56.56565656565657,2.02020202020202,0.5653255034152734,10.35783624996927,2.021219849207945
57.57575757575758,2.02020202020202,1.7544413649579345,6.092482398515255,1.144007759492186
58.58585858585859,2.02020202020202,1.6545517351077033,22.38340915746722,2.98953212586631
59.5959595959596,2.02020202020202,0.9994787248972972,9.740295649632868,5.009065441255734
60.60606060606061,2.02020202020202,0.7674170941482082,19.13378175101409,4.031786790482752
61.61616161616162,2.02020202020202,1.5400667848349685,26.54836800764581,3.225914550781312
62.62626262626263,2.02020202020202,0.9757756438062043,4.329709538236095,5.356827141913057
63.63636363636364,2.02020202020202,0.856392086721844,26.22783461685609,5.661498760374728
64.64646464646465,2.02020202020202,1.1701543728944326,26.88307972315516,4.083625211569254
65.65656565656566,2.02020202020202,2.038617047462443,14.51391405640377,6.389523800484397
66.66666666666667,2.02020202020202,1.808069869503,23.27946308803558,3.081382406964913
67.67676767676768,2.02020202020202,1.4805505878185055,26.261380011903,4.038241841222523
68.68686868686869,2.02020202020202,1.3056779910745624,2.308948868428832,2.158745725019821
69.6969696969697,2.02020202020202,1.453828826326319,17.32708214272047,0.4548309230136118
70.70707070707071,2.02020202020202,1.32803614396819,21.81220549119935,2.188508616004684
71.71717171717172,2.02020202020202,0.3419582081335007,13.04221908605778,1.488380268544935
72.72727272727273,2.02020202020202,0.7403812887164395,17.22927107071083,1.575208409075302
73.73737373737374,2.02020202020202,1.0299347442085698,17.95971087590353,0.6809607525589079
74.74747474747475,2.02020202020202,1.1100234943652305,8.051564331622012,2.291051299236532
75.75757575757576,2.02020202020202,1.1598330699504313,24.96330092348717,0.7759041535076774
76.76767676767678,2.02020202020202,0.7559408083410619,19.76357245257934,2.073424457375026
77.77777777777779,2.02020202020202,0.41905062312730273,8.97865725817659,1.903413604304413
78.7878787878788,2.02020202020202,0.672605038493284,17.61928570396272,1.142682876174688
79.7979797979798,2.02020202020202,0.3664015932095761,13.92166976393026,1.882745650989958
80.80808080808082,2.02020202020202,0.5101940292738356,18.68440336869188,2.302837808764515
81.81818181818183,2.02020202020202,0.5474950179188562,18.1905067346735,2.091141357397869
82.82828282828284,2.02020202020202,0.845830505068789,10.58935118928424,2.134699327970055
83.83838383838385,2.02020202020202,0.5066243599399315,7.552768521020124,1.03429886388458
84.84848484848486,2.02020202020202,0.9981598544464332,19.53555312739756,0.2819477756805246
85.85858585858587,2.02020202020202,0.880014395741414,8.394133307810963,0.4614179757714387
86.86868686868688,2.02020202020202,0.549217251558048,16.18818882273791,1.26838769476405
87.87878787878789,2.02020202020202,1.0508300979360943,13.16981521765425,2.22799198394066
88.8888888888889,2.02020202020202,2.696060595177918,15.21336329403392,0.9796382448308248
89.89898989898991,2.02020202020202,1.3170880891582213,23.07384167015589,4.973500103149422
90.90909090909092,2.02020202020202,0.6405498592608415,21.24157468019269,5.138133599540612
91.91919191919193,2.02020202020202,0.8284305204720984,25.29612550435258,3.976573275991242
92.92929292929294,2.02020202020202,0.46413092979830906,25.4975216470641,4.826279440806888
93.93939393939395,2.02020202020202,0.5871636033288976,23.17941279205311,4.444419836889136
94.94949494949496,2.02020202020202,0.9149207638371922,21.3917042599069,5.074296092311429
95.95959595959597,2.02020202020202,0.8269007861350961,18.23222545856562,3.490585706987569
96.96969696969697,2.02020202020202,0.5435197413717856,22.29000573172072,4.430672134211843
97.97979797979798,2.02020202020202,0.2171954453607624,30.43947388776751,4.103087509497035
98.98989898989899,2.02020202020202,0.9153951149505799,34.2625376587803,4.189027137377285
100.0,2.02020202020202,1.1620857970388603,7.410296277425836,1.196049717271327
0.0,3.03030303030303,0.506307446532633,26.73489797792137,4.112005920669308
1.01010101010101,3.03030303030303,0.7553339995224552,19.78989617201547,3.928393483943364
2.02020202020202,3.03030303030303,0.5379251358811118,21.64094834162407,3.595304132446454
3.03030303030303,3.03030303030303,0.4505189682219307,29.73998611029833,4.278908639168947
4.040404040404041,3.03030303030303,0.8029850538964832,24.51064119298037,3.915061204636051
5.050505050505051,3.03030303030303,1.591699427994248,19.37595139334812,4.818808127268976
6.060606060606061,3.03030303030303,2.921105125649291,9.42911667021426,0.3960039575762443
7.070707070707071,3.03030303030303,0.7512357124571354,15.14859010233843,1.822141673802336
8.080808080808081,3.03030303030303,0.32439021347228925,10.07895552442373,1.26552638159332
9.090909090909092,3.03030303030303,0.21609376174156247,15.26939320765334,1.734015289267109
10.1010101010101,3.03030303030303,0.34809902643658525,20.64025481553065,2.032903564475705
11.11111111111111,3.03030303030303,0.34188903952376554,11.55009536322021,1.558998166174346
12.12121212121212,3.03030303030303,0.26124146122897496,20.06253846290079,1.721335108589257
13.13131313131313,3.03030303030303,0.5271255720573578,12.89026067661391,2.025414135950852
14.14141414141414,3.03030303030303,1.1480720087789118,10.63784713003688,0.8441269474690479
15.15151515151515,3.03030303030303,0.8566106562465553,7.506080185312336,2.014695678474132
16.16161616161616,3.03030303030303,1.1872379507671846,10.10476384556506,0.4930169521134534
17.17171717171717,3.03030303030303,0.6134314126514495,16.80025239971787,1.860209681937995
18.18181818181818,3.03030303030303,0.18346764677249172,14.89059965324239,1.935251522834104
19.19191919191919,3.03030303030303,0.6809750611955482,22.87729766713224,2.203195619753664
20.2020202020202,3.03030303030303,0.4329428976383258,12.80228007689216,1.331265845705383
21.21212121212121,3.03030303030303,0.19572016889748944,1.852359745533369,1.604335096551196
22.22222222222222,3.03030303030303,0.23492347273591113,16.90180751502714,1.517449092919026
23.23232323232324,3.03030303030303,0.280361469677771,14.91348624599889,1.606827381831154
24.24242424242424,3.03030303030303,0.2720931144860442,9.730825689329505,1.194190206524855
25.25252525252525,3.03030303030303,1.0926137014846602,11.97789167067879,1.59903056978515
26.26262626262626,3.03030303030303,1.2126879669393633,1.564389658734777,3.406721965351958
27.27272727272727,3.03030303030303,0.6086218679330974,25.67489216856762,3.847505957619462
28.28282828282828,3.03030303030303,0.7522443444425996,30.62202251052962,4.2205514991829
29.29292929292929,3.03030303030303,0.7176836733985282,19.06070888937763,3.510570915113179
30.3030303030303,3.03030303030303,1.1541815053827433,26.29281452149512,5.297077584289016
31.31313131313131,3.03030303030303,0.5716587509159894,18.52581342953085,5.071672713841477
32.32323232323233,3.03030303030303,0.738607030657753,30.8371522572455,5.078410529085487
33.33333333333334,3.03030303030303,1.4297287245480215,20.92297792382642,3.206028981737431
34.34343434343435,3.03030303030303,0.4638086353660369,23.3829522103131,4.586269671497998
35.35353535353536,3.03030303030303,0.36339438430181237,37.09349096149266,4.330951386472569
36.36363636363637,3.03030303030303,1.05096091997827,30.59645004201327,4.200034123990846
37.37373737373738,3.03030303030303,1.3648531840250597,2.031669433197031,1.625580477314863
38.38383838383839,3.03030303030303,0.42982109430249266,15.22363271356103,1.537599348349603
39.3939393939394,3.03030303030303,0.47478611464096077,16.26770211147516,2.450295863438432
40.40404040404041,3.03030303030303,0.5199046283831787,10.96313684712243,2.185412096559028
41.41414141414142,3.03030303030303,0.6768688484828718,22.43367748097531,1.274781768806576
42.42424242424243,3.03030303030303,1.151557991536132,16.79957795077815,0.2795769430300679
43.43434343434344,3.03030303030303,0.5399258709370564,18.22367431176723,1.202929143738583
44.44444444444445,3.03030303030303,0.4567814519117891,22.18148603624437,1.950314191258738
45.45454545454546,3.03030303030303,0.3654230132376183,8.049915818010078,1.703363818765898
46.46464646464647,3.03030303030303,0.8882912137935488,7.098548933468281,2.081062801426676
47.47474747474748,3.03030303030303,0.5700203729817265,15.02065749675868,1.513232916956687
48.48484848484848,3.03030303030303,0.6916579815987601,20.75874724829755,0.9425928523297888
49.49494949494949,3.03030303030303,0.6452093900176221,13.07890814224395,1.517093552820589
50.50505050505051,3.03030303030303,0.9758861487400947,12.98503462521273,0.8849279536897257
51.51515151515152,3.03030303030303,0.6394403928884886,14.59418054322748,2.156089953914337
52.52525252525253,3.03030303030303,0.6614575967135216,16.47003161753499,2.119806088655809
53.53535353535354,3.03030303030303,0.3453913139055865,20.47538903237021,1.626270664094716
54.54545454545455,3.03030303030303,0.5781847663996125,18.04160681579008,1.082559269178563
55.55555555555556,3.03030303030303,0.892907858339067,6.662827745391247,2.103545035344357
56.56565656565657,3.03030303030303,1.7846406637454195,16.61248858769615,1.302935493683012
57.57575757575758,3.03030303030303,1.8979362719307398,24.85937928457487,4.816841482629754
58.58585858585859,3.03030303030303,0.566678508422876,17.64867152209056,4.52138247098584
59.5959595959596,3.03030303030303,0.23329340405514332,30.17386608990226,4.768387284561272
60.60606060606061,3.03030303030303,0.40673193355864923,30.16966639088043,4.359213380406219
61.61616161616162,3.03030303030303,0.9321720074776104,8.39016255316279,5.179065989297587
62.62626262626263,3.03030303030303,0.477387004907325,24.8290867859364,4.923005638677723
63.63636363636364,3.03030303030303,0.5695026938954373,24.70235106151399,5.299572832999454
64.64646464646465,3.03030303030303,0.796899003782235,20.99789654273417,4.061287797387926
65.65656565656566,3.03030303030303,0.9993504711186996,28.05016703811329,5.310465863398825
66.66666666666667,3.03030303030303,0.9202484144327543,15.95500968740058,4.840381557935237
67.67676767676768,3.03030303030303,1.227914448897157,22.05068304174374,4.123797684253633
68.68686868686869,3.03030303030303,1.8757158943507042,11.31562378093358,1.207620339716154
69.6969696969697,3.03030303030303,0.9191764221873293,5.130995505264922,1.957522889048415
70.70707070707071,3.03030303030303,1.1073973604232439,21.52234145062424,0.7456615944172914
71.71717171717172,3.03030303030303,0.7590853890175377,26.12627141352249,1.729356400021647
72.72727272727273,3.03030303030303,1.4281412287836683,12.39043468319857,0.1344056373159084
73.73737373737374,3.03030303030303,0.5844527144784035,10.606706245528,1.267832003574822
74.74747474747475,3.03030303030303,0.532902961993579,10.51739999714299,1.176722496331472
75.75757575757576,3.03030303030303,0.25782573960495114,9.19808194264278,1.400111362455619
76.76767676767678,3.03030303030303,0.37541027244930003,11.74884769974598,1.289515783937494
77.77777777777779,3.03030303030303,0.23844295354033157,11.66702407945952,1.588597645530632
78.7878787878788,3.03030303030303,0.3928647302499982,6.543250031901387,1.517921853774577
79.7979797979798,3.03030303030303,0.3802222320569296,18.55630626368585,2.019642387071748
80.80808080808082,3.03030303030303,0.5464164118985972,16.36941464624434,1.509104771624593
81.81818181818183,3.03030303030303,0.4695400033254677,16.88819280520119,1.343989687697966
82.82828282828284,3.03030303030303,0.5052128997521361,12.77740155254965,0.8424418222251984
83.83838383838385,3.03030303030303,0.4413212282443313,0.0,0.8857603416317904
84.84848484848486,3.03030303030303,0.474845342950986,10.33640882584172,1.400173328940868
85.85858585858587,3.03030303030303,0.4085749519359898,12.35022332888966,1.571464319495347
86.86868686868688,3.03030303030303,0.29187841791432856,19.12382412392588,1.358043609097534
87.87878787878789,3.03030303030303,2.4029316074846587,17.66997473969609,0.8244340024896689
88.8888888888889,3.03030303030303,2.08289098553227,9.574283743672247,4.736806395623719
89.89898989898991,3.03030303030303,0.5493864413915328,12.9103399861452,5.378308940761864
90.90909090909092,3.03030303030303,0.8541659788745044,19.61512323504981,4.23097462770104
91.91919191919193,3.03030303030303,1.3245471517992975,23.57403467905655,5.091174244407248
92.92929292929294,3.03030303030303,0.6354478827765875,31.0824341429343,4.603767764650039
93.93939393939395,3.03030303030303,1.4434230307154419,22.97178816382097,5.733964428965512
94.94949494949496,3.03030303030303,1.0309641900469724,24.59160639615202,3.778028884944408
95.95959595959597,3.03030303030303,0.45399779920818994,18.88209653763676,3.67517150069882
96.96969696969697,3.03030303030303,0.420810630920483,21.07646893764486,4.514691602754167
97.97979797979798,3.03030303030303,0.5282563838506542,15.46564740538888,3.976132961409655
98.98989898989899,3.03030303030303,0.9847116768945284,32.60468064185198,4.192193838086455
100.0,3.03030303030303,2.2796277528138766,16.32493206837875,1.625173744250466
0.0,4.040404040404041,0.8353561383203547,20.57080561125659,3.997332283992567
1.01010101010101,4.040404040404041,1.4935123888700899,37.30872349534267,5.725882592872205
2.02020202020202,4.040404040404041,0.7114509518369209,25.29109140666382,4.234328016789112
3.03030303030303,4.040404040404041,0.7936568782649863,23.4669166322802,4.898571052598824
4.040404040404041,4.040404040404041,1.1294993990107813,26.19161318177202,3.490441853739308
5.050505050505051,4.040404040404041,0.7842765481915129,21.91406768829322,5.164231393964123
6.060606060606061,4.040404040404041,2.131099714357105,21.16049610350656,4.890239975489797
7.070707070707071,4.040404040404041,1.4197836268142177,10.22843596682799,1.307062381864759
8.080808080808081,4.040404040404041,0.32610789926997685,11.88457995850545,1.152143926724413
9.090909090909092,4.040404040404041,0.24768004920277875,14.51169647651935,1.77436408251031
10.1010101010101,4.040404040404041,0.28230691029861,13.26740168290807,2.028235418732304
11.11111111111111,4.040404040404041,0.32434716071105274,14.37421420387748,1.668433984863402
12.12121212121212,4.040404040404041,0.1741401167699767,15.31029051907934,1.514552947552026
13.13131313131313,4.040404040404041,0.32361861647071344,26.48196758667986,1.465313557647615
14.14141414141414,4.040404040404041,0.40672672855978464,17.68744834600791,1.853224137827507
15.15151515151515,4.040404040404041,0.41975892281229354,19.63548109975341,1.654793127311352
16.16161616161616,4.040404040404041,0.5619943190081671,9.19101222104331,0.5947844084872979
17.17171717171717,4.040404040404041,0.517285109909023,9.729694526112917,1.222116351757231
18.18181818181818,4.040404040404041,0.4648964556152677,16.07481635678149,1.884065946575568
19.19191919191919,4.040404040404041,0.4421888666588781,22.28755681930759,1.701021257227969
20.2020202020202,4.040404040404041,0.2666193499081937,15.67321500723481,1.630868825873521
21.21212121212121,4.040404040404041,0.38819422956180116,5.405433289255505,1.98249466591704
22.22222222222222,4.040404040404041,0.521767885820245,15.74720810333281,1.697621061430983
23.23232323232324,4.040404040404041,0.38369877129202307,9.77336058861068,1.033787888268819
24.24242424242424,4.040404040404041,1.6599098420722336,20.46379005231493,1.112190496922574
25.25252525252525,4.040404040404041,1.7688231762038187,23.29625447493156,3.323683284806368
26.26262626262626,4.040404040404041,0.9416114286616291,31.62634171633986,4.473599366569459
27.27272727272727,4.040404040404041,0.9704001235265394,27.25139813421503,3.273768182979703
28.28282828282828,4.040404040404041,1.801215025200159,20.82279605548266,5.342493698698985
29.29292929292929,4.040404040404041,0.8222577713768492,33.30578113120944,3.875738895634615
30.3030303030303,4.040404040404041,0.7469167510831545,21.02673338039323,4.742933199063815
31.31313131313131,4.040404040404041,0.4745142415523169,20.02423727395465,4.752113408878552
32.32323232323233,4.040404040404041,0.4734431347830067,16.77454464167674,4.426524438788852
33.33333333333334,4.040404040404041,0.6385274054081471,22.91442506992344,4.284376089846488
34.34343434343435,4.040404040404041,0.5616540088256841,31.84935254545708,4.715490341678065
35.35353535353536,4.040404040404041,0.3986553703230913,33.28486316360432,4.972962623020822
36.36363636363637,4.040404040404041,0.5765256938073262,24.86465875688237,4.66818336730995
37.37373737373738,4.040404040404041,1.3454859760677322,5.766752554152937,3.589790678094813
38.38383838383839,4.040404040404041,1.1000065945518258,18.38780253512718,1.821863454303488
39.3939393939394,4.040404040404041,0.5651661521269429,8.031472807309067,1.730586294640053
40.40404040404041,4.040404040404041,0.26323143794711173,18.99498558805505,1.695736395810431
41.41414141414142,4.040404040404041,0.4474569098193973,11.63041713613959,1.848339839152085
42.42424242424243,4.040404040404041,0.648717818700588,13.58612157126371,1.672777770852226
43.43434343434344,4.040404040404041,0.3134022877179805,13.43176638465998,1.603347756920878
44.44444444444445,4.040404040404041,0.2275731924125345,22.61243562462507,1.898457638037638
45.45454545454546,4.040404040404041,0.6378279174972962,21.70794641172962,1.949432716216939
46.46464646464647,4.040404040404041,1.502111216553562,10.93001944109855,0.4201350228443371
47.47474747474748,4.040404040404041,0.6880320862540381,12.03702583332526,1.889632981732365
48.48484848484848,4.040404040404041,0.4597478155792498,17.53204229471052,1.696906349033481
49.49494949494949,4.040404040404041,0.4254204081253882,20.02679806755122,1.95970090196323
50.50505050505051,4.040404040404041,0.7008932078464833,24.49058796190895,2.086640813017228
51.51515151515152,4.040404040404041,0.6191802386098685,7.065060044077535,1.742475655029558
52.52525252525253,4.040404040404041,1.12747880031181,9.77524383255587,0.5242548628194615
53.53535353535354,4.040404040404041,0.46221012045415866,11.43841957346458,1.624351792257425
54.54545454545455,4.040404040404041,0.3543416055475419,16.12027013664914,1.599276582776352
55.55555555555556,4.040404040404041,1.2522367624667914,12.03303716052853,0.7678132635404765
56.56565656565657,4.040404040404041,1.7126633174756778,22.43035080039346,3.40869826253167
57.57575757575758,4.040404040404041,0.4614275026871618,27.62278093550457,4.70729511863502
58.58585858585859,4.040404040404041,0.3065648390399387,13.40180765416903,4.713782334338467
59.5959595959596,4.040404040404041,0.1953109100540027,29.73535309895479,4.804704026356898
60.60606060606061,4.040404040404041,0.8032635881039243,20.96615012284851,4.288738749141511
61.61616161616162,4.040404040404041,0.3941698306018142,21.96925946792966,4.479442357414654
62.62626262626263,4.040404040404041,0.8215260982036117,21.45947587205256,4.079906667225353
63.63636363636364,4.040404040404041,0.9786941704209184,19.55297167986565,5.600805451272669
64.64646464646465,4.040404040404041,0.7622170204596251,20.07171819958017,4.739083296713109
65.65656565656566,4.040404040404041,0.5315206800866159,17.55624368268142,4.111384287484086
66.66666666666667,4.040404040404041,0.7052579891028994,27.83716330580712,4.105055230319737
67.67676767676768,4.040404040404041,1.187244892247248,26.97160514500482,5.317138418592068
68.68686868686869,4.040404040404041,1.7836305150680738,29.42552939919924,4.093278637945564
69.6969696969697,4.040404040404041,1.3988113181027009,9.571364900602227,1.745273010297286
70.70707070707071,4.040404040404041,0.29276920664361283,23.23877364087121,1.536847914287395
71.71717171717172,4.040404040404041,0.20599582818379247,9.792400505646352,1.512636543738302
72.72727272727273,4.040404040404041,0.5972241567056242,22.3545817597579,1.677790651726536
73.73737373737374,4.040404040404041,0.18683298435040596,13.79798231379332,1.794235736970258
74.74747474747475,4.040404040404041,0.5741415707823941,10.67492666280775,1.879507168033231
75.75757575757576,4.040404040404041,0.4305844388995793,14.70285489312311,1.327000057626028
76.76767676767678,4.040404040404041,0.41885373679345655,12.08266377154137,1.597570760185899
77.77777777777779,4.040404040404041,0.37571397388574357,20.06137054848956,1.31939944349228
78.7878787878788,4.040404040404041,0.6562200222300039,11.11268571153774,2.141745472121454
79.7979797979798,4.040404040404041,0.7241995690181351,17.12894245865232,1.647908343670146
80.80808080808082,4.040404040404041,1.0810809210536525,10.38754213147368,0.7928248605439082
81.81818181818183,4.040404040404041,0.7568361741301431,15.76809509592054,1.808335081900539
82.82828282828284,4.040404040404041,0.9776422275642227,11.54525618082148,0.6587141138408703
83.83838383838385,4.040404040404041,0.8591571775120119,14.03539338135834,1.944775225640656
84.84848484848486,4.040404040404041,0.45789620897116323,8.968863195373926,1.304721488260824
85.85858585858587,4.040404040404041,0.41702544733812996,15.40611377945206,1.711006082563106
86.86868686868688,4.040404040404041,1.2572768587447698,14.6584688643332,1.027216168779382
87.87878787878789,4.040404040404041,1.9288158087717109,22.57485399491948,4.586620451235399
88.8888888888889,4.040404040404041,0.3081151633979673,14.94027330325897,4.716285542559727
89.89898989898991,4.040404040404041,0.6565474158190199,16.67111424692699,5.382209010516585
90.90909090909092,4.040404040404041,1.0105907375434975,0.0,4.732945641592456
91.91919191919193,4.040404040404041,2.397751489093875,18.61243994312844,2.255192702089481
92.92929292929294,4.040404040404041,0.9302658489176954,14.08675717574014,3.902091053773221
93.93939393939395,4.040404040404041,0.6131115089464053,14.84696717436872,4.3359491065167
94.94949494949496,4.040404040404041,0.3007408584145518,9.766470326805468,4.546825509498584
95.95959595959597,4.040404040404041,0.31392989243315905,24.06627982070624,4.364199417519394
96.96969696969697,4.040404040404041,0.5369633261196272,28.09926610188365,4.293547291014416
97.97979797979798,4.040404040404041,0.6907677590500013,21.55124035711865,5.207584430703581
98.98989898989899,4.040404040404041,0.6255280035662034,31.48257212210185,5.34479287444261
100.0,4.040404040404041,1.7648346869723872,18.20690646668276,5.467912881876968
0.0,5.050505050505051,0.8972219243514631,25.40355181504305,4.660176753397252
1.01010101010101,5.050505050505051,2.1035126857889264,28.56781415864571,6.682338154460991
2.02020202020202,5.050505050505051,1.0016698815003366,16.46368674849986,4.285310327901332
3.03030303030303,5.050505050505051,0.37276321317875216,33.76653624948651,4.415978187637986
4.040404040404041,5.050505050505051,0.4935660874145976,19.76452735161667,4.501901359801359
5.050505050505051,5.050505050505051,0.43462231549430674,19.21679247930722,4.320329426592359
6.060606060606061,5.050505050505051,0.8558763780029598,13.84582508985443,4.717246148074293
7.070707070707071,5.050505050505051,1.4943724773796252,43.42982466907517,2.733021548418669
8.080808080808081,5.050505050505051,1.500724560903422,16.9589076552006,1.56605445800917
9.090909090909092,5.050505050505051,0.16783276249394374,0.0119054587274503,1.700084170950287
10.1010101010101,5.050505050505051,0.5556137208037276,14.98593176399885,1.517348693372161
11.11111111111111,5.050505050505051,0.9064053654062671,12.33611634285008,2.342704337838279
12.12121212121212,5.050505050505051,0.5791167629753965,14.53075049103823,1.227895068725137
13.13131313131313,5.050505050505051,0.33838880312724945,12.38037952470014,1.762537475142929
14.14141414141414,5.050505050505051,0.0895422449785222,19.26283294967049,1.821756004642874
15.15151515151515,5.050505050505051,0.354235286387714,20.36810277738469,1.715486538057537
16.16161616161616,5.050505050505051,0.3619707637905105,19.89305598179818,1.053653566052134
17.17171717171717,5.050505050505051,0.11882763559785359,19.59610697489764,1.080350780390173
18.18181818181818,5.050505050505051,0.5847420505169239,17.04793125849078,0.9206599845389691
19.19191919191919,5.050505050505051,0.8146524217069128,24.50130970221558,0.6876372738201986
20.2020202020202,5.050505050505051,0.5424955191678673,11.59036723673472,1.975964973940191
21.21212121212121,5.050505050505051,0.6725211845143169,20.8276356175043,1.444376761565255
22.22222222222222,5.050505050505051,0.890929403464862,11.91576080906789,0.7394282643101806
23.23232323232324,5.050505050505051,1.238070371417117,4.959155899157186,1.253307698058657
24.24242424242424,5.050505050505051,2.1183650487629055,16.13695839932631,5.379934759071678
25.25252525252525,5.050505050505051,1.04567286398151,18.39176977401137,5.312914404953539
26.26262626262626,5.050505050505051,0.60849592137815,18.95569484441546,4.123778318493292
27.27272727272727,5.050505050505051,0.6264478270328891,22.68884327331893,3.313074203137063
28.28282828282828,5.050505050505051,1.4961606374400058,24.04468438626701,2.795056116198086
29.29292929292929,5.050505050505051,0.8950639688191778,17.86090173715181,4.465652894127006
30.3030303030303,5.050505050505051,1.0749034326250673,21.47475706467992,3.185785093200335
31.31313131313131,5.050505050505051,1.0899083329948187,24.03394145538014,3.508384927536646
32.32323232323233,5.050505050505051,0.5371632881797395,29.72256147801538,3.652375308985524
33.33333333333334,5.050505050505051,0.5287867109111785,25.52182315815458,3.381876177096898
34.34343434343435,5.050505050505051,1.0843056268273856,40.39577203826263,3.28668150972973
35.35353535353536,5.050505050505051,0.8116426810416336,24.15268554315809,4.582603915330339
36.36363636363637,5.050505050505051,0.6041858065272143,12.47390344456061,5.122964954294141
37.37373737373738,5.050505050505051,0.7207696892040557,26.87593065314428,4.16120446857933
38.38383838383839,5.050505050505051,1.7077581375713928,19.34770830036831,4.078421343102145
39.3939393939394,5.050505050505051,2.478589148055388,21.23466152774731,0.3157583134237173
40.40404040404041,5.050505050505051,0.4637132466922588,14.06946833720343,1.319939686941857
41.41414141414142,5.050505050505051,0.4210077970873334,8.79868023205134,0.9602357818615183
42.42424242424243,5.050505050505051,0.4955695190130654,8.137476594834137,0.7160994061032392
43.43434343434344,5.050505050505051,0.315135865131276,25.90794172204089,1.114697114279359
44.44444444444445,5.050505050505051,0.29448823951812425,5.978263138155264,1.386106380904661
45.45454545454546,5.050505050505051,0.44951309362955977,10.12883482152252,1.224462715230698
46.46464646464647,5.050505050505051,0.8228893312220837,15.39299588744532,1.768856458215617
47.47474747474748,5.050505050505051,0.5422745966993316,12.09298253637442,1.176129293078802
48.48484848484848,5.050505050505051,0.2559073537107586,14.05308021325444,1.067749769048807
49.49494949494949,5.050505050505051,0.2756277556224853,30.77201257528749,1.090361082588065
50.50505050505051,5.050505050505051,0.6620951190393368,11.00359387634322,0.9558859100004641
51.51515151515152,5.050505050505051,0.2441551117184372,22.68094413696374,1.241754949672629
52.52525252525253,5.050505050505051,0.624061523943209,12.29609628683952,1.120301116582294
53.53535353535354,5.050505050505051,0.8365177088456833,10.98964997010201,2.346101263317732
54.54545454545455,5.050505050505051,0.41909264420048187,7.561731171891825,1.555166002900922
55.55555555555556,5.050505050505051,1.7322807917166156,13.59968182622558,0.9686802233766926
56.56565656565657,5.050505050505051,1.0635380723489436,24.33695577476917,4.214106908491179
57.57575757575758,5.050505050505051,0.5069416648170819,15.4758372419931,4.276215543687904
58.58585858585859,5.050505050505051,1.4979986195255828,11.94281840634021,5.650232919423717
59.5959595959596,5.050505050505051,0.9479144865560704,28.41006352640884,4.942743955543465
60.60606060606061,5.050505050505051,1.9080107937395792,27.44441571378098,6.72464958480397
61.61616161616162,5.050505050505051,0.7091042975934037,22.11762215317106,4.766258749476533
62.62626262626263,5.050505050505051,0.6101210256541657,10.2204227661176,4.602477614350811
63.63636363636364,5.050505050505051,0.627132451035708,26.03454160067624,4.369882326469088
64.64646464646465,5.050505050505051,0.8871630839280751,29.83694344440329,3.857431877988376
65.65656565656566,5.050505050505051,0.48698800049185853,10.77070118511743,4.404357365522437
66.66666666666667,5.050505050505051,0.7336780656164958,23.74309977420424,4.972348613679154
67.67676767676768,5.050505050505051,0.7922732469380895,14.72067836574143,4.197442552860345
68.68686868686869,5.050505050505051,0.5067095029499309,25.84256773746895,4.770276991693668
69.6969696969697,5.050505050505051,1.5750844712263212,20.97250487365102,4.571837680298791
70.70707070707071,5.050505050505051,1.7961793973100917,17.17728079382723,1.389593874142031
71.71717171717172,5.050505050505051,0.6014118101450002,12.026095096682,1.094738565823804
72.72727272727273,5.050505050505051,0.9036746047134425,24.94300166982264,2.24170307090645
73.73737373737374,5.050505050505051,0.48423559082856216,11.50914972762139,1.775024049270765
74.74747474747475,5.050505050505051,0.795009019669922,13.0069239458288,0.9235040980755891
75.75757575757576,5.050505050505051,0.9565062217608319,20.40330685832716,0.5008514198243759
76.76767676767678,5.050505050505051,1.0012566242710728,17.33999846467961,2.41618871185783
77.77777777777779,5.050505050505051,0.47222895858437275,15.42898383599488,1.186259095310451
78.7878787878788,5.050505050505051,0.534248973786029,9.159572472893917,1.456872158628798
79.7979797979798,5.050505050505051,1.542777434730083,15.48982599434644,0.4717647225767534
80.80808080808082,5.050505050505051,1.1532797140274622,7.015031744079563,2.530274929194965
81.81818181818183,5.050505050505051,0.4820713867373963,12.78643178122223,2.206203194802239
82.82828282828284,5.050505050505051,0.6305344585233386,17.93096761659802,1.949873235853979
83.83838383838385,5.050505050505051,0.747500475667991,11.63941706571112,2.39627420250022
84.84848484848486,5.050505050505051,0.6802770878489268,17.7582726696088,1.994516151783319
85.85858585858587,5.050505050505051,0.3738064546922681,21.46833478001266,1.272520564364351
86.86868686868688,5.050505050505051,2.005115813174321,13.78470937688842,1.482301967200567
87.87878787878789,5.050505050505051,1.0651774516631451,22.47644990218654,4.850627863796167
88.8888888888889,5.050505050505051,0.6956041831876807,21.05981276638727,4.299934301313036
89.89898989898991,5.050505050505051,0.7365880308668904,21.8052556516718,4.075106253876216
90.90909090909092,5.050505050505051,0.8518303857431011,31.93547733289786,5.146321269447926
91.91919191919193,5.050505050505051,0.9671266695213137,21.76781272657341,4.885565824960499
92.92929292929294,5.050505050505051,0.8217439209273041,19.71428804952397,4.840721334139966
93.93939393939395,5.050505050505051,0.688588947467149,18.87680287231422,3.926252848905254
94.94949494949496,5.050505050505051,0.5041235533135956,28.23514613591175,4.506161195355626
95.95959595959597,5.050505050505051,0.274116424660485,15.42770509307747,4.677612851947289
96.96969696969697,5.050505050505051,0.8662273900577908,15.22517542605456,5.235567017559032
97.97979797979798,5.050505050505051,0.4981524087587663,10.24032180229198,4.727210447225695
98.98989898989899,5.050505050505051,0.8704990627927744,27.55723739862781,4.255608347707338
100.0,5.050505050505051,0.6929920018726206,8.31075438872311,4.139267966020666
0.0,6.060606060606061,0.6889716354603274,13.93662997652162,4.653516850811287
1.01010101010101,6.060606060606061,1.800926998228599,14.08982925049778,3.643932200517471
2.02020202020202,6.060606060606061,1.1965488267481463,17.24987783569846,5.713311856494145
3.03030303030303,6.060606060606061,0.6562330246698558,19.72094908962939,5.207847143492129
4.040404040404041,6.060606060606061,0.5793772299525535,23.99499715179921,5.197211098025326
5.050505050505051,6.060606060606061,0.6707127572740652,12.15186995122389,4.636428066506888
6.060606060606061,6.060606060606061,0.6085059325573906,21.30244462351123,3.847875784615515
7.070707070707071,6.060606060606061,0.9387795740788224,32.10045285502532,4.133360601318137
8.080808080808081,6.060606060606061,2.8714591454282976,19.32612575998919,5.854045366987485
9.090909090909092,6.060606060606061,1.5380952660859495,14.59943662688248,1.980370118846796
10.1010101010101,6.060606060606061,0.9166183335017319,18.20063533817669,0.8138716575616376
11.11111111111111,6.060606060606061,0.6352497512766137,4.423240358569397,1.331518142767347
12.12121212121212,6.060606060606061,0.33807772404739045,11.32313884079884,0.847537571181374
13.13131313131313,6.060606060606061,0.5832567111623996,19.01961169657492,1.300067116046982
14.14141414141414,6.060606060606061,0.5353153011322664,18.55577612237945,1.982968855287048
15.15151515151515,6.060606060606061,0.5775484468618772,13.14519347084624,1.127341241843606
16.16161616161616,6.060606060606061,0.5973235489667867,15.92695464064489,1.354137277305898
17.17171717171717,6.060606060606061,0.46045323557777196,13.18986926513741,0.9331938195550598
18.18181818181818,6.060606060606061,0.6236549114315451,13.81287352767811,1.903508718000091
19.19191919191919,6.060606060606061,0.5595146875812731,16.28555078275985,1.411512566401316
20.2020202020202,6.060606060606061,0.6867351065925331,16.89098795167318,1.980934990050062
21.21212121212121,6.060606060606061,1.045953801615179,19.91838786580224,0.5289466374897829
22.22222222222222,6.060606060606061,1.2730433963391798,5.758732531276029,2.126125150045276
23.23232323232324,6.060606060606061,2.737433683605645,11.2652289825897,1.161052516941525
24.24242424242424,6.060606060606061,1.6529380902478352,20.70965044176027,5.392003276843036
25.25252525252525,6.060606060606061,0.7999047936573007,29.47293255751914,4.375610509753056
26.26262626262626,6.060606060606061,0.2594136552476086,33.09857740992778,4.208100754113248
27.27272727272727,6.060606060606061,0.5167991844590931,10.65731301249118,4.450837288816054
28.28282828282828,6.060606060606061,0.5169920017339659,33.91995542836726,4.043646218589314
29.29292929292929,6.060606060606061,0.13134444424105185,10.73077341888856,4.425775596198275
30.3030303030303,6.060606060606061,1.0103155816986273,26.10565477507981,4.325783082574143
31.31313131313131,6.060606060606061,1.9227544032801627,21.11026740862252,6.157699562388827
32.32323232323233,6.060606060606061,0.8478569425278656,23.66118330776681,4.61238981856365
33.33333333333334,6.060606060606061,0.5853765293062119,24.73203207519891,4.228829308736228
34.34343434343435,6.060606060606061,0.8521398365936058,24.07709409279155,4.80397811212316
35.35353535353536,6.060606060606061,1.4631613263437768,21.77584483771796,3.562675343418699
36.36363636363637,6.060606060606061,1.5096068412689316,35.7933570169502,5.582805068740194
37.37373737373738,6.060606060606061,1.7890028583179363,19.94291826903997,2.894083113439619
38.38383838383839,6.060606060606061,0.8967538681901236,13.1231153391099,4.807449849433446
39.3939393939394,6.060606060606061,1.9838635837513228,11.58334780987771,4.048442521232365
40.40404040404041,6.060606060606061,1.618059568795943,15.67262192584036,1.204768687639874
41.41414141414142,6.060606060606061,0.17356620600983383,16.95387525173035,1.152322632081667
42.42424242424243,6.060606060606061,0.285891140053847,13.54856894256753,1.098965033472115
43.43434343434344,6.060606060606061,0.2180256254323943,13.06510852218103,1.012811271197196
44.44444444444445,6.060606060606061,0.2308629643738625,19.67372652162585,1.618655149544916
45.45454545454546,6.060606060606061,0.41538778802336757,18.64854604492649,1.591507680103814
46.46464646464647,6.060606060606061,0.7825899518443397,17.17566314916813,0.9631414768202958
47.47474747474748,6.060606060606061,0.8254608661094567,11.09494747713043,1.930617302055756
48.48484848484848,6.060606060606061,0.3741541835288203,7.518721451199095,1.331231766337914
49.49494949494949,6.060606060606061,0.40163469648398026,9.802181858119967,1.166445799575982
50.50505050505051,6.060606060606061,0.714735976856893,19.3215042257279,2.053167270881282
51.51515151515152,6.060606060606061,0.636875540486864,15.58486465522834,1.310331818426949
52.52525252525253,6.060606060606061,0.25588436729817,19.70506413901552,1.673246978766525
53.53535353535354,6.060606060606061,0.30042560231230625,19.53125265284041,1.738515306147554
54.54545454545455,6.060606060606061,1.847195378547553,20.19028022757144,1.300327045915464
55.55555555555556,6.060606060606061,1.6642411733232056,31.8895284907489,3.865023965768223
56.56565656565657,6.060606060606061,0.18065224775375766,9.90116221138665,4.072898585366126
57.57575757575758,6.060606060606061,0.7782262607801882,26.18850363541753,4.436776617076578
58.58585858585859,6.060606060606061,1.7610005319883133,11.79073359261702,2.676195366022699
59.5959595959596,6.060606060606061,0.9446180976601256,31.43154197709542,3.778520531646507
60.60606060606061,6.060606060606061,1.317016391345097,17.01751992180061,5.268813710096055
61.61616161616162,6.060606060606061,0.8419392349541531,19.14659838246999,4.338829921617957
62.62626262626263,6.060606060606061,1.2500053740795487,12.97618621573689,3.080940881867051
63.63636363636364,6.060606060606061,1.0791912145678486,31.65289190060452,3.837321383492272
64.64646464646465,6.060606060606061,1.268736318070053,7.759751893455808,5.465056858961169
65.65656565656566,6.060606060606061,0.9297369296491111,19.9588036837836,3.864295177284133
66.66666666666667,6.060606060606061,0.5606141645508043,28.742010575595,4.247827043548114
67.67676767676768,6.060606060606061,0.9719588648403013,21.78991497289905,4.899099175228848
68.68686868686869,6.060606060606061,0.46407865512285396,13.42331686592301,4.191711083870247
69.6969696969697,6.060606060606061,0.4991129478364562,30.93996903602867,4.664927777650934
70.70707070707071,6.060606060606061,1.8378740396509494,18.82929112111646,4.949958308762048
71.71717171717172,6.060606060606061,1.9856309562922072,13.97747516504893,1.640668015088434
72.72727272727273,6.060606060606061,0.8762341063949701,15.89262146104484,0.8045605979509244
73.73737373737374,6.060606060606061,0.4935441940567121,16.79255504685383,1.17549234648687
74.74747474747475,6.060606060606061,0.7152315880389308,9.608397449053669,1.873364477351246
75.75757575757576,6.060606060606061,0.7972397262510637,6.018962544826016,1.162737698781384
76.76767676767678,6.060606060606061,1.0266557094823527,10.54720187272415,2.375047075026303
77.77777777777779,6.060606060606061,0.5127905558207229,7.397600673217923,1.441491901600387
78.7878787878788,6.060606060606061,0.4099497654176312,9.950960736842465,1.653274240909866
79.7979797979798,6.060606060606061,0.808925343189754,14.74119407474423,2.423113197733437
80.80808080808082,6.060606060606061,0.43549393806084424,17.20286623775699,2.03718808274711
81.81818181818183,6.060606060606061,0.6636610773255565,12.19787156906375,1.25618745409534
82.82828282828284,6.060606060606061,0.4583060126086963,17.20913107271002,1.421625449368235
83.83838383838385,6.060606060606061,1.0217479857813354,11.17060907775492,0.7059302940509619
84.84848484848486,6.060606060606061,0.4732520370842016,14.01431475372176,1.086956102045976
85.85858585858587,6.060606060606061,1.6999681256255545,20.40620187339695,1.397483874679484
86.86868686868688,6.060606060606061,2.4332296747751663,18.31137541515488,5.469572122044852
87.87878787878789,6.060606060606061,0.5964482647251241,33.60617907032919,4.772944928783086
88.8888888888889,6.060606060606061,1.6410487060113468,13.65232363067686,5.890478182897117
89.89898989898991,6.060606060606061,1.0642128337575372,29.87017802687356,4.418312557694878
90.90909090909092,6.060606060606061,1.0528164946936953,31.01103874367052,3.484345814390128
91.91919191919193,6.060606060606061,0.5942430918997831,20.85696977440771,3.953032205054222
92.92929292929294,6.060606060606061,1.0849772552950459,27.20531475805691,3.451688906852739
93.93939393939395,6.060606060606061,1.2685546951886755,31.59152882817126,3.075970148333188
94.94949494949496,6.060606060606061,1.4472607097485248,24.06657527434187,5.730631091425017
95.95959595959597,6.060606060606061,0.5863542512742033,20.18604011742494,4.623966409936648
96.96969696969697,6.060606060606061,0.9611562174677116,24.73937206072162,3.778987919817565
97.97979797979798,6.060606060606061,0.8543483057457197,4.901957255068028,5.25948742893118
98.98989898989899,6.060606060606061,1.1054906686130301,15.40549260484304,6.060477590938135
100.0,6.060606060606061,0.6404265747101544,19.12192949333269,4.773258674095555
0.0,7.070707070707071,1.0783586384323796,23.26972189302546,3.602846497310086
1.01010101010101,7.070707070707071,0.8978416851953418,15.08565375712827,4.730269933217857
2.02020202020202,7.070707070707071,0.8075502450810533,14.09973539718013,4.929962447073062
3.03030303030303,7.070707070707071,1.0606349827529309,26.0580122816198,3.890884759135669
4.040404040404041,7.070707070707071,0.5391298880882924,26.5555612163539,4.14643099342432
5.050505050505051,7.070707070707071,0.7166330201520034,24.30633036289695,3.619010990734968
6.060606060606061,7.070707070707071,0.6204760963477696,24.68737170442649,3.357259516438726
7.070707070707071,7.070707070707071,0.39717213367686,32.55364619071196,3.784750940274286
8.080808080808081,7.070707070707071,1.3523720674063333,13.86847277642507,4.250559708062648
9.090909090909092,7.070707070707071,1.6427808776931552,13.07926304824509,1.148448711825354
10.1010101010101,7.070707070707071,1.88139554305292,18.76214312767755,2.092723009267174
11.11111111111111,7.070707070707071,0.5889943253284576,18.84461931437939,0.803332389523507
12.12121212121212,7.070707070707071,0.4291669299103684,15.30763038820094,0.8120942889871566
13.13131313131313,7.070707070707071,0.7583195338429763,9.568819794613983,2.03519231749496
14.14141414141414,7.070707070707071,0.5266654893718156,21.38053248951383,1.541449854085664
15.15151515151515,7.070707070707071,0.5399963877794337,15.48247044692447,1.76696608417145
16.16161616161616,7.070707070707071,1.3978112680682573,15.60219820216359,2.795208268706151
17.17171717171717,7.070707070707071,0.7377515520316503,9.797634050196049,1.236591444835165
18.18181818181818,7.070707070707071,0.674446625531194,21.07607716010536,1.952968580221343
19.19191919191919,7.070707070707071,0.5801545385655003,15.63850722659626,0.9587476839048618
20.2020202020202,7.070707070707071,0.5388470539869672,7.016820773736239,1.260375355998825
21.21212121212121,7.070707070707071,0.6309707769035685,21.49089685233495,0.3097284202203106
22.22222222222222,7.070707070707071,2.8540230681963217,10.4590654484107,0.9828995960828957
23.23232323232324,7.070707070707071,4.413672904001215,29.58725702920204,6.822508677241712
24.24242424242424,7.070707070707071,1.6741369079895074,10.11354762530269,4.039662960614546
25.25252525252525,7.070707070707071,1.4129554908395718,16.23036121538013,5.454023266451987
26.26262626262626,7.070707070707071,1.068944428806113,16.25623922747192,3.665014859085383
27.27272727272727,7.070707070707071,0.5592912533873243,34.40165517161296,4.73034333604389
28.28282828282828,7.070707070707071,0.2639500822077756,30.14207685588455,4.073703675298248
29.29292929292929,7.070707070707071,0.6753337346059487,25.48726425774772,4.422397008395893
30.3030303030303,7.070707070707071,1.1694124621626836,22.89583479700889,3.356427738592258
31.31313131313131,7.070707070707071,0.9172917183104473,34.045974859107,4.493222807760219
32.32323232323233,7.070707070707071,0.6569979598234409,21.06171315515247,5.114932825444387
33.33333333333334,7.070707070707071,0.3084203073091749,18.66522412906273,4.764672981107391
34.34343434343435,7.070707070707071,0.3205384085023948,9.832489812271678,4.729166940233561
35.35353535353536,7.070707070707071,0.8119659064683596,21.38591771991299,5.133959582856209
36.36363636363637,7.070707070707071,0.4692179018775777,23.47527142217344,4.713069498732592
37.37373737373738,7.070707070707071,0.7531424807905219,10.23174598793666,4.180884500277251
38.38383838383839,7.070707070707071,0.5081612669263482,27.4711696488882,4.993062751667732
39.3939393939394,7.070707070707071,0.46868571106243606,21.00981234524494,4.648531486635435
40.40404040404041,7.070707070707071,1.9633695738718162,25.01295217280985,4.665716074370964
41.41414141414142,7.070707070707071,2.415654839546692,16.91618595157892,0.7559483124302395
42.42424242424243,7.070707070707071,0.5846603137278389,20.86279643288908,1.720152605434156
43.43434343434344,7.070707070707071,0.45435208030593527,18.64637823006516,1.091030289221971
44.44444444444445,7.070707070707071,0.3885726487492718,22.58931381360488,1.560743408478543
45.45454545454546,7.070707070707071,0.7316794369315842,12.11983977156127,2.230500194599548
46.46464646464647,7.070707070707071,0.6419387971743775,18.33354608768587,1.691944274283355
47.47474747474748,7.070707070707071,0.6788316534175869,16.08962629918336,0.9501232075481852
48.48484848484848,7.070707070707071,0.40154870194613934,11.04661747645611,0.862268531991514
49.49494949494949,7.070707070707071,0.44682215274536097,28.6614122994075,1.645392430456754
50.50505050505051,7.070707070707071,0.490700590191879,21.36765225225117,1.921061648094161
51.51515151515152,7.070707070707071,1.186249206202183,20.33687141911334,2.683506498826176
52.52525252525253,7.070707070707071,0.3425389492025112,10.44378004707896,1.715655098054369
53.53535353535354,7.070707070707071,1.66195846031332,15.55529502598868,1.829175170613482
54.54545454545455,7.070707070707071,2.2731809696397987,26.22016268614669,5.431384423035369
55.55555555555556,7.070707070707071,0.6068331355325439,10.73013079021211,4.853073377218854
56.56565656565657,7.070707070707071,0.7175287623072133,10.10783422421054,4.082546601947747
57.57575757575758,7.070707070707071,0.9573118363251201,21.26524109295757,5.264661304044325
58.58585858585859,7.070707070707071,1.1422745746894316,27.01536398151698,3.883253523897248
59.5959595959596,7.070707070707071,0.5514127510878793,22.4482500473487,3.756889908976318
60.60606060606061,7.070707070707071,1.1090877896875737,23.54792645062829,3.876860986351227
61.61616161616162,7.070707070707071,0.9245369109617525,34.30968744489012,5.091285205346989
62.62626262626263,7.070707070707071,0.6852628983910375,11.82940445162249,4.545156104325359
63.63636363636364,7.070707070707071,0.7482870175173426,21.68029385761853,5.237409321692732
64.64646464646465,7.070707070707071,0.33394599016053417,20.43883655880927,5.226233724799685
65.65656565656566,7.070707070707071,0.715609083920882,26.78149794913747,5.058887159701256
66.66666666666667,7.070707070707071,0.7595539319486087,28.35372463144037,3.764695953420652
67.67676767676768,7.070707070707071,1.1484180049436954,31.39083465556424,3.071580561275481
68.68686868686869,7.070707070707071,0.7098565053570642,26.33423007126369,4.288855011398955
69.6969696969697,7.070707070707071,1.092853265261386,33.48780561806323,3.519813308549053
70.70707070707071,7.070707070707071,0.4680371244774273,20.06024783993552,4.753147409562993
71.71717171717172,7.070707070707071,1.781493407634167,9.752387243069464,4.89186468018151
72.72727272727273,7.070707070707071,1.7488317573632572,13.68852131436411,1.665315384901824
73.73737373737374,7.070707070707071,0.20862685625210847,16.80819714769848,1.481333540529502
74.74747474747475,7.070707070707071,0.2791475141064087,9.404900141771828,1.370797413905417
75.75757575757576,7.070707070707071,0.8521587127239219,16.94141568249874,1.76687417001385
76.76767676767678,7.070707070707071,1.1482381192187003,12.41689506256296,0.4554304235992536
77.77777777777779,7.070707070707071,0.8465900856256378,13.57405309345259,0.7908999973428263
78.7878787878788,7.070707070707071,0.5151393040936201,20.31066795543764,2.115049924166273
79.7979797979798,7.070707070707071,0.508519893727813,22.38877599353714,2.294524371941003
80.80808080808082,7.070707070707071,0.5760988839277366,9.95001818095789,1.955224920589685
81.81818181818183,7.070707070707071,0.7824230445884996,17.92496526716355,0.4979975094246786
82.82828282828284,7.070707070707071,0.5774054572467866,9.300025343575367,0.997782336009362
83.83838383838385,7.070707070707071,0.9253117789048548,16.45047900680608,2.005857365414758
84.84848484848486,7.070707070707071,1.5156216743291977,8.260453381439726,1.380850620016917
85.85858585858587,7.070707070707071,1.5173528404312546,22.73077691324302,3.689777046867693
86.86868686868688,7.070707070707071,0.5822861974687725,20.20664848462637,4.492639018415606
87.87878787878789,7.070707070707071,0.5289935738111785,19.19549896100078,4.278995252271468
88.8888888888889,7.070707070707071,1.189040258470882,31.02223891977997,3.50652611975208
89.89898989898991,7.070707070707071,0.9802656925810364,11.78298671633481,2.910799894990381
90.90909090909092,7.070707070707071,0.7720967150518258,30.56526171871813,4.630983204138268
91.91919191919193,7.070707070707071,0.515625712961221,10.76766830445939,4.427441263881501
92.92929292929294,7.070707070707071,1.5638201720322207,21.89974703561352,5.525503444024662
93.93939393939395,7.070707070707071,0.8643364738839338,31.75647682279613,4.269526526904444
94.94949494949496,7.070707070707071,0.5908150582948579,20.38721897401927,4.927383773080504
95.95959595959597,7.070707070707071,0.6447295845641777,22.71304357173652,4.96409380141537
96.96969696969697,7.070707070707071,0.5730729358652059,18.94059555746354,3.841555692714246
97.97979797979798,7.070707070707071,0.9180165960982679,34.18328138309938,4.655860858774357
98.98989898989899,7.070707070707071,1.815110817125961,17.96049313538963,6.589361943309923
100.0,7.070707070707071,0.6267160916174763,16.16616009194769,4.773328773308549
0.0,8.080808080808081,0.8782617285684488,15.8970643191675,4.659828623198253
1.01010101010101,8.080808080808081,1.5706696637820652,12.01919666126647,5.908182991535862
2.02020202020202,8.080808080808081,1.9067241335558038,30.66662680119411,3.72188107796253
3.03030303030303,8.080808080808081,1.1318397207869437,16.04928572433601,5.521838383564887
4.040404040404041,8.080808080808081,0.5063382403669225,17.12678988691091,4.469204204198481
5.050505050505051,8.080808080808081,0.5696994595949205,27.34246242484069,4.678954518585467
6.060606060606061,8.080808080808081,0.49582218972615866,22.82242885716853,4.659304735521213
7.070707070707071,8.080808080808081,0.36588914366996184,18.72244237748582,4.131529622313953
8.080808080808081,8.080808080808081,0.4015393345350883,27.06956565509915,4.012476861387807
9.090909090909092,8.080808080808081,1.6600387115011408,23.14876882179474,2.841265521897419
10.1010101010101,8.080808080808081,3.449507400904903,29.04408417904222,6.105788912587831
11.11111111111111,8.080808080808081,2.0947004165411798,17.45804515021453,1.332971418386181
12.12121212121212,8.080808080808081,0.2030500150141256,12.39925311144129,1.26145879846296
13.13131313131313,8.080808080808081,0.4796976965926756,10.78438139554384,1.453879875488132
14.14141414141414,8.080808080808081,1.0786548606532782,16.24224071906292,0.5955655912948676
15.15151515151515,8.080808080808081,0.7554021890760798,17.73132279443443,2.033568378340854
16.16161616161616,8.080808080808081,0.7853504633599545,20.66447824281877,1.231893196239061
17.17171717171717,8.080808080808081,0.4445101489077601,16.84796643198919,1.609206068424497
18.18181818181818,8.080808080808081,0.6570019139040264,13.02582920056362,1.015239972020478
19.19191919191919,8.080808080808081,0.4455019766940948,15.23863941291387,1.530752387259964
20.2020202020202,8.080808080808081,0.7039627962484224,18.58859463304476,1.077821381974671
21.21212121212121,8.080808080808081,2.1138845829782937,12.56937787155052,0.9905751989240126
22.22222222222222,8.080808080808081,2.3110466166041985,20.41952315969706,4.742986057884401
23.23232323232324,8.080808080808081,1.3136472941492765,17.11002544645184,3.451728019323019
24.24242424242424,8.080808080808081,1.1772530813039732,28.1107789229299,2.892661667349613
25.25252525252525,8.080808080808081,0.9066726786909333,18.23421087028039,4.083982772996676
26.26262626262626,8.080808080808081,0.7883802675958763,22.36976021267449,4.543369794956859
27.27272727272727,8.080808080808081,0.39649768627270765,17.67788086809935,4.966034164661202
28.28282828282828,8.080808080808081,0.7365228924360062,7.678091996285598,4.094113553577128
29.29292929292929,8.080808080808081,1.0175614977098608,18.01727364343428,3.139103260675761
30.3030303030303,8.080808080808081,1.0823911824955588,28.81570530603864,4.861957904289512
31.31313131313131,8.080808080808081,0.35332673062440356,12.77486112747508,4.247037775999167
32.32323232323233,8.080808080808081,0.9265981562296546,21.80154909781431,3.961453855052525
33.33333333333334,8.080808080808081,0.6578690722061048,30.71042719213103,5.076744652762102
34.34343434343435,8.080808080808081,0.586903876867062,33.27481249241558,3.962123161610058
35.35353535353536,8.080808080808081,0.4186795790920377,19.65031320406678,4.283062923166543
36.36363636363637,8.080808080808081,0.397276777245664,35.86156409693115,4.767130453656343
37.37373737373738,8.080808080808081,1.0819915943744702,23.38395167825486,3.799479213798617
38.38383838383839,8.080808080808081,0.7809995203144005,23.4908441643376,5.683385400716062
39.3939393939394,8.080808080808081,0.9184150777868128,33.42506551640432,5.561469512714284
40.40404040404041,8.080808080808081,1.1093022904368048,14.39909717087136,4.200137515291043
41.41414141414142,8.080808080808081,2.440264398559476,17.62199738839473,5.148221296020938
42.42424242424243,8.080808080808081,1.6963757921366303,18.96360756154984,1.844279679167369
43.43434343434344,8.080808080808081,1.0879229574678548,10.77452679348861,0.450676421491762
44.44444444444445,8.080808080808081,0.6161540663631351,17.38222898045442,1.203834459925406
45.45454545454546,8.080808080808081,0.560512655404298,15.53326642457913,1.151087667806144
46.46464646464647,8.080808080808081,0.8990404123624653,11.01005877435897,2.250519678466443
47.47474747474748,8.080808080808081,0.672750791032793,2.169604424902982,1.855279984419121
48.48484848484848,8.080808080808081,0.46469690196920654,20.52731550709861,1.12852153140776
49.49494949494949,8.080808080808081,0.20918600352346806,7.028457263367994,1.395843566458729
50.50505050505051,8.080808080808081,0.35708179696206577,12.79214109183561,1.128478978483188
51.51515151515152,8.080808080808081,1.2511817181992455,11.00590366936654,1.041980605920493
52.52525252525253,8.080808080808081,1.616937278462303,15.38615111570012,1.469278893863088
53.53535353535354,8.080808080808081,1.7269461456827269,30.66545673239449,4.670619822419834
54.54545454545455,8.080808080808081,0.3701609519754354,26.37840791035773,4.650238219834481
55.55555555555556,8.080808080808081,0.3525282806891722,26.48240885178669,4.943518686810777
56.56565656565657,8.080808080808081,0.4585297527846308,21.44362659520428,4.990372157227295
57.57575757575758,8.080808080808081,0.7911783904323763,25.45941706486442,5.702501480133404
58.58585858585859,8.080808080808081,0.7682270410774765,20.68070712338982,5.737522269712418
59.5959595959596,8.080808080808081,1.5027269186586127,17.65134237837635,5.694575598361807
60.60606060606061,8.080808080808081,1.1529894995838352,20.27821456618341,5.586864124986024
61.61616161616162,8.080808080808081,1.145239033006836,14.10362023937702,3.906146165246404
62.62626262626263,8.080808080808081,0.4372550729369671,28.0011334343756,4.506702051608521
63.63636363636364,8.080808080808081,0.4893634536910043,14.50238764919178,4.347778004084243
64.64646464646465,8.080808080808081,0.6198816684201416,19.70044488759991,4.307795060310509
65.65656565656566,8.080808080808081,0.9450196043997651,17.17196936622306,5.265193741588628
66.66666666666667,8.080808080808081,0.6932181929288868,25.55698349116693,4.33247399266185
67.67676767676768,8.080808080808081,0.7512413124391117,16.55238027356759,3.927344124828251
68.68686868686869,8.080808080808081,0.63168232246723,10.32583272675215,5.044820952325128
69.6969696969697,8.080808080808081,0.5147575388202237,29.58249500778911,4.743736096628874
70.70707070707071,8.080808080808081,0.40118988880939166,29.98764894685174,4.449861182484796
71.71717171717172,8.080808080808081,0.2126306827402411,22.59473093216852,4.382354280636122
72.72727272727273,8.080808080808081,1.3595253017741924,19.55896927832659,4.389356487751945
73.73737373737374,8.080808080808081,1.3692899291492386,21.69212715050266,1.715481800498897
74.74747474747475,8.080808080808081,0.29365520122336153,14.2650667369398,1.263387303658129
75.75757575757576,8.080808080808081,0.691587747391739,17.66553870620853,0.6698962928736572
76.76767676767678,8.080808080808081,0.6911903383969693,10.08834492608542,1.481852928888837
77.77777777777779,8.080808080808081,0.48541825426042623,20.47393853263074,1.867048935020797
78.7878787878788,8.080808080808081,0.6372878783288161,4.380550885097174,2.019892765646376
79.7979797979798,8.080808080808081,1.1891399550361426,11.37156986738276,0.9078075219482332
80.80808080808082,8.080808080808081,1.4355506665094344,25.58466178724537,2.381130431626882
81.81818181818183,8.080808080808081,1.3404691855553512,12.45852783757289,0.08350751349103125
82.82828282828284,8.080808080808081,0.4741048505245897,9.069839230851146,1.375701195647556
83.83838383838385,8.080808080808081,1.8014576749708533,9.944311702979855,1.237619095962371
84.84848484848486,8.080808080808081,1.5923119699691544,24.61871942811633,4.215509627114151
85.85858585858587,8.080808080808081,0.42486814536243545,16.34457455976914,4.355106838005813
86.86868686868688,8.080808080808081,0.350453992884211,14.54665746265814,4.828344966969399
87.87878787878789,8.080808080808081,0.36302287315271786,22.35472745541968,4.914906972341037
88.8888888888889,8.080808080808081,0.75701500941114,20.35904437989327,4.510539733209484
89.89898989898991,8.080808080808081,1.3245929997264243,27.28814501201478,3.008440468700443
90.90909090909092,8.080808080808081,0.4410866487882841,21.54088503302974,4.612958983083758
91.91919191919193,8.080808080808081,0.36499523301365,18.5395780992554,4.713930936499177
92.92929292929294,8.080808080808081,1.181369601857694,24.12638164373657,3.698076390331082
93.93939393939395,8.080808080808081,0.6233740634382434,12.95946664023768,4.619481880572644
94.94949494949496,8.080808080808081,0.8455009658160033,25.52871422756233,4.061938132756511
95.95959595959597,8.080808080808081,0.6961084761242674,26.60081756498126,3.884550991673369
96.96969696969697,8.080808080808081,0.6472705772255224,24.99556378334902,3.548674996911338
97.97979797979798,8.080808080808081,0.5490982465190435,10.48506112451237,4.335227295133786
98.98989898989899,8.080808080808081,1.2721538336389129,19.06816629239388,3.607337281714806
100.0,8.080808080808081,0.6469327940129616,28.8051825308781,4.83737377894661
0.0,9.090909090909092,0.9105959737492163,25.22417050716939,4.989277314677823
1.01010101010101,9.090909090909092,1.3798799164406632,19.58656196545556,4.238073676636549
2.02020202020202,9.090909090909092,1.9053026061256533,27.56643953863975,6.154437023899523
3.03030303030303,9.090909090909092,0.824791612077002,6.946682858448831,5.56565215731468
4.040404040404041,9.090909090909092,0.6693245050886518,18.04912949781845,4.029008947258344
5.050505050505051,9.090909090909092,0.7994890619997499,16.90735156411181,3.689500305507524
6.060606060606061,9.090909090909092,0.42106155423028,26.66538802895542,4.793123379071846
7.070707070707071,9.090909090909092,0.39639303170246976,25.2593253428639,4.601479640820727
8.080808080808081,9.090909090909092,0.509821235585297,29.78631766427618,4.090287252436785
9.090909090909092,9.090909090909092,0.9897797836268271,22.04172524906022,3.352868827649117
10.1010101010101,9.090909090909092,0.6967350447873446,21.01550986402576,4.358166097180936
11.11111111111111,9.090909090909092,1.543214329218049,22.61862723322963,4.337803941563355
12.12121212121212,9.090909090909092,1.5247355207677433,8.652956435797254,1.360360652095266
13.13131313131313,9.090909090909092,0.25026476846604406,24.8482889780397,1.167136892342694
14.14141414141414,9.090909090909092,0.4733613131071578,8.9273199932784,1.667983699877933
15.15151515151515,9.090909090909092,0.3486330268908319,13.39871784353707,1.518239885353718
16.16161616161616,9.090909090909092,0.36551212335383904,12.23461078169315,1.63099192292456
17.17171717171717,9.090909090909092,0.8210261566433157,8.03833567496597,2.04335307187675
18.18181818181818,9.090909090909092,0.9993926415012024,21.61815173177001,0.4344394362487425
19.19191919191919,9.090909090909092,1.2750344977389452,16.42544950148669,1.772312170156462
20.2020202020202,9.090909090909092,1.3936304088358347,16.42285720350154,3.170941404608255
21.21212121212121,9.090909090909092,2.006204146150407,8.527419329060006,4.925609710122439
22.22222222222222,9.090909090909092,1.034489879733696,32.56099211835502,4.302554950790885
23.23232323232324,9.090909090909092,0.5977810739199035,15.06179621219375,3.485212147466643
24.24242424242424,9.090909090909092,0.7822950775203418,43.9582744894773,4.704285241680102
25.25252525252525,9.090909090909092,0.5006322604767852,30.24361012454172,4.689924866697853
26.26262626262626,9.090909090909092,1.2865374418312534,12.85683509004201,5.936484537804363
27.27272727272727,9.090909090909092,0.5612721505357687,10.65598410536962,4.910319228976099
28.28282828282828,9.090909090909092,0.8647866760648006,27.25921138574764,5.192864341056832
29.29292929292929,9.090909090909092,1.0478368530411162,19.18295051956171,3.248190567279954
30.3030303030303,9.090909090909092,0.4452451625214877,17.95586676366835,4.375698111908627
31.31313131313131,9.090909090909092,0.27096163776274595,19.39154702720417,4.513655617498742
32.32323232323233,9.090909090909092,0.5737848181789448,23.62661483436425,5.113492790923062
33.33333333333334,9.090909090909092,0.4064202114905149,19.11139734009167,4.987252324454015
34.34343434343435,9.090909090909092,0.4722604960399017,17.06252427231605,4.107133637746273
35.35353535353536,9.090909090909092,0.18262143112343643,28.17070538783559,4.301877287798744
36.36363636363637,9.090909090909092,0.27150360271816054,19.57078377626573,4.683803069944962
37.37373737373738,9.090909090909092,0.5761830245608266,20.8375805380094,4.894482878042694
38.38383838383839,9.090909090909092,0.5019782703444349,25.32776635971401,5.255532043426012
39.3939393939394,9.090909090909092,1.123190453677367,17.52658451062672,4.2839951130709
40.40404040404041,9.090909090909092,1.4450790532521447,23.35988982163487,5.862352339805207
41.41414141414142,9.090909090909092,0.7967964033584272,26.71687771106065,4.031462082957198
42.42424242424243,9.090909090909092,1.5701140198493357,14.25327057667107,3.808110899451501
43.43434343434344,9.090909090909092,1.7523358210899669,24.44688415794461,2.015253087523722
44.44444444444445,9.090909090909092,0.829230864610117,16.69153269456462,2.505636946271903
45.45454545454546,9.090909090909092,0.6117285071950795,12.71496490579541,1.16154695985037
46.46464646464647,9.090909090909092,0.6724072904344254,12.91590620985488,0.7076051379072918
47.47474747474748,9.090909090909092,0.453663248430808,8.366688728988127,1.191431744217568
48.48484848484848,9.090909090909092,0.5926383446289988,17.15707769262537,1.72697565180601
49.49494949494949,9.090909090909092,0.23547982321497163,18.79629470355242,1.343335039389392
50.50505050505051,9.090909090909092,1.5862385226793,12.70465743112061,1.410360536182242
51.51515151515152,9.090909090909092,1.4673260272992326,20.00448695665791,3.891384925306502
52.52525252525253,9.090909090909092,0.7511202433041939,23.71173702952611,4.062012587021679
53.53535353535354,9.090909090909092,0.6174816562770726,22.58233667957423,3.826002422637377
54.54545454545455,9.090909090909092,0.36255604274619035,23.29403028250212,4.264402684695276
55.55555555555556,9.090909090909092,0.8721258376637209,19.80415744818467,3.963984811038826
56.56565656565657,9.090909090909092,0.7747013687010555,35.42954836808589,5.157682819763644
57.57575757575758,9.090909090909092,1.122720395730978,32.61063299055755,3.722778206978101
58.58585858585859,9.090909090909092,1.2378507847420157,33.72215838037931,4.596850312147307
59.5959595959596,9.090909090909092,2.730229707651942,22.1804872789992,1.772011757839239
60.60606060606061,9.090909090909092,1.3243188892690996,31.23607074553368,4.473338698400882
61.61616161616162,9.090909090909092,0.6030470903455085,30.42241816134674,5.020689411071426
62.62626262626263,9.090909090909092,0.7830302831257451,21.84901855417484,5.457788356753156
63.63636363636364,9.090909090909092,0.5486747348538488,24.99545962389542,5.216693509941759
64.64646464646465,9.090909090909092,0.8221114861382505,24.9196474368623,4.871501444450047
65.65656565656566,9.090909090909092,1.2678487673108687,17.32422662481838,3.581540336081836
66.66666666666667,9.090909090909092,0.8235066495730966,10.10467723706262,5.199719108375822
67.67676767676768,9.090909090909092,0.898490273144145,26.5144512000686,4.553939115701453
68.68686868686869,9.090909090909092,0.8034058108564757,21.1028448200413,5.397022618074745
69.6969696969697,9.090909090909092,0.29517512821017156,14.27877962687548,4.983883693989616
70.70707070707071,9.090909090909092,0.872494318986548,26.45823165894636,5.389952694651413
71.71717171717172,9.090909090909092,0.49328990744060186,18.50833059471882,4.115851058185043
72.72727272727273,9.090909090909092,0.3075983361502156,26.18008550204291,4.422539697629722
73.73737373737374,9.090909090909092,1.702628376532878,25.57272990359831,3.83252407303264
74.74747474747475,9.090909090909092,1.9224093886555365,19.22034047969666,1.285012490679047
75.75757575757576,9.090909090909092,0.5521220098608162,14.30593609262779,0.9338217585007689
76.76767676767678,9.090909090909092,0.6188808917787127,9.29833845228174,2.023039135039991
77.77777777777779,9.090909090909092,0.6127087036871622,9.223169945736228,1.539564692414602
78.7878787878788,9.090909090909092,0.903245623341443,19.07344803721929,0.8308274851747303
79.7979797979798,9.090909090909092,0.8072822958786822,16.49338667579618,0.1233727051732245
80.80808080808082,9.090909090909092,0.7582198743783854,14.77337005480477,0.8357791044408398
81.81818181818183,9.090909090909092,1.0202344258767548,21.80425056195329,1.441077659486414
82.82828282828284,9.090909090909092,1.6038768399626049,18.2005797273474,1.463925956266011
83.83838383838385,9.090909090909092,1.8651818201177395,31.45385974785284,4.559238895556432
84.84848484848486,9.090909090909092,0.4126373555616125,19.57824137583906,4.632610757850093
85.85858585858587,9.090909090909092,0.6240021993015388,20.0321542402003,3.93379938754944
86.86868686868688,9.090909090909092,0.5311397971059981,22.13146147953493,4.322035078321572
87.87878787878789,9.090909090909092,0.325286226445598,27.22227255520447,4.589656444302927
88.8888888888889,9.090909090909092,0.17136217480413252,16.31864241846781,4.628119653756046
89.89898989898991,9.090909090909092,1.188029120172597,25.20741019630823,5.102554115003722
90.90909090909092,9.090909090909092,0.4191674362227258,23.33518961934129,4.653790889383651
91.91919191919193,9.090909090909092,0.22931745786838764,26.00030451208188,4.770595696352586
92.92929292929294,9.090909090909092,0.5575792598866198,26.05358989574997,4.658867707658621
93.93939393939395,9.090909090909092,0.8321104446146966,33.36200678017916,3.954890218545564
94.94949494949496,9.090909090909092,1.2530452101832479,19.37172620608674,5.843565466797257
95.95959595959597,9.090909090909092,0.8372694718758078,25.69189646282378,5.076178950583265
96.96969696969697,9.090909090909092,0.4522297417455491,21.99732316917995,4.722448317026041
97.97979797979798,9.090909090909092,0.4908157249807512,19.31125329179162,4.696544405927961
98.98989898989899,9.090909090909092,1.202601029753525,15.2734507083712,3.458673119405055
100.0,9.090909090909092,1.2394580874212506,21.96146314007158,5.48409065811563
0.0,10.1010101010101,1.6076085182626632,23.37431515630715,3.338141722951017
1.01010101010101,10.1010101010101,1.3332346623377493,29.12046043307561,5.419917042195642
2.02020202020202,10.1010101010101,1.8221347974780064,19.1009916862397,3.470930759181719
3.03030303030303,10.1010101010101,0.7342484143215756,28.75207261194584,4.435727559397645
4.040404040404041,10.1010101010101,0.29643776188685944,33.39404336824803,4.389959858865658
5.050505050505051,10.1010101010101,0.5374308663957181,22.46725509922662,4.454870625113438
6.060606060606061,10.1010101010101,0.5297861377267157,21.46499763809181,5.048284140626891
7.070707070707071,10.1010101010101,0.5602238467328114,22.980165541187,4.188693659152682
8.080808080808081,10.1010101010101,1.3708290991815808,31.21521683026289,3.377423514316185
9.090909090909092,10.1010101010101,1.3154438133317823,25.30219013307161,5.05766896208524
10.1010101010101,10.1010101010101,0.2985132273519322,14.72217193985678,4.37182403577402
11.11111111111111,10.1010101010101,0.3775265922989035,29.63258564061015,4.508023290172706
12.12121212121212,10.1010101010101,1.595510876293275,20.17094761743036,4.189733832313271
13.13131313131313,10.1010101010101,1.7958766460302429,18.52576794734698,1.187382415773621
14.14141414141414,10.1010101010101,0.9928397708457367,14.05548276728627,1.497547178091821
15.15151515151515,10.1010101010101,1.6337482320215242,17.03203918291105,0.9015321228725831
16.16161616161616,10.1010101010101,1.0837934726628533,13.9125898627769,2.168828503131385
17.17171717171717,10.1010101010101,1.4038313028175928,6.314594482028682,1.214670233335938
18.18181818181818,10.1010101010101,1.9651592609071766,23.42658761983876,0.9044230969460892
19.19191919191919,10.1010101010101,1.4336457650771242,13.8223985100803,3.894388409856232
20.2020202020202,10.1010101010101,0.7071587599483994,35.61126957791237,3.499045477352033
21.21212121212121,10.1010101010101,1.549331452909434,33.71581555899021,3.213550701564973
22.22222222222222,10.1010101010101,2.5214532100209754,20.0358590034386,6.559685799976357
23.23232323232324,10.1010101010101,1.2388116212582823,18.8993706482549,3.806436417464932
24.24242424242424,10.1010101010101,0.6556022203484478,22.75901431005418,4.788408508235271
25.25252525252525,10.1010101010101,0.18969953425337582,20.14101191042867,4.554257964580648
26.26262626262626,10.1010101010101,0.6686285292656281,25.63524183542605,4.456174493261628
27.27272727272727,10.1010101010101,0.8060166914661564,18.6221530010149,4.029655983427124
28.28282828282828,10.1010101010101,0.9111394840923787,32.20535551539727,5.059687310134944
29.29292929292929,10.1010101010101,0.6268342256867849,31.77512521708764,4.258269354434674
30.3030303030303,10.1010101010101,0.06934759097888143,26.80028732001351,4.346442304422349
31.31313131313131,10.1010101010101,0.4093273237140027,15.59450530185223,4.434221586961768
32.32323232323233,10.1010101010101,1.2577903999789704,31.20651587362663,5.530515487874936
33.33333333333334,10.1010101010101,0.5305855761951015,25.88103802011264,4.457422959976832
34.34343434343435,10.1010101010101,0.518376960546534,23.34781208104424,4.776302809009452
35.35353535353536,10.1010101010101,0.43753036209839635,9.03325169057574,4.166875360135888
36.36363636363637,10.1010101010101,0.8122003067050527,16.54687398348437,5.093884506862274
37.37373737373738,10.1010101010101,0.6281309247466684,22.46245710876566,4.256483417524514
38.38383838383839,10.1010101010101,0.28631831275337927,22.2117813358245,5.008058415076752
39.3939393939394,10.1010101010101,0.31789522311611473,33.59219486509811,4.949388371047566
40.40404040404041,10.1010101010101,0.9766379742369838,8.991313954126277,5.153498434893106
41.41414141414142,10.1010101010101,1.0240345280189982,30.6701073279985,4.015277122940935
42.42424242424243,10.1010101010101,2.078204279974666,13.26877508014674,6.108526763131236
43.43434343434344,10.1010101010101,2.033592051176222,17.88813920529208,5.17677803517567
44.44444444444445,10.1010101010101,1.5467913447806627,16.35694888067419,2.324989819347646
45.45454545454546,10.1010101010101,1.147608328557081,19.58794027769444,1.799969888221851
46.46464646464647,10.1010101010101,1.148303478467077,4.992895633211937,0.9165513308324877
47.47474747474748,10.1010101010101,0.8540336508135405,24.22561977679677,1.059997504594607
48.48484848484848,10.1010101010101,1.3361828185592586,15.69890511691193,0.8740609136933251
49.49494949494949,10.1010101010101,1.9357509009247515,29.21366683215759,0.9045903828083106
50.50505050505051,10.1010101010101,2.1296314847090523,20.87977604682779,4.925383183283278
51.51515151515152,10.1010101010101,0.41015561483086316,21.63060189780399,4.259632664277986
52.52525252525253,10.1010101010101,0.5096163448937858,17.90857764971361,4.067122040980384
53.53535353535354,10.1010101010101,0.7110577591238423,21.27089847047289,4.776901221521009
54.54545454545455,10.1010101010101,0.8139902073022811,28.51113320154542,3.938832184564069
55.55555555555556,10.1010101010101,0.7142963085699279,27.70020005074328,4.97883840354049
56.56565656565657,10.1010101010101,0.9669411895959764,24.54239109933339,5.460575010521156
57.57575757575758,10.1010101010101,1.0811436776960157,38.67492137493011,3.520596615164242
58.58585858585859,10.1010101010101,0.9460008665398293,16.44908360376031,4.708670834072985
59.5959595959596,10.1010101010101,1.4833605822328422,12.71158455324968,3.244201253054729
60.60606060606061,10.1010101010101,1.6275969640048649,21.24402777545738,5.408411175659952
61.61616161616162,10.1010101010101,0.5131547406226132,5.860147803729503,4.707493953866687
62.62626262626263,10.1010101010101,0.8604395307928145,25.06478481872902,3.954947321887937
63.63636363636364,10.1010101010101,0.5439591785197898,12.01798181039173,4.477196988686989
64.64646464646465,10.1010101010101,0.9156342494256335,15.59985223451881,3.781915057896506
65.65656565656566,10.1010101010101,0.8503549171309202,30.14097363067382,4.061142119156322
66.66666666666667,10.1010101010101,1.0411115296784719,34.21194695384819,5.362541825985881
67.67676767676768,10.1010101010101,1.3169349673314112,26.15557014005182,3.075436509045736
68.68686868686869,10.1010101010101,1.3042616662585844,20.49458453135006,3.791823466856881
69.6969696969697,10.1010101010101,0.4927997368849759,24.06467911680787,4.862538703256598
70.70707070707071,10.1010101010101,0.4028586150375386,20.96301447558556,4.520237568000006
71.71717171717172,10.1010101010101,0.7577880578220086,16.47905021631185,4.241717189585321
72.72727272727273,10.1010101010101,0.5690312837341693,22.07539975804931,4.723045568311045
73.73737373737374,10.1010101010101,0.9521061015448552,20.47304427937602,5.388468099679733
74.74747474747475,10.1010101010101,3.3390625351772316,38.41937868699033,6.054322543748404
75.75757575757576,10.1010101010101,2.57702083325707,17.70473986091947,0.4296672934021162
76.76767676767678,10.1010101010101,1.2828559030643976,9.416647658102582,1.661393593240905
77.77777777777779,10.1010101010101,0.983654092943262,20.71694614595433,2.470703614691795
78.7878787878788,10.1010101010101,1.3034958165743598,9.078533907743688,1.838552710827479
79.7979797979798,10.1010101010101,1.7060844160808224,14.34470044024299,1.148205892643823
80.80808080808082,10.1010101010101,1.4555683832101187,10.48689816750499,1.00560232045515
81.81818181818183,10.1010101010101,1.7666370135187146,21.12722108442799,3.536298365172879
82.82828282828284,10.1010101010101,1.5177407621418753,21.05976665196288,4.673047319427957
83.83838383838385,10.1010101010101,1.2193753365003146,19.43981508336514,5.529661574849247
84.84848484848486,10.1010101010101,0.9534653207708184,14.0531474965667,4.171345698933897
85.85858585858587,10.1010101010101,1.033302191107321,9.629267027527467,4.921453673226438
86.86868686868688,10.1010101010101,1.2610404928527956,26.41194702541975,3.359642835298893
87.87878787878789,10.1010101010101,0.9112646192036602,23.28383371068071,5.259466246612734
88.8888888888889,10.1010101010101,0.8022737932586208,30.7034566676434,4.573148545786872
89.89898989898991,10.1010101010101,1.5818525123459677,16.74342891194524,3.367748967484359
90.90909090909092,10.1010101010101,1.7238317139378294,20.10893297869628,5.724060695385655
91.91919191919193,10.1010101010101,1.0052909747904462,21.74578481603046,4.138523420395345
92.92929292929294,10.1010101010101,0.40599679910029496,26.94561670485527,4.205047463246704
93.93939393939395,10.1010101010101,0.5105293115597757,18.8745223353924,3.883692839478607
94.94949494949496,10.1010101010101,1.164147003833723,17.58452619917864,5.269073724570696
95.95959595959597,10.1010101010101,1.12793810846702,25.90862173992691,4.039846171761146
96.96969696969697,10.1010101010101,0.23156193854695006,28.6189415711528,4.466937214813852
97.97979797979798,10.1010101010101,0.345896273693692,12.74658125507007,4.358373814420117
98.98989898989899,10.1010101010101,0.8998376010055977,30.97579756686271,4.857124250875923
100.0,10.1010101010101,1.6014671108895957,23.65535747571422,6.530330502499787
0.0,11.11111111111111,0.654947868185454,29.54951021437167,4.428056366767575
1.01010101010101,11.11111111111111,0.4554491628429833,23.03546188182075,5.299583360662287
2.02020202020202,11.11111111111111,0.7440186515005515,34.84535981703429,5.162180601146091
3.03030303030303,11.11111111111111,0.542349693107723,16.62016791847948,5.232232118018999
4.040404040404041,11.11111111111111,0.5224324700997243,7.98130428475684,5.104081528026015
5.050505050505051,11.11111111111111,0.5985696841029629,34.71889925748772,5.180899489329163
6.060606060606061,11.11111111111111,0.49333683940567874,27.23264188747928,4.637304348262735
7.070707070707071,11.11111111111111,0.6258772555057897,16.96008313053085,4.031444880200187
8.080808080808081,11.11111111111111,1.8275292183437144,14.38810037936864,5.656360580316356
9.090909090909092,11.11111111111111,0.8303224338128394,10.82869170017149,3.86678421727451
10.1010101010101,11.11111111111111,0.2329757459118479,22.57516948178093,4.013473245669282
11.11111111111111,11.11111111111111,0.6145591415533735,17.72622819298841,3.622624981844563
12.12121212121212,11.11111111111111,0.4408029252553436,21.90400089512483,3.957704381757261
13.13131313131313,11.11111111111111,1.5320755947615754,24.11109436694041,5.038127297605816
14.14141414141414,11.11111111111111,1.1354083026079895,19.28731908756204,4.392289922151218
15.15151515151515,11.11111111111111,1.9995352279351102,29.54167386204809,4.956505852999505
16.16161616161616,11.11111111111111,1.1510554480200086,28.95552273343916,3.744711163521725
17.17171717171717,11.11111111111111,1.4590948263409618,12.41726554914237,4.736907199880201
18.18181818181818,11.11111111111111,1.5712436723094712,19.93489238937181,4.994864030577457
19.19191919191919,11.11111111111111,0.8061658476313563,20.52459424719984,3.667189834661846
20.2020202020202,11.11111111111111,1.336517595764888,26.8675204919963,5.318738736110594
21.21212121212121,11.11111111111111,0.8631869206300058,18.53396307333391,4.067187630446798
22.22222222222222,11.11111111111111,1.18377537914447,17.91285491441254,4.830388290000736
23.23232323232324,11.11111111111111,1.3276409289361157,13.84849917961274,2.907635675711856
24.24242424242424,11.11111111111111,1.0704957148790313,12.01683043371113,3.466245527821611
25.25252525252525,11.11111111111111,0.7879190577387599,18.5679926828845,4.845155184503303
26.26262626262626,11.11111111111111,0.7324735905596885,24.11140468769097,3.786572401895375
27.27272727272727,11.11111111111111,1.1821602522518502,25.08751638112696,4.91650966720045
28.28282828282828,11.11111111111111,1.2900418998026586,20.24582608671025,3.379755687095407
29.29292929292929,11.11111111111111,0.6507264449641509,17.81593712705534,4.865936564339148
30.3030303030303,11.11111111111111,0.3371278763914285,13.37601730332408,4.418624628324503
31.31313131313131,11.11111111111111,0.7109935724808865,25.96818220205496,4.060419506095318
32.32323232323233,11.11111111111111,1.255260953923317,29.16986601669688,3.085763013722202
33.33333333333334,11.11111111111111,0.5877902962121133,25.04337840710297,4.256882396604333
34.34343434343435,11.11111111111111,0.1722657076705414,25.26041474949211,4.300271435992678
35.35353535353536,11.11111111111111,0.09037904089553717,21.04206003989261,4.245558285266669
36.36363636363637,11.11111111111111,0.8221012426748886,28.3784480898776,4.019574953023521
37.37373737373738,11.11111111111111,0.3302224322357332,20.76930307546001,4.54203156910301
38.38383838383839,11.11111111111111,0.32105692110739037,23.84781287478465,4.920503833993918
39.3939393939394,11.11111111111111,0.7895711800685864,23.66047282822095,5.292795897660633
40.40404040404041,11.11111111111111,1.9463662103751207,24.37611442479476,3.298131818654983
41.41414141414142,11.11111111111111,1.2056172322723415,39.46284455793473,4.863759322858193
42.42424242424243,11.11111111111111,1.6604411363226048,24.98706242904652,3.121123875058172
43.43434343434344,11.11111111111111,0.7961652957626328,16.54025244934522,3.98747172190632
44.44444444444445,11.11111111111111,1.2544706420772347,22.74223471109561,4.954699924592221
45.45454545454546,11.11111111111111,0.9704897346685045,29.13878440318815,4.343541785563536
46.46464646464647,11.11111111111111,1.2118730949844243,6.836893102105952,4.273954320624116
47.47474747474748,11.11111111111111,1.1310401591175006,14.57375501949099,4.015315103562407
48.48484848484848,11.11111111111111,1.8083439317806784,29.79983276200517,5.149411389801408
49.49494949494949,11.11111111111111,1.3747623710583197,22.04473586069316,4.157527060336282
50.50505050505051,11.11111111111111,0.9408003738263935,17.61474425998477,5.24234315553819
51.51515151515152,11.11111111111111,0.42949791667941706,32.30346370724482,4.67374624232706
52.52525252525253,11.11111111111111,0.6943862537342433,22.30085164938908,5.198188162758595
53.53535353535354,11.11111111111111,0.7202930250365958,5.530611947474053,4.431417201406838
54.54545454545455,11.11111111111111,0.7265588181136525,10.84279271372759,4.991147257708626
55.55555555555556,11.11111111111111,0.33148449289824233,19.79310896374939,4.658249587719529
56.56565656565657,11.11111111111111,0.6847547958811895,17.63115488617998,4.317417445232342
57.57575757575758,11.11111111111111,0.7088962673201673,11.71069686672265,4.514937119868789
58.58585858585859,11.11111111111111,0.6755869737275515,32.68425753882966,3.689031689766343
59.5959595959596,11.11111111111111,0.6574165590566502,25.75274037954599,4.076774583147129
60.60606060606061,11.11111111111111,2.197496926758418,32.02554080088515,2.698222941298052
61.61616161616162,11.11111111111111,0.5850162923241525,31.76907318431267,4.421534302352988
62.62626262626263,11.11111111111111,0.29201277284398197,26.83821579389602,4.619068111416174
63.63636363636364,11.11111111111111,0.5154948484722053,17.63547832809314,4.696005583921843
64.64646464646465,11.11111111111111,1.3460798844880242,22.31336463652027,5.380356676995199
65.65656565656566,11.11111111111111,2.08062603251113,22.3697997924557,2.719951001796503
66.66666666666667,11.11111111111111,1.2551745916663797,8.94729624858794,4.949423448651755
67.67676767676768,11.11111111111111,1.2930475591018449,17.8112783706246,3.861181496964375
68.68686868686869,11.11111111111111,1.6183320566152286,26.30231797917819,5.616568786462493
69.6969696969697,11.11111111111111,0.49575780053001517,17.41393160802221,4.42570111810602
70.70707070707071,11.11111111111111,0.6931206614763492,27.43641445504813,4.399339748172535
71.71717171717172,11.11111111111111,2.798143149208668,12.48861593091688,2.096279846837974
72.72727272727273,11.11111111111111,1.5772308934518615,11.62992567150558,5.551913922471988
73.73737373737374,11.11111111111111,0.7322010413265833,18.05221892795814,4.467264695584764
74.74747474747475,11.11111111111111,0.9758538583595112,17.91017627468391,3.757892150523794
75.75757575757576,11.11111111111111,1.4393718305637888,33.89875767046123,3.377214611146668
76.76767676767678,11.11111111111111,1.287490311673109,25.2235658062234,4.390135342409731
77.77777777777779,11.11111111111111,0.6976130802447172,27.00311438601488,4.032720138872444
78.7878787878788,11.11111111111111,1.357582330033673,26.51013384513411,4.722313029424197
79.7979797979798,11.11111111111111,2.5672543201842517,26.47170488165037,6.114759979124186
80.80808080808082,11.11111111111111,1.5072285902092113,19.06861149264361,3.984753020374913
81.81818181818183,11.11111111111111,0.8915755730098074,23.85265687999727,4.840180714588465
82.82828282828284,11.11111111111111,0.9614730085980414,25.38229727283103,3.804568843698771
83.83838383838385,11.11111111111111,1.1932681812653405,30.41004157474961,3.837513039477444
84.84848484848486,11.11111111111111,1.385207632195389,19.85247081897234,5.415518072893084
85.85858585858587,11.11111111111111,0.9743645713654911,26.32739288590997,4.087818006694237
86.86868686868688,11.11111111111111,0.5605392817980377,38.28653137787578,3.979778314446011
87.87878787878789,11.11111111111111,0.9564202899976886,37.74952365540402,4.870358684247605
88.8888888888889,11.11111111111111,1.3538015458673198,24.16910876058414,3.310741759849938
89.89898989898991,11.11111111111111,0.6903878009231795,22.97048617613094,4.398642563145057
90.90909090909092,11.11111111111111,1.2154617334534903,32.37422002012242,3.840852648527949
91.91919191919193,11.11111111111111,1.5415080463667943,13.273152908353,5.875553725758221
92.92929292929294,11.11111111111111,0.7032874437236276,23.46419909877214,4.987335748616511
93.93939393939395,11.11111111111111,0.48411749853070096,14.45231410779589,4.147877197790567
94.94949494949496,11.11111111111111,0.9826136638077048,17.92014679903967,3.801585889364003
95.95959595959597,11.11111111111111,1.527974079518535,37.38804559397362,5.85894723094485
96.96969696969697,11.11111111111111,1.0765661501067105,15.64432542267331,4.602019423343022
97.97979797979798,11.11111111111111,0.5992105473128497,21.19520684021342,3.920273148002733
98.98989898989899,11.11111111111111,0.5352778263716277,24.38514141317257,4.886066835347776
100.0,11.11111111111111,1.3438779980487008,26.31845462003242,4.44537526583902
0.0,12.12121212121212,0.08783339082327164,22.16942388454718,4.431458333612667
1.01010101010101,12.12121212121212,0.4084323318096619,24.11902781401822,4.607050144234616
2.02020202020202,12.12121212121212,0.4959233107558958,20.68054452234878,4.084810113497361
3.03030303030303,12.12121212121212,0.3773005137095562,21.78628118408366,4.057540011075353
4.040404040404041,12.12121212121212,0.7219196535807539,24.65459942404261,3.933441868083607
5.050505050505051,12.12121212121212,0.5157511854687469,29.37662977798312,4.133062719502613
6.060606060606061,12.12121212121212,0.15298282506355476,28.60818067950263,4.224391392133152
7.070707070707071,12.12121212121212,0.25415962556164395,15.36786229438324,4.146929955092133
8.080808080808081,12.12121212121212,0.4848574724722321,19.22998427451822,4.039672836099685
9.090909090909092,12.12121212121212,0.15982575635810525,25.22833285277004,4.060923816278519
10.1010101010101,12.12121212121212,0.17976645387698076,20.0860953559554,3.977458344346119
11.11111111111111,12.12121212121212,0.5302757814392141,21.06050895503749,4.469535575992498
12.12121212121212,12.12121212121212,0.5200778341841017,12.01021005476379,4.073384316461373
13.13131313131313,12.12121212121212,1.198607645402657,18.23525312225375,5.589424503516771
14.14141414141414,12.12121212121212,1.013609269407303,20.24513809718842,4.829127082220896
15.15151515151515,12.12121212121212,1.4478007130937094,14.98994519882747,2.789349291712051
16.16161616161616,12.12121212121212,1.7524494588551163,25.93811870479641,2.920362757668286
17.17171717171717,12.12121212121212,1.6464745708001876,20.50184101296649,5.800896671644053
18.18181818181818,12.12121212121212,0.9685257069970764,18.29298463387012,4.385961301583807
19.19191919191919,12.12121212121212,1.0659623060360846,22.1809600225847,3.648948116695165
20.2020202020202,12.12121212121212,1.4544626069593503,21.84019451155908,5.942015853299043
21.21212121212121,12.12121212121212,0.973369793916851,15.0380505260181,4.651546618867263
22.22222222222222,12.12121212121212,0.5343896406996604,23.40529865401331,5.150239022760178
23.23232323232324,12.12121212121212,0.6955332888263841,26.93876878365408,4.838036183304609
24.24242424242424,12.12121212121212,0.6649686310880311,25.24854724446136,4.488545898132629
25.25252525252525,12.12121212121212,0.9503750223479576,22.96530727503758,5.268441756246067
26.26262626262626,12.12121212121212,0.4430365382074848,16.17868634542134,3.858344624854872
27.27272727272727,12.12121212121212,0.8626141918833605,22.82208637044663,3.741413587376494
28.28282828282828,12.12121212121212,0.9520084341175552,29.99629204232844,2.922454568273093
29.29292929292929,12.12121212121212,0.5102803100271768,3.155125944453015,4.804190807645406
30.3030303030303,12.12121212121212,0.4374196246968127,14.02029205790864,4.889436751744233
31.31313131313131,12.12121212121212,0.8660179752147433,16.32634325645338,5.197730100550113
32.32323232323233,12.12121212121212,1.2342741946633347,19.19908403344293,3.516278480007488
33.33333333333334,12.12121212121212,1.1240659863802782,25.77659948590987,5.192994595809813
34.34343434343435,12.12121212121212,0.3636922394113835,16.85483977337348,4.415200703543716
35.35353535353536,12.12121212121212,0.7811754431993057,24.27103527245368,4.243421529784458
36.36363636363637,12.12121212121212,1.4166831718287798,22.47946842063945,5.485230421561686
37.37373737373738,12.12121212121212,0.6265998276560738,27.79556942440195,4.40761887270897
38.38383838383839,12.12121212121212,0.7414753224309456,18.43732521742746,4.474595059204813
39.3939393939394,12.12121212121212,0.6417331833136479,12.16542364100912,5.740716948649547
40.40404040404041,12.12121212121212,1.146635568657726,22.46337319003647,5.667938460708482
41.41414141414142,12.12121212121212,0.6777814447823491,26.4413841240447,4.198035545689314
42.42424242424243,12.12121212121212,0.5616515666092425,13.76570948158706,4.166502237627359
43.43434343434344,12.12121212121212,0.5514722031143009,28.64783134944008,3.825692901659188
44.44444444444445,12.12121212121212,0.6120848089934076,28.34977549877822,4.144913803242444
45.45454545454546,12.12121212121212,0.94581146728135,21.15889801462881,5.001183222927764
46.46464646464647,12.12121212121212,1.1721490944484312,13.98824773451598,3.112091612479177
47.47474747474748,12.12121212121212,0.533223604587516,28.53562232390988,3.839207569360915
48.48484848484848,12.12121212121212,0.8085277123184679,25.83656667438107,4.317366754490903
49.49494949494949,12.12121212121212,0.4274091137774432,28.33649129236304,3.988114678298009
50.50505050505051,12.12121212121212,1.1963264637183837,15.62856648379868,3.449514640900567
51.51515151515152,12.12121212121212,0.8193293236033033,16.72658994078897,4.884585497352989
52.52525252525253,12.12121212121212,1.3716285655782428,27.94538173222871,5.553454174134065
53.53535353535354,12.12121212121212,1.6228022642765967,21.19003103164784,3.222230139028172
54.54545454545455,12.12121212121212,0.7915040620383487,19.47290742560941,4.029854784689458
55.55555555555556,12.12121212121212,0.491549963994818,9.184518271547628,4.326630244423804
56.56565656565657,12.12121212121212,0.6737869947006865,24.13177813108686,5.374927246344654
57.57575757575758,12.12121212121212,0.8422816464956918,29.20615839169196,5.332756579706018
58.58585858585859,12.12121212121212,0.4584695752454825,24.9821457593367,4.158092116886675
59.5959595959596,12.12121212121212,0.5686417756471025,28.94599875882045,4.045976212242792
60.60606060606061,12.12121212121212,2.030225792692777,9.309289523854789,5.67615941106581
61.61616161616162,12.12121212121212,0.5840508126105988,16.6121877122718,4.554794650017778
62.62626262626263,12.12121212121212,0.4325466338680173,30.88636710230936,4.389609091137337
63.63636363636364,12.12121212121212,1.0283388505541446,15.88491747391047,3.614123350846901
64.64646464646465,12.12121212121212,0.9681540870198566,35.77119626727016,5.821477827576549
65.65656565656566,12.12121212121212,1.4766099962647101,36.73287334042605,4.811385892427255
66.66666666666667,12.12121212121212,1.2940333736002967,20.81498526492769,3.659557857862995
67.67676767676768,12.12121212121212,1.3227230896049857,13.7117280130916,5.403997504267617
68.68686868686869,12.12121212121212,1.0456981153483704,12.91823439079979,3.914240837461783
69.6969696969697,12.12121212121212,0.6059172646388344,30.8055246087646,4.754665696785545
70.70707070707071,12.12121212121212,0.663940274387968,11.45671806135507,4.077176193362655
71.71717171717172,12.12121212121212,1.686409876692813,39.61671987261247,5.384721123956724
72.72727272727273,12.12121212121212,1.0031623855407634,20.14539901209778,4.612142005346721
73.73737373737374,12.12121212121212,0.46156043997266893,29.59303971772856,4.253685706321594
74.74747474747475,12.12121212121212,1.0837368777287746,19.78371101281956,3.240957194748455
75.75757575757576,12.12121212121212,1.4912730950231232,20.73910388224981,4.793556345017082
76.76767676767678,12.12121212121212,0.906095633039713,19.95075533783239,3.339251779686471
77.77777777777779,12.12121212121212,0.28163276565856377,16.11317243226117,4.214147841581624
78.7878787878788,12.12121212121212,0.23624317376725457,19.78577494414442,4.257783868137966
79.7979797979798,12.12121212121212,0.5444763791977907,21.93641293580635,4.334750693316802
80.80808080808082,12.12121212121212,0.2764017769227529,29.52829908335746,4.04908202832917
81.81818181818183,12.12121212121212,0.5732195607656572,32.16642880954888,4.468800337068068
82.82828282828284,12.12121212121212,1.0815900131164953,17.86010645446213,5.713426335693383
83.83838383838385,12.12121212121212,0.8322803819960756,18.11817033555637,5.30748799997269
84.84848484848486,12.12121212121212,1.320689670507018,3.244146291865828,4.024565017685203
85.85858585858587,12.12121212121212,1.1294076196459635,15.63764717679958,5.715900867176927
86.86868686868688,12.12121212121212,0.8008555875096006,21.45659889273498,4.603179900441225
87.87878787878789,12.12121212121212,0.8026617555203901,16.06066410943412,3.883982380821241
88.8888888888889,12.12121212121212,0.8174397538519389,19.49774420367347,4.816023429689496
89.89898989898991,12.12121212121212,0.33083078091958185,19.27110795057357,4.313675673025266
90.90909090909092,12.12121212121212,0.24456853055818883,23.38496036934993,4.227000543636823
91.91919191919193,12.12121212121212,0.5734592003240551,30.15701866993148,4.369470900025901
92.92929292929294,12.12121212121212,0.507938687957049,18.88313487234676,4.684150787059461
93.93939393939395,12.12121212121212,0.39565996342638754,21.49630873833574,4.634412974348903
94.94949494949496,12.12121212121212,0.6609688445911148,18.52623052383909,3.742271719347287
95.95959595959597,12.12121212121212,1.1840996140680704,25.93876008970354,4.880441121237087
96.96969696969697,12.12121212121212,2.6411128286944763,6.919855858311365,2.369511114387467
97.97979797979798,12.12121212121212,0.5901982438473716,19.07922049687753,3.609071587854051
98.98989898989899,12.12121212121212,1.0718182808814163,11.99997073357439,4.180383371186918
100.0,12.12121212121212,1.2374227316853077,13.26085652085547,5.951362453815601
0.0,13.13131313131313,0.2441900111922314,35.47142488923654,4.346951938609894
1.01010101010101,13.13131313131313,0.2758165066535556,20.34257691076856,4.363685874782844
2.02020202020202,13.13131313131313,0.17417546558467722,23.26316694918891,4.44162273571295
3.03030303030303,13.13131313131313,0.6519579389063189,12.93894396853939,4.240681713556177
4.040404040404041,13.13131313131313,1.1908579048862638,29.4253143584762,5.326761828053463
5.050505050505051,13.13131313131313,0.9013944870260076,16.14070716248288,3.408844271503721
6.060606060606061,13.13131313131313,0.46961588470900806,18.03958688112851,4.254619626586229
7.070707070707071,13.13131313131313,1.2774850748595692,26.89836075237151,3.43049508377097
8.080808080808081,13.13131313131313,0.6061246657724032,9.962266082906222,4.23390688260066
9.090909090909092,13.13131313131313,0.5032696996287926,22.05033046039791,3.720476841961342
10.1010101010101,13.13131313131313,0.2620145793556883,24.21440978005862,4.084966554952101
11.11111111111111,13.13131313131313,0.13782396520274953,36.74616030693709,4.08357153556108
12.12121212121212,13.13131313131313,0.34155066561362524,23.98901748245677,4.020944361015601
13.13131313131313,13.13131313131313,1.1028120848615166,30.47722475876309,3.62262873616837
14.14141414141414,13.13131313131313,0.38224971610299363,22.79095365251857,4.01160237646608
15.15151515151515,13.13131313131313,0.9393427381693188,3.086356242018979,4.242604326334355
16.16161616161616,13.13131313131313,1.872819882853021,22.06623961385722,6.094264807303309
17.17171717171717,13.13131313131313,0.9594296710862378,19.52931460778665,4.574457144243168
18.18181818181818,13.13131313131313,0.8100390663440904,25.75412492529534,5.499212845629574
19.19191919191919,13.13131313131313,0.8419612373148591,9.66800173865366,4.864474701380303
20.2020202020202,13.13131313131313,0.8395759520058744,8.34984727539741,4.330979513685747
21.21212121212121,13.13131313131313,1.2601314573431246,24.87684827656437,3.131588069945018
22.22222222222222,13.13131313131313,0.779738068724475,33.15305850264722,4.143426436069461
23.23232323232324,13.13131313131313,0.5800396310078902,30.01594974853928,4.647996660219373
24.24242424242424,13.13131313131313,0.5502098214404372,23.88092318157469,3.98035788737694
25.25252525252525,13.13131313131313,0.4883160552373448,18.85712588175879,4.080221228101633
26.26262626262626,13.13131313131313,0.625231785302573,27.14216230113732,4.031690385855741
27.27272727272727,13.13131313131313,1.0235987007035994,21.24661503503314,5.080884218504202
28.28282828282828,13.13131313131313,1.064302357258668,22.66293640443778,3.572491927445286
29.29292929292929,13.13131313131313,0.6634688948783456,34.90621091574,4.791797507701581
30.3030303030303,13.13131313131313,0.802230542988943,26.45235087328579,4.004109669281419
31.31313131313131,13.13131313131313,0.7133305619657457,24.44383569197851,4.86071376349444
32.32323232323233,13.13131313131313,0.5161714612970992,20.01138502562713,4.664692056030591
33.33333333333334,13.13131313131313,0.4867489466908984,19.96896190350549,4.087352857562601
34.34343434343435,13.13131313131313,1.0764531514028284,19.04968594663778,4.024934079474575
35.35353535353536,13.13131313131313,1.7074823546207312,26.4232935850359,5.952398481562983
36.36363636363637,13.13131313131313,1.3952522313654852,23.94549571311241,3.603573643414675
37.37373737373738,13.13131313131313,1.3985962236175902,14.63907660203178,3.180219993827273
38.38383838383839,13.13131313131313,1.430798550648608,9.3399928468601,5.661489498198914
39.3939393939394,13.13131313131313,0.5413262143894129,23.5398949266216,4.960605643769669
40.40404040404041,13.13131313131313,0.4416150353145354,24.85560028602011,4.993884231091311
41.41414141414142,13.13131313131313,0.4125580702997942,31.3544768948562,4.742001324568709
42.42424242424243,13.13131313131313,0.36394040732494815,19.4200911815723,4.995387497465016
43.43434343434344,13.13131313131313,1.0802209359237087,21.70291665630973,5.209772656317832
44.44444444444445,13.13131313131313,0.33383335358416,22.15405235150597,4.60797659659772
45.45454545454546,13.13131313131313,0.3645177671366828,19.77758023582945,4.6209398213005
46.46464646464647,13.13131313131313,0.6696074338510716,33.26545334831852,4.022617714797637
47.47474747474748,13.13131313131313,0.8569161035828572,20.81445202719473,4.590719311497761
48.48484848484848,13.13131313131313,1.2539031366041449,24.51748029013287,5.912021707131387
49.49494949494949,13.13131313131313,0.5360059703374637,21.14428893033367,4.660486637779172
50.50505050505051,13.13131313131313,0.530874539237257,14.75404177933236,4.468321087286614
51.51515151515152,13.13131313131313,0.5874518863350555,23.7729756680368,3.922046991199203
52.52525252525253,13.13131313131313,1.3932566602629723,27.88338234053472,3.422298635083532
53.53535353535354,13.13131313131313,1.5663659427724477,17.23554025412205,5.365403452988714
54.54545454545455,13.13131313131313,0.8300827929807861,25.00626406840299,5.130178454428052
55.55555555555556,13.13131313131313,0.8232207888986354,15.07868937286655,4.037122193395453
56.56565656565657,13.13131313131313,1.5402168274153119,20.84216414207807,5.922097755475603
57.57575757575758,13.13131313131313,0.9826634140035926,31.24451953700919,3.998284583018458
58.58585858585859,13.13131313131313,0.3446493710572941,16.48494425655626,4.080054610488304
59.5959595959596,13.13131313131313,0.8851093110866747,12.32336671804388,3.544506584025621
60.60606060606061,13.13131313131313,1.4153681015592174,18.16868612157719,3.284740669933512
61.61616161616162,13.13131313131313,1.4604153288943889,21.89630988407772,5.47118723286691
62.62626262626263,13.13131313131313,0.8717648457207517,21.69826294507024,3.829552875114981
63.63636363636364,13.13131313131313,0.7876185847730768,15.22016133556512,3.565490398725348
64.64646464646465,13.13131313131313,1.3955124769906693,29.17722027282488,5.607429041957415
65.65656565656566,13.13131313131313,1.4327536909749576,20.49170872688538,3.158300767712722
66.66666666666667,13.13131313131313,0.8871830862625556,14.49725416854583,4.649558080506537
67.67676767676768,13.13131313131313,0.6291795903955031,31.92438914230675,4.890117466361374
68.68686868686869,13.13131313131313,0.5329806752462882,11.17876206631874,4.064523823724958
69.6969696969697,13.13131313131313,0.29794228531746214,30.56082967232178,4.177875579656384
70.70707070707071,13.13131313131313,0.5753244771404489,32.21092774724793,3.728613084637621
71.71717171717172,13.13131313131313,1.144653875512383,13.08974460183973,4.007646943508293
72.72727272727273,13.13131313131313,2.357310291280988,17.07232195372353,6.553984212749378
73.73737373737374,13.13131313131313,0.9191959014196851,14.15571489038527,3.992207746292354
74.74747474747475,13.13131313131313,0.9615938707275987,30.7529522550813,4.493642088046448
75.75757575757576,13.13131313131313,1.294855128628949,15.45277208756971,3.251709414394242
76.76767676767678,13.13131313131313,0.5699526874066568,25.96623796533162,3.583550121896299
77.77777777777779,13.13131313131313,0.38139134155142096,19.04124167500525,4.187576570108043
78.7878787878788,13.13131313131313,0.399933892856561,20.50139567265408,3.897943186090357
79.7979797979798,13.13131313131313,0.47401129727185776,11.03814717831666,4.370011434134113
80.80808080808082,13.13131313131313,0.3840081480740184,23.09391862790406,3.713190902318945
81.81818181818183,13.13131313131313,0.5807908115918681,22.90049061714086,4.211646778890049
82.82828282828284,13.13131313131313,0.5377637866018528,25.30654972764705,4.946488109568024
83.83838383838385,13.13131313131313,0.5546507201430164,37.91761784526005,5.477773249453565
84.84848484848486,13.13131313131313,0.7619163025470075,10.95508181815118,4.942111812726181
85.85858585858587,13.13131313131313,0.649874117930638,14.27780047186378,5.630410065303191
86.86868686868688,13.13131313131313,1.0704668839090514,27.82691801732983,3.855077622753722
87.87878787878789,13.13131313131313,0.5720170289108832,23.12233079206066,4.457014530988198
88.8888888888889,13.13131313131313,0.46409592315687886,19.97327965816548,5.146111969725208
89.89898989898991,13.13131313131313,0.6066078685595292,22.90461504991891,4.963009020531128
90.90909090909092,13.13131313131313,0.7977089704563456,15.4205922216604,3.864019802290462
91.91919191919193,13.13131313131313,1.1626608091732429,24.3948721015328,4.700074632167163
92.92929292929294,13.13131313131313,1.1457742387793393,26.75656932697093,3.319998696532433
93.93939393939395,13.13131313131313,0.7862483416254898,24.69953000857869,4.788637983783944
94.94949494949496,13.13131313131313,0.5891586676097265,31.41562575359619,4.296522270803615
95.95959595959597,13.13131313131313,0.8993056553207813,23.4667125938859,4.771648183411989
96.96969696969697,13.13131313131313,3.456192862995904,33.17269484601589,6.950963639893613
97.97979797979798,13.13131313131313,1.4016876819971682,15.12015944838404,3.847790746295405
98.98989898989899,13.13131313131313,1.0392020588185316,21.044937500732,5.419682164590174
100.0,13.13131313131313,0.7483727373225867,25.18662472171183,5.516060529364941
0.0,14.14141414141414,1.0445253591108923,19.63516626695808,4.978281641010864
1.01010101010101,14.14141414141414,1.004763248642256,30.8325064914638,3.59845491472345
2.02020202020202,14.14141414141414,0.6801802346765377,31.68303650302025,4.502634092749191
3.03030303030303,14.14141414141414,1.388268710685888,25.0831529101269,3.103012797065785
4.040404040404041,14.14141414141414,1.7012737930177697,27.87354644770862,5.692875816581633
5.050505050505051,14.14141414141414,1.349221762589472,16.9181336211355,3.291177683030833
6.060606060606061,14.14141414141414,0.8637120681064749,36.35145195933845,4.432955033071417
7.070707070707071,14.14141414141414,1.852025734270147,16.25639548259346,6.196464170243135
8.080808080808081,14.14141414141414,0.9755541442718866,14.9911010009096,5.147329659720289
9.090909090909092,14.14141414141414,0.6778362554792998,14.79271021810819,4.515188912529259
10.1010101010101,14.14141414141414,0.8945647265239134,15.10331291416159,3.510301180517109
11.11111111111111,14.14141414141414,0.41074670846175265,23.05693743854971,4.18488116200416
12.12121212121212,14.14141414141414,0.5496429127892652,32.52626127442541,4.87376426863162
13.13131313131313,14.14141414141414,1.2164200858509748,28.43504526137273,5.279792043121096
14.14141414141414,14.14141414141414,0.6542129654615325,17.94622645044305,3.920103807974906
15.15151515151515,14.14141414141414,0.5365903859683341,19.00904339009915,4.464057813552097
16.16161616161616,14.14141414141414,0.7152158500836461,21.69801092639449,5.148355469555344
17.17171717171717,14.14141414141414,0.4878404794876654,24.73673815370011,4.407741351745649
18.18181818181818,14.14141414141414,0.6488450623538057,25.17194250844538,4.931801969934658
19.19191919191919,14.14141414141414,0.7201713563643619,34.75128609108969,3.880389668749831
20.2020202020202,14.14141414141414,0.30938049496124786,16.78469152445144,4.345360350660665
21.21212121212121,14.14141414141414,0.6911582996579568,21.66660002776631,4.440925540530099
22.22222222222222,14.14141414141414,0.8944689737762561,20.53644002514746,3.547695338136633
23.23232323232324,14.14141414141414,0.8531522135273669,23.24266278664847,3.690086656265393
24.24242424242424,14.14141414141414,0.614584412861998,19.83949382660945,4.905507048815874
25.25252525252525,14.14141414141414,0.3812837773290463,16.83706712061203,4.696870737935994
26.26262626262626,14.14141414141414,0.7066883833972029,23.49577744657213,5.261547091170812
27.27272727272727,14.14141414141414,0.6835442149291588,14.28085499992893,4.883546170524887
28.28282828282828,14.14141414141414,0.48300706288180817,22.83739234551341,4.451966125992556
29.29292929292929,14.14141414141414,0.4679282525535632,16.58788987028825,4.15730864680848
30.3030303030303,14.14141414141414,0.7498183519006458,30.12604472363483,3.324806512421643
31.31313131313131,14.14141414141414,1.2784250217484807,21.05819820409151,3.397033654363999
32.32323232323233,14.14141414141414,0.7954984549449992,33.52948173021088,4.521780692797137
33.33333333333334,14.14141414141414,0.9526960498390888,21.07488643659679,3.885756785602235
34.34343434343435,14.14141414141414,1.7135916280148678,27.03840851537485,5.950596880840315
35.35353535353536,14.14141414141414,1.7838120099756851,32.00305227026141,6.797061708030666
36.36363636363637,14.14141414141414,0.8975401805488893,17.90349398999102,4.530747302993895
37.37373737373738,14.14141414141414,0.6773872088113431,46.96594700706449,4.642582855456894
38.38383838383839,14.14141414141414,0.7157336532711367,26.32144214311806,4.307343093399467
39.3939393939394,14.14141414141414,0.26689290326886583,13.26940554112948,4.309574532842783
40.40404040404041,14.14141414141414,0.28784681470690643,25.39654011766414,4.186639813294585
41.41414141414142,14.14141414141414,0.5024505035170683,16.52935350606132,4.141003901667836
42.42424242424243,14.14141414141414,0.9175028719137983,17.80736651364016,5.154492535178028
43.43434343434344,14.14141414141414,1.9381411748264024,39.2639012696857,3.089149885854569
44.44444444444445,14.14141414141414,0.6992476891552515,26.3559171609843,4.865487933156192
45.45454545454546,14.14141414141414,0.598018526918737,25.27380504791125,5.087482157014325
46.46464646464647,14.14141414141414,0.9124527766533894,19.69696419091063,3.421137784914798
47.47474747474748,14.14141414141414,0.7809748588752399,18.72381304697294,3.803970631636928
48.48484848484848,14.14141414141414,1.0258287295407924,17.27523132957463,5.063901578341134
49.49494949494949,14.14141414141414,0.24825645145243147,31.44364596740116,4.632535335755255
50.50505050505051,14.14141414141414,0.5977378655286226,16.36169533594898,4.834573151269626
51.51515151515152,14.14141414141414,0.518690176053606,10.7882866305436,4.263293578182557
52.52525252525253,14.14141414141414,0.6631042380944369,24.42383863471379,4.421316563064036
53.53535353535354,14.14141414141414,0.9685928603395665,27.90994689096101,3.421442812325308
54.54545454545455,14.14141414141414,0.6134327489822861,28.23730943076148,4.238452211836764
55.55555555555556,14.14141414141414,0.1532771086924838,21.19884515480863,4.011778911942012
56.56565656565657,14.14141414141414,0.6313938913870807,14.27571565648594,4.117189689482601
57.57575757575758,14.14141414141414,0.3276327633298556,32.86282781425601,4.588883042418277
58.58585858585859,14.14141414141414,0.5310211441662109,19.04560152403045,4.76329653438658
59.5959595959596,14.14141414141414,1.411184434303731,29.75857159764132,5.788160259600357
60.60606060606061,14.14141414141414,0.8035909620022296,23.20989646706757,4.108581858012577
61.61616161616162,14.14141414141414,0.6572816700362905,22.63129550440734,4.373999420823814
62.62626262626263,14.14141414141414,0.7055935107474853,33.38349573441255,4.85085920783407
63.63636363636364,14.14141414141414,0.7349091695818569,17.44339590319771,4.361330666074402
64.64646464646465,14.14141414141414,0.701148642959143,17.8380137365621,4.730494837090633
65.65656565656566,14.14141414141414,1.2513231249337178,13.33020227837121,3.295844819859511
66.66666666666667,14.14141414141414,1.3762392055270523,18.37937227625028,5.476473504264566
67.67676767676768,14.14141414141414,1.284295424478307,19.32151323912747,3.953432171176857
68.68686868686869,14.14141414141414,0.8156232725826111,28.57920780706144,5.107218139879095
69.6969696969697,14.14141414141414,0.4947968604412618,20.43693894971526,4.230240352846883
70.70707070707071,14.14141414141414,0.8085563868153144,22.86637391987136,4.953051530584948
71.71717171717172,14.14141414141414,0.32304837367517014,20.41085473278274,4.383817136997637
72.72727272727273,14.14141414141414,0.9443338749994417,24.51001184681094,4.174698990726193
73.73737373737374,14.14141414141414,0.38891301347783147,9.834311548261566,4.344302583730737
74.74747474747475,14.14141414141414,0.4880761012050563,17.57065925589659,5.34396566225255
75.75757575757576,14.14141414141414,0.708170929481207,26.79164705439532,5.315509617132935
76.76767676767678,14.14141414141414,0.5881165823538697,27.04478378523348,4.683195373599297
77.77777777777779,14.14141414141414,0.3239678633222316,23.09922208548239,4.792910832610716
78.7878787878788,14.14141414141414,0.41042776904929856,0.0,4.37613644340755
79.7979797979798,14.14141414141414,0.8966405856984411,16.14076911106253,5.101907102545308
80.80808080808082,14.14141414141414,0.767975326653247,17.04364738604935,3.75805596021852
81.81818181818183,14.14141414141414,0.8130840284037967,18.92199787797104,5.044359259830424
82.82828282828284,14.14141414141414,0.34140271998473093,27.93984577863855,5.06447855928656
83.83838383838385,14.14141414141414,0.6718985597497168,24.70614568727524,4.496402194975301
84.84848484848486,14.14141414141414,0.9219357091132989,25.03879448809153,4.035953086883524
85.85858585858587,14.14141414141414,1.2789268572474763,40.2368850341592,5.580035090580854
86.86868686868688,14.14141414141414,1.881012423467766,15.08317271882719,2.698581715588964
87.87878787878789,14.14141414141414,0.9633557622879614,19.71097659854559,4.033012912483109
88.8888888888889,14.14141414141414,1.0864101665083323,18.24493486503049,5.800206734385922
89.89898989898991,14.14141414141414,0.7504237181024778,24.49444862587947,4.46800306123362
90.90909090909092,14.14141414141414,1.1921460887569333,16.11725543651104,4.756830894652116
91.91919191919193,14.14141414141414,1.6408589180742847,29.28669296893763,2.596165893126885
92.92929292929294,14.14141414141414,1.1535834571524886,14.66041350654088,2.949769054828344
93.93939393939395,14.14141414141414,1.2281400357086838,34.10383806964889,5.818651340619023
94.94949494949496,14.14141414141414,0.7232537624736234,12.10609972120786,5.13166476419749
95.95959595959597,14.14141414141414,1.080237622197691,15.55188059304638,3.937659869043961
96.96969696969697,14.14141414141414,1.835647625681071,32.83967495376633,2.990133063495976
97.97979797979798,14.14141414141414,0.7116103129042649,24.91113519018427,4.540758003949746
98.98989898989899,14.14141414141414,0.5312409408774866,31.56655521643316,4.170442505788841
100.0,14.14141414141414,1.4200320981310206,26.45035386535493,3.802622606622607
0.0,15.15151515151515,0.702293663682604,24.01475964539242,3.855861992366571
1.01010101010101,15.15151515151515,0.7970535546999354,27.418301808833,4.568271044919926
2.02020202020202,15.15151515151515,0.666776676514068,22.99601260936048,4.858543200709954
3.03030303030303,15.15151515151515,0.805135172541989,20.92445665554616,3.528934408119691
4.040404040404041,15.15151515151515,0.7711076489908067,26.72643612658644,4.245455786105373
5.050505050505051,15.15151515151515,1.0909973604152274,14.11298905735032,5.026922661324448
6.060606060606061,15.15151515151515,0.7344590499446833,33.84549928206003,4.061728654343008
7.070707070707071,15.15151515151515,0.7373395451003003,29.35326966829979,4.366973967329275
8.080808080808081,15.15151515151515,0.6429703881038475,19.11501053952578,3.839811117466248
9.090909090909092,15.15151515151515,0.35945849274076613,36.81340720360591,4.235584440383156
10.1010101010101,15.15151515151515,0.9721181422194282,16.87982326925656,4.83442699867857
11.11111111111111,15.15151515151515,0.4204138943591331,15.30025436820771,4.00666704271474
12.12121212121212,15.15151515151515,0.6236610365120304,23.15794526854262,4.622923406207513
13.13131313131313,15.15151515151515,0.8446496184679427,13.67000707364068,3.836991016305588
14.14141414141414,15.15151515151515,0.8808040098389066,10.48113609981295,4.541814860606482
15.15151515151515,15.15151515151515,0.8435076968522637,17.74398910295127,3.767401418476941
16.16161616161616,15.15151515151515,0.8029565965439249,29.59447174357951,4.658313180781668
17.17171717171717,15.15151515151515,0.37852244297144977,23.65299173632573,4.927712741200088
18.18181818181818,15.15151515151515,0.5584801165346749,24.68409717626035,4.479305515588187
19.19191919191919,15.15151515151515,1.0743739864542499,26.3789753536051,3.500172259018516
20.2020202020202,15.15151515151515,0.9122203104964396,23.40407173177218,5.007965621750471
21.21212121212121,15.15151515151515,0.4663205998720181,17.24364870572344,4.907425876313946
22.22222222222222,15.15151515151515,1.0845495947088644,8.321498910789725,5.494218614786603
23.23232323232324,15.15151515151515,0.6301561348053433,28.75497661130047,4.786973795741639
24.24242424242424,15.15151515151515,0.16564002707320258,16.32774996610934,4.796375262237177
25.25252525252525,15.15151515151515,0.33899738899422294,19.94331701998074,4.561697802568869
26.26262626262626,15.15151515151515,0.7373615845350567,34.23621568165468,4.607327536777817
27.27272727272727,15.15151515151515,1.8801646107390475,26.74626537683926,3.156288323965823
28.28282828282828,15.15151515151515,1.074978569957092,22.42693715969743,4.778282655256112
29.29292929292929,15.15151515151515,0.4199590652909212,16.84466396289843,4.047244111058241
30.3030303030303,15.15151515151515,0.9923320615934258,22.06572977704601,4.740047486835257
31.31313131313131,15.15151515151515,0.9766060183959926,30.97852499951461,5.850079451851987
32.32323232323233,15.15151515151515,1.2337664163785387,23.86837336954828,5.800092203715639
33.33333333333334,15.15151515151515,0.7360970880207262,19.39441628454782,4.794080910565243
34.34343434343435,15.15151515151515,1.4072062931496558,22.98312181876458,3.933198092575015
35.35353535353536,15.15151515151515,1.1395413840799469,27.46360298142745,3.619256126822732
36.36363636363637,15.15151515151515,0.3801662207903276,21.3514256020045,4.245910197877328
37.37373737373738,15.15151515151515,1.0268528247231359,23.94123125440174,3.842472196361568
38.38383838383839,15.15151515151515,1.261281389828126,26.84340965772893,5.478660100183825
39.3939393939394,15.15151515151515,0.490424681852195,35.47595722934236,4.018200189685719
40.40404040404041,15.15151515151515,0.13612630156981542,29.44627284237804,4.011067603438632
41.41414141414142,15.15151515151515,0.5271376920571413,18.79089806898041,3.791323855637377
42.42424242424243,15.15151515151515,0.4737475237676483,25.76526938822779,4.722417368069499
43.43434343434344,15.15151515151515,0.7699583854597354,18.85967997794629,4.879411118071833
44.44444444444445,15.15151515151515,0.5127705035452248,21.40647965862827,5.406635082058971
45.45454545454546,15.15151515151515,0.4203332592869602,18.87985871228892,5.124675333017789
46.46464646464647,15.15151515151515,0.5286766612848486,28.49925238646533,4.420291742823859
47.47474747474748,15.15151515151515,0.5618703077721162,29.84112203378039,4.498357593850719
48.48484848484848,15.15151515151515,1.1197019133739035,20.64708461660153,3.500003978258302
49.49494949494949,15.15151515151515,0.9219775260938916,15.6615387958976,4.300864890069697
50.50505050505051,15.15151515151515,0.6848590291944184,32.86493250118917,3.583191141739588
51.51515151515152,15.15151515151515,1.0526456405441933,43.73067142866038,3.259082018920035
52.52525252525253,15.15151515151515,0.9332000593101892,14.78046364398143,4.916818851841072
53.53535353535354,15.15151515151515,0.6879316436906031,27.12414052269942,3.534970462769983
54.54545454545455,15.15151515151515,0.6936474532458566,38.13901198299946,4.756774265768412
55.55555555555556,15.15151515151515,0.32939348657230716,23.22568187156584,4.267459987823167
56.56565656565657,15.15151515151515,0.2484864713488366,21.89090851180498,3.973626320403545
57.57575757575758,15.15151515151515,0.20448088272957898,35.79180716885345,4.515057293402653
58.58585858585859,15.15151515151515,0.2973647603169478,22.47267976127818,4.521731098802092
59.5959595959596,15.15151515151515,0.5691727907636273,19.50588979962279,5.091518324761726
60.60606060606061,15.15151515151515,0.40646849619665604,16.02992021182006,4.554108553543412
61.61616161616162,15.15151515151515,0.7657469544107207,26.92336746199572,5.163660939104387
62.62626262626263,15.15151515151515,0.488702083744488,25.08601983285267,5.685538589334999
63.63636363636364,15.15151515151515,0.9567006488590903,20.06778194091434,5.646434364276876
64.64646464646465,15.15151515151515,0.572002746844177,18.61582737268415,4.85434101581307
65.65656565656566,15.15151515151515,0.5305922881174169,14.7139850185919,4.548314565811418
66.66666666666667,15.15151515151515,0.5070830900643046,20.62166328189091,4.502102123407148
67.67676767676768,15.15151515151515,1.1898217910714741,29.36378657129075,5.477101272115622
68.68686868686869,15.15151515151515,0.3844601706130304,19.07801371281883,4.918183121437236
69.6969696969697,15.15151515151515,0.4947733041899196,14.21883146538136,4.557274056651154
70.70707070707071,15.15151515151515,0.8272987052979788,33.79432735215991,5.670793060573502
71.71717171717172,15.15151515151515,0.5332763990058151,30.37180208698611,4.521487898350219
72.72727272727273,15.15151515151515,0.7740530995410546,17.74006057874057,5.194027529424786
73.73737373737374,15.15151515151515,0.6847062382115254,14.7845631545826,4.310012038784152
74.74747474747475,15.15151515151515,0.540749986167171,19.87902710460867,5.417827369225244
75.75757575757576,15.15151515151515,0.4169711755030514,13.97233415337175,5.423622843665816
76.76767676767678,15.15151515151515,0.512591265663306,19.14304173211639,5.19398674876672
77.77777777777779,15.15151515151515,0.7787537844644019,35.80674228373055,4.628863490039049
78.7878787878788,15.15151515151515,0.20711753891303641,14.93257228243016,4.355163672868473
79.7979797979798,15.15151515151515,0.6965872745059853,20.97144162011835,4.316862229627285
80.80808080808082,15.15151515151515,0.8159321394542719,32.43110420523212,3.361174153443799
81.81818181818183,15.15151515151515,0.5444889287467355,23.2058359637534,3.931158226223652
82.82828282828284,15.15151515151515,0.5476242629337487,21.5909273263645,4.405053792833569
83.83838383838385,15.15151515151515,0.7037826875376019,19.57692975560172,3.818704482857735
84.84848484848486,15.15151515151515,0.6205831741991011,23.81535792538653,4.813006085704955
85.85858585858587,15.15151515151515,0.33079827348995017,19.68050609155508,4.940238015002505
86.86868686868688,15.15151515151515,0.8674491716639241,22.60941835000715,4.850250930409236
87.87878787878789,15.15151515151515,1.1804040956292234,26.61832191759722,3.705216500633311
88.8888888888889,15.15151515151515,0.7875171355558963,14.6459641082378,5.208058328068422
89.89898989898991,15.15151515151515,1.0304446211663296,29.78620429144691,5.353660467775226
90.90909090909092,15.15151515151515,1.681699997203964,11.91473262976599,3.330550466929763
91.91919191919193,15.15151515151515,1.099635248900534,17.12589054242244,4.541424663157056
92.92929292929294,15.15151515151515,0.8875124166542644,15.57280283091768,3.971387794242071
93.93939393939395,15.15151515151515,1.048054075993635,17.98228748833452,5.491973416831579
94.94949494949496,15.15151515151515,0.4015128287985792,33.43809480167175,5.308545849123046
95.95959595959597,15.15151515151515,0.7895786445677248,17.32620203968601,5.283090342765184
96.96969696969697,15.15151515151515,0.7132288513427477,14.70418547749367,3.873741243820869
97.97979797979798,15.15151515151515,0.2576521012290718,20.23462746689733,4.308224448601702
98.98989898989899,15.15151515151515,0.6315570191994611,24.34545132870078,4.032853798407366
100.0,15.15151515151515,2.0427271009824826,27.02940100906567,5.981461079107103
0.0,16.16161616161616,0.44881866931001485,25.29389171089075,4.127914282216736
1.01010101010101,16.16161616161616,1.6747120833382025,10.35725659566251,3.352554164660042
2.02020202020202,16.16161616161616,1.446699143087772,19.2519653513872,5.549859850425173
3.03030303030303,16.16161616161616,0.7174170883969159,1.844950075679114,4.277423316657796
4.040404040404041,16.16161616161616,0.13597572275327185,22.38896912712109,4.384478098387583
5.050505050505051,16.16161616161616,0.6906541168033605,23.29403889571478,4.14533908015767
6.060606060606061,16.16161616161616,1.2680367549837468,21.65974766375695,5.357899155425623
7.070707070707071,16.16161616161616,0.6071022993460407,23.22851541727724,4.079514152691228
8.080808080808081,16.16161616161616,0.2625295594212803,28.15611982295609,4.181237954847662
9.090909090909092,16.16161616161616,0.3235132915762974,27.58262487712341,4.399198057987796
10.1010101010101,16.16161616161616,0.65680015189619,20.1896668090815,3.696682762221561
11.11111111111111,16.16161616161616,0.6274252274499218,23.20662371292629,4.066092181405251
12.12121212121212,16.16161616161616,1.1212951283371213,18.6205892510123,5.46453793643683
13.13131313131313,16.16161616161616,0.7787385347618914,25.99336037085649,3.391949803452144
14.14141414141414,16.16161616161616,1.1220221349816235,26.98509660820363,3.119547160312865
15.15151515151515,16.16161616161616,1.1976618762328157,24.00135583463854,4.779450606376573
16.16161616161616,16.16161616161616,1.5288942184636234,15.46653907767812,3.096840406102791
17.17171717171717,16.16161616161616,0.9147731742622119,24.55032967130823,4.651401144799047
18.18181818181818,16.16161616161616,0.559766210607492,2.42458539999044,4.12542198597753
19.19191919191919,16.16161616161616,1.2022485970804255,34.66351861421788,4.930524175802574
20.2020202020202,16.16161616161616,1.1794361254884855,29.60953845915966,3.630022759022999
21.21212121212121,16.16161616161616,0.7078592332395065,24.83186785730454,4.195976296518903
22.22222222222222,16.16161616161616,0.40834605136454694,24.17837477491665,4.396581070118737
23.23232323232324,16.16161616161616,0.45164276376591606,26.88898278105336,4.079882681537014
24.24242424242424,16.16161616161616,0.6139275570116297,20.89513201312906,4.48702586668691
25.25252525252525,16.16161616161616,0.5662391212264445,36.07860691156598,3.621188375836358
26.26262626262626,16.16161616161616,0.854045865022214,24.18122541183254,3.808769700051527
27.27272727272727,16.16161616161616,2.0936591528562536,16.53856307281875,5.876655376260667
28.28282828282828,16.16161616161616,1.5644074828968915,22.85882618440166,3.157717780179462
29.29292929292929,16.16161616161616,0.41287682224909183,17.69395731938419,3.901314305619683
30.3030303030303,16.16161616161616,0.7487023407601191,24.35432166998365,3.988795555668914
31.31313131313131,16.16161616161616,1.3748921340332383,30.74111586380064,5.556720388909082
32.32323232323233,16.16161616161616,1.7191053243050889,13.04325003815257,3.199336590406731
33.33333333333334,16.16161616161616,0.8449559107362575,22.24496097478758,4.62491079458597
34.34343434343435,16.16161616161616,1.9725988829743843,27.18410369312741,6.369799693165827
35.35353535353536,16.16161616161616,0.8731898580169433,23.76254762144405,4.059020045127705
36.36363636363637,16.16161616161616,0.3375936063412095,20.61869811547656,4.040174492402941
37.37373737373738,16.16161616161616,0.9735113621114924,20.65438077476497,5.110146930820767
38.38383838383839,16.16161616161616,1.530975863688333,24.84198953388812,6.255820838391608
39.3939393939394,16.16161616161616,0.6975201021798487,14.02303771561538,3.815468302179196
40.40404040404041,16.16161616161616,0.30872267518750063,30.01257346583281,3.869010941063665
41.41414141414142,16.16161616161616,0.7554363365710858,22.25575750611608,4.399357317602107
42.42424242424243,16.16161616161616,0.8095394198312722,24.45226845286839,5.097245033597107
43.43434343434344,16.16161616161616,0.8186892484231811,17.65240494629615,4.274056522439627
44.44444444444445,16.16161616161616,0.52109917443983,23.76395080123625,4.705883929809169
45.45454545454546,16.16161616161616,0.4818542910142338,22.19253158885594,4.466878811108525
46.46464646464647,16.16161616161616,0.69808397180454,24.4065098730004,4.087188496814316
47.47474747474748,16.16161616161616,0.5239971137818891,21.09385294667825,4.975032396106116
48.48484848484848,16.16161616161616,0.8175629039473297,28.11360002257448,4.615699504267272
49.49494949494949,16.16161616161616,1.9336274174406058,24.63608874468337,6.138569888618202
50.50505050505051,16.16161616161616,0.8240033883618542,12.4896559442328,4.029462377837562
51.51515151515152,16.16161616161616,0.6530929380637781,15.86475727035956,4.483607066093697
52.52525252525253,16.16161616161616,0.9593956302571677,33.77124931778881,5.114531578312668
53.53535353535354,16.16161616161616,1.022764143875012,23.62354169303855,3.500423730521763
54.54545454545455,16.16161616161616,0.572715906794785,29.08670990221677,4.211624587660307
55.55555555555556,16.16161616161616,0.1445129794944051,23.4443127739783,3.98871506277996
56.56565656565657,16.16161616161616,0.20607430039313357,21.66119129743724,3.958508444505984
57.57575757575758,16.16161616161616,0.34102179262929133,30.53202118618123,4.319064289898508
58.58585858585859,16.16161616161616,0.5090173290422504,27.97583852478727,4.893163673126322
59.5959595959596,16.16161616161616,0.3826278506163696,14.53768638090963,4.618666093723795
60.60606060606061,16.16161616161616,0.2672704866412354,17.79070371100485,4.587493686019912
61.61616161616162,16.16161616161616,1.0232247282355902,24.48525866507699,4.021764675533664
62.62626262626263,16.16161616161616,1.3599797662531063,30.57262916943863,6.244685667523288
63.63636363636364,16.16161616161616,1.2914220463790955,15.90403176065917,3.935933040564919
64.64646464646465,16.16161616161616,0.8938901935024179,18.15165005200268,3.788296005624258
65.65656565656566,16.16161616161616,0.4363708180060605,27.87375326535809,4.030654051699578
66.66666666666667,16.16161616161616,0.39529765328863076,19.33624973685137,4.46935273512009
67.67676767676768,16.16161616161616,1.0711135377045569,22.28971236720323,3.775400508155349
68.68686868686869,16.16161616161616,0.9887203694233797,28.78202823327893,5.347161569983031
69.6969696969697,16.16161616161616,0.5580816674512878,32.47978568970916,4.379642612404178
70.70707070707071,16.16161616161616,0.5248978577443739,24.22480080563533,5.342163935515774
71.71717171717172,16.16161616161616,0.46163525639806924,16.12696963260268,4.695077939723046
72.72727272727273,16.16161616161616,0.6685602276313369,19.11913987495438,5.71435626717521
73.73737373737374,16.16161616161616,0.6683480476942456,25.88806026297827,5.022715625601943
74.74747474747475,16.16161616161616,0.48089595687870434,30.56864595126466,4.442299936410918
75.75757575757576,16.16161616161616,0.7285665698786887,25.57265507643346,4.09928293752616
76.76767676767678,16.16161616161616,0.9564267963381521,24.29997913526169,4.449172414907687
77.77777777777779,16.16161616161616,2.254830401007088,23.19740933153953,2.516718770651356
78.7878787878788,16.16161616161616,1.0863469426204668,16.44470073754892,4.850659797569778
79.7979797979798,16.16161616161616,0.6191663256504658,25.55620449776382,5.324176935308529
80.80808080808082,16.16161616161616,1.026001871536508,26.18998072662871,4.702348755522827
81.81818181818183,16.16161616161616,0.581214441193317,29.26051027284225,3.910283184233252
82.82828282828284,16.16161616161616,0.46966423102285637,26.25869691852128,3.934226384137317
83.83838383838385,16.16161616161616,0.3214639598548519,13.58345926371213,4.375486608067523
84.84848484848486,16.16161616161616,0.43971916905504926,30.10661530294797,4.229259919874751
85.85858585858587,16.16161616161616,0.29457801674341755,38.00836380109906,4.474061010511872
86.86868686868688,16.16161616161616,0.5246881021899044,18.89967123345864,4.767144972943005
87.87878787878789,16.16161616161616,1.1618444110362667,20.68131478466226,5.451160214089371
88.8888888888889,16.16161616161616,0.5638094818110233,27.30437707791714,4.298582159304252
89.89898989898991,16.16161616161616,0.5978149027047657,33.38140474809343,4.286251530203781
90.90909090909092,16.16161616161616,1.4307941143396674,16.8154734266665,5.39708583095051
91.91919191919193,16.16161616161616,0.803030583951639,11.71967921132504,3.869053502727367
92.92929292929294,16.16161616161616,0.7208609434492192,19.58854879771151,3.533579358543233
93.93939393939395,16.16161616161616,1.1256155022888514,14.5413611167371,3.330448226942523
94.94949494949496,16.16161616161616,0.9704276995038668,5.436496951276886,4.088258692920681
95.95959595959597,16.16161616161616,1.0113292326704901,17.82486975442372,5.661169842012683
96.96969696969697,16.16161616161616,0.6410664754612427,23.10596393949057,3.99921616514182
97.97979797979798,16.16161616161616,0.4340290367528743,22.10726577594851,4.220003454008626
98.98989898989899,16.16161616161616,0.10335954570980876,31.3970917651075,4.197515236929664
100.0,16.16161616161616,0.9060859209356287,25.1153943400067,3.980725529343887
0.0,17.17171717171717,0.9396856907713111,20.56497016933658,4.426957882739922
1.01010101010101,17.17171717171717,1.7072820173065577,23.82850235613439,5.863019814431143
2.02020202020202,17.17171717171717,1.2247692817958395,25.71388022860869,3.924122147321811
3.03030303030303,17.17171717171717,0.6897012133460055,28.05773306261699,5.01911144621019
4.040404040404041,17.17171717171717,0.40111183135285733,21.13649262815309,4.44316487715876
5.050505050505051,17.17171717171717,0.45831553229648625,20.27777991597107,3.716005287608873
6.060606060606061,17.17171717171717,0.7727353828512925,26.89324355111339,4.0728677145756
7.070707070707071,17.17171717171717,0.5650045285238623,33.03140024182042,4.840354730546515
8.080808080808081,17.17171717171717,0.4176195850218952,26.05689327643403,4.570245449854801
9.090909090909092,17.17171717171717,0.454342640608823,14.53385538744958,4.609162207781976
10.1010101010101,17.17171717171717,1.2296805728030704,15.62112674993293,3.279151106043735
11.11111111111111,17.17171717171717,0.7167846433060384,18.09068529735281,4.748512778299158
12.12121212121212,17.17171717171717,0.828360289849423,22.52358096152267,5.292005841333928
13.13131313131313,17.17171717171717,0.7273424092486239,24.07382148459503,3.7168719535223
14.14141414141414,17.17171717171717,0.5331199495382932,34.22881150404918,4.253061910742756
15.15151515151515,17.17171717171717,0.2503193234871015,23.43260167358974,4.343365935682431
16.16161616161616,17.17171717171717,0.8959095901287041,6.465284697371936,4.413773566308371
17.17171717171717,17.17171717171717,0.9842170437018286,17.56009380026853,3.349159941669013
18.18181818181818,17.17171717171717,0.895131007550516,25.82398996962588,3.571322021804781
19.19191919191919,17.17171717171717,1.6582664886651788,27.15569963667888,6.203563040735598
20.2020202020202,17.17171717171717,0.8071529734690991,32.56870400440454,5.10336944397399
21.21212121212121,17.17171717171717,1.2721570969110896,16.76997829670783,5.549405338586148
22.22222222222222,17.17171717171717,0.49153238208922334,25.69502403122457,4.378137571509972
23.23232323232324,17.17171717171717,0.7515656775917117,18.15628069100391,3.704244314409594
24.24242424242424,17.17171717171717,1.301684523952761,21.68969415361724,5.360406023182714
25.25252525252525,17.17171717171717,0.7456937424850534,8.55702365172065,3.892216618943905
26.26262626262626,17.17171717171717,0.7378113601745885,28.65106885046988,3.446611077113269
27.27272727272727,17.17171717171717,0.7966757142325803,14.61392033951675,5.00920908942084
28.28282828282828,17.17171717171717,0.5778639371530055,15.28939066229859,4.332248715168951
29.29292929292929,17.17171717171717,0.2776039980755164,18.28955308352136,4.57581401368804
30.3030303030303,17.17171717171717,0.36865769130790493,30.31976918836826,4.576946904253648
31.31313131313131,17.17171717171717,0.6614709916406509,19.66038327335932,4.275819547461553
32.32323232323233,17.17171717171717,0.49881828913755033,16.77277265823026,3.692044271636587
33.33333333333334,17.17171717171717,0.3419101630005905,23.48632159686801,4.584720370379309
34.34343434343435,17.17171717171717,0.4975309313260825,31.3690946531743,4.971674308477081
35.35353535353536,17.17171717171717,0.5516929251205258,15.61035031354184,4.782390358127619
36.36363636363637,17.17171717171717,0.5191981198587582,23.33690929198898,4.095995221150801
37.37373737373738,17.17171717171717,0.5478360392315993,18.00417375938685,4.699422562822664
38.38383838383839,17.17171717171717,0.7325384963844827,25.52799755399587,4.495104565629309
39.3939393939394,17.17171717171717,0.3813231067237335,32.24547655705901,3.908921648295187
40.40404040404041,17.17171717171717,0.7497349560322236,10.84106834645383,4.37795596401579
41.41414141414142,17.17171717171717,1.3510966398993862,18.23020514315369,5.584835109388278
42.42424242424243,17.17171717171717,1.3447932457476843,23.54344354431532,3.754991246952107
43.43434343434344,17.17171717171717,1.8940027559207595,29.62859638013365,5.688443001973124
44.44444444444445,17.17171717171717,1.072097635339544,16.36678705330234,3.993070910369837
45.45454545454546,17.17171717171717,0.8151487402093793,20.85831440858752,5.117804020261342
46.46464646464647,17.17171717171717,0.7504170243163317,22.50054354243629,5.278886924436925
47.47474747474748,17.17171717171717,0.5169950159890941,27.67420357338471,4.602895534364599
48.48484848484848,17.17171717171717,0.5865561171507936,32.00506164891956,4.888052317857847
49.49494949494949,17.17171717171717,1.2493383192013643,26.32610879212504,3.873743112535853
50.50505050505051,17.17171717171717,0.37512901451096736,18.39523050855293,4.31595249615023
51.51515151515152,17.17171717171717,0.29536501025001516,35.56522205093198,4.180829561487353
52.52525252525253,17.17171717171717,0.9597439105014349,24.04996931419201,3.719694143765471
53.53535353535354,17.17171717171717,0.9853685285616495,18.8998108363418,5.231624868844142
54.54545454545455,17.17171717171717,0.7948729358771962,7.378986500940304,5.023228154712451
55.55555555555556,17.17171717171717,0.6318416694607745,18.65129808587316,4.034905912560051
56.56565656565657,17.17171717171717,0.3230084219364795,27.0579166147078,4.376925306514458
57.57575757575758,17.17171717171717,0.46947066331920073,28.39400140564378,4.55250322829119
58.58585858585859,17.17171717171717,0.8464622858659003,12.01208247744305,5.709203452340752
59.5959595959596,17.17171717171717,0.7185443521911241,17.5220858625963,5.370655278044933
60.60606060606061,17.17171717171717,0.454733140284439,36.17053982657931,4.148698290121602
61.61616161616162,17.17171717171717,0.7215126027233238,21.21858701903594,4.184117322429429
62.62626262626263,17.17171717171717,1.0615606617071607,23.29824641532002,5.895587299647144
63.63636363636364,17.17171717171717,0.8404976220478082,29.54674987006358,4.934730240470313
64.64646464646465,17.17171717171717,1.5783393802025432,33.65902165396078,5.907816688429136
65.65656565656566,17.17171717171717,0.735636595937083,28.98530079179896,4.577420080116148
66.66666666666667,17.17171717171717,0.5583050566023924,25.91778730712314,4.053562420637878
67.67676767676768,17.17171717171717,0.2032730630859152,18.80753253759788,4.092440606220881
68.68686868686869,17.17171717171717,0.566493985108171,32.25971230201503,4.360538560241843
69.6969696969697,17.17171717171717,0.3374561402486953,23.9527932911444,4.504297557271903
70.70707070707071,17.17171717171717,0.7753977692085818,20.78100637020943,5.503518922531217
71.71717171717172,17.17171717171717,0.5330026712118772,27.67714622374218,4.688491278748489
72.72727272727273,17.17171717171717,0.5741501926877306,28.31309394010195,5.271363063425718
73.73737373737374,17.17171717171717,0.6690859936546218,25.49871530732545,4.334083352407045
74.74747474747475,17.17171717171717,0.23115931031365533,27.12969628329694,4.466923643035626
75.75757575757576,17.17171717171717,0.4443078377326011,25.01347744404228,4.996302834634975
76.76767676767678,17.17171717171717,0.6003728538917026,24.06817820609295,5.247722144763404
77.77777777777779,17.17171717171717,1.350989366169706,25.15772817606683,5.157500984117264
78.7878787878788,17.17171717171717,0.7308282486958055,27.86411182365445,5.893093278693168
79.7979797979798,17.17171717171717,0.7828796076425469,32.46975445936832,4.950171655912363
80.80808080808082,17.17171717171717,1.2581625814302813,10.66073498854014,3.3534096225311
81.81818181818183,17.17171717171717,1.0313301452446084,15.96807827236055,5.39825713582248
82.82828282828284,17.17171717171717,0.6077570247748955,27.37222696241579,4.876852475698219
83.83838383838385,17.17171717171717,0.4434296557739499,17.84020252345366,4.233899805980881
84.84848484848486,17.17171717171717,0.7327555485926442,27.32970294508307,5.013362651434853
85.85858585858587,17.17171717171717,0.4359060188619721,20.8215614468857,4.299811001097089
86.86868686868688,17.17171717171717,0.7672429821573459,15.02600324882486,3.728597725227117
87.87878787878789,17.17171717171717,0.6161555887483452,23.39805382878275,4.386319579331849
88.8888888888889,17.17171717171717,0.43763796349986395,9.975680736371212,4.479435233898586
89.89898989898991,17.17171717171717,0.26596190783701035,19.11736175587479,4.085565786803363
90.90909090909092,17.17171717171717,0.6030597939051345,12.19587411956502,4.379311366582459
91.91919191919193,17.17171717171717,0.5925606847919268,29.16659142966036,4.545298205696957
92.92929292929294,17.17171717171717,0.8956590812612182,21.50011181736916,5.440609420856428
93.93939393939395,17.17171717171717,0.798446337164803,17.76096724381532,4.710443448630006
94.94949494949496,17.17171717171717,0.9611507673155588,28.00685029086594,3.757556666177739
95.95959595959597,17.17171717171717,0.9667455110261791,22.40951830018246,5.228797236541086
96.96969696969697,17.17171717171717,1.314133655011337,25.70903998463402,3.443166150355469
97.97979797979798,17.17171717171717,1.422766956403454,28.96703025235337,5.62462310048128
98.98989898989899,17.17171717171717,0.7292520646643055,13.05730435614281,4.207014056581862
100.0,17.17171717171717,0.6118067563915747,34.2179349579097,3.479993023885994
0.0,18.18181818181818,1.191242105242084,22.35769223228917,5.510909422839448
1.01010101010101,18.18181818181818,0.6957513623622809,20.14787892744191,4.919316993776568
2.02020202020202,18.18181818181818,0.5175427397646525,24.41562705723945,4.163574605404095
3.03030303030303,18.18181818181818,0.36654459540798734,25.3689608107062,4.672930590318372
4.040404040404041,18.18181818181818,0.29068924686559483,17.97300230710225,4.685819265197695
5.050505050505051,18.18181818181818,0.45615382664073245,28.99405798664671,4.035911607729408
6.060606060606061,18.18181818181818,0.528824646972746,15.81515594490945,4.754428362193105
7.070707070707071,18.18181818181818,1.1057246331410457,29.17326181654654,5.301935970124048
8.080808080808081,18.18181818181818,1.0955898370404484,28.67748848854911,3.597800643393249
9.090909090909092,18.18181818181818,0.7435085080552601,22.02560846694751,4.847640760757672
10.1010101010101,18.18181818181818,0.8417223016313482,15.01737761008429,4.980968967084526
11.11111111111111,18.18181818181818,0.2491395276804842,10.0432700887929,4.576649537259105
12.12121212121212,18.18181818181818,0.677028255152355,19.88546352651128,4.269723727885537
13.13131313131313,18.18181818181818,0.33675692421863945,16.52454812868696,4.189995595414556
14.14141414141414,18.18181818181818,0.4127699651008552,30.11808798751222,3.880590845179604
15.15151515151515,18.18181818181818,0.5705292592380583,8.51334346818072,4.747846903371079
16.16161616161616,18.18181818181818,0.8306960647211676,15.22745506340296,5.54545751135231
17.17171717171717,18.18181818181818,0.9339364263445414,24.1747406477623,4.697011208571168
18.18181818181818,18.18181818181818,0.6609745160778587,23.20860413754841,3.743342988767511
19.19191919191919,18.18181818181818,0.7051332954471786,34.06610894457073,4.575970566700332
20.2020202020202,18.18181818181818,0.6462389522171071,13.30077808003377,4.89433372642235
21.21212121212121,18.18181818181818,1.1666792196742573,30.99622724159313,3.431509654697368
22.22222222222222,18.18181818181818,0.7894355712795776,17.53029608274479,4.480662577081548
23.23232323232324,18.18181818181818,0.5814503554760814,33.54032451140232,4.004813691775523
24.24242424242424,18.18181818181818,0.6288629749254666,19.73846844384069,4.151399196879402
25.25252525252525,18.18181818181818,0.7803044831902951,28.26999575091368,3.094264838180683
26.26262626262626,18.18181818181818,0.7676748304186861,15.18574987059293,4.027494340735158
27.27272727272727,18.18181818181818,0.7370686766155398,20.81881342183747,5.088907272951874
28.28282828282828,18.18181818181818,0.2856722427313352,20.20950531515712,4.548647856020505
29.29292929292929,18.18181818181818,0.2691289232522549,12.36132923373182,4.767032108837051
30.3030303030303,18.18181818181818,0.6079160933195946,31.19585242542087,5.16116607354283
31.31313131313131,18.18181818181818,0.5086874100661859,16.8488904782869,4.755900039959566
32.32323232323233,18.18181818181818,0.9546730211237495,29.31001960239431,3.718158372389244
33.33333333333334,18.18181818181818,0.5614809910441002,21.80889373593583,4.536900179424102
34.34343434343435,18.18181818181818,0.41781981540923474,33.69390705601219,4.987434760645431
35.35353535353536,18.18181818181818,0.6577816703893163,13.98043239040208,4.174668057971709
36.36363636363637,18.18181818181818,1.4511713592938742,21.01839567520796,3.364845949112309
37.37373737373738,18.18181818181818,1.3143779530653852,17.73766590981092,5.67229701288574
38.38383838383839,18.18181818181818,0.6913292816148616,28.27998562848067,4.116167767381154
39.3939393939394,18.18181818181818,0.2527052384719515,20.34016285360644,3.532299800570969
40.40404040404041,18.18181818181818,0.8676960417559351,20.09732097397046,3.563874623932111
41.41414141414142,18.18181818181818,0.6969360402943564,33.04538100253052,4.402649349385563
42.42424242424243,18.18181818181818,0.5159343046536683,19.15459894113716,4.028614825840656
43.43434343434344,18.18181818181818,1.0931739819946382,15.85902500090531,3.155642304447887
44.44444444444445,18.18181818181818,0.538017266696811,25.18769828097885,3.237598589945786
45.45454545454546,18.18181818181818,0.7082290541600579,22.28212915063912,3.793950282643731
46.46464646464647,18.18181818181818,0.6546684605247278,14.73416578339835,4.305991549042116
47.47474747474748,18.18181818181818,0.9066005770228137,22.75432526865029,5.337590563013885
48.48484848484848,18.18181818181818,1.1712648037066697,18.47565024361103,5.662457984055204
49.49494949494949,18.18181818181818,1.9729414874264144,31.90288858785132,2.597735200749115
50.50505050505051,18.18181818181818,1.0213315398394704,27.60815793425552,4.952646117604178
51.51515151515152,18.18181818181818,0.4859096157060857,6.304335848588083,4.463253745496311
52.52525252525253,18.18181818181818,0.7538772074267943,28.29235615956978,4.190766208423462
53.53535353535354,18.18181818181818,1.484966620455165,20.40616256663176,5.721570405558
54.54545454545455,18.18181818181818,1.3002844878847184,32.65475945751281,3.852058934539902
55.55555555555556,18.18181818181818,0.865841417247714,29.88587023925485,5.18574010451625
56.56565656565657,18.18181818181818,0.4821485537293466,24.00815616997308,4.732944816520763
57.57575757575758,18.18181818181818,0.5314594932376229,18.6669161261366,4.240337659233363
58.58585858585859,18.18181818181818,0.7709783119346114,33.62459133759617,4.634642486436961
59.5959595959596,18.18181818181818,0.5612254492938001,27.7138554111594,4.808972215820725
60.60606060606061,18.18181818181818,0.6212755210802918,19.5314687749827,4.27145943512989
61.61616161616162,18.18181818181818,0.9158920211060346,21.15009659354559,5.160926076901417
62.62626262626263,18.18181818181818,0.5310709573604901,21.77781490764609,4.670770057089192
63.63636363636364,18.18181818181818,0.401741511795185,22.53271081111492,4.505480459320129
64.64646464646465,18.18181818181818,0.6597257184005758,23.94327386309153,4.017462906695653
65.65656565656566,18.18181818181818,0.6898084117644367,19.28268837429629,4.035893992575645
66.66666666666667,18.18181818181818,0.983715161328061,14.21660596479117,5.308256487503961
67.67676767676768,18.18181818181818,1.0253371274191811,20.43562462302362,3.903364591546718
68.68686868686869,18.18181818181818,1.2010220214805605,23.51108586514161,5.228034539882318
69.6969696969697,18.18181818181818,0.286240560727808,18.89663407311682,4.422108303434221
70.70707070707071,18.18181818181818,0.5869836266221148,23.10861608576313,4.377531841754376
71.71717171717172,18.18181818181818,0.7062909060256883,20.88172472567673,3.960966683335495
72.72727272727273,18.18181818181818,0.8192388589465347,26.08868010145209,4.93790699212019
73.73737373737374,18.18181818181818,1.0354506180135234,27.86767066736296,3.416491652630711
74.74747474747475,18.18181818181818,0.7914535572604944,36.18946794793268,4.704717695437608
75.75757575757576,18.18181818181818,0.456532428260664,23.91733490255533,4.896889882541164
76.76767676767678,18.18181818181818,0.7996501761459996,24.02009467552752,3.986420929826881
77.77777777777779,18.18181818181818,1.6417408644589764,18.77000061604768,3.220139188126392
78.7878787878788,18.18181818181818,1.5007412029377645,37.38489347413618,5.690727682390044
79.7979797979798,18.18181818181818,0.7018139927523258,24.54346837051435,4.732342160900409
80.80808080808082,18.18181818181818,1.1388903501701195,31.4026913675789,3.311307976474344
81.81818181818183,18.18181818181818,0.7549538128553724,17.94078912608893,5.327162679848914
82.82828282828284,18.18181818181818,0.4170797598061766,27.92737909541066,4.552807798001138
83.83838383838385,18.18181818181818,0.18017569598956262,33.62014298237317,4.44361611181873
84.84848484848486,18.18181818181818,0.46770979881578456,22.62352598614322,4.359457684416112
85.85858585858587,18.18181818181818,0.23981937966038958,31.96861049302816,4.584420140922458
86.86868686868688,18.18181818181818,0.3535656280681403,19.4297707700536,4.53008727616591
87.87878787878789,18.18181818181818,0.8308341040119822,33.58256668089437,5.035263790896238
88.8888888888889,18.18181818181818,0.9917851173791967,22.09057543513995,3.396721556155426
89.89898989898991,18.18181818181818,0.588087322334688,25.40789474029713,4.261112647876666
90.90909090909092,18.18181818181818,0.8751103699736607,23.46996564134117,3.444579074223566
91.91919191919193,18.18181818181818,1.0211080134916133,23.53097261118358,3.912598223772809
92.92929292929294,18.18181818181818,0.875783091241619,26.31931689460366,5.390480345510644
93.93939393939395,18.18181818181818,0.5131154868707475,25.57445861561946,4.841180820923046
94.94949494949496,18.18181818181818,0.48300842089235685,23.65653309035089,4.847330355881418
95.95959595959597,18.18181818181818,0.387828320874251,10.09840898818612,5.051059454456931
96.96969696969697,18.18181818181818,0.8617978415332397,10.92610924782477,4.176562719303038
97.97979797979798,18.18181818181818,0.5189703949552269,9.329680638623492,4.937240915365346
98.98989898989899,18.18181818181818,0.8868373005583148,24.04052283447863,4.9698934189916
100.0,18.18181818181818,1.438869908907823,23.17840913955457,2.872326292865031
0.0,19.19191919191919,1.100490566979505,21.93585985043817,3.612727076275601
1.01010101010101,19.19191919191919,0.43874858524447313,14.02256100053316,4.427349182417372
2.02020202020202,19.19191919191919,0.5666275367799233,22.1691088367847,4.729194733093672
3.03030303030303,19.19191919191919,0.6149212822123715,32.78032231866827,4.075177724371841
4.040404040404041,19.19191919191919,0.7755372831278577,26.12280416904724,4.943125532273529
5.050505050505051,19.19191919191919,0.6329401445036236,21.94353327724094,4.172196182239818
6.060606060606061,19.19191919191919,0.5922553041478928,18.62207310235015,4.922141940071944
7.070707070707071,19.19191919191919,1.1281825818948052,19.72255061532771,3.592261611799141
8.080808080808081,19.19191919191919,0.38530972268306896,23.93711669067205,4.053739740998267
9.090909090909092,19.19191919191919,0.7860537287249681,18.65692209178792,3.495253605203605
10.1010101010101,19.19191919191919,0.7698746383793437,29.0074904614427,3.853545257752199
11.11111111111111,19.19191919191919,0.7261995350020851,19.64163740883546,4.463199906776211
12.12121212121212,19.19191919191919,1.1587094856761588,23.97812134916539,5.568900693202015
13.13131313131313,19.19191919191919,0.7048379889513294,23.15807358155918,3.705224423138186
14.14141414141414,19.19191919191919,0.9344768225587244,30.19348027942487,3.778642858765762
15.15151515151515,19.19191919191919,0.36493132532350336,12.79653520871748,4.960616306461958
16.16161616161616,19.19191919191919,0.692150246522745,17.75327807357856,5.00041410827395
17.17171717171717,19.19191919191919,0.6749499715181098,27.54029446605724,5.28279112446238
18.18181818181818,19.19191919191919,0.4432014581089806,22.91984289383717,4.428924288379738
19.19191919191919,19.19191919191919,0.15856975427919107,25.17128689626366,4.617920536798941
20.2020202020202,19.19191919191919,0.5422253476127287,16.41045022318659,4.299600866552562
21.21212121212121,19.19191919191919,1.4130238737869187,19.55045464004548,3.394665453998281
22.22222222222222,19.19191919191919,1.8522015138494146,25.40926671448227,6.010878048938078
23.23232323232324,19.19191919191919,1.1894845681039643,12.7561136952845,5.407611345904015
24.24242424242424,19.19191919191919,0.7610598057879158,26.07052871216278,4.048673987283446
25.25252525252525,19.19191919191919,1.2907543061125386,20.96151067153109,2.761362547435919
26.26262626262626,19.19191919191919,0.7907489518050107,17.37900451917543,4.522667964016822
27.27272727272727,19.19191919191919,1.0490299221905623,15.95878453730802,3.822003099168835
28.28282828282828,19.19191919191919,0.5312124852177378,18.46815484052102,4.716294016346376
29.29292929292929,19.19191919191919,0.25890577547836036,20.05903952821077,4.494252728499367
30.3030303030303,19.19191919191919,0.5044346109902111,21.03340414862941,4.113120867842677
31.31313131313131,19.19191919191919,0.561011419368596,22.12232329633268,4.644238593346421
32.32323232323233,19.19191919191919,0.9952981657192884,46.38014726801809,5.654252881526405
33.33333333333334,19.19191919191919,0.5638442517707865,17.24291677444619,5.46572756438911
34.34343434343435,19.19191919191919,0.5090194723515924,27.68811045871258,4.595217235071891
35.35353535353536,19.19191919191919,0.35778000255794606,26.26493570543368,4.575483627839943
36.36363636363637,19.19191919191919,0.8809038571523634,37.08768550225734,5.321108941616482
37.37373737373738,19.19191919191919,0.464106828065352,37.81177073718613,5.251239959965291
38.38383838383839,19.19191919191919,0.5031396600025786,24.97610869321793,4.362550883277675
39.3939393939394,19.19191919191919,0.7638217768726236,21.93000075161068,3.55105611656323
40.40404040404041,19.19191919191919,1.4557093856962435,18.90623616686745,5.350227902057578
41.41414141414142,19.19191919191919,0.646209785635335,20.86253943353463,4.009900197209212
42.42424242424243,19.19191919191919,0.5124205508440518,36.66789623329542,4.571721420629104
43.43434343434344,19.19191919191919,0.5525093721997234,20.50664379981082,4.040608728010534
44.44444444444445,19.19191919191919,0.7152623007508675,19.40566817058231,3.995887358113136
45.45454545454546,19.19191919191919,0.2316658949570527,5.710278183666166,4.234619802570021
46.46464646464647,19.19191919191919,0.47966438035266445,28.10544921142773,4.408129735376065
47.47474747474748,19.19191919191919,0.914076094509508,27.82631343234872,3.802349718585004
48.48484848484848,19.19191919191919,1.0186509075689,18.83009853713304,5.141394639773291
49.49494949494949,19.19191919191919,0.8395558051055176,21.36144203704931,3.793859538506882
50.50505050505051,19.19191919191919,0.7565009425809742,32.07907188995135,4.348316868663174
51.51515151515152,19.19191919191919,1.010227358609529,11.71830864615288,3.563919375861642
52.52525252525253,19.19191919191919,0.97709996572253,17.42325642134306,4.93191123926526
53.53535353535354,19.19191919191919,1.4774809592875728,9.859617846168314,3.671965128603836
54.54545454545455,19.19191919191919,0.6557232990110163,26.08886904642427,4.67883502491178
55.55555555555556,19.19191919191919,0.395592939975723,31.38000203668145,4.659685085453428
56.56565656565657,19.19191919191919,0.6039450167838301,25.40245874174288,5.360117076148958
57.57575757575758,19.19191919191919,0.7232917353690798,35.56277233728607,5.16709807863503
58.58585858585859,19.19191919191919,1.6685464689691074,11.10808268629631,6.075360211684255
59.5959595959596,19.19191919191919,1.407560903352352,24.8801763715306,3.837595990944331
60.60606060606061,19.19191919191919,0.97233404065019,37.80787792180159,5.206820951980407
61.61616161616162,19.19191919191919,0.9823232498369013,27.82881674151689,3.853789408533018
62.62626262626263,19.19191919191919,0.7942830810624892,23.40253913727294,4.914791026391913
63.63636363636364,19.19191919191919,0.621573868847908,18.00369638391632,3.981071343683112
64.64646464646465,19.19191919191919,0.46482396009466465,18.87353975412372,4.259563360060004
65.65656565656566,19.19191919191919,0.5855685047355756,8.711896664792615,4.962807971284581
66.66666666666667,19.19191919191919,0.3398979257486836,14.50748043578137,5.305344299943358
67.67676767676768,19.19191919191919,1.1703264244798182,9.839774418157385,5.086075242256437
68.68686868686869,19.19191919191919,1.4681240117402732,18.81338975807693,3.422038618384247
69.6969696969697,19.19191919191919,0.8187405107562774,20.37082130780196,4.634378594379829
70.70707070707071,19.19191919191919,0.7492798859541366,16.50593744887813,3.616726036141484
71.71717171717172,19.19191919191919,0.9272406122913301,19.51574715346471,4.665100244821677
72.72727272727273,19.19191919191919,0.6838894574675379,35.97401433252137,5.383050708326627
73.73737373737374,19.19191919191919,1.1685255856147347,23.88915128937571,3.831061042612095
74.74747474747475,19.19191919191919,2.001281527576388,21.01893855013721,6.15233964216715
75.75757575757576,19.19191919191919,0.7106124145480439,24.3087168485609,4.272814261410159
76.76767676767678,19.19191919191919,0.38748511124615015,29.07376670575141,4.246969725059584
77.77777777777779,19.19191919191919,1.101037326114763,19.9838735871002,4.612870614007285
78.7878787878788,19.19191919191919,1.3602008966302037,22.0155164733621,3.319102482695397
79.7979797979798,19.19191919191919,0.4532169947051271,20.74238599288599,4.52233539081876
80.80808080808082,19.19191919191919,0.5183109318512934,21.6815563710011,4.387878843297431
81.81818181818183,19.19191919191919,0.33100172478750367,28.08912551923887,5.168651469623335
82.82828282828284,19.19191919191919,0.5058385061142999,13.49422613963814,5.013535591498579
83.83838383838385,19.19191919191919,0.6818763519159206,24.61922367842842,4.761252476354106
84.84848484848486,19.19191919191919,1.0709816090539213,38.33768273845853,3.451644340080678
85.85858585858587,19.19191919191919,0.7863946122507695,13.66408384800179,4.979793198475752
86.86868686868688,19.19191919191919,0.19877005215591526,22.73260794617988,4.476823694319018
87.87878787878789,19.19191919191919,0.6897174331849865,32.75322433368483,4.504590335883838
88.8888888888889,19.19191919191919,0.912476535435052,21.97764395776687,3.778215021467001
89.89898989898991,19.19191919191919,0.6174498820615284,18.83768605006533,3.765234884985557
90.90909090909092,19.19191919191919,1.0845735494124769,25.8302243779553,4.725735538556973
91.91919191919193,19.19191919191919,1.1694194000865616,14.3981686389757,5.418429024528036
92.92929292929294,19.19191919191919,1.4900048761630562,30.91207989527954,3.964658702215386
93.93939393939395,19.19191919191919,2.0117904889477733,16.91273462571339,6.207456336567025
94.94949494949496,19.19191919191919,1.0123406352341098,17.24124066072007,4.214948995549555
95.95959595959597,19.19191919191919,0.5989874843235081,26.92135431374496,5.346409122140374
96.96969696969697,19.19191919191919,0.5980683237542592,29.12187266708073,5.255182585272227
97.97979797979798,19.19191919191919,0.63862114551686,24.15630246573105,4.342072220348935
98.98989898989899,19.19191919191919,0.2541469629463291,36.06394335406178,4.315643208920903
100.0,19.19191919191919,0.6204774608335377,18.32980229153662,4.483702162440967
0.0,20.2020202020202,0.44508678424109255,23.11791350281996,4.201394324508498
1.01010101010101,20.2020202020202,0.19783180650258003,33.68737328014725,4.280790309616746
2.02020202020202,20.2020202020202,0.4898949774970227,21.66562713884739,3.984167273061685
3.03030303030303,20.2020202020202,0.4379062540415334,7.517503769543762,4.415145170651277
4.040404040404041,20.2020202020202,0.8361765900782606,22.35631698998669,3.737159824773329
5.050505050505051,20.2020202020202,0.745291614422124,14.06416831790829,5.046797077878066
6.060606060606061,20.2020202020202,0.39717822717087503,24.23102799020662,4.80066038746414
7.070707070707071,20.2020202020202,0.4717436969842176,15.92735128961827,4.603959123581525
8.080808080808081,20.2020202020202,0.3025940443355317,16.48262570950966,3.988404212864799
9.090909090909092,20.2020202020202,0.43685304813291825,31.2587263400459,4.370303576206154
10.1010101010101,20.2020202020202,0.7615641330300775,19.94624132512799,4.837673800364641
11.11111111111111,20.2020202020202,1.4546424854303601,26.97891464747956,3.387206832700581
12.12121212121212,20.2020202020202,1.538722864891385,1.061511456337882,5.935184614100539
13.13131313131313,20.2020202020202,1.7128933200229413,20.27791051880627,4.102710500975729
14.14141414141414,20.2020202020202,2.584370574232935,25.6147684321711,6.159210279263046
15.15151515151515,20.2020202020202,1.6223262643526641,19.78607090743411,4.935431657767011
16.16161616161616,20.2020202020202,1.8484775404686786,22.09234025817672,3.099031343261752
17.17171717171717,20.2020202020202,1.4001957503832552,19.07556588286693,4.305015006552226
18.18181818181818,20.2020202020202,0.91667714345399,17.11312718562743,4.473285736701588
19.19191919191919,20.2020202020202,0.19448212193184578,20.3832386805995,4.532907408446368
20.2020202020202,20.2020202020202,0.5105056093853084,23.05417903671821,4.650514314333028
21.21212121212121,20.2020202020202,1.356424562322333,15.14869050449669,5.48876874095279
22.22222222222222,20.2020202020202,1.367849805459957,23.23308072877173,3.351766763370812
23.23232323232324,20.2020202020202,1.0171777481287902,27.3529057632165,4.014674789271282
24.24242424242424,20.2020202020202,0.7605420485366099,31.28029664258057,3.753408772195835
25.25252525252525,20.2020202020202,0.7420883491308515,17.54833640769238,4.542860624712879
26.26262626262626,20.2020202020202,0.33725629560280734,15.51604866082846,4.316816061507334
27.27272727272727,20.2020202020202,1.1536662537441753,27.27970978013828,5.156262832122517
28.28282828282828,20.2020202020202,0.8791828117855398,27.61606546569385,3.875422440825847
29.29292929292929,20.2020202020202,0.3911150570134153,33.2016323990392,4.653923301571425
30.3030303030303,20.2020202020202,0.5285135211963408,22.84759654997137,4.05567721574242
31.31313131313131,20.2020202020202,0.8461672225164767,16.053227895007,5.235490810523933
32.32323232323233,20.2020202020202,0.46312996749785484,17.86221669627367,4.807694333103692
33.33333333333334,20.2020202020202,0.6974845949776782,25.77968281383283,5.198213588725486
34.34343434343435,20.2020202020202,1.18083229418613,17.73543408936699,3.841600807788228
35.35353535353536,20.2020202020202,0.7332516981696857,26.08005747788665,4.840429147195006
36.36363636363637,20.2020202020202,0.37219893118588754,22.63307104733908,4.569250800938932
37.37373737373738,20.2020202020202,0.26151199709484363,16.88554966771399,4.77442775896314
38.38383838383839,20.2020202020202,0.3255323094502699,9.634277285998923,4.428542563989407
39.3939393939394,20.2020202020202,0.3753880550499009,33.07111086330833,3.976920355852671
40.40404040404041,20.2020202020202,0.586417816650697,32.01774442599739,4.453243127740786
41.41414141414142,20.2020202020202,0.422857450401823,22.36066007736928,4.299841259305941
42.42424242424243,20.2020202020202,0.5323221509222302,11.91773540640361,4.985363113178401
43.43434343434344,20.2020202020202,0.5592930659284454,14.91693453565751,4.789845730730812
44.44444444444445,20.2020202020202,2.120275336836018,21.87656890312628,5.815193978594973
45.45454545454546,20.2020202020202,1.106102910326824,7.754830238358966,4.308371485209013
46.46464646464647,20.2020202020202,1.1736052810370299,34.76104247501006,3.37090034989646
47.47474747474748,20.2020202020202,0.9252934389697707,25.53292181772076,3.978588314214807
48.48484848484848,20.2020202020202,1.247882417574813,20.66397429906214,4.2744343762343
49.49494949494949,20.2020202020202,0.977876431966773,32.48323279713831,3.53375308726528
50.50505050505051,20.2020202020202,1.010609750960001,18.13936018583126,5.431136567088243
51.51515151515152,20.2020202020202,0.5139932678541003,18.87191077948132,4.553105084459939
52.52525252525253,20.2020202020202,0.6288256259230065,17.11942104469957,4.392594381281982
53.53535353535354,20.2020202020202,1.0757166817844617,11.83494235411581,5.265467681830596
54.54545454545455,20.2020202020202,0.8992627327741962,25.19857554212834,3.908737755005887
55.55555555555556,20.2020202020202,0.5269121327911027,22.14641655231766,4.996419896139616
56.56565656565657,20.2020202020202,0.4701744358682516,33.69035103519101,4.464960256851291
57.57575757575758,20.2020202020202,0.37164796194974237,13.54153977202371,4.301972687123531
58.58585858585859,20.2020202020202,1.1374681925545678,14.01078261285726,3.987918414844267
59.5959595959596,20.2020202020202,0.8060250463236598,28.57414045430236,4.889474197701345
60.60606060606061,20.2020202020202,0.8062948566889019,32.90208571130723,4.975102810713629
61.61616161616162,20.2020202020202,0.8290643753917637,27.01315077400211,3.645666238860095
62.62626262626263,20.2020202020202,0.8882411550567665,22.47363638731744,3.976400972012372
63.63636363636364,20.2020202020202,0.41843234596236645,24.01591326348436,4.730746004352035
64.64646464646465,20.2020202020202,0.40254369538764245,13.99657237315304,4.895022119472842
65.65656565656566,20.2020202020202,0.7172465623176283,17.72737187247934,4.593228870934569
66.66666666666667,20.2020202020202,1.5906243068429256,18.69884508134728,6.100218429031792
67.67676767676768,20.2020202020202,1.6879371502766058,16.95817792704971,3.470785876605995
68.68686868686869,20.2020202020202,0.942548926407051,24.49810010981435,4.612162143979496
69.6969696969697,20.2020202020202,0.7858775155585221,17.86459589407135,3.801679376534254
70.70707070707071,20.2020202020202,0.36287750398944885,17.87625781496808,3.7870130074266
71.71717171717172,20.2020202020202,1.4584529267559336,25.3525679179174,3.426596029327682
72.72727272727273,20.2020202020202,0.9157396876768739,26.69303052962361,5.362576723882392
73.73737373737374,20.2020202020202,0.5748672082846812,8.467816636008394,4.217325729820063
74.74747474747475,20.2020202020202,0.8228908329658828,21.84374459404553,3.795639458903187
75.75757575757576,20.2020202020202,0.6251440395088375,16.78760802442675,3.959810141456555
76.76767676767678,20.2020202020202,0.828873345701008,21.24936434423085,3.349323500605962
77.77777777777779,20.2020202020202,0.6753625667735738,28.85962580135634,3.261121755688715
78.7878787878788,20.2020202020202,1.0761999933228616,26.96569622584975,2.74692513530448
79.7979797979798,20.2020202020202,0.9814507099801925,21.80581989097101,4.257163637724592
80.80808080808082,20.2020202020202,0.8111940570718595,20.31716094841443,4.306435156562578
81.81818181818183,20.2020202020202,0.8166094048489947,20.72917861328488,4.93904428514956
82.82828282828284,20.2020202020202,0.6186493892941646,24.33105428084172,3.85830835380805
83.83838383838385,20.2020202020202,0.5011391150781098,17.38445879763561,3.913274684643701
84.84848484848486,20.2020202020202,0.9477712483767097,19.52280568983361,2.913288242868929
85.85858585858587,20.2020202020202,0.6152879930830866,30.15218405866881,4.260706169577777
86.86868686868688,20.2020202020202,0.5197489835151239,26.54166111963134,4.265743213263804
87.87878787878789,20.2020202020202,1.3100794121106825,25.26685577086511,5.978644657629727
88.8888888888889,20.2020202020202,1.2757624058941919,20.70007267893418,6.307272246997353
89.89898989898991,20.2020202020202,1.0381926799001393,24.90042989362543,4.765675860287701
90.90909090909092,20.2020202020202,1.0139557872792637,24.96270551463988,3.321791944782951
91.91919191919193,20.2020202020202,0.6455894294028802,16.54197710929278,4.393046033220731
92.92929292929294,20.2020202020202,0.8469213588509781,16.77533361163957,4.802288606908064
93.93939393939395,20.2020202020202,1.2078677330971321,17.50321595487355,3.761874871789018
94.94949494949496,20.2020202020202,0.39545710796980005,15.12652302131753,3.921935282553267
95.95959595959597,20.2020202020202,0.7787524698360216,11.98603887349742,4.468495515988749
96.96969696969697,20.2020202020202,0.7349620191422277,25.44008308297734,5.564499112528636
97.97979797979798,20.2020202020202,0.5285297013937369,27.70002488973381,5.36184873104864
98.98989898989899,20.2020202020202,0.40656183962171655,27.3180978751456,4.483492885687427
100.0,20.2020202020202,0.11554039407528223,9.613947061440184,4.56569972184558
0.0,21.21212121212121,0.5952232379977671,20.27535452629052,4.86859144389063
1.01010101010101,21.21212121212121,0.513877132562748,22.10989458390382,4.012040978070361
2.02020202020202,21.21212121212121,0.4642344906934115,19.76357134138441,4.471118788873136
3.03030303030303,21.21212121212121,0.5396071104838277,35.60707382291096,4.11245084423212
4.040404040404041,21.21212121212121,1.1484758999857272,35.80643089039765,3.586041770943172
5.050505050505051,21.21212121212121,1.3630908554152499,20.87079107981369,5.59758869640965
6.060606060606061,21.21212121212121,1.1891826972353154,26.27533282692382,3.776266985684985
7.070707070707071,21.21212121212121,0.5339892106345534,22.57384189308084,4.666980225136671
8.080808080808081,21.21212121212121,0.48465369460792573,22.56339988885372,3.840817837714221
9.090909090909092,21.21212121212121,0.38043361974093115,29.88701057599773,4.347210942176871
10.1010101010101,21.21212121212121,0.41241736940718154,19.14478115087677,4.981964598049962
11.11111111111111,21.21212121212121,0.50449578466656,25.02513779903548,4.131338951282374
12.12121212121212,21.21212121212121,1.8818351297602143,19.41328174479315,4.527028969958289
13.13131313131313,21.21212121212121,1.4697598239011684,23.77819705873319,1.537597190133634
14.14141414141414,21.21212121212121,1.2598545556755458,12.08902745294703,1.482573802611943
15.15151515151515,21.21212121212121,1.104964072851856,17.54724455712577,1.531490185052595
16.16161616161616,21.21212121212121,1.1131075450516388,10.99352907452653,0.648887924194968
17.17171717171717,21.21212121212121,0.9544742242989405,14.31958317665726,1.056262516369196
18.18181818181818,21.21212121212121,1.6854758648698835,17.95337688886298,1.07883101310162
19.19191919191919,21.21212121212121,1.5364449586474977,29.60837296621779,4.017220626702998
20.2020202020202,21.21212121212121,0.7284974239944775,20.15246702158198,3.915266657078683
21.21212121212121,21.21212121212121,0.9050740739212157,18.93376919822148,5.132430182819707
22.22222222222222,21.21212121212121,1.4614952337102272,27.30583922442166,3.364144696160925
23.23232323232324,21.21212121212121,1.4770042911318482,21.8130054950352,5.766275182177793
24.24242424242424,21.21212121212121,1.0820831720930135,26.30278785391384,5.449593881662173
25.25252525252525,21.21212121212121,0.5193664823503421,15.04199489103141,4.371501721189022
26.26262626262626,21.21212121212121,0.33586826249077506,19.60112189508553,4.394498007588346
27.27272727272727,21.21212121212121,1.0306745625067442,27.42425796837454,3.996144712011349
28.28282828282828,21.21212121212121,0.33751200436306994,30.13007825641979,4.491940860405228
29.29292929292929,21.21212121212121,0.34426783628546875,27.32808441052948,4.625880593164407
30.3030303030303,21.21212121212121,0.21597081592536282,24.61865802854292,4.334227967817006
31.31313131313131,21.21212121212121,0.7719185158999038,22.66668386790419,4.049684209837292
32.32323232323233,21.21212121212121,0.6311753613935904,26.28168489037544,4.995339921630363
33.33333333333334,21.21212121212121,0.7361369680664603,19.8048520680577,4.422921221037449
34.34343434343435,21.21212121212121,1.058406327443316,20.54892267041407,5.455872436905049
35.35353535353536,21.21212121212121,1.5888673609233965,29.5939819411212,6.238483734855834
36.36363636363637,21.21212121212121,0.8588993495128108,25.11748029720492,4.308668521153213
37.37373737373738,21.21212121212121,0.2237684725755127,11.41108286596525,4.756254124583856
38.38383838383839,21.21212121212121,0.4392560589132186,25.36808798839021,4.867172717968286
39.3939393939394,21.21212121212121,0.4381330262252643,18.43304739613835,3.829177354967359
40.40404040404041,21.21212121212121,0.7760868567353039,17.72222509137691,3.634281275777749
41.41414141414142,21.21212121212121,0.812436965148022,27.12986375795403,4.862406276509199
42.42424242424243,21.21212121212121,0.871317323999637,30.87872753821542,4.150755438358827
43.43434343434344,21.21212121212121,1.6762347169306868,22.53434688664974,4.522776100049058
44.44444444444445,21.21212121212121,1.9699756007733786,24.7395693757516,1.685569992982858
45.45454545454546,21.21212121212121,1.2281893403389412,13.10752746829357,2.402005155239221
46.46464646464647,21.21212121212121,0.9900456767602803,17.97946100280911,1.258867710858845
47.47474747474748,21.21212121212121,0.8759603452121209,25.04296136291684,1.357187180303367
48.48484848484848,21.21212121212121,1.4112531080692874,17.96502431596348,1.186392320462551
49.49494949494949,21.21212121212121,1.5313634391959594,18.47084212105486,2.520418579431774
50.50505050505051,21.21212121212121,1.8563637631308054,8.360091854599045,5.246932224124577
51.51515151515152,21.21212121212121,0.6323758332566903,30.67443389016297,4.524859907448096
52.52525252525253,21.21212121212121,0.5762228566653422,20.28971352021578,5.335196023264158
53.53535353535354,21.21212121212121,0.8222393082618658,22.83960589955834,5.74522862836836
54.54545454545455,21.21212121212121,0.7818958031103173,16.39346979465517,4.291279348238342
55.55555555555556,21.21212121212121,0.38790281257147985,18.53175318343654,4.844647956083448
56.56565656565657,21.21212121212121,0.408963682356833,14.69058097288894,4.173866541692037
57.57575757575758,21.21212121212121,0.4956843937160835,10.71534864904923,4.446397301403977
58.58585858585859,21.21212121212121,1.4706671108227254,23.54994561254191,5.234739333086209
59.5959595959596,21.21212121212121,0.8105957200866449,7.517054344724309,3.704436615033082
60.60606060606061,21.21212121212121,1.2605560277375978,20.22923247148178,3.396706710090618
61.61616161616162,21.21212121212121,1.0708367619500974,24.59422189313092,5.093629265748416
62.62626262626263,21.21212121212121,0.7766809559173133,20.67312764549063,5.505895772367957
63.63636363636364,21.21212121212121,0.4101686341952204,25.52101868029443,4.736179580072108
64.64646464646465,21.21212121212121,0.5788636627937829,27.07944551708394,4.386375460994191
65.65656565656566,21.21212121212121,0.796211690819856,19.74810402144974,5.283853213219572
66.66666666666667,21.21212121212121,0.6134066602537742,14.84514885485943,4.669017441271545
67.67676767676768,21.21212121212121,0.8424141034651356,17.16833317272975,4.836436292262678
68.68686868686869,21.21212121212121,0.27318470062418077,17.57220830662627,5.240375289193707
69.6969696969697,21.21212121212121,0.754335590444818,31.1463165964169,5.287341084369872
70.70707070707071,21.21212121212121,0.8019223968954287,19.63484489071589,4.693152704892707
71.71717171717172,21.21212121212121,1.5425349853028538,22.61119243750601,5.725505848203793
72.72727272727273,21.21212121212121,0.7846309803272586,17.0233151519054,4.80132364623617
73.73737373737374,21.21212121212121,0.41450412442676376,22.45894524946224,3.871058848868511
74.74747474747475,21.21212121212121,1.0318197834066223,24.66478409836875,4.144645654032511
75.75757575757576,21.21212121212121,2.6512520739654555,24.72678480295023,5.37272485613434
76.76767676767678,21.21212121212121,1.6750988134313012,6.008455566655162,1.630164728023392
77.77777777777779,21.21212121212121,1.1233088654626733,12.59379796310754,2.513818712214472
78.7878787878788,21.21212121212121,1.3250054740223298,11.71034217171182,1.038737632208296
79.7979797979798,21.21212121212121,1.0238506178648157,12.53825567769241,2.156042572156087
80.80808080808082,21.21212121212121,1.2958969203516415,22.62472638511848,1.824983262434961
81.81818181818183,21.21212121212121,1.1434427577582191,27.79526459811283,3.615558910155849
82.82828282828284,21.21212121212121,0.4230484890991293,26.88775491088487,3.674640296499082
83.83838383838385,21.21212121212121,0.1626456977320423,17.34491115154337,4.014900580635312
84.84848484848486,21.21212121212121,0.6303327655533872,19.29570326493043,3.818612770680399
85.85858585858587,21.21212121212121,0.5058121837555619,24.44786010958611,4.650316142617273
86.86868686868688,21.21212121212121,0.34473592669995345,12.81076817252366,4.115766248310472
87.87878787878789,21.21212121212121,1.1436184601925654,30.08967618211515,4.253910364666434
88.8888888888889,21.21212121212121,0.8883794879653586,26.16666762373074,5.603503825028214
89.89898989898991,21.21212121212121,0.8796116237421067,16.45320681615588,4.932525302371713
90.90909090909092,21.21212121212121,1.0596324119443654,21.33405707381404,3.458533496183455
91.91919191919193,21.21212121212121,0.8008818295340218,28.21295141882559,4.469524097399834
92.92929292929294,21.21212121212121,1.0994671972980192,7.33871416253376,5.902687828812919
93.93939393939395,21.21212121212121,0.7048514956062427,19.6729067632972,4.947290193516245
94.94949494949496,21.21212121212121,0.4778151166296297,13.83362904804658,4.504129357236447
95.95959595959597,21.21212121212121,0.7531165265977509,26.5778174400948,5.063027959205843
96.96969696969697,21.21212121212121,0.9215623321642945,41.78589704208587,4.232621541236017
97.97979797979798,21.21212121212121,0.7149843733339125,26.56186163513632,5.348512663014605
98.98989898989899,21.21212121212121,0.8864186325406103,12.83010517769176,3.98565788548645
100.0,21.21212121212121,0.46124765900017817,28.98688454706747,4.383282935182499
0.0,22.22222222222222,0.8262151063729584,25.81366066951657,4.60666931509973
1.01010101010101,22.22222222222222,0.5256168052725649,18.2599874433773,3.540910055988798
2.02020202020202,22.22222222222222,0.5518928021542753,15.1254603901233,3.918878097354733
3.03030303030303,22.22222222222222,0.6594506995128594,19.13803968846719,5.083107941818309
4.040404040404041,22.22222222222222,0.9205390014421776,23.00326519866324,5.490871318300498
5.050505050505051,22.22222222222222,0.9225612170210724,28.06878627483139,4.528885529471378
6.060606060606061,22.22222222222222,0.6071703205500298,15.55349282026159,4.796569422670741
7.070707070707071,22.22222222222222,0.23799210242012414,30.4151672249232,4.310920111027738
8.080808080808081,22.22222222222222,0.48646162416007066,30.88026116476266,4.299290749110246
9.090909090909092,22.22222222222222,0.5683085273697455,14.6799629538758,3.98971585757817
10.1010101010101,22.22222222222222,0.7015058667919349,17.00718961192617,4.961965220747236
11.11111111111111,22.22222222222222,1.562576387677815,25.20197271472144,4.158874305923318
12.12121212121212,22.22222222222222,1.4359154247531483,15.48804125537063,1.792965893560252
13.13131313131313,22.22222222222222,0.09453516548490148,24.99956428046072,1.807068007549866
14.14141414141414,22.22222222222222,0.23723533961810855,19.83386706488679,1.74141577870068
15.15151515151515,22.22222222222222,0.17489519088747407,20.74573630361314,1.447094009657866
16.16161616161616,22.22222222222222,0.4712004675982142,10.8498585743744,1.361197832302884
17.17171717171717,22.22222222222222,0.4355600967638673,7.978765185106631,0.9170611982631167
18.18181818181818,22.22222222222222,0.2549650284754931,3.892486885692836,1.465321638647385
19.19191919191919,22.22222222222222,1.5248661636429968,9.689006070705686,1.42747115708207
20.2020202020202,22.22222222222222,1.9260805046057383,25.42785966087503,4.774891200436908
21.21212121212121,22.22222222222222,0.19799914054196988,24.25165483672924,4.853921457667734
22.22222222222222,22.22222222222222,0.7463075976103426,22.77892047102696,5.02733172553607
23.23232323232324,22.22222222222222,0.7288489241767315,26.56934196947703,4.3286701970894
24.24242424242424,22.22222222222222,0.8214396168842306,16.28699812947724,4.212219763745227
25.25252525252525,22.22222222222222,0.6464138117757088,27.1162395878732,5.176520300194057
26.26262626262626,22.22222222222222,0.6278697034721143,9.05634538739056,5.238939529494112
27.27272727272727,22.22222222222222,1.618632784775147,27.76039724154236,6.064575397956282
28.28282828282828,22.22222222222222,0.7972258263090309,14.67080952085633,4.595734577125069
29.29292929292929,22.22222222222222,1.0965527045415426,16.85544069565107,5.549316871792684
30.3030303030303,22.22222222222222,0.6710218252783229,24.95745907189791,4.343364096116756
31.31313131313131,22.22222222222222,0.48955527804357457,13.38967598613223,4.72135220297748
32.32323232323233,22.22222222222222,0.5446640744370671,12.48643136700365,4.176358476968656
33.33333333333334,22.22222222222222,0.9951774591141749,25.78500186757863,3.859035632920158
34.34343434343435,22.22222222222222,1.9377586570652348,8.307986653239041,6.259663603743107
35.35353535353536,22.22222222222222,1.6341776508734522,24.10329966802703,3.993495390476484
36.36363636363637,22.22222222222222,0.6905312490341061,26.71833468165026,5.106282822285472
37.37373737373738,22.22222222222222,0.6147250662987482,12.08133059555989,4.437858065476162
38.38383838383839,22.22222222222222,0.344800108870593,32.99379500013593,4.697692592679646
39.3939393939394,22.22222222222222,0.47530849866659586,35.59908913922759,4.201075016792568
40.40404040404041,22.22222222222222,0.7440309141981735,19.10379427666259,4.496645770834869
41.41414141414142,22.22222222222222,0.7484463060752258,9.724068949588773,4.11499927200219
42.42424242424243,22.22222222222222,3.0692869074689795,24.11461020526275,5.717745559697197
43.43434343434344,22.22222222222222,2.3416870803812637,18.32542677124557,1.294133631764497
44.44444444444445,22.22222222222222,0.5082284292639391,17.03363544113711,1.882207141141694
45.45454545454546,22.22222222222222,0.6068153114867338,13.00654042313034,1.255186730489987
46.46464646464647,22.22222222222222,0.5876930653607803,2.266212112488742,0.6521745566802367
47.47474747474748,22.22222222222222,0.787345871183054,9.645730817946731,0.7438612626516619
48.48484848484848,22.22222222222222,0.9787937840502767,0.699024795635791,2.238541578157913
49.49494949494949,22.22222222222222,0.4845808974532968,13.38583612826137,1.468839234143468
50.50505050505051,22.22222222222222,1.7449726374772627,25.41461295860315,1.454267475934305
51.51515151515152,22.22222222222222,1.7103025507761331,23.42914393794048,3.55601018392572
52.52525252525253,22.22222222222222,1.5146986708654304,14.50051211417273,5.19327495950523
53.53535353535354,22.22222222222222,0.7280152999157548,30.90613607115628,4.800014227092881
54.54545454545455,22.22222222222222,0.9249461060564692,14.98593672123235,3.553555617004652
55.55555555555556,22.22222222222222,0.6718814945676588,35.77151132406598,4.668958668090214
56.56565656565657,22.22222222222222,0.9330938312372798,22.84867141711469,3.772417701527309
57.57575757575758,22.22222222222222,1.4307855982873339,31.21850899156403,5.223837470593693
58.58585858585859,22.22222222222222,2.3624472103814513,17.81532470846849,2.917536557772608
59.5959595959596,22.22222222222222,0.6818795572194986,25.96053083951364,3.923749289715808
60.60606060606061,22.22222222222222,0.9584003334394364,22.42745399890639,4.855882259817735
61.61616161616162,22.22222222222222,0.9251815748590166,15.91633430766975,4.367434307113687
62.62626262626263,22.22222222222222,0.34530556724522055,31.55365101836005,5.110649447969679
63.63636363636364,22.22222222222222,0.3010487984305148,25.21868570446227,5.251900229759151
64.64646464646465,22.22222222222222,0.5514610493492207,19.36193390030844,4.945901582387375
65.65656565656566,22.22222222222222,1.6276120426410505,23.80027183385453,6.265762110040584
66.66666666666667,22.22222222222222,1.0067078207310292,17.91953462311021,4.428846410955856
67.67676767676768,22.22222222222222,1.6167690099383263,12.53495520201389,6.269084442544375
68.68686868686869,22.22222222222222,0.4789440018520774,21.94951549025358,5.253996154369026
69.6969696969697,22.22222222222222,0.7751888721318092,17.93042104648284,4.396814605079546
70.70707070707071,22.22222222222222,0.8443063429198687,14.64883516353625,5.368161072220065
71.71717171717172,22.22222222222222,1.1101786469455945,20.61869342603698,3.810811071147196
72.72727272727273,22.22222222222222,0.3622189002291434,24.01034024798307,4.078499801908639
73.73737373737374,22.22222222222222,1.0153498205385643,26.10776574517292,3.763160834644667
74.74747474747475,22.22222222222222,1.3877850293963627,7.047547896166869,1.868038722801176
75.75757575757576,22.22222222222222,1.384346665592163,14.52777485011399,1.151270605163079
76.76767676767678,22.22222222222222,0.35419786895938155,15.54376582106361,1.275142359182786
77.77777777777779,22.22222222222222,0.693458094515266,17.97564088760906,1.126621358035278
78.7878787878788,22.22222222222222,0.6168573251833197,17.07084990415708,2.038186005247464
79.7979797979798,22.22222222222222,0.47683815005824776,7.718017736717607,1.610125415934246
80.80808080808082,22.22222222222222,0.6986372720123188,18.90955381997194,2.405484092271896
81.81818181818183,22.22222222222222,1.2078374169846304,8.568313770010281,2.214930288180804
82.82828282828284,22.22222222222222,1.7845587031100454,31.60963323737269,4.783824525107168
83.83838383838385,22.22222222222222,0.9599931367207352,33.05518999219041,4.002491779789898
84.84848484848486,22.22222222222222,0.5119087068519367,27.59982307910973,4.406628123190691
85.85858585858587,22.22222222222222,0.6847059538565252,28.75755402409217,4.91770163835635
86.86868686868688,22.22222222222222,0.7446191189568128,21.04587570362028,4.672038979494193
87.87878787878789,22.22222222222222,1.0476411096045355,24.15986270669243,5.615912335755662
88.8888888888889,22.22222222222222,0.6923864160092905,14.29693227509981,4.774326278154199
89.89898989898991,22.22222222222222,1.3098019215947183,18.9550695868236,3.725898578332056
90.90909090909092,22.22222222222222,0.921414336024018,22.52278541071627,5.075339185155776
91.91919191919193,22.22222222222222,0.37826817722856987,31.12027758868397,5.152419018727354
92.92929292929294,22.22222222222222,0.5002441492354768,26.83007044648129,4.993779628235456
93.93939393939395,22.22222222222222,0.3044890285372104,20.86458493966362,4.711858004394974
94.94949494949496,22.22222222222222,0.5113483126125689,17.69270947237225,4.831136310822592
95.95959595959597,22.22222222222222,0.78364649536523,17.50983919006058,4.034399315971154
96.96969696969697,22.22222222222222,0.7414444087918612,24.10319949003017,3.824547323619872
97.97979797979798,22.22222222222222,0.4838991472386893,27.69529625626362,4.980657137019733
98.98989898989899,22.22222222222222,0.9448368850307568,20.90176482562249,5.27301758822371
100.0,22.22222222222222,0.3783615796603896,19.59406226973954,5.186984075823903
0.0,23.23232323232324,1.0085013839949868,17.13293353216096,3.455705383882688
1.01010101010101,23.23232323232324,0.5123933050826938,29.68617006205569,3.728519054520626
2.02020202020202,23.23232323232324,0.5023850818607756,23.57235733600585,4.03201072862392
3.03030303030303,23.23232323232324,0.5740222253163635,16.82861965738458,4.987955462298825
4.040404040404041,23.23232323232324,0.8069265851518,19.64707787510974,5.083294025200424
5.050505050505051,23.23232323232324,1.3973748119740406,25.30979186314552,5.920757548588911
6.060606060606061,23.23232323232324,0.941209000368795,12.99916658890065,4.141523782298743
7.070707070707071,23.23232323232324,0.5074673838430734,18.2329765885059,4.212290489016669
8.080808080808081,23.23232323232324,1.1874880242444272,30.933754349021,5.465460080904935
9.090909090909092,23.23232323232324,0.8321124707439929,36.2308483404621,4.62363062775731
10.1010101010101,23.23232323232324,1.814483804545084,17.04897687169614,3.951281408875206
11.11111111111111,23.23232323232324,1.556364807488217,18.41518295035845,1.105103437039985
12.12121212121212,23.23232323232324,0.39164331837867994,20.3938545651995,1.163377797298376
13.13131313131313,23.23232323232324,0.4184391759395533,12.35870272534327,1.83598350923444
14.14141414141414,23.23232323232324,0.29983347214977657,18.57156579082353,1.411290394208983
15.15151515151515,23.23232323232324,0.5100251481637703,15.66581756791886,1.682060651415237
16.16161616161616,23.23232323232324,0.687254020405251,19.43520861531181,0.7187386814126923
17.17171717171717,23.23232323232324,0.5137137336334667,8.32298971822769,1.527703192788471
18.18181818181818,23.23232323232324,0.20093180925503956,21.32356090835365,1.418063072240761
19.19191919191919,23.23232323232324,0.15986707326808647,5.867992930458837,1.303026497051165
20.2020202020202,23.23232323232324,1.8400583876179604,17.13176756088513,1.356644025957844
21.21212121212121,23.23232323232324,2.030996820193459,19.56924113772637,5.114968769584478
22.22222222222222,23.23232323232324,1.0192480377751578,18.07889691388798,4.57736016078485
23.23232323232324,23.23232323232324,0.375089332844293,21.41556901735769,4.99134894691709
24.24242424242424,23.23232323232324,0.6266068124158191,15.75702515189354,5.179853143572202
25.25252525252525,23.23232323232324,0.40654331415505296,14.20356147058859,4.422603397845142
26.26262626262626,23.23232323232324,0.9146029710821026,29.09005062541801,4.459957335273645
27.27272727272727,23.23232323232324,0.850487853013488,18.60439900887328,3.952951634094009
28.28282828282828,23.23232323232324,0.5429041956430118,18.0585049774324,3.933048104107614
29.29292929292929,23.23232323232324,1.218781386729419,26.67503591977877,4.246077402598336
30.3030303030303,23.23232323232324,1.0781834863241675,28.10269273820589,3.252353805839866
31.31313131313131,23.23232323232324,0.4913961028814928,24.01204920871176,4.357780916812917
32.32323232323233,23.23232323232324,0.3303584437715832,36.13163959696006,4.673716759997896
33.33333333333334,23.23232323232324,0.8406574389631639,30.35386571349213,4.557909066388119
34.34343434343435,23.23232323232324,1.144520101162775,31.74010500987563,3.979216326409797
35.35353535353536,23.23232323232324,0.47590291934931594,20.62770691352462,4.906262004515332
36.36363636363637,23.23232323232324,0.42100055865394936,20.9170194213994,4.922984315899605
37.37373737373738,23.23232323232324,1.0300570950331893,14.70648556915889,5.650102987550666
38.38383838383839,23.23232323232324,0.7789569725370465,24.2759166710989,4.244424385576476
39.3939393939394,23.23232323232324,0.6858733276502369,20.26851321936223,3.463927013880772
40.40404040404041,23.23232323232324,1.378664661634367,17.78282232381594,3.060103861974275
41.41414141414142,23.23232323232324,2.036734399658921,28.48838915696766,4.376984705268398
42.42424242424243,23.23232323232324,2.522069656813118,18.85606138495616,1.033946266787357
43.43434343434344,23.23232323232324,0.9746815628574524,11.46486145180918,2.420554047695094
44.44444444444445,23.23232323232324,0.49164323232033263,12.38743997471151,1.261024492273678
45.45454545454546,23.23232323232324,0.2400424228572085,25.76088656042061,1.305596967226231
46.46464646464647,23.23232323232324,0.4081770412785381,9.661217453715972,1.701554784163574
47.47474747474748,23.23232323232324,0.38146730754068553,13.6059877148941,1.693551808254496
48.48484848484848,23.23232323232324,0.2524161424994568,17.64524808189258,1.639898359172865
49.49494949494949,23.23232323232324,0.36471691311270255,19.84894892554593,1.571309376444741
50.50505050505051,23.23232323232324,0.952447394182036,12.44337369031993,2.525178811452506
51.51515151515152,23.23232323232324,0.9528754996473986,8.384851374864098,1.422657187914489
52.52525252525253,23.23232323232324,2.1429603696939634,12.15107808252101,1.306926847794295
53.53535353535354,23.23232323232324,1.796622347001442,28.4225170872543,5.127141682979844
54.54545454545455,23.23232323232324,0.44166648582636214,18.6562881671002,4.153754648823048
55.55555555555556,23.23232323232324,0.31772770064720257,34.09404062428803,4.16906599546128
56.56565656565657,23.23232323232324,0.5762130778132479,21.20884869662063,4.755383450682411
57.57575757575758,23.23232323232324,1.2124260600562573,27.78580213442998,4.035855928521545
58.58585858585859,23.23232323232324,2.4823644980799715,28.44349739508257,6.737608979220527
59.5959595959596,23.23232323232324,1.1988819911803796,20.68415574782286,4.493609141865949
60.60606060606061,23.23232323232324,0.7717788759674711,22.87492815919679,5.809727121042389
61.61616161616162,23.23232323232324,1.2827543974053748,22.23191038959766,6.110302554354984
62.62626262626263,23.23232323232324,0.6757830162952113,32.55454580800878,5.212159469906818
63.63636363636364,23.23232323232324,0.5792954128426238,19.45197782473323,5.493125344632918
64.64646464646465,23.23232323232324,0.43606630208497765,25.3205997427056,4.925442681408661
65.65656565656566,23.23232323232324,1.084518428956862,18.47332812199667,3.893999063035331
66.66666666666667,23.23232323232324,0.2945020124500305,18.14709732735163,4.319339889020675
67.67676767676768,23.23232323232324,1.1489201376814908,15.01367268316596,4.089982872836634
68.68686868686869,23.23232323232324,0.5545009290556344,27.12448992408492,5.283881459137188
69.6969696969697,23.23232323232324,0.33889129598036183,26.96120196640651,4.778515597886456
70.70707070707071,23.23232323232324,1.1411022151198782,30.94087769358635,5.194640536081337
71.71717171717172,23.23232323232324,1.253975189677865,20.07199486241494,3.109829992255727
72.72727272727273,23.23232323232324,1.695021378426616,16.26001191572384,4.221523860472266
73.73737373737374,23.23232323232324,1.3884113552833073,11.45940355259409,2.020120645821717
74.74747474747475,23.23232323232324,0.4895537872009333,24.1623166534746,1.205395765928649
75.75757575757576,23.23232323232324,0.335630057305059,9.09687522718071,1.626563144902667
76.76767676767678,23.23232323232324,0.6809591393975836,19.30967810521909,2.064518711012491
77.77777777777779,23.23232323232324,0.47244599803044907,21.75315933546285,1.453170733557454
78.7878787878788,23.23232323232324,0.45529191799080054,8.50985681054356,2.166541696416171
79.7979797979798,23.23232323232324,0.4393325635729185,15.95700467940112,1.748141594294528
80.80808080808082,23.23232323232324,0.5605641587220099,18.34021803068255,1.177348314488297
81.81818181818183,23.23232323232324,0.634946224472748,17.43105866019229,1.543657283234783
82.82828282828284,23.23232323232324,1.14606569568262,19.79181062490313,2.105000923518705
83.83838383838385,23.23232323232324,1.5183139619411155,6.662810149009593,1.360397122470435
84.84848484848486,23.23232323232324,1.5913520961712924,23.35685512132126,3.862218506859689
85.85858585858587,23.23232323232324,1.7231608635451912,24.86157758451219,3.202999492697143
86.86868686868688,23.23232323232324,1.8600022881829732,29.30529781290711,5.904706709014097
87.87878787878789,23.23232323232324,0.6999074257686702,19.91122974402602,4.572809282289681
88.8888888888889,23.23232323232324,0.2590868056462352,25.23885160810254,4.723971918414658
89.89898989898991,23.23232323232324,1.110428039143948,7.615588605612683,5.36061123402541
90.90909090909092,23.23232323232324,0.8383506530675897,27.19149246076308,4.433007970427322
91.91919191919193,23.23232323232324,0.9525266009758445,15.22388361735592,5.746877582250637
92.92929292929294,23.23232323232324,0.32412449256437115,12.15891766733986,5.645287010267519
93.93939393939395,23.23232323232324,0.983740900703902,25.33573641346103,5.293181999154442
94.94949494949496,23.23232323232324,0.847384534639412,21.07415056312933,4.02876531523752
95.95959595959597,23.23232323232324,0.6661468118161029,16.04773341978883,5.133767666994665
96.96969696969697,23.23232323232324,0.3794892577133291,10.97221220626701,5.01628893542003
97.97979797979798,23.23232323232324,0.6474376906641567,33.56733560061198,4.861386338663686
98.98989898989899,23.23232323232324,1.921216000634899,23.42857132634809,3.159423714441726
100.0,23.23232323232324,0.7739463994332456,21.36966941569874,4.941633989883946
0.0,24.24242424242424,0.6489199337357842,20.47162583188842,5.057431934012667
1.01010101010101,24.24242424242424,0.666793577087552,20.12274381599018,5.014177931578341
2.02020202020202,24.24242424242424,0.6040227101309256,8.487907833998138,4.668982017019636
3.03030303030303,24.24242424242424,0.8966941403177316,17.59553118422057,3.838302337129359
4.040404040404041,24.24242424242424,1.1062918932547205,33.83402340047305,3.195967063983384
5.050505050505051,24.24242424242424,1.159881567958473,21.92006200503048,4.339827609488937
6.060606060606061,24.24242424242424,0.76263223467147,22.9066819350496,5.401313670393832
7.070707070707071,24.24242424242424,0.8607529631351086,21.46978718855202,4.819594103771702
8.080808080808081,24.24242424242424,0.7805583073074778,22.0960518317929,3.976676360757808
9.090909090909092,24.24242424242424,1.5968410644382613,24.85846142720198,3.443274186990207
10.1010101010101,24.24242424242424,1.408999274354567,24.29423310439156,1.222557193284225
11.11111111111111,24.24242424242424,0.4194644449754382,19.01045606289571,0.8378674080640618
12.12121212121212,24.24242424242424,0.33629520929218926,10.37571075845818,1.369482902356765
13.13131313131313,24.24242424242424,0.2814783146084751,16.94544824188635,1.288441134122322
14.14141414141414,24.24242424242424,0.6214963193364376,10.22704357403082,1.237545262333285
15.15151515151515,24.24242424242424,0.9099156858013364,2.74596102767832,2.253102375104149
16.16161616161616,24.24242424242424,0.7241615285407725,17.19387351226249,1.053009130765181
17.17171717171717,24.24242424242424,0.571796122123738,10.3336753421462,2.053311500873495
18.18181818181818,24.24242424242424,0.48904282250279696,0.0,1.949855047116989
19.19191919191919,24.24242424242424,0.5507668988905862,11.55137113999212,0.9566569681059993
20.2020202020202,24.24242424242424,0.31428119736090426,9.234232314391912,1.22659992249838
21.21212121212121,24.24242424242424,1.1733573644714048,18.82033843530104,1.547962153153648
22.22222222222222,24.24242424242424,1.622353837408487,12.51842312681314,1.901936969367307
23.23232323232324,24.24242424242424,1.2785043505334248,26.03084855146952,5.22653454567922
24.24242424242424,24.24242424242424,0.5467204973340636,12.4500483458762,4.586813216118071
25.25252525252525,24.24242424242424,0.6989026874744533,20.09977513698959,4.500256068960877
26.26262626262626,24.24242424242424,2.0734728359576513,21.50198319413981,6.79502738677345
27.27272727272727,24.24242424242424,0.9925812047446072,19.53941889151837,4.716370051119657
28.28282828282828,24.24242424242424,1.0866313624768482,17.78720604334612,5.10904558518509
29.29292929292929,24.24242424242424,2.1637041036075244,9.300714123493076,6.511210585072472
30.3030303030303,24.24242424242424,1.1045403997075662,8.269556380145351,4.374926753128126
31.31313131313131,24.24242424242424,0.3536718828562653,12.10137282604234,4.177130745609539
32.32323232323233,24.24242424242424,0.7476207754957047,18.69072947173382,4.28138480473556
33.33333333333334,24.24242424242424,2.0991204521829223,33.6690786078936,6.527164955184714
34.34343434343435,24.24242424242424,0.7561011670154554,17.96228096714488,4.77111103564373
35.35353535353536,24.24242424242424,0.6145831129970739,32.99349273656859,4.95333907838394
36.36363636363637,24.24242424242424,0.5971001934591684,25.21843000848006,4.166121570705008
37.37373737373738,24.24242424242424,0.8664784349690893,29.62957604175056,4.874916803117663
38.38383838383839,24.24242424242424,0.9370369094497017,19.99211102831939,3.768040676201353
39.3939393939394,24.24242424242424,0.9543464865776153,32.83825745237996,4.285951797967723
40.40404040404041,24.24242424242424,2.979585820983414,15.00970129408173,5.417516604450529
41.41414141414142,24.24242424242424,2.137728145635827,13.50183651179005,1.151951821674084
42.42424242424243,24.24242424242424,0.4371009769221828,24.38665472127104,1.70877938174121
43.43434343434344,24.24242424242424,0.7314289450392978,16.74937003719145,2.194385548525035
44.44444444444445,24.24242424242424,0.43155144247987165,11.63942754354857,1.402312742313023
45.45454545454546,24.24242424242424,0.33951545081347695,12.8459240208536,1.774826130028925
46.46464646464647,24.24242424242424,0.20246569447167,16.70582358699305,1.52218763937918
47.47474747474748,24.24242424242424,0.27936119047058994,15.57071401931772,1.179029548685297
48.48484848484848,24.24242424242424,0.340350719797964,18.92314902197451,1.351119439969841
49.49494949494949,24.24242424242424,0.5871756223013331,10.26760104141872,1.905248468858389
50.50505050505051,24.24242424242424,0.6635967695891184,2.910056138351331,1.842691628788345
51.51515151515152,24.24242424242424,0.8157037334038371,21.44518699457139,0.9627601489943369
52.52525252525253,24.24242424242424,0.7585685660749077,18.04515930647623,2.056475039553471
53.53535353535354,24.24242424242424,1.4560802512090787,13.65164053084254,3.061381620203384
54.54545454545455,24.24242424242424,1.069668762491163,19.52296328721821,4.331523179515072
55.55555555555556,24.24242424242424,0.15757381828015027,14.91806633316717,4.338455323561794
56.56565656565657,24.24242424242424,0.4132064244738245,23.09336582309286,4.739341865966517
57.57575757575758,24.24242424242424,0.7090192363080507,17.48820474955305,4.276298053814577
58.58585858585859,24.24242424242424,0.9164345586609528,20.83251344440328,5.57397629640212
59.5959595959596,24.24242424242424,0.7688357306465883,29.98911544648529,5.159159437906309
60.60606060606061,24.24242424242424,0.8604063718817944,18.50682631796026,5.293149890886194
61.61616161616162,24.24242424242424,0.985055706442841,16.17376430487321,3.920871729735543
62.62626262626263,24.24242424242424,0.7112177942630216,30.56803132777187,3.789646385837378
63.63636363636364,24.24242424242424,0.7814649186733947,28.7772655188923,4.265817346086545
64.64646464646465,24.24242424242424,0.6917157080441876,25.31017453423522,4.800762655645051
65.65656565656566,24.24242424242424,0.6687279841721387,18.24595958957725,3.384472838571811
66.66666666666667,24.24242424242424,0.5845475240475846,28.11545211968582,3.905536203325119
67.67676767676768,24.24242424242424,0.8141596031047835,19.1286029433088,5.083306251370262
68.68686868686869,24.24242424242424,0.26708324485141466,28.4753723873035,4.795027495234097
69.6969696969697,24.24242424242424,0.6833327169820386,28.63039268092207,4.830888989555381
70.70707070707071,24.24242424242424,1.3411620641057858,21.17699371253435,3.304687693761043
71.71717171717172,24.24242424242424,1.9811873025810551,23.10822081519865,4.228245260033568
72.72727272727273,24.24242424242424,2.004601850555463,19.10192038777061,0.8975594881965189
73.73737373737374,24.24242424242424,0.3981540771404213,18.84932303315085,1.225643508055055
74.74747474747475,24.24242424242424,0.2891882514639828,13.29611771654886,1.145715832864529
75.75757575757576,24.24242424242424,0.2616236065005958,15.03245296595372,1.618458400505861
76.76767676767678,24.24242424242424,0.6101581069546508,12.82259099178106,1.179362048816724
77.77777777777779,24.24242424242424,0.4023550322052735,12.71281545336198,1.214655057271588
78.7878787878788,24.24242424242424,0.37272407389127177,13.21742493467428,1.605500780602036
79.7979797979798,24.24242424242424,0.3762884357138617,16.57130255824596,1.11802090029101
80.80808080808082,24.24242424242424,0.4366396552418331,24.50068364667508,1.100329705936573
81.81818181818183,24.24242424242424,1.1643663491435934,13.56585714515649,2.484516567149346
82.82828282828284,24.24242424242424,0.41734567996176225,20.16247180357329,1.505509183708879
83.83838383838385,24.24242424242424,0.1659673512753146,14.10915721869852,1.54513312747791
84.84848484848486,24.24242424242424,1.9013362738680746,19.59442509216011,1.202260137057321
85.85858585858587,24.24242424242424,2.63304573518852,17.4077419940169,5.0200145707392
86.86868686868688,24.24242424242424,1.1608356227186918,18.64834318377542,3.73096992884348
87.87878787878789,24.24242424242424,0.5981352562405368,26.08439261422674,4.299342695530375
88.8888888888889,24.24242424242424,0.38773939498381327,28.78473919180361,4.525781007304987
89.89898989898991,24.24242424242424,0.8829520848410617,17.60186447481253,4.117854312351812
90.90909090909092,24.24242424242424,0.6553837159813921,17.87372317023253,4.902606492547826
91.91919191919193,24.24242424242424,1.116882301690843,20.34745803117702,3.946689925676973
92.92929292929294,24.24242424242424,1.0741840698628828,12.56029818646536,5.453992005138292
93.93939393939395,24.24242424242424,1.2588375190716627,17.86148146555265,3.556064086128303
94.94949494949496,24.24242424242424,0.6195770133630347,26.82171163904168,4.246513422536027
95.95959595959597,24.24242424242424,0.6566216124900452,18.11213624187585,5.476505479903786
96.96969696969697,24.24242424242424,0.5300203333412363,19.04219242068062,4.96245484469785
97.97979797979798,24.24242424242424,0.8797973912952479,30.69281499998834,4.24777159534141
98.98989898989899,24.24242424242424,0.7998269785186466,17.2547304637558,5.24652094353516
100.0,24.24242424242424,0.32588665421450475,22.90153911168855,5.235912826801505
0.0,25.25252525252525,0.6248250529023816,37.67667284798161,4.755652685369621
1.01010101010101,25.25252525252525,0.4496292126656314,30.84952775807045,4.021112417278879
2.02020202020202,25.25252525252525,0.4602413033382582,26.79861718027746,4.065738059340632
3.03030303030303,25.25252525252525,0.6845653521679806,21.48665847796499,4.802410820194567
4.040404040404041,25.25252525252525,0.7312616932043381,17.72060938815704,3.947611857133697
5.050505050505051,25.25252525252525,1.1194742035635616,18.02207767683932,3.486577883165467
6.060606060606061,25.25252525252525,1.1961400899597863,16.65423429504986,5.253780247330066
7.070707070707071,25.25252525252525,1.0900357079179843,31.81497298503382,3.408523175622324
8.080808080808081,25.25252525252525,1.7242533705634524,25.74763657627903,4.233805953059097
9.090909090909092,25.25252525252525,1.7361700709428187,12.61845955692911,0.9903855374778467
10.1010101010101,25.25252525252525,0.3228919542634879,20.60428757098579,1.524423296185366
11.11111111111111,25.25252525252525,0.4030645264036716,13.70427678989339,1.332183879477025
12.12121212121212,25.25252525252525,0.5919243385883879,16.79818491362001,1.895901371939987
13.13131313131313,25.25252525252525,1.087319018259405,11.45961048693217,0.8420078908240195
14.14141414141414,25.25252525252525,1.3268005320692877,23.6042206115909,2.483332423243436
15.15151515151515,25.25252525252525,0.5038613992135162,15.01589729997801,1.400131712697547
16.16161616161616,25.25252525252525,0.2645745439777139,19.16498385116069,1.414989181128501
17.17171717171717,25.25252525252525,0.24115237798215022,19.65961687424922,1.395494144328387
18.18181818181818,25.25252525252525,0.26325996851905625,20.03991093129439,1.622130264749525
19.19191919191919,25.25252525252525,0.3642335783319127,5.900942289138048,1.550214001319808
20.2020202020202,25.25252525252525,0.42440579220567254,7.452386075416733,1.762375423434884
21.21212121212121,25.25252525252525,0.2564448915353732,14.48661149492926,1.99904794773951
22.22222222222222,25.25252525252525,0.7991615352143426,13.28660042307435,1.766517203676474
23.23232323232324,25.25252525252525,1.8185200313675698,36.0125636458629,4.312021648180713
24.24242424242424,25.25252525252525,0.8053342069404754,16.86995534631427,5.454376801281852
25.25252525252525,25.25252525252525,0.4335168827762268,24.64944700760048,4.836885682773189
26.26262626262626,25.25252525252525,0.5572966970265709,22.85459676458115,5.209634747909016
27.27272727272727,25.25252525252525,0.8956129959836266,27.41998692963277,5.451943583353213
28.28282828282828,25.25252525252525,0.9301313225341025,20.38444326699532,3.733358150307988
29.29292929292929,25.25252525252525,1.6532559563833304,27.53619004578897,3.659976184948239
30.3030303030303,25.25252525252525,0.7779971367700135,26.48698503860489,5.336435565207197
31.31313131313131,25.25252525252525,0.9379949640734655,12.05437798333225,5.109118039186612
32.32323232323233,25.25252525252525,0.3682062040183578,37.64905140454318,4.033267867590253
33.33333333333334,25.25252525252525,0.7282172943238439,25.10161427593648,4.10177310523976
34.34343434343435,25.25252525252525,0.607079682534286,28.95235355344738,4.476883039097036
35.35353535353536,25.25252525252525,1.1037620520252118,20.14818733671104,3.511529250683394
36.36363636363637,25.25252525252525,0.32800248192952086,23.66190180221002,4.030596282154518
37.37373737373738,25.25252525252525,0.7339820616024366,27.60000058111825,3.999860607003273
38.38383838383839,25.25252525252525,0.8269819555421503,24.90334760011007,5.415017355942358
39.3939393939394,25.25252525252525,2.50892387762074,24.75219069312635,5.631837031942058
40.40404040404041,25.25252525252525,2.2904645707568116,27.97008945599464,1.253715652252379
41.41414141414142,25.25252525252525,0.8787674009662931,23.00313814387863,0.6484644655686598
42.42424242424243,25.25252525252525,0.7236836085615992,18.07855474852886,1.739916447625137
43.43434343434344,25.25252525252525,0.7835552746713829,18.08709526738681,0.7725172405337406
44.44444444444445,25.25252525252525,0.4339704995975423,6.942222156704246,0.9819814163607956
45.45454545454546,25.25252525252525,0.21477572438317138,18.80238472848758,1.511145367943358
46.46464646464647,25.25252525252525,0.40114989250930677,16.63548074383101,1.556886691137838
47.47474747474748,25.25252525252525,0.37794265927163745,16.02371730211309,1.091355028350563
48.48484848484848,25.25252525252525,0.37247043984511535,10.66485669753609,1.004714400154101
49.49494949494949,25.25252525252525,0.9814109286343273,17.09549200377292,0.5071709410252965
50.50505050505051,25.25252525252525,0.830328099239831,16.88699976166004,0.8132800529600844
51.51515151515152,25.25252525252525,0.717817306749676,17.57144091773155,1.792031673336391
52.52525252525253,25.25252525252525,0.24877599582464144,10.22313411868355,1.870370438222063
53.53535353535354,25.25252525252525,0.5988997377075325,12.84118609525554,1.577868818105131
54.54545454545455,25.25252525252525,1.4813441863094068,15.5727474983737,1.507690363600854
55.55555555555556,25.25252525252525,1.1390252656570068,19.06761907304691,4.391542582130437
56.56565656565657,25.25252525252525,0.7843322139235347,30.98162566780839,5.512195624589259
57.57575757575758,25.25252525252525,0.43927866614314337,25.9131791474017,5.111210819014266
58.58585858585859,25.25252525252525,0.6681282073297083,14.1250339693552,4.784365845660068
59.5959595959596,25.25252525252525,1.4582028428718183,29.65721712842378,3.298174122836011
60.60606060606061,25.25252525252525,1.0965089700157165,39.25485250435042,3.874370247645747
61.61616161616162,25.25252525252525,0.5505652836538507,12.78908506530999,4.16816022583865
62.62626262626263,25.25252525252525,0.6417707173453872,20.04470866159486,4.604608174672691
63.63636363636364,25.25252525252525,0.8888999033786631,24.25190611981835,5.153252752426079
64.64646464646465,25.25252525252525,0.8431132977075834,23.68041716681645,4.109814975863657
65.65656565656566,25.25252525252525,0.25448348385501063,13.8199414279302,3.612505368970297
66.66666666666667,25.25252525252525,0.5589394822612147,24.31075094813453,3.679983205628788
67.67676767676768,25.25252525252525,0.9231098430223206,10.88237603693084,4.286040021666063
68.68686868686869,25.25252525252525,0.727594553876254,11.79010359695572,5.050366260279218
69.6969696969697,25.25252525252525,1.3935910288275164,15.82038885588158,3.711994303411771
70.70707070707071,25.25252525252525,1.806133737461509,24.95779901929965,4.32962424579703
71.71717171717172,25.25252525252525,1.366909816416636,23.84390910829406,1.676154655596764
72.72727272727273,25.25252525252525,0.5628416106106101,10.41715181532865,1.933232726447039
73.73737373737374,25.25252525252525,0.21078795599210104,14.16685113203774,1.615770983801016
74.74747474747475,25.25252525252525,0.20642886596474525,10.64252700934303,1.690118662824482
75.75757575757576,25.25252525252525,0.412245927624045,18.35638123665854,1.491907638230753
76.76767676767678,25.25252525252525,0.6766057731967119,13.90108643285576,2.260448454295559
77.77777777777779,25.25252525252525,0.5162516062433018,18.8661838824714,2.159420778021504
78.7878787878788,25.25252525252525,0.24469006498401347,11.79576401418046,1.553971004492558
79.7979797979798,25.25252525252525,0.18391488647702547,12.97118002278393,1.487882874477476
80.80808080808082,25.25252525252525,0.21454702988924923,17.60935531061457,1.367991662784972
81.81818181818183,25.25252525252525,0.5053098461172233,13.34656403242908,1.131104699142775
82.82828282828284,25.25252525252525,0.1639151505620518,15.63589876103616,1.454249530881154
83.83838383838385,25.25252525252525,0.2453812979519227,15.05666676054992,1.641769593382073
84.84848484848486,25.25252525252525,0.531863003570328,7.876258817806453,1.987019438624784
85.85858585858587,25.25252525252525,1.6277466900146134,19.22986743733675,1.411645783604776
86.86868686868688,25.25252525252525,1.1283527461365144,16.46123770169871,3.118781626721945
87.87878787878789,25.25252525252525,1.153263312284286,18.34515527555117,2.975079335789041
88.8888888888889,25.25252525252525,1.380431561766435,17.86892257342995,5.244182669402782
89.89898989898991,25.25252525252525,1.8650086539534423,25.17861316432096,3.021481769810352
90.90909090909092,25.25252525252525,1.2393587810515418,34.19591628475209,5.313874087286024
91.91919191919193,25.25252525252525,0.8373363449804768,36.26234143543886,3.742567021819437
92.92929292929294,25.25252525252525,0.6475298601007908,23.80146594662454,4.753780729287296
93.93939393939395,25.25252525252525,0.6017073373891075,19.62149792531811,4.265918993971101
94.94949494949496,25.25252525252525,0.3226979724113257,30.92588560420911,4.586631974914176
95.95959595959597,25.25252525252525,0.4375432522814624,24.70746448620666,4.93679953542642
96.96969696969697,25.25252525252525,0.781597729062927,21.31029070070496,4.12494148661746
97.97979797979798,25.25252525252525,0.6984424234815418,10.56774281885299,5.439913819649937
98.98989898989899,25.25252525252525,0.4782068932922139,21.82440394050241,5.349374163588909
100.0,25.25252525252525,0.6158837751978954,18.50446865943683,4.563139817809205
0.0,26.26262626262626,1.3954287773103469,11.08660819396916,5.593808327342977
1.01010101010101,26.26262626262626,0.5421789243221982,22.1832538855356,4.047397843489446
2.02020202020202,26.26262626262626,0.7139866607632324,34.98106897192925,3.609315206582292
3.03030303030303,26.26262626262626,0.6695068787146119,25.3251778218759,4.985092021886476
4.040404040404041,26.26262626262626,0.3744666543849188,21.40381601827213,4.805180899771636
5.050505050505051,26.26262626262626,0.5837290542405681,23.21738820418145,4.882988632963414
6.060606060606061,26.26262626262626,0.7175942096041242,26.45916507057506,4.229212746427027
7.070707070707071,26.26262626262626,1.1401424084354466,22.16736552996577,3.687055230000369
8.080808080808081,26.26262626262626,1.3353451927383002,13.67827923294591,1.662625256124599
9.090909090909092,26.26262626262626,0.3599583309741697,23.93836795141329,1.704718997447992
10.1010101010101,26.26262626262626,0.34594594241520127,21.31125177493084,1.260998757448416
11.11111111111111,26.26262626262626,0.5137016985519121,21.18224024975245,1.694168604507445
12.12121212121212,26.26262626262626,0.21191111036231652,5.97013031773108,2.119569283131387
13.13131313131313,26.26262626262626,0.6812431582702684,5.413456181217691,2.049632707027953
14.14141414141414,26.26262626262626,0.7613769612259661,11.4480395165223,1.146442698841743
15.15151515151515,26.26262626262626,0.2563550366205504,14.07326804859633,1.335714957226927
16.16161616161616,26.26262626262626,0.6891682728225211,11.80525865447302,2.076954801444969
17.17171717171717,26.26262626262626,0.4742906380425558,17.31368641163919,1.456155142490628
18.18181818181818,26.26262626262626,0.3456495264842725,9.830059778115427,2.048892972607431
19.19191919191919,26.26262626262626,0.5849766618372332,16.68121886297389,2.129513595888857
20.2020202020202,26.26262626262626,0.7715064910947658,12.64232209230554,1.0493617019684
21.21212121212121,26.26262626262626,0.5928519346192149,14.69327629572285,1.893557444551541
22.22222222222222,26.26262626262626,0.2897362887294003,15.34735029671299,1.483326017077211
23.23232323232324,26.26262626262626,1.6864544469348806,22.86301888099021,1.640314017814319
24.24242424242424,26.26262626262626,1.9241576804860077,39.27957732787384,4.860449830293534
25.25252525252525,26.26262626262626,0.5572423399509321,35.47324069303437,4.429687949125084
26.26262626262626,26.26262626262626,0.6755372383619977,24.24903963894962,5.238370996570842
27.27272727272727,26.26262626262626,0.8056625461382356,22.92634943544634,4.565959400141684
28.28282828282828,26.26262626262626,0.5658233432085479,21.10742527296591,4.286228607162322
29.29292929292929,26.26262626262626,1.4274740996246291,19.67336551566914,5.671924264738619
30.3030303030303,26.26262626262626,0.8667125191001481,19.77531478649839,5.089732736485758
31.31313131313131,26.26262626262626,0.9702052934204198,19.05407500976544,3.592293174086767
32.32323232323233,26.26262626262626,0.2056232869688397,2.441644815403741,4.113620337272513
33.33333333333334,26.26262626262626,0.35794994184747986,16.44839987007615,4.057910949396121
34.34343434343435,26.26262626262626,0.8642309437501956,13.72837196718161,5.270510050416568
35.35353535353536,26.26262626262626,0.85110224646898,41.30466323584556,5.00034681119893
36.36363636363637,26.26262626262626,0.9214949907632799,19.20848451807568,3.403914349609293
37.37373737373738,26.26262626262626,0.7404035423651539,20.90734168202223,4.6148402332083
38.38383838383839,26.26262626262626,2.059531636502059,27.37967215546143,5.386042638453547
39.3939393939394,26.26262626262626,2.1925348585794593,7.907212906279961,1.536967811122812
40.40404040404041,26.26262626262626,0.30756333125152,15.84295252118756,1.239030887796679
41.41414141414142,26.26262626262626,0.8267671996671991,16.7563982576617,1.963343544588212
42.42424242424243,26.26262626262626,0.8255182794956599,16.10057171481439,0.9351702684105405
43.43434343434344,26.26262626262626,0.30970829706979874,12.64403052066676,1.308006648309526
44.44444444444445,26.26262626262626,0.23094356989542586,12.30999897573689,1.55890396138912
45.45454545454546,26.26262626262626,0.3388962843632152,10.56915510805112,1.531662228613434
46.46464646464647,26.26262626262626,1.2701971885486352,14.32057479762278,0.4982591588410242
47.47474747474748,26.26262626262626,0.8473265626139383,11.47120733845719,1.963278854118642
48.48484848484848,26.26262626262626,0.45431880672101443,10.22124926319897,1.564007032393556
49.49494949494949,26.26262626262626,0.9667918263324469,21.40815438700983,2.231084556665921
50.50505050505051,26.26262626262626,0.6998598975133077,24.56741935633749,1.820320141780053
51.51515151515152,26.26262626262626,0.6691755541215743,12.57554718789213,0.8071243559417195
52.52525252525253,26.26262626262626,0.5417794274943621,18.3605960820141,1.432211441257509
53.53535353535354,26.26262626262626,0.4959973111016191,8.121801366547146,1.028462743994463
54.54545454545455,26.26262626262626,0.877324493186508,13.66369163923135,1.655203619890403
55.55555555555556,26.26262626262626,1.4435974997056178,28.34061277036148,3.893034039059457
56.56565656565657,26.26262626262626,0.7582398330813593,16.75369627773857,4.669358375551677
57.57575757575758,26.26262626262626,0.8212708099661193,15.82913964955608,5.305582939457961
58.58585858585859,26.26262626262626,0.5552833726035935,23.62792343921029,4.714500163261541
59.5959595959596,26.26262626262626,0.8438977131189784,21.43243254745425,5.207612331619194
60.60606060606061,26.26262626262626,1.2883919714686471,16.32990269509449,5.971640381465527
61.61616161616162,26.26262626262626,0.6340816336733668,4.448780777797045,5.392894937324002
62.62626262626263,26.26262626262626,0.8211621319762352,24.66223566169028,5.371636728631498
63.63636363636364,26.26262626262626,0.923178784433911,22.82412868336356,4.07717089956677
64.64646464646465,26.26262626262626,1.0831495890505507,25.23896807914366,5.250573103456814
65.65656565656566,26.26262626262626,0.8964380705944736,23.69967217776924,3.837619330440003
66.66666666666667,26.26262626262626,1.0582062300402155,20.31204287069446,5.01665348428155
67.67676767676768,26.26262626262626,0.9403901763203635,17.18401753460874,5.810830109400715
68.68686868686869,26.26262626262626,0.7639991486792489,20.98601633922527,5.602707515258511
69.6969696969697,26.26262626262626,3.2991047034242085,24.66379056021999,6.211461833325521
70.70707070707071,26.26262626262626,2.051952906328332,11.51069711726896,1.401125380572505
71.71717171717172,26.26262626262626,0.4069121423336208,18.64140831225519,1.681155655775963
72.72727272727273,26.26262626262626,0.9418613763073989,18.42343075814465,2.574386117142661
73.73737373737374,26.26262626262626,0.2859199716799665,9.290766989363185,1.67698591035397
74.74747474747475,26.26262626262626,0.20140522760980048,12.18559959740172,1.681364732542649
75.75757575757576,26.26262626262626,0.5211728144079004,9.061901336399128,0.9362265306682162
76.76767676767678,26.26262626262626,0.47407470594761303,15.96207432855083,1.504680259326408
77.77777777777779,26.26262626262626,0.255753349847594,15.09728597837377,1.745657523601214
78.7878787878788,26.26262626262626,0.29829540632712914,14.18592519412583,1.809663584775106
79.7979797979798,26.26262626262626,0.2758019932362892,21.08613181858659,1.308064644463426
80.80808080808082,26.26262626262626,0.34226968495167126,11.28277459495175,1.601739650158869
81.81818181818183,26.26262626262626,0.26093379897309577,15.00240288824138,1.023308978061029
82.82828282828284,26.26262626262626,0.4884614805090973,8.520392389274617,1.36051347569997
83.83838383838385,26.26262626262626,0.6374422993916635,9.436233301812967,1.993888411541971
84.84848484848486,26.26262626262626,0.33348157939735923,18.65707267019385,2.409088651075914
85.85858585858587,26.26262626262626,0.6112033278597993,16.85077267852667,2.031754258391629
86.86868686868688,26.26262626262626,1.5238757600657094,9.656804408964867,1.068397078347495
87.87878787878789,26.26262626262626,1.3928300393661082,29.23446276528864,3.851063600638206
88.8888888888889,26.26262626262626,0.40153660278725833,18.39257845995414,4.93266231764101
89.89898989898991,26.26262626262626,0.57020332364553,29.40054427401602,4.870050626014558
90.90909090909092,26.26262626262626,0.36125217720498015,24.56317811396504,4.631405940760313
91.91919191919193,26.26262626262626,0.6601815918322187,26.24165108563488,4.305268724949363
92.92929292929294,26.26262626262626,1.136160482213116,11.47868807831688,5.14461345105541
93.93939393939395,26.26262626262626,1.2180556730086587,29.99291372992666,3.377519268516739
94.94949494949496,26.26262626262626,0.7629551521140274,11.33382834023541,4.86642477072601
95.95959595959597,26.26262626262626,0.6863211531757928,23.85182795175512,4.9852409907537
96.96969696969697,26.26262626262626,0.6215881660851199,25.85193725065691,4.286988662947341
97.97979797979798,26.26262626262626,0.8345720532231868,22.07226914022261,5.243798339125802
98.98989898989899,26.26262626262626,0.5886768827166422,12.90066046374049,4.416173812314534
100.0,26.26262626262626,0.7456768429095698,21.38664282318704,4.951783788630887
0.0,27.27272727272727,0.7594065658869799,40.42026747099663,3.792088121238822
1.01010101010101,27.27272727272727,0.2652379563090961,29.51937907332207,4.205334993806987
2.02020202020202,27.27272727272727,0.6865452609148697,23.96967475699345,4.194979544665545
3.03030303030303,27.27272727272727,0.447572969108466,30.11507471256461,4.045433646138959
4.040404040404041,27.27272727272727,0.31111156299735576,18.53329946353304,4.422602180176518
5.050505050505051,27.27272727272727,0.5735462182491183,33.25212789924849,4.676066785527254
6.060606060606061,27.27272727272727,1.2614443667511135,25.31877283147796,3.579336811876614
7.070707070707071,27.27272727272727,1.126317184664429,12.35575828731078,1.971605140939056
8.080808080808081,27.27272727272727,0.7622528924785084,4.401561642445521,2.366301614944139
9.090909090909092,27.27272727272727,0.46839989667390697,13.22751933626572,1.465033114844427
10.1010101010101,27.27272727272727,0.21627703197377204,9.23568318351762,1.017529613583166
11.11111111111111,27.27272727272727,0.6263973272577682,15.4607555564448,0.859917061013188
12.12121212121212,27.27272727272727,0.7566142657099297,16.1291002575453,2.248208558661877
13.13131313131313,27.27272727272727,0.4404951481945776,6.582878087897905,1.505411474440457
14.14141414141414,27.27272727272727,0.3925163052925502,14.21042036287139,1.762598552772521
15.15151515151515,27.27272727272727,0.1805879492039435,14.9454274209676,1.305223668818571
16.16161616161616,27.27272727272727,0.4157648851299886,17.72773540981812,1.344286833643735
17.17171717171717,27.27272727272727,0.628069499628414,18.89264648367313,0.8331910775537896
18.18181818181818,27.27272727272727,0.3821128267635123,14.90610191421934,1.766416027926476
19.19191919191919,27.27272727272727,0.5025167315517709,12.38549875350855,1.529679060310857
20.2020202020202,27.27272727272727,0.3346018853286156,12.96937275539538,1.498026308377381
21.21212121212121,27.27272727272727,0.7828478433276291,20.38070777469176,0.8820673793201214
22.22222222222222,27.27272727272727,0.3560555188156236,14.71138061094392,1.174791476970311
23.23232323232324,27.27272727272727,0.6442693782936437,17.94125851452117,0.9433276736575152
24.24242424242424,27.27272727272727,1.9453368532641635,18.20191627269529,1.408643772985488
25.25252525252525,27.27272727272727,1.9091952843938471,12.38910985885354,5.012014646666499
26.26262626262626,27.27272727272727,1.2096617266999221,40.07837098250283,4.046052935659592
27.27272727272727,27.27272727272727,1.6391320537797462,22.38260742899244,5.950483012074577
28.28282828282828,27.27272727272727,0.6221840630241192,33.28719942031855,4.33122507258652
29.29292929292929,27.27272727272727,0.8302822648747643,22.89857335696301,3.941863131859641
30.3030303030303,27.27272727272727,0.42501880866290753,14.83372161610204,3.949216579458457
31.31313131313131,27.27272727272727,0.5629562115350928,23.4622376386273,3.937522757083864
32.32323232323233,27.27272727272727,0.21538318585388738,23.62096305740604,4.278724464403474
33.33333333333334,27.27272727272727,0.2848598079660556,18.96087674746816,4.177540072045565
34.34343434343435,27.27272727272727,0.6433424510934801,22.04252169036804,4.089975626973401
35.35353535353536,27.27272727272727,0.926897046644155,21.66876406727101,4.95135108664582
36.36363636363637,27.27272727272727,0.7349599665899522,25.39287490996456,3.655854034928544
37.37373737373738,27.27272727272727,1.57713964913405,29.9109265594662,4.250333978796965
38.38383838383839,27.27272727272727,1.6744805344932794,9.84823198549601,1.797168042510103
39.3939393939394,27.27272727272727,0.5412048513501536,15.30775522044209,2.065226273964537
40.40404040404041,27.27272727272727,0.5199275824645895,12.72517487901879,1.432349868229393
41.41414141414142,27.27272727272727,0.34134244401653385,11.91042900117948,2.203047331268252
42.42424242424243,27.27272727272727,0.49331183553344116,11.31613651385747,2.031487551101927
43.43434343434344,27.27272727272727,0.2674736122914964,13.91149231653356,1.387616735834356
44.44444444444445,27.27272727272727,0.13755370910601045,15.91549087505866,1.490191272691021
45.45454545454546,27.27272727272727,0.5024615343043524,15.64512430905025,1.257238754378745
46.46464646464647,27.27272727272727,0.7639282142405164,19.68209090477101,2.021997615688723
47.47474747474748,27.27272727272727,0.38239908803983774,21.72757750856968,1.310187946433671
48.48484848484848,27.27272727272727,0.2029765807225768,0.0,1.372373783746404
49.49494949494949,27.27272727272727,0.5974176872269215,15.73133305858272,1.165672806134991
50.50505050505051,27.27272727272727,0.42039741352364557,26.54967499864174,1.451880841270993
51.51515151515152,27.27272727272727,0.7914705033999365,13.7707851062991,0.8606363838792218
52.52525252525253,27.27272727272727,0.8133881196732508,17.59064563310361,2.132334371691568
53.53535353535354,27.27272727272727,0.43237425238065447,10.56844660616184,1.432556341131285
54.54545454545455,27.27272727272727,0.3846095208895288,19.12813487714443,1.157990198498914
55.55555555555556,27.27272727272727,1.2756646569500427,11.08219060714064,1.631307338969239
56.56565656565657,27.27272727272727,1.5813652049809896,6.107666360848336,3.891785192662325
57.57575757575758,27.27272727272727,0.7815547633083151,11.37249303446442,3.442179160139881
58.58585858585859,27.27272727272727,0.6810815754056553,19.76201674831557,3.647427299799766
59.5959595959596,27.27272727272727,0.810897344322308,27.83613111569244,4.998599906130448
60.60606060606061,27.27272727272727,0.7223997236935533,28.00831867139054,4.258116123398575
61.61616161616162,27.27272727272727,0.4771623109448653,23.94003598064931,4.681306766949914
62.62626262626263,27.27272727272727,0.455840577574097,20.2158647693147,4.169740792442595
63.63636363636364,27.27272727272727,0.21676286398855216,33.06822497349421,4.225936151488334
64.64646464646465,27.27272727272727,0.38006919557639973,18.22508219559981,4.645088851754624
65.65656565656566,27.27272727272727,0.3789967143016383,15.22156300608117,4.606269724489834
66.66666666666667,27.27272727272727,0.6369401373504293,25.35882824039366,4.093709621734162
67.67676767676768,27.27272727272727,0.7584850536693294,28.12558968875105,4.576358711115284
68.68686868686869,27.27272727272727,1.7468659655954117,26.1216773505728,3.915929087730023
69.6969696969697,27.27272727272727,2.3452403026908657,12.55618050787458,0.9336013203624642
70.70707070707071,27.27272727272727,0.3643399975624234,10.66891373324305,1.590071412704833
71.71717171717172,27.27272727272727,0.3566836245969375,13.08866236218602,1.231768823190835
72.72727272727273,27.27272727272727,0.43620636941940777,15.55832826670368,1.238724670764076
73.73737373737374,27.27272727272727,0.17225816654161547,14.13431140679102,1.496299979164428
74.74747474747475,27.27272727272727,0.25637518181716,21.5950954958898,1.728714688636906
75.75757575757576,27.27272727272727,0.4481145266566785,19.5168910287865,1.151644750204656
76.76767676767678,27.27272727272727,0.3624771866664956,18.0524773873936,1.835779895214711
77.77777777777779,27.27272727272727,0.2810737907387918,23.63899156768288,1.441390704079826
78.7878787878788,27.27272727272727,0.326543130199285,1.099846062954799,1.437779541234709
79.7979797979798,27.27272727272727,0.553098077244083,4.164997741260644,1.179948847539442
80.80808080808082,27.27272727272727,0.49272996196001984,18.70204341660881,1.864964724798374
81.81818181818183,27.27272727272727,0.6580934652464886,18.16192848851991,1.043613283134885
82.82828282828284,27.27272727272727,0.8173239592184967,11.80418011338132,0.4709830423257069
83.83838383838385,27.27272727272727,0.9254822363742424,18.74308298803981,0.8448132075111592
84.84848484848486,27.27272727272727,0.616872248098332,20.6831643251824,2.289766178155836
85.85858585858587,27.27272727272727,0.3683489034301027,6.437728288200519,1.547740994467704
86.86868686868688,27.27272727272727,0.9523845740805477,12.78406227547952,1.367491867901038
87.87878787878789,27.27272727272727,1.7465638866945496,21.36992092101321,4.682134253959958
88.8888888888889,27.27272727272727,0.32519030861797915,23.45763892670193,4.782246666883005
89.89898989898991,27.27272727272727,0.32229224161457726,31.26157688683519,5.001038687511775
90.90909090909092,27.27272727272727,0.41731731238952485,22.486014331707,4.433647279531299
91.91919191919193,27.27272727272727,1.0354408887856263,17.54217425595936,5.217811447231314
92.92929292929294,27.27272727272727,1.398677460876527,25.7771065522318,3.597243152615776
93.93939393939395,27.27272727272727,0.8912277394866909,16.54982250765068,4.10534255034907
94.94949494949496,27.27272727272727,1.9403267025920927,22.91869470814574,6.030730861133325
95.95959595959597,27.27272727272727,2.2692239900127826,22.19664242988286,3.105466381211856
96.96969696969697,27.27272727272727,1.027575635186238,18.08882076422849,4.956232146973119
97.97979797979798,27.27272727272727,0.8679737546518902,21.65567588897321,3.886059809746919
98.98989898989899,27.27272727272727,0.348361259230886,22.98861904843338,4.35790113584996
100.0,27.27272727272727,1.5598581872900494,23.1083930828019,3.639007207040211
0.0,28.28282828282828,0.4038793182539561,20.2919228087755,3.855340740227443
1.01010101010101,28.28282828282828,0.8232085764866917,37.17544759580424,4.684747347016224
2.02020202020202,28.28282828282828,1.6867029858113007,17.9518778270057,6.195594902573744
3.03030303030303,28.28282828282828,0.8863277847112192,30.16995388460133,4.369352714261163
4.040404040404041,28.28282828282828,0.4345083400062808,10.0840183360741,4.653836573182527
5.050505050505051,28.28282828282828,1.2774431676711986,21.24286205186029,3.938998338968318
6.060606060606061,28.28282828282828,1.1814970926569162,19.29571081859826,1.887896924010772
7.070707070707071,28.28282828282828,0.5075307216857301,16.80479049675561,1.184214636285294
8.080808080808081,28.28282828282828,0.544207163174644,8.974248994533706,1.316931377954441
9.090909090909092,28.28282828282828,0.6110214539922226,18.46160830127106,1.750174817575517
10.1010101010101,28.28282828282828,0.34514367438463317,12.89567448708975,1.034052543781765
11.11111111111111,28.28282828282828,0.292646583214805,13.53622725205589,0.9853507763313363
12.12121212121212,28.28282828282828,0.40554347558381426,16.30564313335722,1.481479353222758
13.13131313131313,28.28282828282828,0.2234334838362626,12.06647093452903,1.723186672077787
14.14141414141414,28.28282828282828,0.34364588540560925,15.44771667371601,1.523251147819112
15.15151515151515,28.28282828282828,0.2624035625082483,9.686413888382674,1.500646128446875
16.16161616161616,28.28282828282828,0.466395807639137,18.51041780057261,0.9640541818401237
17.17171717171717,28.28282828282828,0.37299851362825587,8.878990240432309,1.278184304667975
18.18181818181818,28.28282828282828,0.618181733649882,15.01958436859026,1.842428472311265
19.19191919191919,28.28282828282828,1.1945986373068944,14.32161230906331,0.3878363892308684
20.2020202020202,28.28282828282828,0.5742232983822074,6.276582898257738,1.255895054462635
21.21212121212121,28.28282828282828,0.673761635751402,13.02621924923262,2.093285660691769
22.22222222222222,28.28282828282828,0.35304350305866056,16.874756265915,1.76629111116292
23.23232323232324,28.28282828282828,0.8053254249093968,14.94729708262641,2.126638940034518
24.24242424242424,28.28282828282828,0.8579758943840026,20.78866860111415,1.147789390245865
25.25252525252525,28.28282828282828,1.9490427427186843,14.6371347426489,2.526892791320443
26.26262626262626,28.28282828282828,1.0452471910968706,19.02641954308808,4.821989994126139
27.27272727272727,28.28282828282828,0.6663721982837353,19.07307335978853,4.302166424791528
28.28282828282828,28.28282828282828,0.7174983557100099,12.69803958188044,3.896105166129177
29.29292929292929,28.28282828282828,1.0552776219918418,20.56319334166507,5.136215670154026
30.3030303030303,28.28282828282828,0.6676172815465022,32.50345513454603,4.489728387109377
31.31313131313131,28.28282828282828,1.2099417398059038,38.76209867675399,5.491222490532935
32.32323232323233,28.28282828282828,0.5200445012024648,30.76797837416508,4.532766981010543
33.33333333333334,28.28282828282828,0.9669136730862583,11.13073031881483,5.008601343830271
34.34343434343435,28.28282828282828,0.7588671855766241,30.81454911790517,3.64608015078723
35.35353535353536,28.28282828282828,0.7475048456452452,19.69255318217701,3.449631136012005
36.36363636363637,28.28282828282828,1.5497069953878122,27.20680802375136,4.453777220383405
37.37373737373738,28.28282828282828,1.6643815995302664,8.135067972335216,1.353927516827382
38.38383838383839,28.28282828282828,0.30151712104545764,10.29001749199464,1.409344668221725
39.3939393939394,28.28282828282828,0.2996950753679965,12.5571033622259,1.329599968595225
40.40404040404041,28.28282828282828,0.7488204396897999,13.62631288718587,0.9495323875777519
41.41414141414142,28.28282828282828,0.5228669725904347,20.67898905218706,2.386456077449163
42.42424242424243,28.28282828282828,0.27065299652855007,17.64936234632358,1.969988087093445
43.43434343434344,28.28282828282828,0.3685318834155523,11.04045093787875,1.631455745351276
44.44444444444445,28.28282828282828,0.14532295644059506,21.93725065036766,1.636166365248023
45.45454545454546,28.28282828282828,0.3503462336268489,7.553019543774077,1.994950037739212
46.46464646464647,28.28282828282828,0.3425509374676446,17.84455918333233,2.07740348523806
47.47474747474748,28.28282828282828,0.36829164837774675,8.969795548250488,1.412697884340266
48.48484848484848,28.28282828282828,0.43067622760615754,16.89154422152748,1.020987524427395
49.49494949494949,28.28282828282828,0.5479628514571218,19.70846486797814,1.997022791764332
50.50505050505051,28.28282828282828,0.3688137291122862,19.15764134777461,1.887578702328742
51.51515151515152,28.28282828282828,0.5151285505491248,22.73216307513414,2.110063924337348
52.52525252525253,28.28282828282828,0.5974318322758663,14.80929215142747,1.550380841805253
53.53535353535354,28.28282828282828,0.44021980533112737,14.51441076605685,1.081497101938143
54.54545454545455,28.28282828282828,0.45195090203981647,2.967112238256353,0.8646488194349835
55.55555555555556,28.28282828282828,0.49951087459387183,5.263525841043625,1.738444272515781
56.56565656565657,28.28282828282828,1.955478977694188,12.552338325618,1.053981441843248
57.57575757575758,28.28282828282828,1.4809333974519858,16.38830067075286,4.050140261872732
58.58585858585859,28.28282828282828,0.5079289447245221,23.69424705454366,3.546594607629487
59.5959595959596,28.28282828282828,0.6954263305002492,10.36083443102654,4.055679343392516
60.60606060606061,28.28282828282828,0.18131418894827456,21.0357756679558,4.245715912974525
61.61616161616162,28.28282828282828,0.197780322578474,29.7943088396854,4.419002311603199
62.62626262626263,28.28282828282828,0.6316966317359933,26.28647055218424,4.116035751888168
63.63636363636364,28.28282828282828,0.46761600339048615,22.48221297824768,4.46887429620895
64.64646464646465,28.28282828282828,0.49427943771575045,19.64131628597842,5.101909554826952
65.65656565656566,28.28282828282828,0.16766030589828507,17.0083670933982,4.802226957626095
66.66666666666667,28.28282828282828,0.5214228059777497,23.40125310085523,4.7233171164517
67.67676767676768,28.28282828282828,0.8116612843043202,18.624012502991,3.91996860748978
68.68686868686869,28.28282828282828,1.4587824386813648,22.54271868529636,2.258001043629684
69.6969696969697,28.28282828282828,0.8669670428861495,25.57967312372021,0.469298482271986
70.70707070707071,28.28282828282828,0.5141621315381805,21.44360798000277,1.336430136443834
71.71717171717172,28.28282828282828,0.5409770730576158,24.23670421726311,1.843858051906218
72.72727272727273,28.28282828282828,0.351955078957782,18.47864678482657,1.383357546089529
73.73737373737374,28.28282828282828,0.08367834464236318,12.993889895899,1.477943262060338
74.74747474747475,28.28282828282828,0.4864795172469184,4.311597065617707,1.560048565367251
75.75757575757576,28.28282828282828,0.6170091957296828,21.40856036143875,0.835809946556687
76.76767676767678,28.28282828282828,0.42075604862087224,26.17548252741915,1.795495120581972
77.77777777777779,28.28282828282828,0.19026987057928452,13.61716825666529,1.863418693533603
78.7878787878788,28.28282828282828,0.32098612583388797,3.76779807181498,2.110626161951068
79.7979797979798,28.28282828282828,0.6680036367711072,8.429150523543182,2.321378788637591
80.80808080808082,28.28282828282828,0.20334908950882324,16.82688741172756,2.066292179076527
81.81818181818183,28.28282828282828,0.6393959996556422,16.91693544199329,2.261701156574316
82.82828282828284,28.28282828282828,0.5394793350386385,14.47892228297276,1.9042880398308
83.83838383838385,28.28282828282828,0.4893088485028202,9.726281520213046,1.578883813147188
84.84848484848486,28.28282828282828,0.5960517942626812,3.021318322718573,2.128577813015395
85.85858585858587,28.28282828282828,0.44385261795279385,12.55735020642343,1.614849034009392
86.86868686868688,28.28282828282828,0.36389990841928443,20.20503045692696,1.383043862044099
87.87878787878789,28.28282828282828,1.427265095755712,8.640916112148172,1.941704159485479
88.8888888888889,28.28282828282828,1.8009746546208822,22.37799330621149,3.95080551672091
89.89898989898991,28.28282828282828,0.4016192692762347,25.85938893246432,4.629041211159929
90.90909090909092,28.28282828282828,0.24725259968114255,27.25090163551416,4.553602292179893
91.91919191919193,28.28282828282828,0.5961627188171394,30.44630545317629,4.393323076686315
92.92929292929294,28.28282828282828,1.2114745493696195,26.58345067467039,5.515915005333419
93.93939393939395,28.28282828282828,0.7796253808734503,12.06722010822396,4.508942517945954
94.94949494949496,28.28282828282828,0.8718855571319726,9.849867503092002,4.284382931877992
95.95959595959597,28.28282828282828,1.6719810422178703,25.19540568793704,5.526557486038413
96.96969696969697,28.28282828282828,0.5537935502160743,28.40191644947614,4.436111193241408
97.97979797979798,28.28282828282828,0.30844119701800987,31.47411036574282,4.458202635646355
98.98989898989899,28.28282828282828,1.0634085542844194,27.50392172117013,4.21346403030378
100.0,28.28282828282828,2.1701642254590996,20.60751218224023,0.991103155570487
0.0,29.29292929292929,0.2192299106614115,21.28644026107402,4.174319469211909
1.01010101010101,29.29292929292929,0.3528996754039808,22.34988868410054,4.211579556624996
2.02020202020202,29.29292929292929,1.1367965972713603,30.43798949385744,4.786488061106839
3.03030303030303,29.29292929292929,1.2905479226006702,19.30168342249713,3.258686690772435
4.040404040404041,29.29292929292929,0.7986802031947577,15.97401733660958,4.146359699298987
5.050505050505051,29.29292929292929,2.5246861648449794,37.49320370815866,5.545762913922421
6.060606060606061,29.29292929292929,1.4897242198473108,17.34630011182893,2.16766170408957
7.070707070707071,29.29292929292929,0.9264534017019332,20.78505175819265,0.7778812835907603
8.080808080808081,29.29292929292929,0.7063935472298009,5.482563530631435,1.878429612373096
9.090909090909092,29.29292929292929,1.0522213934669962,13.36942668660648,0.7405964177525443
10.1010101010101,29.29292929292929,0.5106024144850885,12.99405525283255,1.633280269877518
11.11111111111111,29.29292929292929,0.2925227483357902,15.30505416533463,1.485673049530558
12.12121212121212,29.29292929292929,0.162418204009179,17.1090701665896,1.363870552073071
13.13131313131313,29.29292929292929,0.4429460100270158,20.59772984919465,1.488870777483771
14.14141414141414,29.29292929292929,1.0223902125344382,10.86873529495674,2.435946740857228
15.15151515151515,29.29292929292929,0.6537928477691421,13.53317805630006,1.205651304021174
16.16161616161616,29.29292929292929,0.4390627015864623,12.6692883078005,1.598682691158458
17.17171717171717,29.29292929292929,0.26124633291890675,18.72079212840017,1.446810841595672
18.18181818181818,29.29292929292929,0.23441149251318322,20.87524738009541,1.464550232820212
19.19191919191919,29.29292929292929,0.66972072918769,13.83549986664073,1.701737519066295
20.2020202020202,29.29292929292929,0.7380686650960289,16.91600986446886,0.9065823863094522
21.21212121212121,29.29292929292929,0.7231959942002728,10.01833048682497,2.412728766567746
22.22222222222222,29.29292929292929,0.3549576250486333,20.14363350780767,1.899623110804506
23.23232323232324,29.29292929292929,0.4408984735268484,1.013171480510728,1.427845885434185
24.24242424242424,29.29292929292929,0.7920464345886611,8.613394834768378,1.960885634179021
25.25252525252525,29.29292929292929,2.259035133686739,11.16182795255086,0.8900442796720356
26.26262626262626,29.29292929292929,2.8170272512560186,20.58588655785932,5.412120927906767
27.27272727272727,29.29292929292929,0.4094862890009219,14.41654562950001,4.393453802646458
28.28282828282828,29.29292929292929,0.5819568098990695,11.39908088756244,4.684806919824674
29.29292929292929,29.29292929292929,0.6804418555049108,37.6553271651966,3.99605550755054
30.3030303030303,29.29292929292929,0.33884069090277424,38.04207051576206,4.007752455042494
31.31313131313131,29.29292929292929,0.599398345519458,25.2553671590623,4.165104877704341
32.32323232323233,29.29292929292929,0.22801117283690886,27.94624184429989,4.140921365149872
33.33333333333334,29.29292929292929,0.7270490303639183,16.61420324328174,3.810363479132712
34.34343434343435,29.29292929292929,0.7833357133088633,34.44674664946972,4.678683209089289
35.35353535353536,29.29292929292929,0.6686953641803909,14.80847592735857,3.737335468812545
36.36363636363637,29.29292929292929,0.9783307239166119,9.21234098284199,3.156868212214442
37.37373737373738,29.29292929292929,0.7654382968607345,23.153152128752,1.9597805980285
38.38383838383839,29.29292929292929,0.8404336079503114,20.41312892733427,0.7262614093491155
39.3939393939394,29.29292929292929,0.2405880241573219,15.30277844024901,1.326258253136524
40.40404040404041,29.29292929292929,0.4413556224245543,12.71556991473808,1.645005394796427
41.41414141414142,29.29292929292929,0.38024350762858156,19.43106916360944,2.331788613495464
42.42424242424243,29.29292929292929,0.7483969756392805,4.794254538622235,2.236100277101276
43.43434343434344,29.29292929292929,0.9707900075729078,25.63625270468723,0.7444101828449025
44.44444444444445,29.29292929292929,0.38106426233647617,9.031615313209345,1.707988806065465
45.45454545454546,29.29292929292929,0.18249777602497724,22.36289149475006,1.77251350658232
46.46464646464647,29.29292929292929,0.3195894907665037,12.90364648808113,1.50976465331346
47.47474747474748,29.29292929292929,0.26805602914407656,23.39276407960554,1.098457189546539
48.48484848484848,29.29292929292929,0.6469244058914805,19.26317738199352,1.017414500571582
49.49494949494949,29.29292929292929,0.9061282843617569,3.328514256998887,2.272044855190951
50.50505050505051,29.29292929292929,0.7947070476764939,14.86002993319574,1.179950958381542
51.51515151515152,29.29292929292929,0.8663831053388875,20.1734239867215,2.13898228153502
52.52525252525253,29.29292929292929,0.9796460174173885,8.478371995641412,0.7711738649873077
53.53535353535354,29.29292929292929,0.6079433081109834,15.62993341882442,1.805585061699241
54.54545454545455,29.29292929292929,0.5367325626621551,26.55712763578194,1.288467312946362
55.55555555555556,29.29292929292929,0.4684968723753018,9.30032515181907,2.071092553591396
56.56565656565657,29.29292929292929,0.8728231178625796,21.9201767214199,2.357471951098907
57.57575757575758,29.29292929292929,1.1619539056758454,14.5336542024505,2.23407224807037
58.58585858585859,29.29292929292929,1.2633201577199111,26.46745925396559,4.464847304351022
59.5959595959596,29.29292929292929,1.6660001877456607,22.85571203316298,2.916015889474489
60.60606060606061,29.29292929292929,0.6538357547839756,31.68303115787517,4.59524949013289
61.61616161616162,29.29292929292929,0.5381034088921484,17.43697413185905,4.471566188226674
62.62626262626263,29.29292929292929,1.3938469838902976,22.16613208169925,5.9333121342419
63.63636363636364,29.29292929292929,0.5613234804311511,14.74382093829255,5.110526362111494
64.64646464646465,29.29292929292929,0.38947018518021137,31.33903276203819,4.514330362855139
65.65656565656566,29.29292929292929,0.24944829890139975,31.51318220378243,4.706135405544469
66.66666666666667,29.29292929292929,0.6984293847492681,22.4628660273258,5.297142495508846
67.67676767676768,29.29292929292929,1.4883282352995888,21.26943769082495,3.795029646720019
68.68686868686869,29.29292929292929,1.0344053750429691,12.54036783230947,1.531469458222358
69.6969696969697,29.29292929292929,0.41702739464224436,15.2031252142144,0.8170296001965598
70.70707070707071,29.29292929292929,0.2695328103308465,7.97230561450079,0.9079824561863431
71.71717171717172,29.29292929292929,0.41571550140731317,13.20009379292761,1.259967409670211
72.72727272727273,29.29292929292929,0.7677978585103518,15.39505208939983,0.675256327371352
73.73737373737374,29.29292929292929,0.6008200805344424,14.32280721746963,1.617608904247979
74.74747474747475,29.29292929292929,0.797224793055672,17.11425372299972,0.589140541766709
75.75757575757576,29.29292929292929,0.4205223744646235,18.51781894062293,1.3040881329916
76.76767676767678,29.29292929292929,0.4337205040955902,10.73711280037185,1.180364447708138
77.77777777777779,29.29292929292929,0.28051498323422025,16.73480732089985,1.887339145027868
78.7878787878788,29.29292929292929,0.3982660185407136,10.58084463120083,1.957488374435863
79.7979797979798,29.29292929292929,0.7176356422526567,19.03944068359358,1.256633418898898
80.80808080808082,29.29292929292929,0.45753386865007156,15.80861853649078,1.90471886237824
81.81818181818183,29.29292929292929,0.4822891205079103,21.54961259827924,1.475027125632484
82.82828282828284,29.29292929292929,0.3191857891144717,8.532396248315298,1.946083039053133
83.83838383838385,29.29292929292929,0.3788903993563412,19.86445880573536,1.230817251323755
84.84848484848486,29.29292929292929,0.5697324016334808,3.965478409524299,0.9689817799793212
85.85858585858587,29.29292929292929,0.7998036845376996,17.74111482790865,0.6520805527112002
86.86868686868688,29.29292929292929,0.6561195943672022,18.98923209245958,2.032626032171503
87.87878787878789,29.29292929292929,0.7135392345196991,16.33893506967153,1.540835525613921
88.8888888888889,29.29292929292929,2.892302488592913,12.71964779138758,0.2656851000739255
89.89898989898991,29.29292929292929,1.8232053178121728,26.32667407270741,5.109846198493967
90.90909090909092,29.29292929292929,0.7404141430181663,12.8837888158736,5.186939543782255
91.91919191919193,29.29292929292929,0.5981935151556883,15.75845196642958,4.116031716103439
92.92929292929294,29.29292929292929,0.7981740856359838,22.34825377553016,4.718253076607152
93.93939393939395,29.29292929292929,1.772331154109071,23.81320928001808,3.025573035504464
94.94949494949496,29.29292929292929,0.9658179276104735,12.75924041432657,4.558843090922165
95.95959595959597,29.29292929292929,1.0809991126595873,17.44839357671123,3.592345268950913
96.96969696969697,29.29292929292929,0.7687996110396591,23.63159430259483,3.853595681310773
97.97979797979798,29.29292929292929,0.41037890550558875,21.30246215533625,4.063410721221274
98.98989898989899,29.29292929292929,1.2431281375194632,14.00178208484062,4.85556166181941
100.0,29.29292929292929,1.3898902074067265,18.10462504815531,1.631330905744769
0.0,30.3030303030303,0.1801190594907259,11.92913048839666,4.47577038479859
1.01010101010101,30.3030303030303,0.4923734160010529,20.55448744883285,4.537841875954761
2.02020202020202,30.3030303030303,0.9833350170124413,30.40132532389398,3.75111838830455
3.03030303030303,30.3030303030303,0.9755138712180899,21.28381486369019,4.894737978825431
4.040404040404041,30.3030303030303,0.9445906414045562,25.22021379348322,4.546527415044491
5.050505050505051,30.3030303030303,1.9233701246962045,16.71580174958991,1.831287253952892
6.060606060606061,30.3030303030303,0.5349224087594957,6.402534175008149,1.256411235110786
7.070707070707071,30.3030303030303,0.6595527499540021,18.25331906440793,1.587032788422814
8.080808080808081,30.3030303030303,0.17387055133450002,21.20511704648267,1.852735181275435
9.090909090909092,30.3030303030303,0.5765425944835836,12.85788127850468,1.909386545052031
10.1010101010101,30.3030303030303,0.5464309847363569,20.40751489769674,1.230389410504851
11.11111111111111,30.3030303030303,0.3852749834517285,8.036733085220572,1.88603205187005
12.12121212121212,30.3030303030303,0.33112537768788575,11.38753827181061,1.649131844091913
13.13131313131313,30.3030303030303,0.6005245301392987,16.95253777899437,1.023478820753881
14.14141414141414,30.3030303030303,0.5524647452734219,15.01954869868442,1.436452883967102
15.15151515151515,30.3030303030303,0.6358693050468882,21.51383723393186,1.902501046698704
16.16161616161616,30.3030303030303,0.7398033202843748,13.08534530638673,1.021963630831013
17.17171717171717,30.3030303030303,0.6344825348966393,18.25350667278595,2.153558395556276
18.18181818181818,30.3030303030303,0.35049748556281046,14.22844760896851,1.769391285911269
19.19191919191919,30.3030303030303,0.5650702527926843,13.60119368074548,2.034376886978703
20.2020202020202,30.3030303030303,0.9850267981074569,18.88649068894738,0.6049219070936561
21.21212121212121,30.3030303030303,0.7139673406016642,3.755505167205351,1.858639931664166
22.22222222222222,30.3030303030303,0.251305836430224,9.28855570305619,1.59800749138512
23.23232323232324,30.3030303030303,0.20124218187915655,15.00763757308647,1.487829750826088
24.24242424242424,30.3030303030303,0.7953997865079336,10.42523252601272,1.209677243009355
25.25252525252525,30.3030303030303,1.7891375412501693,16.86752883660393,2.696418300028866
26.26262626262626,30.3030303030303,3.1765684831089183,22.21092274942616,0.2748866301583627
27.27272727272727,30.3030303030303,1.4284236831244637,24.0753714203144,4.156816266936226
28.28282828282828,30.3030303030303,1.0244723079245812,14.44900102624009,5.243827876273104
29.29292929292929,30.3030303030303,0.42486812099690485,17.98266897690707,4.877214407200609
30.3030303030303,30.3030303030303,0.32413119249924716,23.79747888008208,4.712089916432908
31.31313131313131,30.3030303030303,0.7083675301115334,27.54380492455648,5.055044711737263
32.32323232323233,30.3030303030303,0.5013908832223517,18.73547882060113,3.975463688234536
33.33333333333334,30.3030303030303,0.6106347061990754,18.80758678728827,4.321444119917089
34.34343434343435,30.3030303030303,0.6425845680849298,16.15228596161374,4.387610884389217
35.35353535353536,30.3030303030303,1.0234802068901612,22.20034100373649,4.602597595858721
36.36363636363637,30.3030303030303,0.9907381254470111,4.908795993170214,2.318009195501003
37.37373737373738,30.3030303030303,0.4127806245108528,18.40791599871715,1.985073901404994
38.38383838383839,30.3030303030303,0.49440210371410886,13.91548259247639,1.571396549810959
39.3939393939394,30.3030303030303,0.27964413045762077,22.4229847198201,1.366524648859799
40.40404040404041,30.3030303030303,0.11861172605033243,23.93862393065109,1.580586272675825
41.41414141414142,30.3030303030303,0.40687577920452656,18.46283424245831,1.647953602028062
42.42424242424243,30.3030303030303,0.6038637419419062,25.37939572218882,1.096002995202547
43.43434343434344,30.3030303030303,0.5368162689892324,16.11435981985159,1.285255933153224
44.44444444444445,30.3030303030303,0.4602426311310706,15.87913957919401,2.13232009085651
45.45454545454546,30.3030303030303,0.28171197367853923,15.05459244120423,1.592232487425018
46.46464646464647,30.3030303030303,0.08279781645364548,12.00829033514245,1.546427467419094
47.47474747474748,30.3030303030303,0.4493532453138472,11.31719855146017,1.36409045858724
48.48484848484848,30.3030303030303,0.8750537468576669,14.15569621938438,2.265866056687365
49.49494949494949,30.3030303030303,0.8135412215758814,19.66677416063388,1.269278032599321
50.50505050505051,30.3030303030303,0.39242039927994876,2.472356748601041,1.60002618517743
51.51515151515152,30.3030303030303,0.7221041832537654,10.899075025605,1.029207957078333
52.52525252525253,30.3030303030303,1.2366837256068202,8.815021826851252,0.03401638539534452
53.53535353535354,30.3030303030303,0.4955870456765341,15.27528826401696,1.649428734481218
54.54545454545455,30.3030303030303,0.167380276536005,11.77452369220836,1.711836080685691
55.55555555555556,30.3030303030303,0.41659838277696876,15.53596867673359,1.598757983318349
56.56565656565657,30.3030303030303,1.1080264534189475,8.070199352852407,0.5794490894402958
57.57575757575758,30.3030303030303,1.3428243623494656,20.42774932181608,1.756499398478541
58.58585858585859,30.3030303030303,1.2055470293462394,2.860080701603394,4.820268767351945
59.5959595959596,30.3030303030303,1.1301767556117273,19.85030714568927,5.212288171004172
60.60606060606061,30.3030303030303,0.8014236827772883,23.27289197624168,4.132356950719968
61.61616161616162,30.3030303030303,0.6042431491315083,17.67364366459005,4.985986699250351
62.62626262626263,30.3030303030303,0.688818936849422,0.0,4.459732299180074
63.63636363636364,30.3030303030303,0.2719095563218783,7.513844208041234,4.925866277676194
64.64646464646465,30.3030303030303,0.1787925837097264,26.50734934757252,4.696630869658486
65.65656565656566,30.3030303030303,0.22114170625960483,17.28206612641665,4.587245894674203
66.66666666666667,30.3030303030303,1.1486065702470774,21.86059845865316,5.170370274322126
67.67676767676768,30.3030303030303,1.512596845858062,11.87124308446934,1.732328703577914
68.68686868686869,30.3030303030303,0.4525676619951214,9.625415195821592,1.964559326463449
69.6969696969697,30.3030303030303,0.4249424527944411,7.768884050199123,1.332015346825382
70.70707070707071,30.3030303030303,0.3163475054134763,8.878901265852004,1.114728207778587
71.71717171717172,30.3030303030303,0.14976424392602627,10.79886609728119,1.40224273728073
72.72727272727273,30.3030303030303,0.36045284477025047,21.28237857311275,1.511282883519096
73.73737373737374,30.3030303030303,0.22065097245324,19.71381835243864,1.324815163655748
74.74747474747475,30.3030303030303,0.5354470413154642,23.51500250397505,1.063715736682694
75.75757575757576,30.3030303030303,0.388787053383726,11.24151927555344,1.679228167906828
76.76767676767678,30.3030303030303,0.23556245232486872,17.28952233939877,1.469417408613473
77.77777777777779,30.3030303030303,0.20445384934642225,10.58017186741011,1.566323590312977
78.7878787878788,30.3030303030303,0.642070109025562,8.969656597187864,1.288566272733174
79.7979797979798,30.3030303030303,0.49976481871120626,14.81533641938166,0.7997766186432712
80.80808080808082,30.3030303030303,0.5089926138633435,13.86227878985596,1.313933884701339
81.81818181818183,30.3030303030303,0.4103838479093541,18.04766530075278,1.23329232470908
82.82828282828284,30.3030303030303,0.627012535239533,11.33992127007809,1.99470949513866
83.83838383838385,30.3030303030303,0.5035357527123199,14.51671069519274,1.421211027851875
84.84848484848486,30.3030303030303,0.9232291943018172,15.07119449136898,0.4283849050940264
85.85858585858587,30.3030303030303,0.6526379881682739,17.40005888139221,1.191080102835383
86.86868686868688,30.3030303030303,0.7760164313279101,19.3938934533836,1.930065810847982
87.87878787878789,30.3030303030303,0.8285743764814624,19.33578839923761,0.8544881535042599
88.8888888888889,30.3030303030303,1.2685518706672805,13.09829106780515,2.030463113838557
89.89898989898991,30.3030303030303,1.3852511766302176,18.50369987905018,3.219084358287644
90.90909090909092,30.3030303030303,0.7162949260009114,41.7174892887385,4.006621396279057
91.91919191919193,30.3030303030303,0.5079889353939985,30.19633229093081,3.673678204246091
92.92929292929294,30.3030303030303,0.7966575846096801,25.24883409847577,4.81838608881842
93.93939393939395,30.3030303030303,1.507824685706625,21.46387237624282,5.405578072978868
94.94949494949496,30.3030303030303,1.3191026544759643,11.80469473215161,3.469799416913399
95.95959595959597,30.3030303030303,0.9849371643933051,15.07206048837768,4.75438126817065
96.96969696969697,30.3030303030303,1.4612273781120937,34.30484443809515,5.875213161268413
97.97979797979798,30.3030303030303,1.2932933200974766,24.66444141215735,3.818652994132637
98.98989898989899,30.3030303030303,2.036757622824665,16.94444897588185,5.169594883708856
100.0,30.3030303030303,1.2926517039827095,13.96996055829617,1.936543021716026
0.0,31.31313131313131,0.4751006619870739,21.86037671744386,4.652605156527915
1.01010101010101,31.31313131313131,1.3527037538733468,20.89814744641529,3.743405510086698
2.02020202020202,31.31313131313131,0.6975795601523171,38.60540182579909,4.718745705380933
3.03030303030303,31.31313131313131,0.5314763049598636,15.98294341465248,4.120563936307887
4.040404040404041,31.31313131313131,1.3704247551487523,10.65171963113592,4.861271540044673
5.050505050505051,31.31313131313131,1.228734255721416,13.00042910180014,1.142398595071308
6.060606060606061,31.31313131313131,0.6265523833916946,16.82702862634698,0.9334696412057215
7.070707070707071,31.31313131313131,1.3853371553427862,7.106658919957333,2.81976833724212
8.080808080808081,31.31313131313131,0.5589345540574298,20.81393396413584,1.505301163664313
9.090909090909092,31.31313131313131,0.3832534442892582,16.65343909894275,1.50765479274096
10.1010101010101,31.31313131313131,0.791188396726212,16.11861062000584,0.7821961068444693
11.11111111111111,31.31313131313131,0.7265190717636851,9.451183616073834,2.134230134194136
12.12121212121212,31.31313131313131,0.1508721950204195,12.11121112077385,1.825818831708445
13.13131313131313,31.31313131313131,0.5381668519029461,15.98499021165511,1.921557898029933
14.14141414141414,31.31313131313131,0.38315924472469826,15.48237376470855,1.767795782225841
15.15151515151515,31.31313131313131,0.3775098768804866,16.73411513941634,1.402459147787974
16.16161616161616,31.31313131313131,0.4935758026597321,15.86679061736466,1.392325671048113
17.17171717171717,31.31313131313131,0.5307584031591912,22.65947226859807,1.838137684300593
18.18181818181818,31.31313131313131,0.3990878211146252,13.83955102361358,1.321395107463525
19.19191919191919,31.31313131313131,0.30071232752256466,7.974346105497099,1.801175824672854
20.2020202020202,31.31313131313131,0.5458774826756809,17.59051150581445,1.560195615852131
21.21212121212121,31.31313131313131,0.5253059342831364,16.38549202782865,1.071209869010645
22.22222222222222,31.31313131313131,0.3985800180025858,3.628649344241293,1.265209945921688
23.23232323232324,31.31313131313131,0.40216522690774925,20.48372878639503,1.844484364575046
24.24242424242424,31.31313131313131,0.38521145923878497,15.06189626519634,1.875174433035179
25.25252525252525,31.31313131313131,0.6470692675626625,10.48639162470503,1.254514882275034
26.26262626262626,31.31313131313131,0.936195605188656,14.00202192815197,1.540464958197264
27.27272727272727,31.31313131313131,0.7834273748437166,23.8357267488251,3.648700316263345
28.28282828282828,31.31313131313131,1.1393817157727235,21.06199547027618,3.158584679432584
29.29292929292929,31.31313131313131,0.5036734734420322,7.944161012887793,4.590638782703254
30.3030303030303,31.31313131313131,0.30359399010355614,6.196930172432548,4.627981893898389
31.31313131313131,31.31313131313131,0.20902973715281248,12.08465859050009,4.534050244131135
32.32323232323233,31.31313131313131,0.6361834351233752,24.22008675119148,4.390008089023326
33.33333333333334,31.31313131313131,1.0803424552393388,17.4370427696345,5.840755107774332
34.34343434343435,31.31313131313131,1.3095681624283202,25.44763820983797,6.385723356087233
35.35353535353536,31.31313131313131,1.5640885376181524,15.23816457297354,5.331681184545968
36.36363636363637,31.31313131313131,1.2711478094852173,14.98053346049543,1.811439404880124
37.37373737373738,31.31313131313131,0.5768977056281985,17.07140171997438,1.105857352428121
38.38383838383839,31.31313131313131,0.5581607144404045,15.98798399058176,1.057472527961562
39.3939393939394,31.31313131313131,0.8482853320475308,20.33288285575795,2.025901250199821
40.40404040404041,31.31313131313131,0.25333687716555126,10.06286141964843,1.70918510158829
41.41414141414142,31.31313131313131,0.7451717866167509,17.55325871708228,1.972303771201014
42.42424242424243,31.31313131313131,1.2437525364109303,11.99641079160578,0.5618488541098434
43.43434343434344,31.31313131313131,0.6626041113848449,9.36344049443213,1.855358163147869
44.44444444444445,31.31313131313131,0.20946831308967762,15.77583191731611,2.10283261225805
45.45454545454546,31.31313131313131,0.4331407482061597,6.192000221172931,1.952906739544457
46.46464646464647,31.31313131313131,0.38074109130983713,17.61348812238963,1.612813890290264
47.47474747474748,31.31313131313131,0.5442060343402768,14.62504373475428,0.9164233533045314
48.48484848484848,31.31313131313131,0.4531832686991207,12.79691143991578,1.912466247560649
49.49494949494949,31.31313131313131,0.7540244516748826,9.726748811733376,2.193339919645063
50.50505050505051,31.31313131313131,0.6448708756228392,23.16460927410222,1.351986195530729
51.51515151515152,31.31313131313131,0.6499145292036594,15.65621632285074,0.8165753483020441
52.52525252525253,31.31313131313131,0.8286617819774251,6.682946068528032,1.632989887461801
53.53535353535354,31.31313131313131,0.19024537632030503,16.15499396211958,1.501056574283451
54.54545454545455,31.31313131313131,0.2923636880247701,18.69297737259916,1.782502975518567
55.55555555555556,31.31313131313131,0.2599954966897623,9.388306100167746,1.537086013728916
56.56565656565657,31.31313131313131,0.37301959275530505,17.51959252787426,1.037172838541177
57.57575757575758,31.31313131313131,1.0169548515363305,15.88656991064052,1.103594476584157
58.58585858585859,31.31313131313131,1.9223102460195283,23.54413364596013,3.809290885493541
59.5959595959596,31.31313131313131,1.3500562913471015,32.50858880780611,5.964772287984967
60.60606060606061,31.31313131313131,0.8041093619661748,38.67774566666586,4.941598173601613
61.61616161616162,31.31313131313131,0.3778833826368926,24.82136647238833,4.463318762348655
62.62626262626263,31.31313131313131,0.2823784494919801,32.95854615658729,4.749039832949539
63.63636363636364,31.31313131313131,0.39963447292583454,15.16172919925398,5.13347503201458
64.64646464646465,31.31313131313131,0.37995973280892836,20.11002669931085,4.890880314692054
65.65656565656566,31.31313131313131,0.21182324454695434,32.65527239874313,4.514077935138255
66.66666666666667,31.31313131313131,0.8712398615744171,29.7034005444489,4.723882164912672
67.67676767676768,31.31313131313131,0.9994047698217376,8.870400076781202,2.04974295023831
68.68686868686869,31.31313131313131,0.5251632369129444,15.84659639961538,1.452153149247657
69.6969696969697,31.31313131313131,0.2627726780794373,16.57744652559187,1.666968292689462
70.70707070707071,31.31313131313131,0.204631444633241,14.39797974193697,1.66857080929131
71.71717171717172,31.31313131313131,0.22084606609991747,3.799741538936773,1.462469709633807
72.72727272727273,31.31313131313131,0.5095105696309274,19.73613091491726,1.82155984035064
73.73737373737374,31.31313131313131,0.6259484550303975,15.1950030380313,1.182572161271421
74.74747474747475,31.31313131313131,0.437728079561983,24.07050226157624,1.854316848831378
75.75757575757576,31.31313131313131,0.6889942669772274,18.94235430156973,2.033913156009015
76.76767676767678,31.31313131313131,0.47682933786009424,8.801758332879864,1.122937501212192
77.77777777777779,31.31313131313131,0.3592111349124928,11.99625959880847,1.688459933704468
78.7878787878788,31.31313131313131,1.0443346734827728,15.11210531716396,2.421377635463027
79.7979797979798,31.31313131313131,0.7622256047999053,19.27459468202176,1.339032173084499
80.80808080808082,31.31313131313131,0.5837153987408545,11.68301181276474,2.164320536427485
81.81818181818183,31.31313131313131,0.4886384396801862,2.786040407005696,1.791034185001253
82.82828282828284,31.31313131313131,0.9211737646204061,18.06338488867704,0.8702014479824195
83.83838383838385,31.31313131313131,0.4802844452559536,20.21146362801163,1.678635672128401
84.84848484848486,31.31313131313131,0.4163025096226987,16.85404713042959,1.825183486916795
85.85858585858587,31.31313131313131,0.5410204111452401,6.974928990592004,1.76095159963034
86.86868686868688,31.31313131313131,0.6974120110802776,15.20983055954133,0.7431236722161835
87.87878787878789,31.31313131313131,0.3724031270630289,17.32167694982845,1.230885669642429
88.8888888888889,31.31313131313131,1.3068090791315456,10.5265595769529,1.085629849717451
89.89898989898991,31.31313131313131,1.5350246685001085,15.5053697882488,4.893168942161692
90.90909090909092,31.31313131313131,0.6008456767225036,23.97131523206638,4.571002722755125
91.91919191919193,31.31313131313131,0.4251418078025161,16.49352278655184,3.785629357359442
92.92929292929294,31.31313131313131,0.853731381187791,16.41355297696332,3.463788631323743
93.93939393939395,31.31313131313131,0.6349360171367301,18.32519145965576,4.277255007852688
94.94949494949496,31.31313131313131,0.5753823632029734,24.33001458835505,4.436805853485771
95.95959595959597,31.31313131313131,0.3558609857332735,17.02433676947306,5.126680182169119
96.96969696969697,31.31313131313131,0.7187902530280598,18.50131359778762,5.229313189011219
97.97979797979798,31.31313131313131,1.5585464951325623,16.56615889798077,5.33956649072191
98.98989898989899,31.31313131313131,1.882463568303605,16.97550724480597,1.920591365868693
100.0,31.31313131313131,0.263755852430833,10.09083772735623,1.596851887731985
0.0,32.32323232323233,1.104062645295998,19.8155776718541,4.991872724318594
1.01010101010101,32.32323232323233,2.1166999975877365,20.03988242597707,6.475244317976568
2.02020202020202,32.32323232323233,0.7964464953726409,27.16336110133653,4.46957674621533
3.03030303030303,32.32323232323233,0.2774786375739322,12.47607733989893,4.107722131795809
4.040404040404041,32.32323232323233,1.2771794900943483,21.54301084138299,4.153897193159998
5.050505050505051,32.32323232323233,1.8784091702087897,18.53644472358803,1.440645060236436
6.060606060606061,32.32323232323233,0.3888234391340151,7.049190299103653,1.021509930965451
7.070707070707071,32.32323232323233,0.6708280770612318,5.16221756701568,1.711921134304486
8.080808080808081,32.32323232323233,0.5880281860592478,20.30578744956266,0.9338177677001696
9.090909090909092,32.32323232323233,0.30754370094828104,11.51909025675969,1.104185082868136
10.1010101010101,32.32323232323233,0.36104351420526115,16.87377167543479,1.421263676842778
11.11111111111111,32.32323232323233,0.6688200255634493,5.184132272058647,1.136797259298839
12.12121212121212,32.32323232323233,0.4639226552808876,13.31252934686074,1.803167408050478
13.13131313131313,32.32323232323233,0.5671677980131486,9.164148098153358,0.9164707498197806
14.14141414141414,32.32323232323233,0.33729400796809944,18.12380989555332,1.085600451827746
15.15151515151515,32.32323232323233,0.554396672201819,10.41568090992207,0.7679316503544857
16.16161616161616,32.32323232323233,0.7077678708340651,8.222075635191983,0.2443299906186256
17.17171717171717,32.32323232323233,0.6000005873030483,12.62429388239518,0.9930793730090594
18.18181818181818,32.32323232323233,0.28527136868544645,17.44042853989062,1.473226919427885
19.19191919191919,32.32323232323233,0.40508059384414796,20.00289184577179,1.552288502918496
20.2020202020202,32.32323232323233,0.586766320017922,18.40025765332607,1.061925349570091
21.21212121212121,32.32323232323233,0.5732097613361884,18.15716302928086,1.702017719737141
22.22222222222222,32.32323232323233,0.488681647012761,17.89432838854536,1.753457976904198
23.23232323232324,32.32323232323233,0.8343026531936956,13.42756162177021,2.486526171343594
24.24242424242424,32.32323232323233,0.41933798304063175,23.29210723451257,1.651175405326141
25.25252525252525,32.32323232323233,0.12313277816922075,9.87632005742449,1.494278908089477
26.26262626262626,32.32323232323233,0.7909791616503508,25.10006775850926,1.455446299469853
27.27272727272727,32.32323232323233,0.782338787237874,26.56471483529265,3.675942870068488
28.28282828282828,32.32323232323233,0.5718452676292001,15.65080440633216,3.708698605581526
29.29292929292929,32.32323232323233,0.9456555734479686,28.70647913876143,4.849359837508223
30.3030303030303,32.32323232323233,0.803907536417356,19.59112726024384,3.628988716981072
31.31313131313131,32.32323232323233,0.3663303438300157,13.07415461072974,4.456899568001076
32.32323232323233,32.32323232323233,0.34296494540533695,18.45550039403271,4.925408254869222
33.33333333333334,32.32323232323233,0.3305592568330429,30.95846609254951,5.034411541738127
34.34343434343435,32.32323232323233,0.5746649940780373,40.53406328024813,4.744573597926133
35.35353535353536,32.32323232323233,1.1629290715339209,10.80329862354896,4.378694573967715
36.36363636363637,32.32323232323233,1.5697356503518027,22.49495602469676,1.459241789677981
37.37373737373738,32.32323232323233,0.46937061523228507,12.50527112116019,1.78026474904548
38.38383838383839,32.32323232323233,0.5266789170650877,17.67877430784781,1.759377817168965
39.3939393939394,32.32323232323233,0.9410742505595537,14.03998500160391,0.5772813941995105
40.40404040404041,32.32323232323233,0.6115565506784513,15.86328910153796,1.404271240062805
41.41414141414142,32.32323232323233,0.7627491934101976,17.24294125792487,0.9895403806108571
42.42424242424243,32.32323232323233,1.3626801050832589,16.77806623470808,2.298740632531665
43.43434343434344,32.32323232323233,0.5283850654167462,25.94999345500562,1.316027705751341
44.44444444444445,32.32323232323233,0.5340310268118809,21.19036468096272,1.691847160321573
45.45454545454546,32.32323232323233,0.44177753472806747,16.75912640078156,1.071036720807043
46.46464646464647,32.32323232323233,0.2543183825873452,14.95919816633352,1.192719334162011
47.47474747474748,32.32323232323233,0.3869667063095972,16.2653178683576,0.8796997524679832
48.48484848484848,32.32323232323233,0.40423537371974827,16.45746314465994,1.730049548231414
49.49494949494949,32.32323232323233,0.7228630759503603,14.26224403891601,1.223531396190023
50.50505050505051,32.32323232323233,0.7674199995032334,18.17542319628001,2.306665137032366
51.51515151515152,32.32323232323233,0.5244102213838719,12.54291336472395,1.851775469951951
52.52525252525253,32.32323232323233,0.8360706415911203,10.67544489538483,2.400315660966938
53.53535353535354,32.32323232323233,0.36760524039661924,12.03127133752713,1.700286204953438
54.54545454545455,32.32323232323233,0.4319049630447864,10.21092870452968,1.21057848127713
55.55555555555556,32.32323232323233,0.46971531098841834,17.95580106581303,1.770065893921142
56.56565656565657,32.32323232323233,0.3026758167559998,20.00247855087875,1.505192647230797
57.57575757575758,32.32323232323233,1.2341222087081545,13.68672446347814,1.74639091388273
58.58585858585859,32.32323232323233,2.2088742702504796,21.01288461091322,5.626376176312439
59.5959595959596,32.32323232323233,0.973741759153655,15.31268329865166,4.495686756452138
60.60606060606061,32.32323232323233,0.5956467316657643,21.1199066055625,4.035855474254871
61.61616161616162,32.32323232323233,0.226608609903171,24.66118840013732,4.238453650556623
62.62626262626263,32.32323232323233,0.27069688696355265,3.2631907996937,4.578989838417009
63.63636363636364,32.32323232323233,0.3134488317545543,35.44591979551184,4.369575811037195
64.64646464646465,32.32323232323233,0.7355617913561445,26.72668789198787,4.184687925366233
65.65656565656566,32.32323232323233,0.5164430491844882,21.35818803908872,4.701596344461909
66.66666666666667,32.32323232323233,0.906292560686647,30.40978023529529,4.878410057352108
67.67676767676768,32.32323232323233,1.6713193988575428,8.53588643533577,1.64126713327677
68.68686868686869,32.32323232323233,0.6753140028646344,6.332734894376101,2.227994975251184
69.6969696969697,32.32323232323233,0.5944481042921328,13.19314203069517,1.167248186279446
70.70707070707071,32.32323232323233,0.46789237599746175,17.36700279303821,1.7255503700522
71.71717171717172,32.32323232323233,0.41192135453681894,17.29571915124973,1.20450364796155
72.72727272727273,32.32323232323233,0.7376712144840634,15.30083623181745,1.091872328454526
73.73737373737374,32.32323232323233,1.2442270422708863,10.15663055421048,0.1317537101733332
74.74747474747475,32.32323232323233,0.7805590361489336,14.65450197197586,1.745346637469724
75.75757575757576,32.32323232323233,0.7907651678549552,13.26698615100639,0.7231930381767528
76.76767676767678,32.32323232323233,0.32114746001597455,18.16383087519947,1.038598144462195
77.77777777777779,32.32323232323233,0.40065005619149713,20.38810272065501,1.704727995712113
78.7878787878788,32.32323232323233,0.8177679580732924,19.34746614684779,1.192113468398877
79.7979797979798,32.32323232323233,0.4734263428709072,14.10898549303232,1.941045212121378
80.80808080808082,32.32323232323233,0.14976213557773793,13.5785779950243,1.878420307959431
81.81818181818183,32.32323232323233,0.1065144158712128,17.87483953382612,1.893726994984759
82.82828282828284,32.32323232323233,0.5312574841510441,16.86352103668773,1.701121498142989
83.83838383838385,32.32323232323233,0.6661518397035835,14.88679257336877,0.9699045743154882
84.84848484848486,32.32323232323233,0.5871392232557098,15.78036466608811,1.767551732323618
85.85858585858587,32.32323232323233,0.4100105860581576,11.01741548879697,1.248801266544948
86.86868686868688,32.32323232323233,0.6947282656757994,14.41892723254827,0.6460076913672737
87.87878787878789,32.32323232323233,0.5301097636023371,15.50650739837433,1.711082844405152
88.8888888888889,32.32323232323233,1.1140391868278274,11.87808411462473,1.415237989753309
89.89898989898991,32.32323232323233,1.1158240471292566,15.23282178826122,4.556860163886113
90.90909090909092,32.32323232323233,0.6991639675900678,22.74191239321038,3.839540927143429
91.91919191919193,32.32323232323233,0.41532663699727923,18.07033303953868,4.267031344024773
92.92929292929294,32.32323232323233,0.5391159465250851,27.79525137619731,4.388809596015587
93.93939393939395,32.32323232323233,0.50243854285492,26.36781132581993,4.715658789111401
94.94949494949496,32.32323232323233,0.6939779082075832,16.21417733944022,3.95170801156268
95.95959595959597,32.32323232323233,0.792733061324792,21.09256392011011,4.868042488759944
96.96969696969697,32.32323232323233,1.345176950718645,20.47641432688497,3.212938457708965
97.97979797979798,32.32323232323233,1.456886505123185,32.53991527521877,4.15552243334484
98.98989898989899,32.32323232323233,2.2211572966262905,14.13862587775835,1.382455213484361
100.0,32.32323232323233,0.16297791706054032,19.43411486109838,1.724688832903735
0.0,33.33333333333334,1.0359388337235655,17.72958161911973,3.502323949879252
1.01010101010101,33.33333333333334,1.0087934093115205,29.32163987333947,4.229322300934703
2.02020202020202,33.33333333333334,1.359090526197885,12.08927002122651,5.038671582359532
3.03030303030303,33.33333333333334,1.176235084994937,19.55406737115054,3.418679061795869
4.040404040404041,33.33333333333334,1.0932416268910667,27.7112669013972,5.795813612364965
5.050505050505051,33.33333333333334,2.3995642052987494,26.63735489647125,5.523648013711921
6.060606060606061,33.33333333333334,1.5587103658890107,19.13238128375963,1.379217065131762
7.070707070707071,33.33333333333334,0.19240066918834048,12.88984416011806,1.818871669668428
8.080808080808081,33.33333333333334,0.4038478015281959,22.92788537887904,1.765976434200734
9.090909090909092,33.33333333333334,0.23396057304925394,22.60960115773187,1.443444267645828
10.1010101010101,33.33333333333334,0.3325450932941265,15.17216666188988,1.217702201538623
11.11111111111111,33.33333333333334,0.43549685759925677,22.86652583437299,1.863807920361761
12.12121212121212,33.33333333333334,0.6631381149270716,10.81607017084135,2.083139798533725
13.13131313131313,33.33333333333334,0.679786908341434,14.86878587092412,0.7087130662160009
14.14141414141414,33.33333333333334,0.5230684827061413,13.54407650758744,0.9054182538346689
15.15151515151515,33.33333333333334,0.5573947851249084,9.65570256685359,1.509720380519153
16.16161616161616,33.33333333333334,0.6057803927607764,20.05159057165887,0.6550547513991051
17.17171717171717,33.33333333333334,0.20891206602659426,9.525807058273923,0.6670322638976595
18.18181818181818,33.33333333333334,0.8082969672467456,14.52537085579751,1.043182386559896
19.19191919191919,33.33333333333334,0.9869829542022858,3.407460897171469,2.354298819701714
20.2020202020202,33.33333333333334,0.8026072952156333,15.90967736281867,1.780264839844284
21.21212121212121,33.33333333333334,0.7766644478860316,10.21054670421084,0.7315191524529904
22.22222222222222,33.33333333333334,0.48958090408004573,15.67205947659721,1.071487871442117
23.23232323232324,33.33333333333334,0.41172971776376627,21.53671382505303,1.359776325794209
24.24242424242424,33.33333333333334,0.5470974678253888,18.01791316338998,1.190069764126769
25.25252525252525,33.33333333333334,0.4109179775386198,17.2972171215059,1.551316889095629
26.26262626262626,33.33333333333334,1.560639815814667,10.53310543534667,2.275015108125586
27.27272727272727,33.33333333333334,1.3404240846654862,24.92214403618228,4.524803159103168
28.28282828282828,33.33333333333334,1.0031220052036338,29.85707016234751,3.144848428653403
29.29292929292929,33.33333333333334,0.5194351222204353,35.46489998715387,3.686490950975167
30.3030303030303,33.33333333333334,0.435597224007207,25.31736115257255,3.797343714186023
31.31313131313131,33.33333333333334,0.578892923493139,0.0,4.54865072930293
32.32323232323233,33.33333333333334,0.5713273572559378,23.47068750298062,4.66646061283082
33.33333333333334,33.33333333333334,0.47928819377482057,12.80952913513716,5.151463772353194
34.34343434343435,33.33333333333334,0.20787903039832578,5.717391779003026,4.742780347545495
35.35353535353536,33.33333333333334,0.483604368774195,13.08986315758277,4.792092441276994
36.36363636363637,33.33333333333334,1.6423589424065408,22.69816529083784,4.145511032225817
37.37373737373738,33.33333333333334,1.297995982093004,8.335234945011173,0.9190995759777125
38.38383838383839,33.33333333333334,0.4303486065725554,11.83325282676432,1.557550792961986
39.3939393939394,33.33333333333334,0.7880742817217363,8.096138887645552,0.8838722716046656
40.40404040404041,33.33333333333334,1.0504764222013105,11.58172001804394,2.303862875935883
41.41414141414142,33.33333333333334,0.6663408153911663,15.80491691356719,1.333842652288735
42.42424242424243,33.33333333333334,0.8513347514280423,18.78740088657942,0.8768251693215824
43.43434343434344,33.33333333333334,0.4747660059657254,12.97467494315102,1.531705128671242
44.44444444444445,33.33333333333334,0.7854412449344172,0.0,2.420355921547858
45.45454545454546,33.33333333333334,0.45833624009263574,12.34201346403511,1.213783788112401
46.46464646464647,33.33333333333334,0.3898149119913787,13.32922723873829,1.355196113334143
47.47474747474748,33.33333333333334,0.67588226843735,14.59161671623743,0.5319259055236012
48.48484848484848,33.33333333333334,0.38034752223048796,13.9249243481561,1.652392700486478
49.49494949494949,33.33333333333334,0.255433565419238,16.82002179669332,1.55552328365269
50.50505050505051,33.33333333333334,0.36537770835341055,16.52236094239929,1.729687488443828
51.51515151515152,33.33333333333334,0.3478401358865323,23.07382959820185,1.792764564161772
52.52525252525253,33.33333333333334,0.7050695015593653,14.56103215524973,1.071928515136081
53.53535353535354,33.33333333333334,0.31540909671579653,10.76657031885414,1.618832053726756
54.54545454545455,33.33333333333334,0.3376226497448345,20.53324355302835,1.317078702894519
55.55555555555556,33.33333333333334,0.46619963162634726,17.63671983657461,0.9485451894940516
56.56565656565657,33.33333333333334,0.3313347283054796,17.13693079736504,1.268580702238696
57.57575757575758,33.33333333333334,1.122540396096999,11.23823597952655,1.918899782335133
58.58585858585859,33.33333333333334,1.93733635325589,14.59629977201929,3.618639068419428
59.5959595959596,33.33333333333334,0.852319134929927,21.84715345449465,5.331047559476361
60.60606060606061,33.33333333333334,0.673052158550295,21.48293868353018,4.850270243072166
61.61616161616162,33.33333333333334,0.2827329147127948,30.585341990435,4.376888614215136
62.62626262626263,33.33333333333334,0.4843621026986382,18.76014101687844,4.216202500335529
63.63636363636364,33.33333333333334,0.7344749592491424,26.08502251564491,4.273981618047139
64.64646464646465,33.33333333333334,1.0116441487858718,31.53346015136598,5.718946396698351
65.65656565656566,33.33333333333334,0.9908976488683194,13.89166617750122,5.886127999890333
66.66666666666667,33.33333333333334,0.5532142670928486,21.12610081019475,4.821724344010492
67.67676767676768,33.33333333333334,1.654480258200761,32.54519603038248,4.09419814569565
68.68686868686869,33.33333333333334,0.9208963682876019,19.12509754687088,1.950055420742326
69.6969696969697,33.33333333333334,0.39899826549762213,19.20722750666939,1.426271524293469
70.70707070707071,33.33333333333334,0.5367688168594648,17.74539884340275,0.9903093326866467
71.71717171717172,33.33333333333334,0.8563963278178145,18.42599227952041,1.960544962838895
72.72727272727273,33.33333333333334,0.6823650724559234,11.98403997904131,2.240119736706449
73.73737373737374,33.33333333333334,0.6646070777802107,8.387671126369442,1.484131882581207
74.74747474747475,33.33333333333334,0.16426259398931453,9.379471852130644,1.367827230825005
75.75757575757576,33.33333333333334,0.26579917591252306,19.93905036144278,1.237974886185898
76.76767676767678,33.33333333333334,0.11928105834161545,12.078850630413,1.257313670240736
77.77777777777779,33.33333333333334,0.4916599837816001,11.06301362655713,1.297140211516924
78.7878787878788,33.33333333333334,0.6086175736823204,14.53610555823648,1.972374862592159
79.7979797979798,33.33333333333334,0.5466166206957147,15.88671484095924,1.460909527559076
80.80808080808082,33.33333333333334,0.4898109347495425,19.86541600138025,2.113637030615054
81.81818181818183,33.33333333333334,0.36074589278288827,12.26789590857005,2.009179664619006
82.82828282828284,33.33333333333334,0.46304179086109964,11.39742777944092,1.330834032368653
83.83838383838385,33.33333333333334,0.4684369371299525,16.72969018155,0.5428923951496977
84.84848484848486,33.33333333333334,0.7078740032370082,7.188719947856481,0.7930242176807557
85.85858585858587,33.33333333333334,0.4139387190930299,18.16897191641551,1.242453296354054
86.86868686868688,33.33333333333334,0.4679609532111664,3.289010824703216,1.659936045006008
87.87878787878789,33.33333333333334,0.37908066357171766,23.11162585114088,1.431760972448248
88.8888888888889,33.33333333333334,1.751266272106496,12.0858698908365,2.104319568244114
89.89898989898991,33.33333333333334,1.023674039592878,21.12276273386756,4.824906163252073
90.90909090909092,33.33333333333334,0.6336351953258391,16.46743191954596,4.759925348267976
91.91919191919193,33.33333333333334,1.094511651584009,27.97380321437178,3.636395451573146
92.92929292929294,33.33333333333334,0.6344874446660339,25.37809339669818,5.171624972337456
93.93939393939395,33.33333333333334,0.532029273560199,11.26559017103851,5.196209208627834
94.94949494949496,33.33333333333334,0.6890368216375594,29.00518226852811,4.562236547723939
95.95959595959597,33.33333333333334,0.33810307393970285,11.78771211425289,4.527186445118193
96.96969696969697,33.33333333333334,0.670638481990677,20.90863099244412,3.979583522594436
97.97979797979798,33.33333333333334,1.3491768195940268,29.3561187690379,3.227671665725524
98.98989898989899,33.33333333333334,3.8576560832728464,34.88982706866167,6.613647408325337
100.0,33.33333333333334,1.7570276413308974,10.05452269823991,1.743552019494232
0.0,34.34343434343435,0.45000394969239305,14.43504559721528,4.393593325555156
1.01010101010101,34.34343434343435,0.6209995745749622,23.74225455725941,3.976418313210765
2.02020202020202,34.34343434343435,1.7071794867462695,18.86913721878171,2.600746115700686
3.03030303030303,34.34343434343435,1.133486094791472,28.7923967648633,3.39990886294882
4.040404040404041,34.34343434343435,1.4142468728181303,23.99043914129481,5.877563551502125
5.050505050505051,34.34343434343435,1.4244551021385587,25.56112644552628,4.424990693225612
6.060606060606061,34.34343434343435,1.5035852711412805,19.4656547676356,2.672265841404669
7.070707070707071,34.34343434343435,0.6326202582210139,14.33554343071836,1.988973971053488
8.080808080808081,34.34343434343435,0.4061349145380174,15.30055934902845,1.358171296611115
9.090909090909092,34.34343434343435,0.22145471609138095,20.23607967269867,1.395135392888615
10.1010101010101,34.34343434343435,0.24763330367636177,22.03388666644502,1.472473314480631
11.11111111111111,34.34343434343435,0.4274074053409314,15.73719129193139,2.013347092700764
12.12121212121212,34.34343434343435,0.46376326201639295,12.88037329366981,1.304318339798373
13.13131313131313,34.34343434343435,0.4824540027765147,13.52129128186434,1.648971096041565
14.14141414141414,34.34343434343435,0.7349167003170838,11.3676907953011,2.016502672363005
15.15151515151515,34.34343434343435,0.2820875820723569,15.49403282121929,1.480897725988719
16.16161616161616,34.34343434343435,0.6634077269135235,9.612510231733184,1.800808420043129
17.17171717171717,34.34343434343435,0.7006599108145152,18.7179532482722,0.7885057837318458
18.18181818181818,34.34343434343435,0.9370569500137622,3.448234534930006,2.159059166874835
19.19191919191919,34.34343434343435,0.6854705677931158,9.108601080952269,1.093527732675037
20.2020202020202,34.34343434343435,0.6621318018649536,10.13338938275993,0.9109548165046667
21.21212121212121,34.34343434343435,0.4250783737903445,8.56798867436609,1.478963970332546
22.22222222222222,34.34343434343435,0.35723625334562664,13.79370770538393,1.719584208959
23.23232323232324,34.34343434343435,0.5331801500366515,8.067446808328993,1.297602316308061
24.24242424242424,34.34343434343435,1.136543918209388,21.77295872514341,2.386400307592652
25.25252525252525,34.34343434343435,2.1957997517417587,13.10397215908069,1.049628303946119
26.26262626262626,34.34343434343435,1.9902193514421496,17.91760069769878,4.724519292720982
27.27272727272727,34.34343434343435,1.1391772540309346,21.5992409656742,3.641709890903251
28.28282828282828,34.34343434343435,1.0613416712219503,31.2209431537762,4.671889019768286
29.29292929292929,34.34343434343435,0.5623188635084793,40.22117623710768,3.948867267791232
30.3030303030303,34.34343434343435,1.5000888286249823,16.60575360468305,3.085469593689909
31.31313131313131,34.34343434343435,1.8813240667288476,24.46392993906511,5.903354363328836
32.32323232323233,34.34343434343435,1.6745799862647894,30.12608276947138,3.242911868895735
33.33333333333334,34.34343434343435,0.6219496895296631,12.82397495643399,4.245049812199054
34.34343434343435,34.34343434343435,0.247522778420321,24.61348444373209,4.371052994872028
35.35353535353536,34.34343434343435,0.4879462251051513,24.2539516175257,3.966966336272168
36.36363636363637,34.34343434343435,1.110059392609092,26.43519855940733,4.155684694004863
37.37373737373738,34.34343434343435,1.9970300801031204,14.98024817110852,1.385055658049584
38.38383838383839,34.34343434343435,0.19178408258573387,6.609476181609254,1.764988456703635
39.3939393939394,34.34343434343435,0.29104880795345883,14.84280913494741,1.635909395397918
40.40404040404041,34.34343434343435,0.6515735573883225,19.14822968766002,1.391559650982084
41.41414141414142,34.34343434343435,0.831355161780637,11.89782217015394,2.227865935561222
42.42424242424243,34.34343434343435,0.4617970430055056,17.62127545087624,1.748351269506857
43.43434343434344,34.34343434343435,0.5044951369077825,22.88949077637928,1.391849279954517
44.44444444444445,34.34343434343435,1.0712664258522464,15.94412435406424,2.738389213747169
45.45454545454546,34.34343434343435,0.5579428017441165,20.56327010939934,1.556397222520387
46.46464646464647,34.34343434343435,0.5742486818841126,12.35530332611757,0.9230957775730441
47.47474747474748,34.34343434343435,0.42545889395143865,9.178963093132328,0.9439441295552009
48.48484848484848,34.34343434343435,0.259802329791927,15.03832129196709,1.425995671106127
49.49494949494949,34.34343434343435,0.21260247787646153,6.709484363398301,1.136814531063331
50.50505050505051,34.34343434343435,0.4665101891410639,20.51516976436267,1.082395584127806
51.51515151515152,34.34343434343435,0.4600180451140871,13.34875685254971,1.244328051149457
52.52525252525253,34.34343434343435,0.5033636492940368,27.27135203881277,0.8477772423458427
53.53535353535354,34.34343434343435,0.4016229306917919,21.33680472548033,1.950357399940348
54.54545454545455,34.34343434343435,0.31544702246112655,9.445746982449238,1.890782216023764
55.55555555555556,34.34343434343435,0.27809827076645754,12.6761763981776,1.303253985427239
56.56565656565657,34.34343434343435,1.625758716057398,20.1396830681858,1.15020832684996
57.57575757575758,34.34343434343435,2.013289237372603,27.77837556219893,3.886494132089995
58.58585858585859,34.34343434343435,1.5593180646890916,19.93267627948669,5.948099596408749
59.5959595959596,34.34343434343435,0.6419873737982692,25.72655306480913,4.950317630242004
60.60606060606061,34.34343434343435,1.1218824899743658,26.9010608365728,3.926635322949507
61.61616161616162,34.34343434343435,0.5156690370374114,19.53214521330274,4.735317566671164
62.62626262626263,34.34343434343435,1.5210509848165348,27.31623582946375,5.572398341457384
63.63636363636364,34.34343434343435,1.72391814951252,18.95803175986458,2.934419870403448
64.64646464646465,34.34343434343435,1.0239809472982533,18.8924962769927,4.818774654730177
65.65656565656566,34.34343434343435,0.7455020897559594,24.44556131995877,4.338654318917303
66.66666666666667,34.34343434343435,0.5811997450612552,29.34458577667619,4.457482843175397
67.67676767676768,34.34343434343435,1.7152658478680014,13.00501387730508,5.387519242811648
68.68686868686869,34.34343434343435,2.234426883310403,13.52417017750115,1.212336123502957
69.6969696969697,34.34343434343435,0.5138674915793169,17.22922725317836,1.803495160214255
70.70707070707071,34.34343434343435,0.48529953440803025,16.73693466167348,0.9846729243734116
71.71717171717172,34.34343434343435,1.0088104410166703,12.41899486543913,0.5408113704647844
72.72727272727273,34.34343434343435,0.6140267347846884,12.71605681905051,1.694469483127475
73.73737373737374,34.34343434343435,0.4028457817578085,6.230815680654872,1.917889515412732
74.74747474747475,34.34343434343435,0.27727079140031446,16.02376717372691,1.334453257907775
75.75757575757576,34.34343434343435,0.39792466681337274,10.24696373293548,1.6371986131329
76.76767676767678,34.34343434343435,0.7523573401558732,16.86355861189639,1.058070287983841
77.77777777777779,34.34343434343435,0.6781397083721394,20.24197730207962,2.141131170096712
78.7878787878788,34.34343434343435,0.5967950116085071,10.50306351200784,1.504865948164478
79.7979797979798,34.34343434343435,0.6734911262387766,22.28262089889064,2.003047487690572
80.80808080808082,34.34343434343435,0.7640061337357119,15.98892048495989,1.146794883324532
81.81818181818183,34.34343434343435,0.36112807738158625,11.68423622992118,1.464451761368101
82.82828282828284,34.34343434343435,0.15325114593535552,6.22752663679454,1.346426460569407
83.83838383838385,34.34343434343435,0.679790191985773,14.78698139719269,0.9515545047537038
84.84848484848486,34.34343434343435,1.0102255770820832,22.82409819920451,1.95043181478157
85.85858585858587,34.34343434343435,1.2204319864317186,22.51507900110432,0.4599582174980806
86.86868686868688,34.34343434343435,0.7257741356994625,17.47087072549986,1.872193683002225
87.87878787878789,34.34343434343435,1.044258642752743,10.60208485728672,1.768028086424589
88.8888888888889,34.34343434343435,1.7563114411344278,25.47871083648624,5.027157887375469
89.89898989898991,34.34343434343435,1.2788074149424666,6.653309312499126,5.86598891226557
90.90909090909092,34.34343434343435,0.8736863759071734,14.50354981102077,4.334279699768094
91.91919191919193,34.34343434343435,0.553225449531736,19.11066468950649,4.725046747998413
92.92929292929294,34.34343434343435,0.5850183187550182,16.92674226163076,5.366945617625035
93.93939393939395,34.34343434343435,1.1116503356838485,17.50306086377499,4.207199431097743
94.94949494949496,34.34343434343435,1.2842576566399913,34.61358384688489,6.038832534603277
95.95959595959597,34.34343434343435,0.5059591424679384,24.78664445023933,4.956089672105752
96.96969696969697,34.34343434343435,0.636054120407105,21.03150539798712,4.595977606279003
97.97979797979798,34.34343434343435,0.7698198470013501,20.78630227630572,3.558640577013589
98.98989898989899,34.34343434343435,1.5574817847055518,11.79437502309306,4.670286401505845
100.0,34.34343434343435,1.773542733458904,9.572893874186374,2.125676368065322
0.0,35.35353535353536,0.6091063280163428,25.68063044152399,4.352025864498272
1.01010101010101,35.35353535353536,0.8269138919091026,23.80086603519226,3.538171212489324
2.02020202020202,35.35353535353536,1.0661993125696472,13.64027550929101,4.816703651268704
3.03030303030303,35.35353535353536,0.5548023795650834,25.02919344774234,4.63826560746622
4.040404040404041,35.35353535353536,1.2921334272216227,3.671679243897086,4.232553546196582
5.050505050505051,35.35353535353536,1.737134771737206,31.91869442752031,5.818856071196082
6.060606060606061,35.35353535353536,1.9573832884888192,21.91916084395018,4.95754142752476
7.070707070707071,35.35353535353536,2.1940949913710437,9.310196327218142,0.9426897843480464
8.080808080808081,35.35353535353536,0.5339995320775472,10.63931254979812,0.8092035467685372
9.090909090909092,35.35353535353536,0.7209409013860306,9.790461037513031,2.11834336462741
10.1010101010101,35.35353535353536,0.24874661291443018,11.80486349479881,1.590023716431921
11.11111111111111,35.35353535353536,0.24918077391065374,9.044243657128785,1.703159174798565
12.12121212121212,35.35353535353536,0.28967457057102225,12.44669305336069,1.281768259613736
13.13131313131313,35.35353535353536,0.6115940831904036,8.381555092456331,1.926344744757428
14.14141414141414,35.35353535353536,0.8955521348721576,10.6097285968288,1.091056812318731
15.15151515151515,35.35353535353536,0.244482751831477,21.53218959930187,1.724909759319017
16.16161616161616,35.35353535353536,0.23948629640599328,17.33491045608267,1.625144511398752
17.17171717171717,35.35353535353536,0.6970437027852537,9.023653574920305,1.086815887701448
18.18181818181818,35.35353535353536,0.466155728288316,20.0980476517062,1.962792964477512
19.19191919191919,35.35353535353536,0.42914023923644523,16.01645633048738,1.326534566450655
20.2020202020202,35.35353535353536,0.8308168697859117,9.435244395528162,1.939589930626614
21.21212121212121,35.35353535353536,0.5025745209545255,24.06882517678103,1.334724685505057
22.22222222222222,35.35353535353536,0.3430617551754466,13.6290684224163,1.60133766437077
23.23232323232324,35.35353535353536,0.45225962890520793,20.31629755434795,1.857369023032989
24.24242424242424,35.35353535353536,1.1588824277018621,17.96595261576601,1.462125173152107
25.25252525252525,35.35353535353536,1.7810419863329827,23.7561059847792,4.319475733342249
26.26262626262626,35.35353535353536,0.7296408208596148,21.00447733928057,3.970846462140372
27.27272727272727,35.35353535353536,1.118626999743182,19.9399627181883,5.202337108144306
28.28282828282828,35.35353535353536,0.912203743783666,26.69859057145284,5.637014232699116
29.29292929292929,35.35353535353536,0.9428084323314414,26.06413432542781,3.548387556651757
30.3030303030303,35.35353535353536,0.8823273969340097,21.71311737702469,4.692668343953475
31.31313131313131,35.35353535353536,0.7262317072699771,8.864414472721231,5.211088994511378
32.32323232323233,35.35353535353536,0.5784599876810951,13.63226716128511,4.855102632283389
33.33333333333334,35.35353535353536,0.37679941547032425,27.98457395439708,4.698293484187272
34.34343434343435,35.35353535353536,0.3736255379249548,20.73796924194252,4.282779075137046
35.35353535353536,35.35353535353536,1.0976094675810057,19.04324361022486,3.433112557188944
36.36363636363637,35.35353535353536,1.277898378025172,19.22969505732611,5.626401208974211
37.37373737373738,35.35353535353536,2.3228791320000886,8.605725113172655,5.756658061780865
38.38383838383839,35.35353535353536,1.8448431810329713,7.898671537331149,1.714301650062116
39.3939393939394,35.35353535353536,0.38786606640897975,12.67276065326239,1.67463869769695
40.40404040404041,35.35353535353536,0.4667458701921268,14.84927628112028,0.778224675377565
41.41414141414142,35.35353535353536,0.7482672952716489,18.05790282303442,1.112289522344663
42.42424242424243,35.35353535353536,0.33982449669889847,20.59128525816998,1.8879966857369
43.43434343434344,35.35353535353536,0.2528803931611627,16.26950467467876,1.56693205552393
44.44444444444445,35.35353535353536,0.6262275548348567,18.67210671200123,1.299888727556929
45.45454545454546,35.35353535353536,0.47496106956406614,12.06862310451394,1.630261558914742
46.46464646464647,35.35353535353536,0.6602733509066824,7.84753137015442,2.133840372418896
47.47474747474748,35.35353535353536,0.463261714700297,9.119807704720849,1.730861587796273
48.48484848484848,35.35353535353536,0.49907617547182076,8.368381727180378,1.384416062912492
49.49494949494949,35.35353535353536,0.4400354342549075,5.690139525017126,1.048713459125165
50.50505050505051,35.35353535353536,0.7290934378703107,11.90644380559409,2.084793022418863
51.51515151515152,35.35353535353536,0.5940319103468834,7.946562776588455,1.977480442768225
52.52525252525253,35.35353535353536,0.5938842055778079,18.48481169908106,1.137949600333632
53.53535353535354,35.35353535353536,0.3599721253947253,9.930156841911549,1.837546364897862
54.54545454545455,35.35353535353536,0.45059074037925717,14.86156960631711,1.931763378225916
55.55555555555556,35.35353535353536,1.0722993168232564,18.12614529683326,1.2861435874684
56.56565656565657,35.35353535353536,2.073977451603204,15.10814296104915,4.645539351873504
57.57575757575758,35.35353535353536,0.5971961046703125,34.35821782834468,5.174165462266755
58.58585858585859,35.35353535353536,0.4493992011355714,18.67420736665835,5.099675296127202
59.5959595959596,35.35353535353536,0.4442712204373822,32.42704817967432,4.784562337742527
60.60606060606061,35.35353535353536,1.5682424689454715,2.330147509405905,5.658165811710155
61.61616161616162,35.35353535353536,0.4897067310962171,27.33224964603161,4.676833389485425
62.62626262626263,35.35353535353536,0.7005679131440071,24.00749180447366,4.319449489153255
63.63636363636364,35.35353535353536,0.677934501253622,15.08317829296769,3.968197465429172
64.64646464646465,35.35353535353536,0.6090527388495991,19.15778272092012,3.987497727644941
65.65656565656566,35.35353535353536,1.0747835181919838,22.35341313178902,5.174240136897144
66.66666666666667,35.35353535353536,1.3351549008221877,31.09373932468043,3.545790287659816
67.67676767676768,35.35353535353536,0.7716661872221076,29.52258213039728,4.924996467400584
68.68686868686869,35.35353535353536,1.9134759059626265,23.16994308626075,4.64598220348521
69.6969696969697,35.35353535353536,1.746604037768785,12.66860330468666,1.535230102369915
70.70707070707071,35.35353535353536,0.4074108383732998,18.40694449933766,1.657550863942827
71.71717171717172,35.35353535353536,0.537518439062471,11.05475293712087,1.558799875586037
72.72727272727273,35.35353535353536,0.5072567493252099,17.23838831674745,1.161090942515643
73.73737373737374,35.35353535353536,0.23018499652298147,14.8097891653751,1.547120311003237
74.74747474747475,35.35353535353536,0.2080027186436345,2.182189744356034,1.523980837861721
75.75757575757576,35.35353535353536,0.3184061264511031,20.98773212251959,1.947799873065205
76.76767676767678,35.35353535353536,0.5814163230033216,15.78122000862984,2.206067059088509
77.77777777777779,35.35353535353536,0.8040091025279548,10.57668338025115,2.290372940960377
78.7878787878788,35.35353535353536,0.7343814827539146,11.5160296049321,0.7196415776164586
79.7979797979798,35.35353535353536,0.7337679471494613,15.34676940519556,1.205655086759095
80.80808080808082,35.35353535353536,0.854696087077635,6.79574118578243,2.062067788567249
81.81818181818183,35.35353535353536,0.5601296090082273,10.96273383913296,1.000349533934924
82.82828282828284,35.35353535353536,0.4462184298055228,10.54373766022755,1.430941359495678
83.83838383838385,35.35353535353536,0.4757229667239861,22.73286834077283,1.86830389724922
84.84848484848486,35.35353535353536,0.2612933221341898,19.69167801544826,1.556288010865407
85.85858585858587,35.35353535353536,0.5832012097044577,17.33682724338519,1.656482021581347
86.86868686868688,35.35353535353536,0.809349500820526,12.87618334554035,0.6977558402823721
87.87878787878789,35.35353535353536,1.8318413258944337,14.18530731933303,1.290556026918474
88.8888888888889,35.35353535353536,1.1859355535893428,30.81615828414752,5.022711267810094
89.89898989898991,35.35353535353536,1.297246115347687,26.63667354673471,4.16238223889678
90.90909090909092,35.35353535353536,1.1734709868576019,24.96862687364316,5.480903294169108
91.91919191919193,35.35353535353536,0.48286222841324,20.82288372718796,4.633462164153678
92.92929292929294,35.35353535353536,0.7627568564311897,22.70328032412405,5.023838044046454
93.93939393939395,35.35353535353536,1.1209874378971867,26.45244310692788,3.740987155925265
94.94949494949496,35.35353535353536,1.0233376700837598,21.01204025740628,5.292773860925711
95.95959595959597,35.35353535353536,0.6322549285844867,7.195985416496253,4.804011257545831
96.96969696969697,35.35353535353536,1.091540498447982,5.358068443593437,5.126350909130693
97.97979797979798,35.35353535353536,0.559498701908944,25.09858363698867,4.157968199973253
98.98989898989899,35.35353535353536,0.35583866587737445,10.21934880242824,4.039976127435911
100.0,35.35353535353536,1.0460974542886678,23.27347123860022,4.519570186430421
0.0,36.36363636363637,0.9419822705134303,27.59854469456081,3.380128993515076
1.01010101010101,36.36363636363637,1.3459230766370693,25.53671685317547,2.761149836362683
2.02020202020202,36.36363636363637,0.7132206818825086,17.89875478638827,4.224834419139998
3.03030303030303,36.36363636363637,0.6214891994754965,26.21210477491236,4.241562938795409
4.040404040404041,36.36363636363637,1.7877605425053236,22.92540658944821,5.764062663508393
5.050505050505051,36.36363636363637,2.645377649998835,22.53544311089917,2.71179953088855
6.060606060606061,36.36363636363637,1.5503111356533563,19.93181079209152,5.62563270851191
7.070707070707071,36.36363636363637,2.149718581995712,28.02144325437738,4.524447682370558
8.080808080808081,36.36363636363637,1.6822507786199337,9.389212541148794,0.6647992237393081
9.090909090909092,36.36363636363637,0.5446631221141667,11.66159763898161,1.795247196876444
10.1010101010101,36.36363636363637,0.1518997930556964,25.7755678330146,1.826004659576219
11.11111111111111,36.36363636363637,0.4340188353867338,16.40025282307213,1.551150370609622
12.12121212121212,36.36363636363637,0.187529195585368,20.15769163429329,1.211587457842805
13.13131313131313,36.36363636363637,0.46650144046497755,21.56863391255969,1.237206478294065
14.14141414141414,36.36363636363637,0.7886473047666995,14.83827504897942,2.278678612324104
15.15151515151515,36.36363636363637,0.4652493427613174,18.83329936862059,1.725210538394076
16.16161616161616,36.36363636363637,0.2416889379336048,15.00517739079262,1.769331916760779
17.17171717171717,36.36363636363637,0.5103919945586046,21.1654562323429,2.162374894399493
18.18181818181818,36.36363636363637,0.6172114354964862,23.08283762576501,2.118914200430532
19.19191919191919,36.36363636363637,0.44054566671466433,15.87452107546608,1.092294205483308
20.2020202020202,36.36363636363637,0.770994485268172,17.99191439107059,0.8628781749024309
21.21212121212121,36.36363636363637,1.1079869908790658,18.85368898117471,2.3293052605084
22.22222222222222,36.36363636363637,0.7041358843006827,16.1677852453526,0.8699815257851456
23.23232323232324,36.36363636363637,0.611076542169044,16.79602499043816,1.259372422680186
24.24242424242424,36.36363636363637,1.6687487177915266,17.82305675563408,1.920785339447987
25.25252525252525,36.36363636363637,1.0790199896961048,15.12959400814657,4.967816417886032
26.26262626262626,36.36363636363637,0.6307436773735313,21.85423201544787,4.555616997792411
27.27272727272727,36.36363636363637,1.1382006893029906,26.66618484077982,3.954624096971377
28.28282828282828,36.36363636363637,1.3745352171077851,12.24013073854317,5.797400194300781
29.29292929292929,36.36363636363637,0.9148316410443238,19.4341813579896,3.686234111488971
30.3030303030303,36.36363636363637,0.702352825856403,22.22654952714588,4.952077743566327
31.31313131313131,36.36363636363637,1.1609048177043821,6.568963683817922,3.87283454703482
32.32323232323233,36.36363636363637,0.6123012843045161,29.05248506562859,5.043956309296009
33.33333333333334,36.36363636363637,0.5268542212201497,29.34684769046694,5.179923916934007
34.34343434343435,36.36363636363637,0.6339969051157384,20.47353238616393,4.423826380103554
35.35353535353536,36.36363636363637,0.4995860092089065,23.82268153298447,4.246741478696374
36.36363636363637,36.36363636363637,0.5409803874750991,30.6648446261105,4.309069716434791
37.37373737373738,36.36363636363637,0.4792355688412173,18.23665579943991,5.009357202037193
38.38383838383839,36.36363636363637,2.020987234703985,21.35414453200877,4.960968203468568
39.3939393939394,36.36363636363637,2.008057746376751,12.76753645381284,1.097980709044614
40.40404040404041,36.36363636363637,0.7559898606693267,21.0372998448203,0.8013943112550703
41.41414141414142,36.36363636363637,0.5709322346538532,16.51278354172272,1.880010279855365
42.42424242424243,36.36363636363637,0.30031696128511426,20.91085580744311,1.765115908776556
43.43434343434344,36.36363636363637,0.2986524646197175,17.94467623414905,1.318601216628663
44.44444444444445,36.36363636363637,0.699285116758439,14.34927387568564,1.768882301381302
45.45454545454546,36.36363636363637,0.7990732459973994,10.83137671275346,0.6382332619147991
46.46464646464647,36.36363636363637,0.5324879824230644,10.83676401110207,1.610049161764795
47.47474747474748,36.36363636363637,0.5283139447656091,18.82941922004196,1.414156496742561
48.48484848484848,36.36363636363637,1.390135627142163,14.5355077414076,2.656993027935032
49.49494949494949,36.36363636363637,0.7729248770055954,16.40830919868369,0.7484549611247263
50.50505050505051,36.36363636363637,0.3954853358657622,16.92442703604905,1.314208852173014
51.51515151515152,36.36363636363637,0.3226737319460744,17.26696037406838,1.281348615084691
52.52525252525253,36.36363636363637,0.5364747097231861,13.50286727520837,1.684186457658251
53.53535353535354,36.36363636363637,0.9203784652226412,14.60940639032444,2.370810053541993
54.54545454545455,36.36363636363637,0.7508409038306938,13.07407732165785,0.9102183829966094
55.55555555555556,36.36363636363637,1.4898181070300194,13.27469221199266,1.019072273296833
56.56565656565657,36.36363636363637,1.4806556329751683,11.38437550043346,3.732982445282587
57.57575757575758,36.36363636363637,0.49127862721043625,21.27387273694158,4.676168650295069
58.58585858585859,36.36363636363637,0.22445490994474548,21.69953444192605,4.540105916390692
59.5959595959596,36.36363636363637,0.5604902466134641,13.19459565935047,4.36194918084478
60.60606060606061,36.36363636363637,1.8171797627911617,24.39261268739049,2.971662320881278
61.61616161616162,36.36363636363637,0.648485371251125,23.18031883171163,4.115206964843196
62.62626262626263,36.36363636363637,1.1114172482716602,28.69658939253572,3.478762612937608
63.63636363636364,36.36363636363637,1.1233801368123912,25.54315200622277,5.275605589478084
64.64646464646465,36.36363636363637,0.6912576680868574,19.42930918727335,4.38638908449013
65.65656565656566,36.36363636363637,0.3311184068742059,30.95832297821332,4.525884140598579
66.66666666666667,36.36363636363637,0.7190658022291712,17.11799100529399,4.967061306454891
67.67676767676768,36.36363636363637,0.8831145447597596,21.32390252668215,3.95907493757936
68.68686868686869,36.36363636363637,0.8131868216788039,18.72657323610468,3.815491024647627
69.6969696969697,36.36363636363637,2.3277107495227076,17.1514425014398,5.020308332912509
70.70707070707071,36.36363636363637,2.2868144817141394,8.572488990724187,0.9218571999487448
71.71717171717172,36.36363636363637,0.6221779419710309,15.04843198596238,0.9231745458845901
72.72727272727273,36.36363636363637,0.7116052298345164,15.92738642752906,1.873001097646663
73.73737373737374,36.36363636363637,0.2520705570101337,17.46452413520829,1.406318370949916
74.74747474747475,36.36363636363637,0.17058298219038048,2.204264277077606,1.328456051586129
75.75757575757576,36.36363636363637,0.25333152457524527,12.99941812652098,1.666862848419886
76.76767676767678,36.36363636363637,0.4448713387495552,2.685583130481366,1.370971606075063
77.77777777777779,36.36363636363637,0.5372796209389343,19.41508684059353,0.8786155469280085
78.7878787878788,36.36363636363637,0.20895840415703684,20.68927099457763,0.8151982655975434
79.7979797979798,36.36363636363637,1.0674871868964335,19.12299192085214,0.4104019100435174
80.80808080808082,36.36363636363637,0.5322875807735015,14.56198762272685,1.476687301939906
81.81818181818183,36.36363636363637,0.3692853494428805,17.2166845009839,1.284455662341577
82.82828282828284,36.36363636363637,0.8942774089310852,14.69523771277261,2.263345816477202
83.83838383838385,36.36363636363637,0.4052227441283653,7.116038278995545,1.631539846986147
84.84848484848486,36.36363636363637,0.3143753874142088,17.12698129515255,1.317468423344564
85.85858585858587,36.36363636363637,0.2793124702286153,11.89940523751456,1.733842864300996
86.86868686868688,36.36363636363637,1.4844435580064397,9.025367391874095,1.209189632909547
87.87878787878789,36.36363636363637,1.7798572333618095,29.84470427289068,3.815493843462372
88.8888888888889,36.36363636363637,0.5775308275378368,11.97455210037356,5.169522592797156
89.89898989898991,36.36363636363637,1.0295826108438102,23.80190249594467,5.468909942733094
90.90909090909092,36.36363636363637,1.0869036706318465,13.11286641848803,4.099605126427474
91.91919191919193,36.36363636363637,0.18897872920578007,22.15703135896375,4.03141484425366
92.92929292929294,36.36363636363637,0.8751581017180816,12.96885448954596,3.989144959914241
93.93939393939395,36.36363636363637,0.9256196107272313,31.27521212024917,4.924087039219899
94.94949494949496,36.36363636363637,1.2294594221287511,21.55719124172414,3.986031162648564
95.95959595959597,36.36363636363637,2.4978526452615073,19.52675168651924,6.369850302359115
96.96969696969697,36.36363636363637,2.8121737287579736,33.93853438955433,2.581284578932756
97.97979797979798,36.36363636363637,0.9496058939470267,23.30808095241103,4.710260602954583
98.98989898989899,36.36363636363637,0.6567573512136402,13.94216817231569,4.235434385343622
100.0,36.36363636363637,0.36537905725747216,27.84762183340269,4.784374671936815
0.0,37.37373737373738,1.0039484944024812,23.90870751326454,4.615199776919778
1.01010101010101,37.37373737373738,1.6956408658162103,18.93874295993091,5.285157026854612
2.02020202020202,37.37373737373738,1.0179403606538688,19.90719720992527,3.444234026171395
3.03030303030303,37.37373737373738,0.6557502124963163,29.81056168192088,4.791588823658188
4.040404040404041,37.37373737373738,0.6423745830257934,19.32618525561222,4.719292468131737
5.050505050505051,37.37373737373738,0.6544752713495013,31.58533897024522,4.220157280333155
6.060606060606061,37.37373737373738,0.7319744417594909,24.33942350574729,4.107497650650347
7.070707070707071,37.37373737373738,0.6681225399151899,18.71758994265775,4.468164737182823
8.080808080808081,37.37373737373738,1.8700520665555094,17.50562018239848,2.259301583421428
9.090909090909092,37.37373737373738,0.7593382197228392,14.95343426624517,1.100896312007654
10.1010101010101,37.37373737373738,0.5998780790439561,10.07669008042078,1.759998182164103
11.11111111111111,37.37373737373738,1.1696656097315903,8.902122002174714,0.5815010349850438
12.12121212121212,37.37373737373738,0.49195395334673303,10.54617906321386,1.526341505195269
13.13131313131313,37.37373737373738,0.39524624586680535,23.41277870755195,1.127430137378817
14.14141414141414,37.37373737373738,0.7625313252764757,26.02869767414474,1.906651401222746
15.15151515151515,37.37373737373738,1.246248684071099,8.176523349013307,0.4621033987205965
16.16161616161616,37.37373737373738,0.5529039654768029,14.053604448942,1.383927926393804
17.17171717171717,37.37373737373738,0.6035371754876251,26.31544818124462,1.632869594470794
18.18181818181818,37.37373737373738,0.5633102980945037,21.79899094810889,0.8762703833137921
19.19191919191919,37.37373737373738,0.40268252812493804,5.978752083859114,0.8203879251200985
20.2020202020202,37.37373737373738,0.38432834236132263,22.31427257815014,1.17430124406409
21.21212121212121,37.37373737373738,0.5127179367726875,17.86250433331346,1.817688692324703
22.22222222222222,37.37373737373738,0.6645767583193677,13.27179343793755,1.106454292783958
23.23232323232324,37.37373737373738,1.7487320359649876,21.1781742021582,2.054878177340717
24.24242424242424,37.37373737373738,1.507249200236967,14.67772238364141,4.428676049112368
25.25252525252525,37.37373737373738,0.49469371725519273,13.26379441590877,4.759307642177061
26.26262626262626,37.37373737373738,1.0509867703937648,29.09853437199834,3.630605144864979
27.27272727272727,37.37373737373738,0.6795239221046441,26.99950042539857,4.815944844859972
28.28282828282828,37.37373737373738,0.829882685136304,29.86690264767757,4.413587467612521
29.29292929292929,37.37373737373738,0.7117077978459273,19.35747926194534,3.541763817038056
30.3030303030303,37.37373737373738,0.4333729139960566,33.91106604341464,4.747162668362429
31.31313131313131,37.37373737373738,0.9983396406083728,32.28691192387824,4.927834411583095
32.32323232323233,37.37373737373738,0.7164924681658205,23.60067795634721,4.090694218989752
33.33333333333334,37.37373737373738,0.8742565900903506,21.58809312144248,4.446202609268596
34.34343434343435,37.37373737373738,1.8271560783184728,20.67521522896394,5.885584257362366
35.35353535353536,37.37373737373738,1.2760166896509384,19.4445162669047,3.301439502513775
36.36363636363637,37.37373737373738,0.4216969676104807,15.25484726715774,4.393044050454948
37.37373737373738,37.37373737373738,0.34701882627045233,11.63702951815539,4.588392270587023
38.38383838383839,37.37373737373738,0.8097133276571493,14.85326893663632,4.035062311051659
39.3939393939394,37.37373737373738,1.501599969397997,19.08502029369619,4.393979813685784
40.40404040404041,37.37373737373738,1.3055007704489636,14.95660007984753,2.426981751665033
41.41414141414142,37.37373737373738,0.6368667429012176,16.08138828330028,2.202508121280972
42.42424242424243,37.37373737373738,0.41543242118253293,17.51973939735937,1.248137903823145
43.43434343434344,37.37373737373738,0.6450918059278927,19.76196237470626,1.269117973945592
44.44444444444445,37.37373737373738,1.4472718384093486,13.74800501645413,2.516099070371543
45.45454545454546,37.37373737373738,0.7674179115799727,17.88815716880847,0.7400330095879549
46.46464646464647,37.37373737373738,0.5321792638302503,11.30036307239951,1.171597007598868
47.47474747474748,37.37373737373738,0.33990879160011817,17.01548912275047,1.771977988536581
48.48484848484848,37.37373737373738,0.54247533211197,16.21953772903092,1.520402082391697
49.49494949494949,37.37373737373738,0.24454479716613137,10.57838527215376,1.065604013288076
50.50505050505051,37.37373737373738,0.19980392627147225,15.31255435769158,1.101465807092425
51.51515151515152,37.37373737373738,0.4135262165617215,14.40300708750635,1.440213635523571
52.52525252525253,37.37373737373738,0.753304803165114,13.03071892405723,2.194387000769074
53.53535353535354,37.37373737373738,0.6745543024513625,23.73208718778553,1.369775147724685
54.54545454545455,37.37373737373738,1.876221191871912,15.77283562938548,0.4978453237487478
55.55555555555556,37.37373737373738,2.020441420563122,25.84921524283635,3.888509324959366
56.56565656565657,37.37373737373738,0.9298124406334661,3.722604657971385,5.085951693594108
57.57575757575758,37.37373737373738,0.5901520992047591,7.079294006015795,4.288299892341869
58.58585858585859,37.37373737373738,0.32432136250058496,30.25770987086806,4.564136706982874
59.5959595959596,37.37373737373738,0.36669210021826726,17.23519793266386,4.612853414891476
60.60606060606061,37.37373737373738,0.8157488556676372,12.91839085419046,5.020046377291626
61.61616161616162,37.37373737373738,0.3420690601770173,28.00255905377395,4.367533029337961
62.62626262626263,37.37373737373738,0.49311792568648394,27.78127170207588,4.650457401362537
63.63636363636364,37.37373737373738,0.43219766579034835,26.58503450859891,4.77555264780586
64.64646464646465,37.37373737373738,1.3349315561751471,30.4048437239808,5.723816838895968
65.65656565656566,37.37373737373738,0.6268687300606837,20.4862910597732,4.430438731365081
66.66666666666667,37.37373737373738,0.8896043416942293,28.81629362509516,4.961232651065124
67.67676767676768,37.37373737373738,2.2635649111443317,20.65312672377624,2.54410857016881
68.68686868686869,37.37373737373738,1.2988393760299295,19.74344957693951,4.889345911328643
69.6969696969697,37.37373737373738,0.49853835299519633,24.95415303448883,4.497812006592918
70.70707070707071,37.37373737373738,2.2722130073837725,15.91419771590715,5.233652983911609
71.71717171717172,37.37373737373738,1.6489309187770733,15.7550962973893,1.825117086369349
72.72727272727273,37.37373737373738,0.793228666351819,19.01140483909705,1.154999611898437
73.73737373737374,37.37373737373738,0.3402108727388773,22.04269494524441,1.729253612876596
74.74747474747475,37.37373737373738,0.26476251890124725,13.01324181523508,1.398994077874515
75.75757575757576,37.37373737373738,0.3799016158091503,15.31158011701005,1.764953882896968
76.76767676767678,37.37373737373738,0.35958269577450686,15.3201806302185,1.214829005582166
77.77777777777779,37.37373737373738,0.36066400079516936,11.69158798085149,0.6970277976821587
78.7878787878788,37.37373737373738,0.6498219029245675,12.15283311555373,1.087261557360115
79.7979797979798,37.37373737373738,1.2549861510660554,9.682367319370695,2.414015733463259
80.80808080808082,37.37373737373738,0.406792694519463,11.61013053231329,1.761940106911851
81.81818181818183,37.37373737373738,0.44206739564561576,12.8324237412647,1.262542186710662
82.82828282828284,37.37373737373738,0.7994024037864363,20.15367293853439,1.129336761361065
83.83838383838385,37.37373737373738,0.314186510798256,21.83278663728076,1.193290313868397
84.84848484848486,37.37373737373738,0.1846717217627145,21.80375350629337,1.605704520882541
85.85858585858587,37.37373737373738,1.1101286556154775,15.78259207840819,1.634981498454065
86.86868686868688,37.37373737373738,1.3738639297396729,22.12035349728974,3.504572630363857
87.87878787878789,37.37373737373738,0.5321060612782166,18.84375316875429,4.449652000478103
88.8888888888889,37.37373737373738,0.584515431476649,32.19393873703737,4.659626706903593
89.89898989898991,37.37373737373738,0.8223336888334614,25.50093455855835,4.325799369435726
90.90909090909092,37.37373737373738,1.1437707806959905,21.1013529819775,5.628426542733791
91.91919191919193,37.37373737373738,1.2858813389832096,31.12774709882861,3.988007413843791
92.92929292929294,37.37373737373738,1.3076772328911637,24.47524975216464,5.477872319009277
93.93939393939395,37.37373737373738,0.7195839596029074,16.43132672759564,4.277706435482602
94.94949494949496,37.37373737373738,0.24198744765472557,29.51561567340059,4.275251136604536
95.95959595959597,37.37373737373738,1.1502690474639103,5.261573989409056,4.11666362926328
96.96969696969697,37.37373737373738,1.1253569943732162,19.72984832767242,5.367371416318528
97.97979797979798,37.37373737373738,0.7938466650603815,23.21523145822205,5.352589534128572
98.98989898989899,37.37373737373738,0.7802414305044179,13.12331288269419,5.643239028086317
100.0,37.37373737373738,0.4866487014377429,14.0301098819165,4.501982272263986
0.0,38.38383838383839,1.4060042648085176,21.14992467623053,5.722017226787686
1.01010101010101,38.38383838383839,1.4541653433433046,30.52181381329413,3.537481004699749
2.02020202020202,38.38383838383839,0.6477125742835959,23.12709461627955,3.547117277648258
3.03030303030303,38.38383838383839,1.562313539369213,26.47343548600907,5.44491263576743
4.040404040404041,38.38383838383839,0.867235917036491,28.132741361448,3.765995874730252
5.050505050505051,38.38383838383839,0.6146524412445822,31.75730696172378,3.722408761861145
6.060606060606061,38.38383838383839,0.7760012460001527,16.25417162434466,5.043933643611465
7.070707070707071,38.38383838383839,0.328888363058333,28.15103467156737,4.514841711361977
8.080808080808081,38.38383838383839,1.640755356029645,23.2138313101837,4.777739064786177
9.090909090909092,38.38383838383839,1.632505417360069,15.69070692621278,1.626391164459998
10.1010101010101,38.38383838383839,0.6648090247638544,24.21643742973352,1.264091360735903
11.11111111111111,38.38383838383839,0.9770436855761956,15.88916661480648,2.167176520897543
12.12121212121212,38.38383838383839,0.28323580275322774,22.40582933258484,1.83565143320306
13.13131313131313,38.38383838383839,0.33209971598648297,12.89387182768282,1.420506148270409
14.14141414141414,38.38383838383839,0.2898848598323945,13.62159519985831,1.45232257756428
15.15151515151515,38.38383838383839,0.48869757524787943,14.61925836056874,1.817618465156155
16.16161616161616,38.38383838383839,0.7410120063162609,15.84775656790262,2.039373602183843
17.17171717171717,38.38383838383839,0.8559596868301773,18.69846930276145,0.7537670716829845
18.18181818181818,38.38383838383839,0.3557060812517599,19.0769677225849,1.074386089224372
19.19191919191919,38.38383838383839,0.6191287695408672,16.49839120853905,1.749415980118956
20.2020202020202,38.38383838383839,0.372006982679571,11.97033964224157,1.402890777143117
21.21212121212121,38.38383838383839,0.279461711735348,19.04368948782107,2.002322023430398
22.22222222222222,38.38383838383839,1.5422135196162803,10.25840771756553,1.868630274965112
23.23232323232324,38.38383838383839,1.566794902402259,37.0122197189426,4.932078810211727
24.24242424242424,38.38383838383839,0.9189132728483073,34.23235377748466,5.245352675559512
25.25252525252525,38.38383838383839,0.577189403949973,6.457112178256759,4.448375639242035
26.26262626262626,38.38383838383839,0.42214396202653937,18.62808033398172,4.595498176205532
27.27272727272727,38.38383838383839,0.2902859137653344,23.92653986050161,4.546866981572435
28.28282828282828,38.38383838383839,0.6301255127480443,25.45119921095597,5.07512445364756
29.29292929292929,38.38383838383839,0.6312796845235542,16.94781031907433,4.166902212072012
30.3030303030303,38.38383838383839,0.7976614133910803,23.60265273106225,4.889668654597718
31.31313131313131,38.38383838383839,2.0813014053229657,23.89719530891794,3.00728764951189
32.32323232323233,38.38383838383839,1.331399173948081,18.51014886381886,4.810753418474588
33.33333333333334,38.38383838383839,0.7876935946861868,25.69564852757648,3.477787594945219
34.34343434343435,38.38383838383839,0.6769470018609995,22.37209681433732,4.062244224289647
35.35353535353536,38.38383838383839,0.43760268508051525,26.73809253877549,3.784454982145164
36.36363636363637,38.38383838383839,0.47688557373562335,21.7473212806849,4.077183282106431
37.37373737373738,38.38383838383839,0.5799805734008252,23.65452452374337,4.806824464551224
38.38383838383839,38.38383838383839,0.8115677570553481,21.83390423713605,5.435762267093859
39.3939393939394,38.38383838383839,1.4591802949648442,29.34620931381052,4.778465021981725
40.40404040404041,38.38383838383839,1.8462673344293872,18.63524855186693,1.022037802683954
41.41414141414142,38.38383838383839,1.2587475066792593,4.789732242690635,1.156382838943596
42.42424242424243,38.38383838383839,0.6856538086058201,9.466508809030053,1.417539296019592
43.43434343434344,38.38383838383839,1.137251493779847,23.87876506079613,0.006195159465490291
44.44444444444445,38.38383838383839,1.2650619736917403,15.94277754486473,0.4972756429339285
45.45454545454546,38.38383838383839,0.589593228909919,7.743293056578029,1.500274849440189
46.46464646464647,38.38383838383839,0.5792947942226903,13.32834464552038,1.829916929805316
47.47474747474748,38.38383838383839,0.2139715047234262,7.61693571266581,1.622121201012725
48.48484848484848,38.38383838383839,0.45622048745173066,18.68432720482069,1.847338490047737
49.49494949494949,38.38383838383839,0.4485220808944943,14.25680777734039,0.8952337396948703
50.50505050505051,38.38383838383839,0.40083517332871754,14.26995513185916,0.8896027693226201
51.51515151515152,38.38383838383839,0.5250119512737557,25.90435318191655,1.842532287654928
52.52525252525253,38.38383838383839,0.5911181110701258,9.301376130502621,1.270153549509333
53.53535353535354,38.38383838383839,1.6404440251223031,16.0133829709822,1.369134520756869
54.54545454545455,38.38383838383839,1.7348705998165839,23.49548081767087,3.327763206801979
55.55555555555556,38.38383838383839,0.6920653112206109,15.77677383513482,4.51273158570396
56.56565656565657,38.38383838383839,0.3422533910192178,20.70581642886017,4.714765349258745
57.57575757575758,38.38383838383839,1.0196957516567051,26.44498022910647,5.187550915314461
58.58585858585859,38.38383838383839,0.8637232564307047,21.32449540355408,3.615435570122324
59.5959595959596,38.38383838383839,0.6848166747265554,27.201930207878,3.852898918373855
60.60606060606061,38.38383838383839,0.9135187652876402,9.01033609567081,5.174951433198012
61.61616161616162,38.38383838383839,0.660759576531212,27.89039869685906,4.187020573102898
62.62626262626263,38.38383838383839,0.7821584223453685,31.62368411847146,5.043214697215645
63.63636363636364,38.38383838383839,0.4934239501560853,24.97495212714531,4.620174363850121
64.64646464646465,38.38383838383839,0.8529093399876386,33.40242701820385,3.963160667222213
65.65656565656566,38.38383838383839,0.9076588371593173,27.8100010457336,3.842581247586774
66.66666666666667,38.38383838383839,0.7079350302992358,14.15526070027041,5.565903361855917
67.67676767676768,38.38383838383839,1.282716531527432,23.57023823042085,5.421040425279439
68.68686868686869,38.38383838383839,1.2182375615550294,18.80120703744419,3.504614539785501
69.6969696969697,38.38383838383839,0.6121241302248353,26.49243236033828,4.842094210199695
70.70707070707071,38.38383838383839,0.7587275123509204,20.07209050717934,4.600973613200335
71.71717171717172,38.38383838383839,1.2046105084707537,13.62120479273062,3.440244848979711
72.72727272727273,38.38383838383839,1.350066407246046,14.84338296254906,2.365541316108416
73.73737373737374,38.38383838383839,0.56472506432507,11.73799161635808,1.862648325925185
74.74747474747475,38.38383838383839,0.3983967027711771,1.816414163999597,1.106701368582446
75.75757575757576,38.38383838383839,0.43051713362738203,13.84460390245924,1.259523136474704
76.76767676767678,38.38383838383839,0.14998447417444133,12.18749848042233,1.000566908191845
77.77777777777779,38.38383838383839,0.6426039373591808,11.09546448413072,1.050061084039023
78.7878787878788,38.38383838383839,0.6047354272258292,11.93569968101087,1.697497941514713
79.7979797979798,38.38383838383839,0.5449476008236133,17.36951923544041,1.376514755273331
80.80808080808082,38.38383838383839,0.3059422444144871,13.26714728570249,1.952384533265161
81.81818181818183,38.38383838383839,0.6018810214517686,25.02671785684628,2.376294948111424
82.82828282828284,38.38383838383839,1.460826512878961,12.90917868471229,2.995778343533744
83.83838383838385,38.38383838383839,1.063102842078167,10.96190203499435,0.851161563314599
84.84848484848486,38.38383838383839,1.662060227237425,18.85429068231437,1.614464125809754
85.85858585858587,38.38383838383839,1.5538227825000732,19.6602562608484,4.077766645587727
86.86868686868688,38.38383838383839,0.5082279090674796,27.61594287572837,3.8899748498442
87.87878787878789,38.38383838383839,0.6990664224713843,29.29673355345563,4.788864012035503
88.8888888888889,38.38383838383839,1.16536935456195,16.47581155315907,5.94399050302327
89.89898989898991,38.38383838383839,0.759977975307838,12.05520155763377,4.835569040706273
90.90909090909092,38.38383838383839,0.5124166215042589,26.52561415919436,5.731641947023371
91.91919191919193,38.38383838383839,1.1711599512770374,15.81448075720056,5.957841305311273
92.92929292929294,38.38383838383839,0.9869846649283158,18.89534689629546,4.42592153523182
93.93939393939395,38.38383838383839,0.7011584130023891,17.87709637117241,5.307040487752193
94.94949494949496,38.38383838383839,0.7031696943314268,29.23525913082988,4.792938147048144
95.95959595959597,38.38383838383839,0.5259988983054786,24.79915292851125,5.055257851626581
96.96969696969697,38.38383838383839,0.6162318494791861,4.011320778666869,4.917519945456641
97.97979797979798,38.38383838383839,2.1272360303140743,27.12403116797233,3.124963181208736
98.98989898989899,38.38383838383839,1.3190135547111426,13.75138271827834,5.924493857581218
100.0,38.38383838383839,0.6350356159234792,23.00760902503988,4.465685323445917
0.0,39.3939393939394,0.9284290739297315,43.68031327665319,4.795358104317978
1.01010101010101,39.3939393939394,1.3483723057462793,21.79213025876005,5.41229386088166
2.02020202020202,39.3939393939394,0.7478053172496005,24.21606384513822,4.127652692238097
3.03030303030303,39.3939393939394,1.473868461464666,21.23309856665473,3.425694409556171
4.040404040404041,39.3939393939394,0.631374849406694,23.1008714780557,4.559139075568446
5.050505050505051,39.3939393939394,0.6842521375997767,30.31350951650744,4.318158013748037
6.060606060606061,39.3939393939394,0.3565955881637106,22.92811764059052,4.726981466571778
7.070707070707071,39.3939393939394,0.5225975444213311,22.41732106460185,4.991728903742468
8.080808080808081,39.3939393939394,0.6816077063276216,23.68089799587603,5.408077753789629
9.090909090909092,39.3939393939394,1.5313036192395444,17.9615581122072,4.117270277397656
10.1010101010101,39.3939393939394,1.2038527558992014,12.27456310386684,2.162035674477386
11.11111111111111,39.3939393939394,1.56626007977095,22.5694913119894,1.079287512361382
12.12121212121212,39.3939393939394,0.5441146324590695,14.7856089063643,1.758688522825074
13.13131313131313,39.3939393939394,0.45978335965865563,20.54976256721898,2.008867287098227
14.14141414141414,39.3939393939394,0.47240393931657415,13.93231869145103,1.144224278778914
15.15151515151515,39.3939393939394,0.39531031605814904,20.37863135185377,1.805394255219759
16.16161616161616,39.3939393939394,0.5474617703818028,7.299993744860801,1.238132920237385
17.17171717171717,39.3939393939394,0.7004034048472951,8.655460196454985,1.692277748173638
18.18181818181818,39.3939393939394,0.451616677685444,14.66845492568551,0.8453263785638837
19.19191919191919,39.3939393939394,0.4405280550811673,12.67859361226283,1.223484050824768
20.2020202020202,39.3939393939394,0.9119579848448376,9.315164040406794,1.716372725519254
21.21212121212121,39.3939393939394,1.493907239639142,15.54224592284345,1.802231502347268
22.22222222222222,39.3939393939394,1.4734773053374912,15.14402528639089,4.078168087537179
23.23232323232324,39.3939393939394,0.6201954873433687,17.82966801902892,4.945335386355353
24.24242424242424,39.3939393939394,1.8057028867529805,36.80166459592697,3.496627112278689
25.25252525252525,39.3939393939394,1.2534089183902974,23.62141041759536,5.502101678825927
26.26262626262626,39.3939393939394,0.6453503632891537,28.8703143562829,4.067569091036521
27.27272727272727,39.3939393939394,0.5200155030923386,18.03624780801209,4.231689856506856
28.28282828282828,39.3939393939394,1.185862238211831,25.2010191721943,5.497609804954025
29.29292929292929,39.3939393939394,0.8970188607110618,20.79597752226017,3.897910553113005
30.3030303030303,39.3939393939394,1.0210276713250124,44.34425158353865,5.332660874315216
31.31313131313131,39.3939393939394,1.829285925770451,16.35138622311916,5.726099734684022
32.32323232323233,39.3939393939394,1.40017625606961,26.94108296223986,3.341647514659168
33.33333333333334,39.3939393939394,0.38590520438088793,23.25315925018934,3.742724506492792
34.34343434343435,39.3939393939394,0.28015418765604594,28.73105149156223,4.040042121407279
35.35353535353536,39.3939393939394,0.6183977075019472,21.72451486160025,4.481332700730086
36.36363636363637,39.3939393939394,0.8393142730380485,20.28096799062735,3.507871237918515
37.37373737373738,39.3939393939394,0.7632322375587945,0.27764927264609,4.063913349899551
38.38383838383839,39.3939393939394,0.6726183754376706,37.18144179832761,4.876426242569434
39.3939393939394,39.3939393939394,0.9198545881053175,23.94049178851973,3.739953514828193
40.40404040404041,39.3939393939394,1.1609716795623761,31.75330531728976,3.111390935863011
41.41414141414142,39.3939393939394,2.3830178954896786,14.94131349656878,4.749746089987619
42.42424242424243,39.3939393939394,2.469716855330142,17.38418654197211,0.5168260474228566
43.43434343434344,39.3939393939394,0.867187290396095,13.72490725523149,1.389853700082237
44.44444444444445,39.3939393939394,0.9267668477731313,5.764777585019685,2.044620420288577
45.45454545454546,39.3939393939394,0.42752039012186926,10.15290871597134,1.234785060524134
46.46464646464647,39.3939393939394,0.6126299136984997,11.99461795162058,0.7084954842787209
47.47474747474748,39.3939393939394,0.27511334805943355,15.51395281479248,1.349104987470479
48.48484848484848,39.3939393939394,0.1949947393305812,12.06503662450671,1.526714987284733
49.49494949494949,39.3939393939394,0.2578429759606916,11.08634343702168,1.561216068954525
50.50505050505051,39.3939393939394,0.5116064506720137,13.19988102550561,1.322519936163127
51.51515151515152,39.3939393939394,0.5642348816670695,10.8214793109379,2.014953184140691
52.52525252525253,39.3939393939394,1.7419663975103992,12.85104679874749,2.039032833136964
53.53535353535354,39.3939393939394,2.8057082246417684,24.883594821324,5.872660336985619
54.54545454545455,39.3939393939394,0.8274698436675648,28.09153597215305,4.293730658067992
55.55555555555556,39.3939393939394,0.7316968030115284,26.77251004682007,3.755694744022876
56.56565656565657,39.3939393939394,0.44077206009785075,24.67517483399741,4.391757459127739
57.57575757575758,39.3939393939394,0.47898401909385435,24.70440370478102,4.052919842908087
58.58585858585859,39.3939393939394,0.481958922037941,31.26394267546407,4.312048765540925
59.5959595959596,39.3939393939394,0.26311456463198946,17.76896606593717,4.272695257686768
60.60606060606061,39.3939393939394,0.615472998543819,26.35041499301819,3.985764802873107
61.61616161616162,39.3939393939394,0.8633368822939996,23.25503114861027,4.805421438784822
62.62626262626263,39.3939393939394,1.3761811848872276,32.99437524371208,3.58657276116555
63.63636363636364,39.3939393939394,0.9307642438593969,35.97231225959666,5.358437850525291
64.64646464646465,39.3939393939394,0.4224514196770366,18.94036889551543,4.836548739235665
65.65656565656566,39.3939393939394,0.3953853906013258,25.23270494155828,5.041457578541155
66.66666666666667,39.3939393939394,0.348091638844648,25.2994606141555,5.207019002295389
67.67676767676768,39.3939393939394,1.0136234928821966,20.85188083456896,5.228394976350756
68.68686868686869,39.3939393939394,0.6546187479171348,12.47276141544523,3.738927858554343
69.6969696969697,39.3939393939394,0.8133281176955154,26.88898241514613,4.316480160320687
70.70707070707071,39.3939393939394,1.0100570719382038,5.650079448749887,5.601354930672757
71.71717171717172,39.3939393939394,0.7063242607741137,7.159154737117959,4.408126823160445
72.72727272727273,39.3939393939394,1.9931444318389855,8.5315696518165,4.977668717828095
73.73737373737374,39.3939393939394,2.257069153619596,19.78580835415702,0.9959827291994636
74.74747474747475,39.3939393939394,0.3698730757868516,13.49185005057404,1.499226745140089
75.75757575757576,39.3939393939394,0.6944161338857141,15.5495122753109,2.064382928386851
76.76767676767678,39.3939393939394,0.8234433967105332,12.47345267894205,1.077792303369252
77.77777777777779,39.3939393939394,1.371827150649569,14.32661102795599,2.570512513796014
78.7878787878788,39.3939393939394,0.8434991481776968,8.368763135280746,0.8572126604830657
79.7979797979798,39.3939393939394,0.35141030895346553,10.69263267980161,1.621951216144644
80.80808080808082,39.3939393939394,0.49252199731875995,23.67286258061252,1.918840174798616
81.81818181818183,39.3939393939394,0.3114527292927831,15.06119862148281,2.125917433973695
82.82828282828284,39.3939393939394,0.5502104706011974,15.47957242180966,1.783014049832044
83.83838383838385,39.3939393939394,1.5758916756962893,22.97631573686667,1.853524838359168
84.84848484848486,39.3939393939394,1.935583919527377,19.06758175086442,5.027340347559113
85.85858585858587,39.3939393939394,0.7102496166136862,24.74140522015003,5.199178312932858
86.86868686868688,39.3939393939394,0.5303893629300707,27.5742028720431,4.450803308698946
87.87878787878789,39.3939393939394,0.5265767351393686,26.86355761606414,4.385825986886434
88.8888888888889,39.3939393939394,0.7555456181630009,21.26139844577204,4.830424834199911
89.89898989898991,39.3939393939394,0.4261339917716782,21.3536413542906,4.309921179379562
90.90909090909092,39.3939393939394,0.38034090064667936,26.71735904398034,4.907463129900915
91.91919191919193,39.3939393939394,0.6262115084894934,25.47688281133001,5.001154520037962
92.92929292929294,39.3939393939394,0.21364330166655132,19.84677098383499,4.908870688567801
93.93939393939395,39.3939393939394,0.5659704051056987,13.47203412873112,4.926962181236649
94.94949494949496,39.3939393939394,1.539132346537321,21.40576761753418,3.274368425448531
95.95959595959597,39.3939393939394,0.7270042306510449,20.37748625697226,4.289914091516344
96.96969696969697,39.3939393939394,0.327089150845318,26.51097392955949,5.002301202093654
97.97979797979798,39.3939393939394,0.9479178222371123,29.58644237174322,4.814193508924811
98.98989898989899,39.3939393939394,0.5683846567884476,15.7722043743766,5.18803367873933
100.0,39.3939393939394,0.5056877272871336,14.95422447099406,4.875686688262984
0.0,40.40404040404041,1.645843604422418,24.2199326119319,6.037050447073781
1.01010101010101,40.40404040404041,1.1862202183650141,8.564056358207,3.795194419285699
2.02020202020202,40.40404040404041,1.1108921850160822,20.7460895792413,3.703566289155024
3.03030303030303,40.40404040404041,1.0931583311388586,14.84487569773123,5.466547080509375
4.040404040404041,40.40404040404041,0.5675581849490821,22.53678761516257,4.917069544524344
5.050505050505051,40.40404040404041,1.533463603391013,22.86772379337643,5.809612797616102
6.060606060606061,40.40404040404041,0.8360473865874305,11.59814783440368,4.291122180951053
7.070707070707071,40.40404040404041,0.5609824972916145,29.27178966419533,4.059322205655485
8.080808080808081,40.40404040404041,0.7810910592032317,23.6868253897188,5.01914194392173
9.090909090909092,40.40404040404041,0.685008629627817,25.21517298991782,4.505563562105932
10.1010101010101,40.40404040404041,1.4449557572536724,28.22890344667745,3.041519619296434
11.11111111111111,40.40404040404041,2.3668872145766984,26.80843407482672,4.494289650329327
12.12121212121212,40.40404040404041,2.3835910750948375,17.31754039370264,0.5887726781036269
13.13131313131313,40.40404040404041,0.5850965757289456,17.84882236030582,1.872916759883888
14.14141414141414,40.40404040404041,0.30296771547162965,21.94671929884724,1.199928752499687
15.15151515151515,40.40404040404041,0.3312203622342798,17.98219516806319,1.464808512346778
16.16161616161616,40.40404040404041,0.3356923145575375,23.06461814593183,1.605333156899511
17.17171717171717,40.40404040404041,0.8145472188232601,11.38357238802095,2.254284493526158
18.18181818181818,40.40404040404041,0.6171071483709176,11.61249065736147,1.197624336774533
19.19191919191919,40.40404040404041,1.6157254443465345,27.57747410587869,1.588617994899879
20.2020202020202,40.40404040404041,1.6378205169950213,13.56982130554861,4.471975264999967
21.21212121212121,40.40404040404041,1.4659034992603872,19.2872202432222,5.215974577802781
22.22222222222222,40.40404040404041,0.6421740037785999,25.41053007805459,4.619435612306991
23.23232323232324,40.40404040404041,0.33719796526754275,18.74079085040172,5.096985186690364
24.24242424242424,40.40404040404041,0.8818835873596117,16.33358167868449,5.516530255385888
25.25252525252525,40.40404040404041,0.42018673347583024,14.99603859082129,4.982199199185271
26.26262626262626,40.40404040404041,0.5739541263318275,21.76409246545142,4.522388105764385
27.27272727272727,40.40404040404041,0.6962110025817487,13.28864355733462,3.896845683120585
28.28282828282828,40.40404040404041,0.559240058515085,21.49459707857767,4.042265403701355
29.29292929292929,40.40404040404041,0.6772134340798923,25.42521667738125,4.182544763955015
30.3030303030303,40.40404040404041,0.8645567312164808,18.87348877887452,3.519731590303682
31.31313131313131,40.40404040404041,1.0018320742823725,21.27766562700753,3.905659197168008
32.32323232323233,40.40404040404041,0.8211122178862797,23.77227493223981,4.68771742326371
33.33333333333334,40.40404040404041,0.27570010052109695,28.10085157497431,4.32301380572066
34.34343434343435,40.40404040404041,0.29480985166630935,30.97723159693105,4.3998485749118
35.35353535353536,40.40404040404041,0.5099779535723437,29.67920518301907,4.843293770018575
36.36363636363637,40.40404040404041,0.9787275825285349,33.02855763409183,4.766312711090185
37.37373737373738,40.40404040404041,1.5909561287564609,25.76105920172912,3.122450518966965
38.38383838383839,40.40404040404041,0.5250577583829126,12.97645854405656,4.694274385754301
39.3939393939394,40.40404040404041,0.7875438061533216,29.88220014848454,4.615825053389508
40.40404040404041,40.40404040404041,1.2304819400206615,31.97428131333456,3.399006787843669
41.41414141414142,40.40404040404041,0.637253191719278,30.13825705298842,4.81717922421294
42.42424242424243,40.40404040404041,1.9692443913588737,12.55797128363427,4.389032524922546
43.43434343434344,40.40404040404041,1.3680403721597245,21.19981614855416,1.94714994818415
44.44444444444445,40.40404040404041,0.42958301538916055,20.97145117165423,1.349499886521483
45.45454545454546,40.40404040404041,0.23790466234323424,15.3461496741235,1.3432518960857
46.46464646464647,40.40404040404041,0.5753059428881532,23.41868537574227,0.8706946141089537
47.47474747474748,40.40404040404041,0.18109863909846383,9.291515453877516,1.358322663159955
48.48484848484848,40.40404040404041,0.1906137566851952,14.63536416148059,1.279470614209458
49.49494949494949,40.40404040404041,0.48381606359537804,12.31091983192985,1.469023708832603
50.50505050505051,40.40404040404041,1.5216150619089506,15.40648783809271,0.6401406810845407
51.51515151515152,40.40404040404041,1.9811387325222443,18.16575262853495,0.6469474509320128
52.52525252525253,40.40404040404041,1.6487460016772428,27.69418702906904,4.380311986706001
53.53535353535354,40.40404040404041,0.5664957661920782,27.02362731796579,4.565910437413576
54.54545454545455,40.40404040404041,0.5460081668191078,31.55630524771367,4.066784327626489
55.55555555555556,40.40404040404041,1.6487865804895527,27.63857677745874,2.760043002807825
56.56565656565657,40.40404040404041,0.8394342403436011,30.00376699735028,4.85693747806362
57.57575757575758,40.40404040404041,0.5122725796768035,22.11404251932319,4.236258308024639
58.58585858585859,40.40404040404041,0.6539548759904983,43.41402957452721,5.244788827787093
59.5959595959596,40.40404040404041,0.4148029109278424,31.18956462987263,4.579073214233995
60.60606060606061,40.40404040404041,0.3862284332640944,21.98580310939228,4.151883075998104
61.61616161616162,40.40404040404041,0.6039934282560493,18.76358693592146,4.008980088821733
62.62626262626263,40.40404040404041,0.49106276164740537,14.06700263097601,4.643941797685351
63.63636363636364,40.40404040404041,0.2647614059736456,20.46551522875066,4.667398562412242
64.64646464646465,40.40404040404041,0.18679554689323918,22.04973756283416,4.926168395335243
65.65656565656566,40.40404040404041,0.5689714553017359,26.93018315286381,5.029262610149956
66.66666666666667,40.40404040404041,0.8298110097668857,25.01420947446953,4.360474204286926
67.67676767676768,40.40404040404041,1.6503789648481777,23.77387384289767,2.877389545602432
68.68686868686869,40.40404040404041,0.6995890604469691,13.9512122092462,4.056070111891284
69.6969696969697,40.40404040404041,0.8442327874993658,1.213704016398003,3.451208811536048
70.70707070707071,40.40404040404041,0.7652290060139376,20.90623547809028,5.039610838256747
71.71717171717172,40.40404040404041,0.3466486349263854,24.01867232330393,4.313481756424687
72.72727272727273,40.40404040404041,0.521114517550638,20.4205733249556,4.168446275488114
73.73737373737374,40.40404040404041,2.264567222762399,13.05359258327598,4.67266374238287
74.74747474747475,40.40404040404041,1.7752302597059115,20.18723682069887,1.480660017737713
75.75757575757576,40.40404040404041,0.2731397569289903,22.92938403912512,1.643324993020503
76.76767676767678,40.40404040404041,0.4013230372961979,8.04604945141407,1.815029659589617
77.77777777777779,40.40404040404041,0.47430404284842737,14.82116221776516,1.80967540469444
78.7878787878788,40.40404040404041,0.845034482108806,10.4522304219325,0.8015397577784527
79.7979797979798,40.40404040404041,0.621758205374966,17.28495342178673,1.720528476771643
80.80808080808082,40.40404040404041,1.1945430800983279,18.5925028987282,0.4862627618191721
81.81818181818183,40.40404040404041,1.163872034071158,7.058443585978141,1.680464674257022
82.82828282828284,40.40404040404041,1.9055672466377493,18.08106637617052,1.20835063379773
83.83838383838385,40.40404040404041,1.260581492034696,12.32350437989828,3.910401968372687
84.84848484848486,40.40404040404041,0.3871725844977296,18.72231957433745,4.043534365772654
85.85858585858587,40.40404040404041,0.4788600572952306,19.68928444195841,4.399804483430902
86.86868686868688,40.40404040404041,0.7260349718368795,30.86980649217775,3.703426641879833
87.87878787878789,40.40404040404041,0.8928979583357035,19.59087107504374,3.192133240604016
88.8888888888889,40.40404040404041,0.5076385825149455,25.08160991233737,3.886910532505091
89.89898989898991,40.40404040404041,0.3705316709478852,12.36790038436046,4.249078678961261
90.90909090909092,40.40404040404041,0.589550704354083,17.12014848822899,4.913414574706777
91.91919191919193,40.40404040404041,1.364674081942768,30.44472277984354,3.638970492960507
92.92929292929294,40.40404040404041,0.4447670519093302,20.19681896625265,4.647621959376585
93.93939393939395,40.40404040404041,0.6116708807090117,21.13708570397721,4.713844115786364
94.94949494949496,40.40404040404041,1.0383450701155725,27.61375565965368,5.244188668142272
95.95959595959597,40.40404040404041,0.7979419012714588,21.5536468254992,3.875173705667524
96.96969696969697,40.40404040404041,0.7118033380924212,28.68779955312458,4.679220659095547
97.97979797979798,40.40404040404041,1.4866020679747498,36.00699366441318,3.273700410675799
98.98989898989899,40.40404040404041,0.5934917684211976,34.04698702351172,4.337142390718292
100.0,40.40404040404041,0.43335567980673595,23.16343018593624,4.080971861694997
0.0,41.41414141414142,0.4953539370875104,29.87556414874292,4.583068004350413
1.01010101010101,41.41414141414142,0.6425631527813422,24.91442947855032,4.589491693231037
2.02020202020202,41.41414141414142,1.2606871611391244,27.95178639042982,5.868439704651252
3.03030303030303,41.41414141414142,0.7092769454945096,20.05350027370674,5.447224754246528
4.040404040404041,41.41414141414142,0.6847363102785825,31.11115866707261,4.446788062760703
5.050505050505051,41.41414141414142,0.9296937234812201,15.47117320340005,3.57824703767692
6.060606060606061,41.41414141414142,1.2267579394550068,20.40227934488611,3.133082512182672
7.070707070707071,41.41414141414142,0.33126306407429684,33.273278209938,3.939418628137822
8.080808080808081,41.41414141414142,0.893421218468322,25.43800907224487,3.757111637058746
9.090909090909092,41.41414141414142,0.6723517480518365,39.89729903799687,4.879682471283628
10.1010101010101,41.41414141414142,0.789903194558803,34.53338272081196,5.025044729649686
11.11111111111111,41.41414141414142,0.7336772518175957,22.66213787512559,5.188549367409584
12.12121212121212,41.41414141414142,1.7901548349600982,26.55979687501409,3.763560079755569
13.13131313131313,41.41414141414142,1.4023361774528105,13.35753937549498,1.625613073346907
14.14141414141414,41.41414141414142,0.8553996683764842,12.12976117766638,0.9816301315652334
15.15151515151515,41.41414141414142,0.33442993534162735,13.64101284774896,0.885917210682464
16.16161616161616,41.41414141414142,0.2972663016969025,12.4307638148998,1.419240116510867
17.17171717171717,41.41414141414142,1.0858444201114028,16.8311155530568,1.263713856963909
18.18181818181818,41.41414141414142,1.4891119782104063,18.11258552361839,1.866101157170583
19.19191919191919,41.41414141414142,1.4933711728642916,23.44647888668152,4.412034899985471
20.2020202020202,41.41414141414142,0.4141890301039248,14.69895630234357,4.640298210596438
21.21212121212121,41.41414141414142,1.076893943239431,22.82042947862446,4.106641934515348
22.22222222222222,41.41414141414142,0.7246469001384678,34.19095849559625,3.666095661841566
23.23232323232324,41.41414141414142,0.9923390489537278,21.68703652134023,4.7969377690341
24.24242424242424,41.41414141414142,1.3344737793851864,10.09342307929549,6.070285336820995
25.25252525252525,41.41414141414142,0.5325279752132324,18.43482923921085,5.148901503826434
26.26262626262626,41.41414141414142,0.29711710798134083,20.74772901557397,5.278032080299145
27.27272727272727,41.41414141414142,0.9552706670178139,19.95694937524999,5.575883376836739
28.28282828282828,41.41414141414142,0.7544421853586407,18.98833789907315,4.538182155674594
29.29292929292929,41.41414141414142,1.4728713313245017,14.94096807262017,5.803671755527581
30.3030303030303,41.41414141414142,0.9621119450430589,15.76930759194522,4.116288450642412
31.31313131313131,41.41414141414142,0.8342885395363285,17.62208470348286,4.924561123821456
32.32323232323233,41.41414141414142,0.6631350582490251,23.11486340767005,3.896100303961886
33.33333333333334,41.41414141414142,0.24139137227181495,20.7869611989136,4.242041089598331
34.34343434343435,41.41414141414142,0.4562508910888714,28.02870226908644,4.699001563774601
35.35353535353536,41.41414141414142,1.1119732371184892,11.70516587929735,3.685769279052855
36.36363636363637,41.41414141414142,0.7776656312959533,27.92120342534802,3.830687105199326
37.37373737373738,41.41414141414142,1.5018179860820697,22.50394463975172,5.329126144149667
38.38383838383839,41.41414141414142,0.9507361300633261,19.89535967860069,4.962080363318689
39.3939393939394,41.41414141414142,1.4785710635943827,4.839462650643778,3.636788965248168
40.40404040404041,41.41414141414142,1.7026258367379294,11.62589731567959,5.398327994030547
41.41414141414142,41.41414141414142,0.8976480150977364,26.36255643788427,4.181918727220815
42.42424242424243,41.41414141414142,1.3148675875083413,25.36069167946797,5.523774336829562
43.43434343434344,41.41414141414142,1.7812327264677532,22.22454626272788,3.822482550320072
44.44444444444445,41.41414141414142,1.5303116206816068,14.01263983195106,1.768813362212581
45.45454545454546,41.41414141414142,1.8731991011083697,16.34802150009233,0.9789053546868585
46.46464646464647,41.41414141414142,0.8025180779520276,21.78754324015312,2.049533924803586
47.47474747474748,41.41414141414142,0.48619704336955827,18.58926073498722,1.507019445862836
48.48484848484848,41.41414141414142,1.3933763804141175,13.26945857955907,1.032665104117594
49.49494949494949,41.41414141414142,1.7472562733591754,14.66842057644704,2.293659480720986
50.50505050505051,41.41414141414142,2.5588387359414044,7.165211314631703,5.208531876046221
51.51515151515152,41.41414141414142,1.4256665320960744,20.44117844387234,3.463325342190851
52.52525252525253,41.41414141414142,0.4461665002178863,30.17233131292354,4.045570120047631
53.53535353535354,41.41414141414142,0.17580338050239463,30.43051296508334,4.291401832711968
54.54545454545455,41.41414141414142,0.27620209340205415,18.26850611161589,4.218003229855666
55.55555555555556,41.41414141414142,0.9182278383165458,23.1232798370703,4.955901783476527
56.56565656565657,41.41414141414142,0.22535836022811084,19.82114850835575,5.031920775207367
57.57575757575758,41.41414141414142,0.6644014030365953,16.85198590931533,4.472800471813866
58.58585858585859,41.41414141414142,0.4463049671244399,15.46269096270307,5.253622136187366
59.5959595959596,41.41414141414142,0.3068814970502569,36.2182428721495,4.839001149609148
60.60606060606061,41.41414141414142,0.32781633150964673,24.85908613680469,4.960585410517223
61.61616161616162,41.41414141414142,0.4921616485455733,14.7994910171297,4.850647755842854
62.62626262626263,41.41414141414142,0.37951607219242134,12.97601298873149,4.39547826120604
63.63636363636364,41.41414141414142,0.29585967066214813,30.46975136468525,4.581618824280601
64.64646464646465,41.41414141414142,0.8030366708208311,21.82244074149425,5.221866879070908
65.65656565656566,41.41414141414142,1.0086823436066887,12.46736839393095,3.537454378011953
66.66666666666667,41.41414141414142,0.3636322486303013,28.49471952983917,4.039648027775369
67.67676767676768,41.41414141414142,0.6379535418856964,28.77443417683778,4.466134749273474
68.68686868686869,41.41414141414142,0.6034510089448231,21.44536016819716,4.753742233698132
69.6969696969697,41.41414141414142,0.6039507158969433,31.38893194433448,3.769605285672937
70.70707070707071,41.41414141414142,0.6777355964965154,9.704960467386758,4.854970015169767
71.71717171717172,41.41414141414142,0.7301029018950902,21.5717616762486,3.892696846223536
72.72727272727273,41.41414141414142,0.9104871170377082,29.99001628594407,4.794428955519358
73.73737373737374,41.41414141414142,1.9442380843561273,17.19047145156952,2.987297056056591
74.74747474747475,41.41414141414142,2.4735836230346853,29.53923826431847,5.208345629231037
75.75757575757576,41.41414141414142,1.7869780523758678,17.69814014313223,1.306193542522794
76.76767676767678,41.41414141414142,1.3176674615257349,6.527299980788367,1.124033788089481
77.77777777777779,41.41414141414142,1.0145835737701685,19.79935552683878,1.686786244213469
78.7878787878788,41.41414141414142,1.0225511915938503,12.70819860208832,2.198880417599886
79.7979797979798,41.41414141414142,0.9047087587004496,9.784023531446117,1.485327349844439
80.80808080808082,41.41414141414142,1.8364615290898731,22.25991162593403,1.403390041842719
81.81818181818183,41.41414141414142,1.5884734918069743,14.03637824785287,4.224184097927838
82.82828282828284,41.41414141414142,1.6876510324829845,31.81031277519601,5.081790829280164
83.83838383838385,41.41414141414142,0.7746508802474152,26.59196152774189,3.760136862222346
84.84848484848486,41.41414141414142,0.2278019913438849,35.01021853531145,3.968052524626409
85.85858585858587,41.41414141414142,0.2551033855197431,26.09646443390641,4.463222923900552
86.86868686868688,41.41414141414142,0.5680498605507083,26.21337453478941,4.652518619581352
87.87878787878789,41.41414141414142,0.5447036809807427,24.94238501898788,4.363961634487519
88.8888888888889,41.41414141414142,0.4256117934465329,29.11498168192714,3.856815942497374
89.89898989898991,41.41414141414142,0.484973281078248,26.43942226963638,4.643858820132816
90.90909090909092,41.41414141414142,0.3892373788269907,25.58756949905574,5.326885969825462
91.91919191919193,41.41414141414142,1.2350291125181725,23.45662049053235,5.452387245491778
92.92929292929294,41.41414141414142,0.7207474615407885,36.27826221474758,4.204676103756338
93.93939393939395,41.41414141414142,2.043311646746922,15.75620841652379,3.076845367166289
94.94949494949496,41.41414141414142,1.420071748072388,17.36029576009326,5.528389191080167
95.95959595959597,41.41414141414142,0.9877691807326259,16.57313809532294,4.479139009001769
96.96969696969697,41.41414141414142,0.3893297041791708,17.40839419205504,4.993786266619354
97.97979797979798,41.41414141414142,1.063778125533133,27.44960824330336,5.210653355863545
98.98989898989899,41.41414141414142,0.5069034324555013,35.90329793527042,4.540605667316256
100.0,41.41414141414142,0.42702306940375284,13.6890094188244,3.831790177866072
0.0,42.42424242424243,0.2420916792414373,22.02519629506951,4.557412324691874
1.01010101010101,42.42424242424243,0.5431393499620534,18.86918383744602,5.080075330110229
2.02020202020202,42.42424242424243,0.7082697323056657,34.89868862569288,4.690727437415924
3.03030303030303,42.42424242424243,0.9651575182969847,25.25507626502425,4.051090940421886
4.040404040404041,42.42424242424243,0.8916011356366965,29.50111626158348,4.846474105541784
5.050505050505051,42.42424242424243,0.7983057769583132,23.92918363139448,3.751950621084588
6.060606060606061,42.42424242424243,2.081937457792338,27.36217397045482,5.630573959784922
7.070707070707071,42.42424242424243,0.8154051114157804,22.81013592611522,3.722913056392524
8.080808080808081,42.42424242424243,0.949262631869201,17.37278453933521,4.763888378765091
9.090909090909092,42.42424242424243,0.7039896722091521,12.40622184481089,3.832327480844918
10.1010101010101,42.42424242424243,0.6718503128107607,24.95196998762777,4.157823957893681
11.11111111111111,42.42424242424243,0.3835415871763219,17.97194495789892,4.536594002633371
12.12121212121212,42.42424242424243,0.23068354476362518,29.52092676332986,4.186455723881344
13.13131313131313,42.42424242424243,0.977806870631382,22.22583302771996,4.205724148430832
14.14141414141414,42.42424242424243,1.5034240933644527,14.38309288237541,3.445234321472274
15.15151515151515,42.42424242424243,1.2143160537325088,17.79105313365168,1.015709823673487
16.16161616161616,42.42424242424243,1.5438187303255453,18.10715737036264,1.105117115487262
17.17171717171717,42.42424242424243,1.5384954729226465,25.54696014354546,3.858607341093639
18.18181818181818,42.42424242424243,0.8247315449876056,13.78324363859157,4.005751206594596
19.19191919191919,42.42424242424243,0.8714400431816545,22.06994737032033,4.78790563293119
20.2020202020202,42.42424242424243,0.7055738313462288,26.63737433763838,5.366811798723611
21.21212121212121,42.42424242424243,1.7747713269468006,16.53400086071964,6.330682515430769
22.22222222222222,42.42424242424243,1.5015525985802383,19.0713095084353,3.292236391619437
23.23232323232324,42.42424242424243,0.6443014432235671,25.77634320545706,3.531818665854882
24.24242424242424,42.42424242424243,1.2461992533928328,22.99720233377245,3.480876701496813
25.25252525252525,42.42424242424243,0.8649411285016917,18.76484005076232,4.236006317081939
26.26262626262626,42.42424242424243,0.40157038048197746,15.65576326372407,5.272189495918846
27.27272727272727,42.42424242424243,0.8677785446798154,27.19994418620173,4.769390920181376
28.28282828282828,42.42424242424243,0.3065447546798953,28.54752919673947,4.319520987228403
29.29292929292929,42.42424242424243,0.8221551049023637,12.7784931348697,4.486186326540298
30.3030303030303,42.42424242424243,1.022591930032223,24.68999062531099,3.36005350887312
31.31313131313131,42.42424242424243,1.0039434224617154,22.82321330748201,4.443042385368203
32.32323232323233,42.42424242424243,0.5678149756498301,21.92869133276588,3.409578795763625
33.33333333333334,42.42424242424243,0.5109443678285143,36.40216118523197,4.160349576446116
34.34343434343435,42.42424242424243,0.4633460293572209,22.65529546220931,4.75465938036927
35.35353535353536,42.42424242424243,1.5331463768491256,26.84699412307089,5.817987625692875
36.36363636363637,42.42424242424243,0.7822308796585279,23.30400022386693,4.362367159395468
37.37373737373738,42.42424242424243,1.0183372016242536,24.69990676792612,3.394014644785408
38.38383838383839,42.42424242424243,1.6281828361412911,14.8165199042393,3.119278999531272
39.3939393939394,42.42424242424243,1.7155862416784258,22.76696167841279,5.48520670463146
40.40404040404041,42.42424242424243,1.3464902819306273,22.04878691254555,3.565094148857817
41.41414141414142,42.42424242424243,0.347914943797655,23.23581593036281,3.784852040240474
42.42424242424243,42.42424242424243,0.7021533359551613,16.60295920867648,4.44219319482145
43.43434343434344,42.42424242424243,1.235414193303547,14.18849263044643,5.317119879438183
44.44444444444445,42.42424242424243,1.7943707499277186,32.12802439930056,4.627169173614695
45.45454545454546,42.42424242424243,3.233876347962257,25.19793881471946,6.246818640079046
46.46464646464647,42.42424242424243,2.366719700302995,17.14474284517151,1.631443972747585
47.47474747474748,42.42424242424243,1.4921639504444273,16.95531488740983,2.286242015952196
48.48484848484848,42.42424242424243,1.8157333283658397,23.00505550791174,4.624016397333566
49.49494949494949,42.42424242424243,0.6841998784446303,22.70825331154894,4.282182030340678
50.50505050505051,42.42424242424243,0.6694744751482306,39.24190007801642,4.201647056422889
51.51515151515152,42.42424242424243,1.2153973172541124,30.66323244479596,2.904488416777542
52.52525252525253,42.42424242424243,0.8016175450617553,37.13667358684734,4.667417763739689
53.53535353535354,42.42424242424243,0.26545445937202716,14.10368071786169,4.181927230924638
54.54545454545455,42.42424242424243,0.1829091530240725,31.21792971452813,4.360295544757541
55.55555555555556,42.42424242424243,0.45265418366484456,19.80138814100119,4.292766756230748
56.56565656565657,42.42424242424243,1.032585879744177,27.80703189490989,5.123231623851722
57.57575757575758,42.42424242424243,1.7251463509077434,8.104486976252804,3.391678991223713
58.58585858585859,42.42424242424243,1.3601242841128725,14.233685309404,5.834566045333133
59.5959595959596,42.42424242424243,0.8142261685391586,17.9058173744943,5.270393954948729
60.60606060606061,42.42424242424243,0.4934930720317746,23.81930155739304,4.6895443345802
61.61616161616162,42.42424242424243,0.5864105476874624,26.6258191032699,4.288775977992864
62.62626262626263,42.42424242424243,0.7400635693541484,26.76475900942597,3.767187566627041
63.63636363636364,42.42424242424243,0.8562000867537012,13.68459875075597,4.310348497628517
64.64646464646465,42.42424242424243,1.4000214746949873,39.35413135883607,5.813654522769306
65.65656565656566,42.42424242424243,1.564875736752751,19.61095694822581,3.181139386545571
66.66666666666667,42.42424242424243,0.451790529084111,11.82880415991303,4.244670474523497
67.67676767676768,42.42424242424243,0.540816652339341,17.40961441537706,4.217159991324492
68.68686868686869,42.42424242424243,0.3696258727534122,31.84706822563571,4.30935475217554
69.6969696969697,42.42424242424243,0.6631788676768184,24.62841758233261,3.797509997601797
70.70707070707071,42.42424242424243,0.6986048243729891,29.44036288376911,4.376306350713746
71.71717171717172,42.42424242424243,0.6850722248472435,20.47612632826354,4.528318265360694
72.72727272727273,42.42424242424243,0.4682861310491748,13.40537442031268,5.101530734880359
73.73737373737374,42.42424242424243,0.5674006971036444,31.19614381992375,5.050702234517607
74.74747474747475,42.42424242424243,0.42668288072960947,16.95923778374049,5.164897408468307
75.75757575757576,42.42424242424243,1.5173322634635522,18.56707339499446,4.032662460387002
76.76767676767678,42.42424242424243,1.3478076162694774,17.21287683941013,4.958795552134984
77.77777777777779,42.42424242424243,1.911768508115254,22.78342046776482,4.547384749302766
78.7878787878788,42.42424242424243,3.11834388006036,13.06375001903473,0.7316635521877827
79.7979797979798,42.42424242424243,1.8417498600921014,14.09491672914056,4.073470881961867
80.80808080808082,42.42424242424243,1.5866964976209061,32.10045327508569,4.929377514091825
81.81818181818183,42.42424242424243,0.294627917996651,8.516989813757537,4.355957854047474
82.82828282828284,42.42424242424243,0.40976557509996425,28.33653746824345,4.383887593240805
83.83838383838385,42.42424242424243,0.9383721946058134,20.2225357630252,5.178905647599785
84.84848484848486,42.42424242424243,0.8370204017945746,21.12207532108449,3.83541246207532
85.85858585858587,42.42424242424243,0.702806719325336,28.8794843103347,4.735751930554931
86.86868686868688,42.42424242424243,0.774349829349213,43.75427360591769,5.497773403308033
87.87878787878789,42.42424242424243,0.4654124784437941,17.99346325501343,4.15267798153203
88.8888888888889,42.42424242424243,0.35883459508608617,19.25597496612073,4.234979956650202
89.89898989898991,42.42424242424243,0.3609094439684475,28.12025111096556,4.568815864319466
90.90909090909092,42.42424242424243,0.5998372041335124,17.99455098237512,4.991936274995146
91.91919191919193,42.42424242424243,0.9913425426967664,24.03606795685465,3.698899965352115
92.92929292929294,42.42424242424243,0.9652938570968951,27.88710927103924,4.14017399153892
93.93939393939395,42.42424242424243,2.325301104412198,23.42901320650963,6.033718645029976
94.94949494949496,42.42424242424243,1.5783629450537964,16.69991183550566,3.633096727720785
95.95959595959597,42.42424242424243,1.639872278029865,23.51506270827847,2.695925029101493
96.96969696969697,42.42424242424243,0.86197509087885,22.40563009651393,4.482547404288254
97.97979797979798,42.42424242424243,0.6579249703871729,22.99624226055555,3.779408576710238
98.98989898989899,42.42424242424243,0.4436521286794728,10.04239466049368,4.095318392089687
100.0,42.42424242424243,0.27471287868749766,40.40146878872194,4.154862212798221
0.0,43.43434343434344,0.28222481267128147,23.72131449458115,4.379455972044457
1.01010101010101,43.43434343434344,0.27358775254607126,29.63045440825066,4.310112465253868
2.02020202020202,43.43434343434344,0.747343017217903,19.14615894873854,4.064345165116932
3.03030303030303,43.43434343434344,0.983199777900103,34.4504633769686,5.080567537671249
4.040404040404041,43.43434343434344,0.8753068283965677,11.98216526340964,3.569662255353172
5.050505050505051,43.43434343434344,0.4159490958071417,14.38886817232018,3.798323322352643
6.060606060606061,43.43434343434344,0.8396240783191631,30.86562648312985,3.58659981831055
7.070707070707071,43.43434343434344,0.24050550861395603,21.30596834259963,3.626434408239665
8.080808080808081,43.43434343434344,0.5130770030012695,19.41017420854969,3.946150813287372
9.090909090909092,43.43434343434344,1.1540734837341298,18.04918574962768,3.320781157415956
10.1010101010101,43.43434343434344,1.2240270751319426,35.74099977731741,5.273737915592267
11.11111111111111,43.43434343434344,0.6592624468419273,24.52752487134691,4.383291342196013
12.12121212121212,43.43434343434344,0.49391161850109033,17.60980326401141,4.056023892254133
13.13131313131313,43.43434343434344,0.600998610799071,22.1669987194231,4.757082304364388
14.14141414141414,43.43434343434344,0.7417063026346581,19.42539050298912,3.805312180265699
15.15151515151515,43.43434343434344,1.3218598498120517,22.68502009236585,3.224249635999937
16.16161616161616,43.43434343434344,1.2728724067330441,19.27172563374303,4.123371518345687
17.17171717171717,43.43434343434344,0.7430601677566961,29.28607328700453,4.517061657547162
18.18181818181818,43.43434343434344,0.6829398474820425,33.59636774166606,3.775773367905738
19.19191919191919,43.43434343434344,1.9382365473353915,10.45961945750563,3.039076785279307
20.2020202020202,43.43434343434344,1.2455587949081388,30.34767307539664,5.919816653481774
21.21212121212121,43.43434343434344,0.8338911548621553,40.00136605629461,5.457954629077475
22.22222222222222,43.43434343434344,1.3129494919226599,30.92545128025809,5.646559117671484
23.23232323232324,43.43434343434344,0.7795070829367541,19.13378968394119,4.553381096976418
24.24242424242424,43.43434343434344,0.7109070901428276,30.08039459838603,5.070193499800767
25.25252525252525,43.43434343434344,0.6403558818486323,22.27055474414459,4.991562849922178
26.26262626262626,43.43434343434344,0.8831931412614067,9.841580495395423,5.210732312945611
27.27272727272727,43.43434343434344,1.587784450566981,20.07501059369767,3.05743770680792
28.28282828282828,43.43434343434344,0.34585917081978623,18.25095567272556,3.928538409219881
29.29292929292929,43.43434343434344,0.7165630845735821,29.17287490172448,3.8078494928972
30.3030303030303,43.43434343434344,0.8391946631939435,29.93557778095305,4.485064593070458
31.31313131313131,43.43434343434344,1.0942038454215925,10.70388751744879,3.025239900074256
32.32323232323233,43.43434343434344,0.7592692592575109,20.03701498217474,3.409074771649635
33.33333333333334,43.43434343434344,0.5457870688815866,25.10040904452017,4.777354950002313
34.34343434343435,43.43434343434344,0.38169958790974734,26.38787772695528,4.894747631956726
35.35353535353536,43.43434343434344,0.8240646980363198,24.65286121634477,4.336569176557404
36.36363636363637,43.43434343434344,0.18110210047999553,32.38061196216126,4.535637642925971
37.37373737373738,43.43434343434344,0.5069366743892706,27.41451521979361,4.289163792053968
38.38383838383839,43.43434343434344,0.8408012350739645,14.6931627030177,5.148545629954695
39.3939393939394,43.43434343434344,0.5909705465162968,26.40679084455261,4.757319738174878
40.40404040404041,43.43434343434344,0.7530970296733266,26.77454650137532,4.977950984251296
41.41414141414142,43.43434343434344,0.4388058024817445,14.01254219047767,3.90234608248712
42.42424242424243,43.43434343434344,0.5432380760143671,16.80847225253684,4.247428832206626
43.43434343434344,43.43434343434344,1.2356544759017947,22.85782718646371,3.434977825782325
44.44444444444445,43.43434343434344,1.9943924582611423,31.35664701703485,2.617642157593773
45.45454545454546,43.43434343434344,1.2772804704633174,23.036737520354,4.814250667418017
46.46464646464647,43.43434343434344,1.453008244793494,21.07386015642629,5.410060111367491
47.47474747474748,43.43434343434344,1.2184905323091675,21.77591710446215,4.483102823054564
48.48484848484848,43.43434343434344,1.001791997306592,15.40495222142794,3.632043125460437
49.49494949494949,43.43434343434344,0.6493955520258906,32.34723739796237,4.60808965358883
50.50505050505051,43.43434343434344,0.5957363038332721,18.81515959009895,3.908327589016435
51.51515151515152,43.43434343434344,0.5628121732715217,28.19010780517434,4.147152773773189
52.52525252525253,43.43434343434344,0.3538296615326735,23.5314890738711,4.331215106961923
53.53535353535354,43.43434343434344,0.30539267704194484,29.72498151458245,4.470411619977461
54.54545454545455,43.43434343434344,0.4336420006306192,26.76029337107614,4.016848349922824
55.55555555555556,43.43434343434344,0.5177141416196681,21.50172847818168,4.542254807496579
56.56565656565657,43.43434343434344,1.1005718698684892,20.84347756459874,3.646216453768352
57.57575757575758,43.43434343434344,1.031106804949561,19.97575941370698,5.036703227527104
58.58585858585859,43.43434343434344,1.0385838955282418,27.26155203184153,3.982071962521235
59.5959595959596,43.43434343434344,1.310739899904093,18.53980604883451,3.58990379688461
60.60606060606061,43.43434343434344,0.8853479311331248,18.05610706798424,3.96823109934599
61.61616161616162,43.43434343434344,0.5483874633684652,20.6806765976814,5.150189622939565
62.62626262626263,43.43434343434344,0.6890777005021178,8.938202878440416,5.034401807097337
63.63636363636364,43.43434343434344,0.6061348757319687,28.41254178299357,5.417411561848974
64.64646464646465,43.43434343434344,0.7048971069875551,12.62159481314775,4.941177429052277
65.65656565656566,43.43434343434344,1.1597898517921457,15.39633220817586,5.388281117888533
66.66666666666667,43.43434343434344,0.695199818387112,23.09869522908216,4.755768572934882
67.67676767676768,43.43434343434344,1.5987208417542158,24.59764646819927,6.011746598682822
68.68686868686869,43.43434343434344,0.697476537080695,23.73882398584444,4.739431246241806
69.6969696969697,43.43434343434344,0.932007571853145,10.83123703509902,5.331679648694519
70.70707070707071,43.43434343434344,1.62514027774306,13.88541255444804,5.961253715990784
71.71717171717172,43.43434343434344,1.6601977790302282,27.71612424936384,3.148875169275491
72.72727272727273,43.43434343434344,1.0554609789936658,22.72777103323933,4.159528959927076
73.73737373737374,43.43434343434344,0.4185016816770788,14.83922353694601,5.091876170157717
74.74747474747475,43.43434343434344,0.4693509008239509,31.65710674173512,5.58175058859201
75.75757575757576,43.43434343434344,0.5053728470086398,26.74559860129406,5.317154556547715
76.76767676767678,43.43434343434344,0.562550256171614,16.42032141356076,5.177720358587189
77.77777777777779,43.43434343434344,1.028370518643942,18.62634434938709,3.988041221878248
78.7878787878788,43.43434343434344,1.3237409593554206,5.072448088390997,4.580293680128052
79.7979797979798,43.43434343434344,0.5778662898582863,13.59285025539112,4.654612828308802
80.80808080808082,43.43434343434344,0.9772517247903864,28.58513248526801,3.537905288031615
81.81818181818183,43.43434343434344,0.3704597695854259,23.54269265007904,3.910569337418187
82.82828282828284,43.43434343434344,0.43344869984445433,18.45056529735739,4.265676322432618
83.83838383838385,43.43434343434344,0.6474176657793203,31.49839529228787,5.375114400762155
84.84848484848486,43.43434343434344,0.7871249180798887,16.02669625925758,4.807021352698453
85.85858585858587,43.43434343434344,1.1562821318533574,17.12140047513773,3.85941500114068
86.86868686868688,43.43434343434344,0.9615990991259797,19.89821805184197,5.352745764166966
87.87878787878789,43.43434343434344,0.6178132195641289,22.75681112388285,4.375646845457541
88.8888888888889,43.43434343434344,0.7094763058953435,27.51162909240347,4.876016440054283
89.89898989898991,43.43434343434344,0.4287112886341877,12.60942236966619,5.180454366034962
90.90909090909092,43.43434343434344,0.3967197439371726,31.37337997714844,4.643693873610123
91.91919191919193,43.43434343434344,0.8212750157453447,12.75434967713503,4.176472520169682
92.92929292929294,43.43434343434344,1.7478215271093838,20.99586016812738,2.678319355046618
93.93939393939395,43.43434343434344,1.193123115863578,22.31793121975386,3.983554076045116
94.94949494949496,43.43434343434344,0.4638676322239892,18.48487143992338,4.713462428648107
95.95959595959597,43.43434343434344,0.6556570779540055,22.8789700216891,4.748406087514624
96.96969696969697,43.43434343434344,0.4605180512862316,22.51703026395576,4.929447702707777
97.97979797979798,43.43434343434344,0.7874022012518598,11.54947620615049,3.960815036148158
98.98989898989899,43.43434343434344,0.9576646125303466,24.38075246063835,5.049185995493025
100.0,43.43434343434344,0.3892746435924561,12.77645481146816,4.59638499322003
0.0,44.44444444444445,0.8300062860693367,10.61365625427425,3.780081393468618
1.01010101010101,44.44444444444445,0.7017336215922264,32.48138310646357,4.319389803654267
2.02020202020202,44.44444444444445,0.6182762008331031,19.4294993166089,5.165345288998299
3.03030303030303,44.44444444444445,0.40528481525940774,21.50945376611481,4.704372678192594
4.040404040404041,44.44444444444445,0.6055262544317279,7.341630028063582,4.054511369433283
5.050505050505051,44.44444444444445,0.6934734065177626,33.73899295983431,4.975362433271591
6.060606060606061,44.44444444444445,0.5594996995577081,24.27801031271308,4.649563896141623
7.070707070707071,44.44444444444445,0.4197573550393876,28.84105035378018,4.132426799565808
8.080808080808081,44.44444444444445,0.29258912661035597,15.65112028997674,4.235635198895608
9.090909090909092,44.44444444444445,0.8069460196073517,15.7388489678273,4.847202354875787
10.1010101010101,44.44444444444445,0.7843559339168349,23.12311083976071,4.336946904335646
11.11111111111111,44.44444444444445,1.3972820228311504,31.0229460892708,5.64932444578823
12.12121212121212,44.44444444444445,0.5100063777807331,16.54234465147534,4.87291267257915
13.13131313131313,44.44444444444445,0.23862471239171357,24.94133375129134,4.557274553310605
14.14141414141414,44.44444444444445,0.6157434806122686,24.54013463539537,4.879226863646455
15.15151515151515,44.44444444444445,0.9697528237747911,7.573574585165408,4.822964796310181
16.16161616161616,44.44444444444445,1.3327791064403236,10.41216676906987,3.342948315819159
17.17171717171717,44.44444444444445,1.3019133019347815,26.29944120325411,5.695869583277525
18.18181818181818,44.44444444444445,0.7006725293629508,33.30803176637463,4.799570046877196
19.19191919191919,44.44444444444445,1.1737391285283265,27.11924989029288,5.425757676140091
20.2020202020202,44.44444444444445,0.7699364069932226,22.99378645051971,4.833188221214149
21.21212121212121,44.44444444444445,0.9514404977332773,30.21651323821967,3.645584408980455
22.22222222222222,44.44444444444445,0.5320593414219581,24.04246640288898,4.030866385321967
23.23232323232324,44.44444444444445,0.26872556110756896,22.58974309138392,4.066905619870353
24.24242424242424,44.44444444444445,0.7318376025889002,18.96455241096276,4.411324990236348
25.25252525252525,44.44444444444445,1.0885189440045482,23.6883586555803,3.483495968269909
26.26262626262626,44.44444444444445,0.6648605531150036,10.59464099596683,4.111881000034343
27.27272727272727,44.44444444444445,1.0886589527834278,21.03257923673846,4.672226987152736
28.28282828282828,44.44444444444445,0.7266083442941932,26.46378021126888,3.929202895755862
29.29292929292929,44.44444444444445,1.2893365600000486,17.06156800268922,5.197860981052491
30.3030303030303,44.44444444444445,0.3681721451350355,12.73895977023511,4.579792368479434
31.31313131313131,44.44444444444445,0.6396937179342304,19.26462667750482,4.140593231895099
32.32323232323233,44.44444444444445,0.6253900092359906,38.60026319896812,4.693532734637631
33.33333333333334,44.44444444444445,0.33003106878765,26.77109246170615,4.696884908339255
34.34343434343435,44.44444444444445,0.8355633505848044,14.15065779991871,4.183608669258927
35.35353535353536,44.44444444444445,0.9141464909757924,27.89625602490449,5.394162597799324
36.36363636363637,44.44444444444445,0.4748038359603224,22.60415869434308,4.43004204177706
37.37373737373738,44.44444444444445,0.5439175588217416,26.66417544020565,4.262421930538175
38.38383838383839,44.44444444444445,0.7819774505222122,25.54949154368654,5.231876210146586
39.3939393939394,44.44444444444445,1.286996612980276,25.47651455491511,3.733181656422507
40.40404040404041,44.44444444444445,0.9993973729517805,21.56257027142346,5.281246119710529
41.41414141414142,44.44444444444445,0.7858854534428744,35.30769750203496,4.11938759868377
42.42424242424243,44.44444444444445,0.5436279178387089,14.56265728800164,5.068083017505463
43.43434343434344,44.44444444444445,0.7257724965882939,22.76465503569714,4.865667001120793
44.44444444444445,44.44444444444445,1.3490256557843758,8.66438880436842,5.571740796604625
45.45454545454546,44.44444444444445,0.943809028134912,29.64789470040606,5.698386622836541
46.46464646464647,44.44444444444445,0.6802475363890037,12.85744996469348,4.899410003075822
47.47474747474748,44.44444444444445,1.0058345933605484,37.10657948464852,3.584018486827315
48.48484848484848,44.44444444444445,0.972263944452127,21.09046919061075,4.820131617091157
49.49494949494949,44.44444444444445,0.7640649516532687,23.94365312802889,4.012223661434207
50.50505050505051,44.44444444444445,1.3360217198310242,32.33690701080219,5.059366087613921
51.51515151515152,44.44444444444445,1.13421430442492,30.82318730974248,3.561455955628237
52.52525252525253,44.44444444444445,0.9159886042102069,21.09436858737571,5.087072250110579
53.53535353535354,44.44444444444445,0.41606199487375783,31.3483159322724,4.13008508393268
54.54545454545455,44.44444444444445,0.3979472851553474,29.31361162531556,4.42899942998219
55.55555555555556,44.44444444444445,0.5305753028201114,30.85457272488744,4.942178511407438
56.56565656565657,44.44444444444445,0.5212628868708725,13.64870710448488,4.284963635671961
57.57575757575758,44.44444444444445,0.247485405822216,24.87463005704047,5.002418282796872
58.58585858585859,44.44444444444445,0.9161561590082694,24.31119589678214,4.83711403117981
59.5959595959596,44.44444444444445,1.7582933054850003,18.09962465577648,6.381877770338857
60.60606060606061,44.44444444444445,0.7031325865484049,25.08780808263015,5.228023762589324
61.61616161616162,44.44444444444445,0.7668185806381962,23.65915693352044,5.115799753848208
62.62626262626263,44.44444444444445,1.126207684787155,14.93810570902727,4.044102816153027
63.63636363636364,44.44444444444445,1.4507262828832135,23.18584615429898,5.875644113008058
64.64646464646465,44.44444444444445,0.9684220098594418,39.41375134176737,3.917403916452038
65.65656565656566,44.44444444444445,0.5976184120787098,26.90885590213611,4.035879675852819
66.66666666666667,44.44444444444445,0.32468580216903975,19.51075703684406,4.37455796849941
67.67676767676768,44.44444444444445,0.7448531032085668,20.83216451740838,3.939743217213244
68.68686868686869,44.44444444444445,0.3232388008171496,7.035605987676162,4.24416534687902
69.6969696969697,44.44444444444445,0.3356634416010391,11.84814192919251,4.359641482123639
70.70707070707071,44.44444444444445,0.720506558813405,20.68993257552615,4.487592584307142
71.71717171717172,44.44444444444445,1.2108033430094423,17.54267698970883,4.587190851944322
72.72727272727273,44.44444444444445,1.784939735754264,29.21759464035894,2.822687819787922
73.73737373737374,44.44444444444445,1.1761842342618545,26.77676672586688,5.302487332560989
74.74747474747475,44.44444444444445,0.6588152548081194,13.76401133951743,4.875670615898498
75.75757575757576,44.44444444444445,0.7066428445692694,28.6434106106087,5.65012361841674
76.76767676767678,44.44444444444445,0.8833422773243795,27.48530351130342,4.475557475022405
77.77777777777779,44.44444444444445,1.8374750869624128,22.44251380723719,5.760248174070754
78.7878787878788,44.44444444444445,1.216100530166654,31.44641827153658,3.800531577077192
79.7979797979798,44.44444444444445,0.8539448171224914,15.31823929499248,5.193909352937074
80.80808080808082,44.44444444444445,0.5529677435407567,31.09169682603492,4.566068371469191
81.81818181818183,44.44444444444445,0.4803181651673035,23.80741194075716,4.2192488647296
82.82828282828284,44.44444444444445,0.5321031162666796,11.14096534740579,4.114637857206955
83.83838383838385,44.44444444444445,0.6599209738466931,26.28122537996109,4.659183617200482
84.84848484848486,44.44444444444445,0.7414755380792171,25.85407981268006,5.4682127347734
85.85858585858587,44.44444444444445,1.0829356674516615,22.49596992274302,5.167269484555798
86.86868686868688,44.44444444444445,0.7456738818920893,22.86321564057416,4.121806688539825
87.87878787878789,44.44444444444445,0.6689059696781146,17.23594278525834,3.604831344432703
88.8888888888889,44.44444444444445,1.1134792870711991,14.93309680171125,3.48395522045441
89.89898989898991,44.44444444444445,0.7206056587859897,18.0582154894352,4.918446131619224
90.90909090909092,44.44444444444445,0.5694708466007573,24.37301223314797,4.409039145111735
91.91919191919193,44.44444444444445,1.4221336799417519,27.51169422164256,3.334319530569375
92.92929292929294,44.44444444444445,1.4888730557990852,26.23159003314848,5.404362940870289
93.93939393939395,44.44444444444445,0.5263150383582704,18.67138938938357,4.670738896913079
94.94949494949496,44.44444444444445,0.10744660066849576,28.46352865184792,4.703209612148981
95.95959595959597,44.44444444444445,0.38204018258037853,29.94101390003437,4.394244108171403
96.96969696969697,44.44444444444445,0.7478607259852051,13.776659329381,5.174945327680408
97.97979797979798,44.44444444444445,1.0568686180321694,21.9799728835939,4.872013755813191
98.98989898989899,44.44444444444445,0.9119389002917009,20.08592466627285,3.71356711039284
100.0,44.44444444444445,0.3009281044930618,21.10205851250878,4.322884845137466
0.0,45.45454545454546,0.7946042456215442,24.76733525405167,5.131417262915141
1.01010101010101,45.45454545454546,1.03359051813077,22.7089490034678,5.731783056093092
2.02020202020202,45.45454545454546,0.5218676705479601,25.7660096462014,5.100168705696992
3.03030303030303,45.45454545454546,0.7569722135725622,29.52086339382803,4.838483160186553
4.040404040404041,45.45454545454546,0.6592406057022686,36.453290372002,3.687967838384101
5.050505050505051,45.45454545454546,0.7959050362451161,19.45812783225711,4.625157519087764
6.060606060606061,45.45454545454546,0.2627015713170997,11.82130158516302,4.9816629828356
7.070707070707071,45.45454545454546,0.6355728682809589,22.30287470594144,4.685118332491601
8.080808080808081,45.45454545454546,0.1625578863888335,23.33106999946672,4.401731764418817
9.090909090909092,45.45454545454546,0.3377060423327558,35.10984328361929,4.267662080426531
10.1010101010101,45.45454545454546,0.5366435319050546,13.49541044489103,4.714946636753639
11.11111111111111,45.45454545454546,1.489070029682886,29.45102030129596,3.415018772717511
12.12121212121212,45.45454545454546,0.5959940310019647,25.10024982748318,4.74182583425886
13.13131313131313,45.45454545454546,0.41501656338141746,36.40174300582409,4.440173884401929
14.14141414141414,45.45454545454546,0.8441256079808193,19.19984504657214,3.86838200225026
15.15151515151515,45.45454545454546,0.4136330997519817,30.73056430420213,4.078947209348557
16.16161616161616,45.45454545454546,0.5880432405788032,19.07880798644485,4.060703791104538
17.17171717171717,45.45454545454546,0.5401771004390035,27.87159750184963,4.916245105127458
18.18181818181818,45.45454545454546,0.38350788881612785,29.19542348189891,5.055976319694316
19.19191919191919,45.45454545454546,0.7066248196359024,15.16808641821814,4.336239137076408
20.2020202020202,45.45454545454546,0.9632545022493127,26.32671020690797,5.046132149759778
21.21212121212121,45.45454545454546,0.4268491014318999,8.433212165328523,4.066090391241339
22.22222222222222,45.45454545454546,0.17006710416552084,24.14784826192152,4.122089807770385
23.23232323232324,45.45454545454546,0.47045074384336527,22.09652593010003,4.274873782280182
24.24242424242424,45.45454545454546,0.9383851052491572,28.6847123305456,5.407558498695096
25.25252525252525,45.45454545454546,0.6453821485688316,17.53925163763682,4.773290808904961
26.26262626262626,45.45454545454546,0.47952290978533296,29.04642530065486,4.483740880700262
27.27272727272727,45.45454545454546,1.5192648705480964,30.12799299150679,3.235750534879107
28.28282828282828,45.45454545454546,1.1051654206141515,22.59828888728427,4.823289609703151
29.29292929292929,45.45454545454546,1.5492075979643678,24.82396477993246,3.317252927077274
30.3030303030303,45.45454545454546,0.4512727222470324,23.06644676932083,4.25909931250566
31.31313131313131,45.45454545454546,0.47872240814462685,26.69383213740411,4.59187613248431
32.32323232323233,45.45454545454546,0.531762203099349,17.22723059478605,5.354343132149441
33.33333333333334,45.45454545454546,0.3178084759609343,15.72597822540663,5.419910729044845
34.34343434343435,45.45454545454546,0.36103231276040426,18.71886963819962,5.09089294127962
35.35353535353536,45.45454545454546,0.25386663463635295,21.44544404610646,4.969844539700737
36.36363636363637,45.45454545454546,0.7951282597359189,28.75297479569582,5.09192111720829
37.37373737373738,45.45454545454546,1.104085761926752,16.03968943254508,3.250567947614297
38.38383838383839,45.45454545454546,0.5756140062378344,32.64014473500665,4.655445821582118
39.3939393939394,45.45454545454546,0.4568999462583557,26.42587871936124,4.810271009579139
40.40404040404041,45.45454545454546,0.6703617585574565,25.84012559356217,4.29687474767742
41.41414141414142,45.45454545454546,1.1631159707293701,18.3383814289563,3.303441240957375
42.42424242424243,45.45454545454546,0.683781957268985,24.67069834247852,5.270829068355098
43.43434343434344,45.45454545454546,0.8045285837476922,22.44865019926509,5.429578000266999
44.44444444444445,45.45454545454546,0.890891742950913,28.0900704917326,3.962456434193721
45.45454545454546,45.45454545454546,0.955194440491037,43.01674344617393,3.732908911708051
46.46464646464647,45.45454545454546,0.7378444548437247,28.91790130845191,4.995381904330942
47.47474747474748,45.45454545454546,0.5620199737255683,17.79801417988481,4.15676787752991
48.48484848484848,45.45454545454546,0.4922213257008392,20.59381705752946,4.16318541683416
49.49494949494949,45.45454545454546,0.7907094176231769,20.43606389288708,4.617567094055993
50.50505050505051,45.45454545454546,1.3918596926678966,24.52701868451532,3.41137026505271
51.51515151515152,45.45454545454546,0.7785521741342465,17.73676232512983,4.489089928714939
52.52525252525253,45.45454545454546,0.4069221595587105,18.56907331074262,4.66157843707865
53.53535353535354,45.45454545454546,0.22199573455930266,23.56365840112483,4.06206515270984
54.54545454545455,45.45454545454546,0.5399670003539059,20.06327149660994,4.061454796894926
55.55555555555556,45.45454545454546,1.0285604662611225,10.84857619115311,5.494162061616299
56.56565656565657,45.45454545454546,0.6954406367882435,11.89678713881344,4.213328792952468
57.57575757575758,45.45454545454546,0.6221565347690446,31.56226553841202,4.929520502980212
58.58585858585859,45.45454545454546,1.0300101386804892,8.922518445027688,3.737599454581416
59.5959595959596,45.45454545454546,0.9057634862332421,21.51691337972436,4.839296268761682
60.60606060606061,45.45454545454546,0.5345995478504257,30.72062774728181,4.941364096129688
61.61616161616162,45.45454545454546,1.510737354978426,25.52165176888839,3.266836246823078
62.62626262626263,45.45454545454546,0.6108888574089901,7.655661922703752,4.655396329807123
63.63636363636364,45.45454545454546,0.9317097040998112,26.54047552387457,4.320753026045341
64.64646464646465,45.45454545454546,0.3283570587602389,16.20659631427408,4.690602487332765
65.65656565656566,45.45454545454546,0.36754996595853817,23.17140356091922,4.616797830084572
66.66666666666667,45.45454545454546,0.25022484153257585,15.02301255617355,4.518597528807339
67.67676767676768,45.45454545454546,0.33221432555101393,15.68169687689956,4.10791536762599
68.68686868686869,45.45454545454546,0.40893354220841993,30.61447806659786,4.621956385874438
69.6969696969697,45.45454545454546,0.8098107109158452,21.08570390332612,4.232453119718484
70.70707070707071,45.45454545454546,0.7779524610050752,33.27545563996764,5.668408318056436
71.71717171717172,45.45454545454546,1.5455000528247533,5.511852046685442,6.12798724151968
72.72727272727273,45.45454545454546,1.1271761561931117,24.02260954016696,4.381303077736358
73.73737373737374,45.45454545454546,0.876131211856201,14.07234237413232,3.7149777873524
74.74747474747475,45.45454545454546,0.7979669891672555,29.22229328750177,4.147759288540265
75.75757575757576,45.45454545454546,0.6307473980068539,21.46240688222825,5.105540447921264
76.76767676767678,45.45454545454546,0.6232098370476847,22.71788334102222,4.103608091732355
77.77777777777779,45.45454545454546,1.408440224000599,43.59289387224395,3.426962074455521
78.7878787878788,45.45454545454546,0.6907133370291307,16.58889304248098,4.532077221839505
79.7979797979798,45.45454545454546,0.6015594753789324,3.722667132294184,4.338645366403145
80.80808080808082,45.45454545454546,0.31363308535216405,28.04911163817371,4.775115773987168
81.81818181818183,45.45454545454546,0.667708543105282,27.07778129271746,5.380411483825165
82.82828282828284,45.45454545454546,0.4699778676350672,23.69191506066595,5.442855089531839
83.83838383838385,45.45454545454546,0.6080716132974264,21.84540229317703,5.229361851459138
84.84848484848486,45.45454545454546,0.9233288365981906,30.61508026125589,4.273474332321997
85.85858585858587,45.45454545454546,1.231922463092598,26.68860187603926,3.489787344397846
86.86868686868688,45.45454545454546,0.4632886264421052,12.30719594138464,4.311125000357945
87.87878787878789,45.45454545454546,0.6583258509506781,25.18572051005473,4.871788254034909
88.8888888888889,45.45454545454546,0.946561358762089,26.77550222681699,4.990444113996228
89.89898989898991,45.45454545454546,0.5905219450445572,20.69142883602868,4.241929628563306
90.90909090909092,45.45454545454546,0.7793432630506054,10.16225735880664,3.949937088256943
91.91919191919193,45.45454545454546,0.8131176265088188,35.64024591543647,5.035938235892801
92.92929292929294,45.45454545454546,0.4230815374286281,19.64186556645664,4.978581757755744
93.93939393939395,45.45454545454546,0.862897176833486,16.97605846923389,5.322719470285086
94.94949494949496,45.45454545454546,0.3727987830711381,17.82044212005641,4.625112245187603
95.95959595959597,45.45454545454546,0.4854178103133623,29.41059070360843,4.478576135663113
96.96969696969697,45.45454545454546,1.324407920102519,14.19922063712597,3.512632840088442
97.97979797979798,45.45454545454546,1.1381837251561697,18.16650410218458,3.017116220637114
98.98989898989899,45.45454545454546,0.5583057694335376,31.98062881428981,4.257939446294482
100.0,45.45454545454546,0.41757920386448166,27.81687788844531,4.302918414485471
0.0,46.46464646464647,1.0717240167339004,28.21368217500158,5.5635283371553
1.01010101010101,46.46464646464647,0.9640630597780129,22.32347129674942,4.241794379582887
2.02020202020202,46.46464646464647,0.7623595665256386,9.355411341490512,3.971174502712998
3.03030303030303,46.46464646464647,0.8615090303892667,34.50074475267763,3.356905655203155
4.040404040404041,46.46464646464647,0.3899595609834249,17.79283056758306,3.870681727637878
5.050505050505051,46.46464646464647,1.623435486525227,19.5139103007109,3.085437432742625
6.060606060606061,46.46464646464647,0.9981781914490341,16.87136506733104,5.047320067318187
7.070707070707071,46.46464646464647,1.138439172396882,33.42353303894474,6.094787054272861
8.080808080808081,46.46464646464647,0.7696974403235004,24.41581430537229,4.335053036451762
9.090909090909092,46.46464646464647,0.27465556673898783,30.94409358267674,4.457591734988904
10.1010101010101,46.46464646464647,0.279439004231828,22.14188231464319,4.736308611592629
11.11111111111111,46.46464646464647,0.7272929660378684,24.73029845904593,4.51025829280086
12.12121212121212,46.46464646464647,0.5454239426362896,26.32151775618476,4.11739555996957
13.13131313131313,46.46464646464647,1.1602192696672056,9.71471981358934,3.770652131793535
14.14141414141414,46.46464646464647,1.2843546801323744,25.13707010032844,5.451682483527376
15.15151515151515,46.46464646464647,0.5110568135604294,19.58196558174059,4.760653396052543
16.16161616161616,46.46464646464647,0.462466642494505,24.75502749469884,4.821336545867433
17.17171717171717,46.46464646464647,0.261672019114048,22.23939333466132,4.530433710111289
18.18181818181818,46.46464646464647,0.23160793981532657,9.353742683426985,4.63781943443169
19.19191919191919,46.46464646464647,0.6779493403388198,21.76877575785316,4.643589681255056
20.2020202020202,46.46464646464647,1.4447751108040352,17.88299591351722,3.095992840509965
21.21212121212121,46.46464646464647,0.6347124881258911,31.62214569832808,3.815241142822108
22.22222222222222,46.46464646464647,0.491223497649786,9.033872741844677,4.502351410945207
23.23232323232324,46.46464646464647,0.6257001548944565,25.811800464835,3.886507660241262
24.24242424242424,46.46464646464647,0.620224395489661,20.64548045520461,4.417203992362263
25.25252525252525,46.46464646464647,0.30150659542149205,36.85580857549225,4.40537467325952
26.26262626262626,46.46464646464647,0.17407594938447235,28.70494949285609,4.475049396250704
27.27272727272727,46.46464646464647,1.0458009337031875,33.11253004688407,5.040804144152665
28.28282828282828,46.46464646464647,0.7788194029009187,21.44328359690317,4.390290398643756
29.29292929292929,46.46464646464647,0.9510547168890559,1.927892110508818,5.185592196905264
30.3030303030303,46.46464646464647,0.6863218494787019,26.90163987159129,4.468873940112981
31.31313131313131,46.46464646464647,0.6474363969274779,32.05515348758332,4.960239044829826
32.32323232323233,46.46464646464647,0.37251800621102715,16.93306640657872,4.71613931382439
33.33333333333334,46.46464646464647,0.6924518965571975,22.57521031764821,5.266288030567326
34.34343434343435,46.46464646464647,0.3591919278322955,26.22135161540085,5.004114151602804
35.35353535353536,46.46464646464647,0.3204460222012011,22.4114932373953,5.317868041061124
36.36363636363637,46.46464646464647,1.0672280863124475,20.19771680146173,5.647125333619189
37.37373737373738,46.46464646464647,1.1707578858840684,12.6827225906486,3.408825968835612
38.38383838383839,46.46464646464647,0.5008666155490398,14.67224190232786,4.821768396004146
39.3939393939394,46.46464646464647,0.4739865683765432,23.49518787850721,4.892559991557191
40.40404040404041,46.46464646464647,0.6072564220780619,18.53010304579271,4.106628854102467
41.41414141414142,46.46464646464647,0.6162052579564335,18.95832115517266,4.179137432030692
42.42424242424243,46.46464646464647,0.41783950539342896,6.552576584067919,4.864584049438416
43.43434343434344,46.46464646464647,0.7634065340855496,22.06398830600342,4.401245162407616
44.44444444444445,46.46464646464647,0.3446500208939337,13.6939737446539,3.704842913359921
45.45454545454546,46.46464646464647,0.22503343479991578,27.34081307972404,4.096188447435148
46.46464646464647,46.46464646464647,0.48304279962660257,13.22015466689677,4.241063005635085
47.47474747474748,46.46464646464647,1.1030436022539605,36.15125679317043,3.326468939435514
48.48484848484848,46.46464646464647,0.9068522569296878,30.12034980654806,5.014325302854438
49.49494949494949,46.46464646464647,0.5700392283360036,9.52484269189055,5.514482825701798
50.50505050505051,46.46464646464647,0.9779403563689448,20.27924221637041,5.046896720497572
51.51515151515152,46.46464646464647,0.6366635194038157,27.75612197207942,5.425456480139283
52.52525252525253,46.46464646464647,0.6998074850442644,29.83940400785034,5.091771469549041
53.53535353535354,46.46464646464647,0.5486276712216522,26.98542925975591,3.842225785879193
54.54545454545455,46.46464646464647,0.8087935993413466,26.32385869666869,3.702449049102853
55.55555555555556,46.46464646464647,0.7090654435345314,20.89506813700475,4.645444280165873
56.56565656565657,46.46464646464647,0.44130366078064753,17.91864327060721,4.926431518694374
57.57575757575758,46.46464646464647,0.7013075073081525,35.65256975226487,5.437136103813191
58.58585858585859,46.46464646464647,0.7878131090877746,22.64333122699878,4.464507570125916
59.5959595959596,46.46464646464647,0.7978464804330001,20.66815639348703,5.716004070569204
60.60606060606061,46.46464646464647,0.6716457420160479,28.85243527122661,4.866221247862238
61.61616161616162,46.46464646464647,0.5575771654676873,9.43810278102892,4.397734227420997
62.62626262626263,46.46464646464647,0.5201216029413078,23.74810967435602,4.764454859043161
63.63636363636364,46.46464646464647,1.3840691813984285,23.10264229543595,5.788207990432662
64.64646464646465,46.46464646464647,0.48733472560995406,21.42343387447303,4.787178032957375
65.65656565656566,46.46464646464647,0.7118333238876748,22.65066711717435,5.334074581161545
66.66666666666667,46.46464646464647,0.7383255574270544,28.49219256194306,4.170620185443546
67.67676767676768,46.46464646464647,0.2797920364167268,23.76972013907356,4.343877339987503
68.68686868686869,46.46464646464647,0.6284345220312051,19.8548478287195,4.267557540440579
69.6969696969697,46.46464646464647,0.7219578033132303,20.5173490063029,5.519049136482803
70.70707070707071,46.46464646464647,0.713486377181801,31.87620546408816,5.703868306526246
71.71717171717172,46.46464646464647,1.5958282673861326,21.41317947778628,3.693046507042591
72.72727272727273,46.46464646464647,0.8754504932614054,25.67039346883207,4.91838299039309
73.73737373737374,46.46464646464647,0.7429237463273173,19.720282223497,4.532886297996792
74.74747474747475,46.46464646464647,0.9735052721070172,32.04923976623817,5.22115325728219
75.75757575757576,46.46464646464647,0.4270288521857113,16.02646421885765,5.124233353883296
76.76767676767678,46.46464646464647,0.39749048854157976,16.81686377695292,4.545919683167302
77.77777777777779,46.46464646464647,0.7067581480286961,28.30025844164478,4.945675706181866
78.7878787878788,46.46464646464647,0.7880903777294075,28.34975861375634,5.264837922373371
79.7979797979798,46.46464646464647,1.34126655517226,16.31534451255269,3.417573714441728
80.80808080808082,46.46464646464647,0.8066412729532887,29.94411563208,4.77139695251851
81.81818181818183,46.46464646464647,0.8036741548959456,32.67870720194586,4.538479246044273
82.82828282828284,46.46464646464647,0.9916098592635565,9.011452674600662,5.71861248396785
83.83838383838385,46.46464646464647,0.8196930172984667,13.70645152681009,4.536634389737929
84.84848484848486,46.46464646464647,1.0602876714504414,21.91845708055558,3.514471895441929
85.85858585858587,46.46464646464647,1.2177358646668641,26.65645140372953,5.134970412726036
86.86868686868688,46.46464646464647,0.42181498149789287,13.97555769514287,4.592960284671182
87.87878787878789,46.46464646464647,0.4652283820099422,24.42368902056927,4.184760873472685
88.8888888888889,46.46464646464647,0.5163098533132143,22.92957439618594,3.577857917883929
89.89898989898991,46.46464646464647,0.9617053280575697,16.78280814345289,3.59686537718028
90.90909090909092,46.46464646464647,0.9641285381302801,19.26453403364694,5.230214395662351
91.91919191919193,46.46464646464647,0.4231052570525182,18.44706673825495,4.628444060953868
92.92929292929294,46.46464646464647,0.4839203162057323,21.00577505376324,4.113530981822176
93.93939393939395,46.46464646464647,1.1206085293787087,1.597174112965829,3.564856273949973
94.94949494949496,46.46464646464647,0.7647539576170296,20.37001210404582,5.194066675888806
95.95959595959597,46.46464646464647,0.40861988753322787,23.97544142230961,5.223435944325691
96.96969696969697,46.46464646464647,1.4154600184968131,21.9492817975588,5.686492117880552
97.97979797979798,46.46464646464647,0.7738276763780552,25.03143993025479,3.978613740977021
98.98989898989899,46.46464646464647,0.6794983661582145,22.59809955966828,3.85489089831033
100.0,46.46464646464647,1.0014877544318987,22.48368843563394,5.490710627235932
0.0,47.47474747474748,0.9760861942667954,24.3685388137291,4.10220131876617
1.01010101010101,47.47474747474748,0.9553970269433616,28.51135778630081,5.015704107742432
2.02020202020202,47.47474747474748,1.5725179855336167,14.82980358534491,2.93561916397417
3.03030303030303,47.47474747474748,0.8490140061822494,30.99454199467871,4.193319351832258
4.040404040404041,47.47474747474748,0.5139943729563308,30.60505478474194,3.948785714987824
5.050505050505051,47.47474747474748,1.7006154436992564,34.08827076190997,5.29233236302758
6.060606060606061,47.47474747474748,0.9855279756000689,25.36283567713064,5.9650261271015
7.070707070707071,47.47474747474748,0.8341088124964451,14.36373028856982,5.757900091242367
8.080808080808081,47.47474747474748,1.506295456717061,24.04196801225496,3.205214719483057
9.090909090909092,47.47474747474748,0.7308497273266636,23.28445850297102,4.965028772241615
10.1010101010101,47.47474747474748,0.6013937179607085,35.18065156174941,5.327935458285457
11.11111111111111,47.47474747474748,0.8831251396549915,15.74349713398662,5.705277585245926
12.12121212121212,47.47474747474748,0.6277202110809135,14.95329907603423,4.935054895218114
13.13131313131313,47.47474747474748,1.1185151512541043,17.56729031187874,5.714233677944087
14.14141414141414,47.47474747474748,0.9750671728661733,28.54736659038722,4.269623683483669
15.15151515151515,47.47474747474748,0.789355962236914,31.80036921663412,5.371462226300552
16.16161616161616,47.47474747474748,0.7432383049516695,22.20188887058299,4.083688716223341
17.17171717171717,47.47474747474748,0.438143519246867,16.94306740206282,4.793021831474769
18.18181818181818,47.47474747474748,0.6541157939543505,15.30557847625703,5.032938337286604
19.19191919191919,47.47474747474748,0.8136310692488542,32.96008111525916,3.792509951646883
20.2020202020202,47.47474747474748,0.8445934049786125,35.89180042793871,4.658108831419059
21.21212121212121,47.47474747474748,0.3661524571443472,7.000002663979572,4.696883276471199
22.22222222222222,47.47474747474748,0.6317073971242504,16.7449292564096,4.220673042347928
23.23232323232324,47.47474747474748,0.6582634399222235,37.26149761329899,4.854402074955222
24.24242424242424,47.47474747474748,1.3182619813637435,23.3353262238775,5.365221416764331
25.25252525252525,47.47474747474748,1.0399420770987542,22.81157368707634,3.648768469312919
26.26262626262626,47.47474747474748,0.7367055364087237,20.52233169096949,4.422866554055518
27.27272727272727,47.47474747474748,0.6394432709995316,17.27275981901523,3.878922512024345
28.28282828282828,47.47474747474748,1.0708843079446266,27.70863427175727,3.153827541869895
29.29292929292929,47.47474747474748,1.0065640208793853,20.6940622983997,4.761732654230824
30.3030303030303,47.47474747474748,1.2415850779083828,33.54090695602805,3.141444531314622
31.31313131313131,47.47474747474748,0.9750142698272767,14.21201749250996,3.474321205187711
32.32323232323233,47.47474747474748,0.9432899440817702,25.7164697049236,4.773759072595075
33.33333333333334,47.47474747474748,1.3530423020768128,24.5616906210154,3.462425738523513
34.34343434343435,47.47474747474748,0.6173923180477261,22.44068949722964,4.230052998373281
35.35353535353536,47.47474747474748,0.7010670544131916,18.93817062708708,5.027118635633093
36.36363636363637,47.47474747474748,0.567783394942502,26.89926505318958,4.50097386212194
37.37373737373738,47.47474747474748,0.9042369542930502,25.92161016609542,4.282357699198459
38.38383838383839,47.47474747474748,0.7488460354044575,24.49134504177237,5.175178261056698
39.3939393939394,47.47474747474748,1.0468216563976769,20.28068180476536,3.935625433036841
40.40404040404041,47.47474747474748,0.8989214668794625,39.16256865680138,5.486968933456811
41.41414141414142,47.47474747474748,0.572770102387608,31.74397041205473,5.01030707744716
42.42424242424243,47.47474747474748,0.13728066926532878,12.63316186191072,4.980911547656926
43.43434343434344,47.47474747474748,0.7809771625549691,15.98985180732075,5.266797324811936
44.44444444444445,47.47474747474748,0.7545369198451557,17.07325108014366,3.738081692978935
45.45454545454546,47.47474747474748,0.41101147144058037,29.89397603706092,4.09682255863255
46.46464646464647,47.47474747474748,0.08831873125344503,24.22981682584579,4.122679330224039
47.47474747474748,47.47474747474748,0.35652597177295176,34.23809040396835,4.305893980738465
48.48484848484848,47.47474747474748,0.3556728367323885,15.82375705935373,4.426070047422248
49.49494949494949,47.47474747474748,0.8328807685742018,28.94824359536592,5.098985272055173
50.50505050505051,47.47474747474748,1.027119649836226,23.81493753956761,3.616807615312591
51.51515151515152,47.47474747474748,0.6434110275988029,36.41890019287296,4.527413724180316
52.52525252525253,47.47474747474748,0.7071809682699897,21.41186245875,4.305965256102464
53.53535353535354,47.47474747474748,1.3776923720249798,25.21151928156097,3.256876888269419
54.54545454545455,47.47474747474748,1.3689818110081702,16.57767850316847,5.495845730836806
55.55555555555556,47.47474747474748,0.777024656279926,22.92370574680337,5.409005803262052
56.56565656565657,47.47474747474748,0.6127475871190042,29.96323334634063,5.18685161242774
57.57575757575758,47.47474747474748,0.6153792491732968,13.70713241892286,4.622854794219651
58.58585858585859,47.47474747474748,0.4942807773745208,15.34218965088352,4.26428828344988
59.5959595959596,47.47474747474748,0.9365389577959381,16.19421934723595,5.502605273794979
60.60606060606061,47.47474747474748,1.3367468698857896,15.57271961684335,3.573050971213703
61.61616161616162,47.47474747474748,0.5721069697845806,21.89934509831955,4.133531198211571
62.62626262626263,47.47474747474748,1.1306269655967829,15.72928621830239,5.345408978560689
63.63636363636364,47.47474747474748,1.6431692059466902,33.0920583546447,3.744169318091057
64.64646464646465,47.47474747474748,0.5848784821862651,29.69611014697438,5.092014884093126
65.65656565656566,47.47474747474748,0.28652324495018133,8.749150552007341,4.914368980609987
66.66666666666667,47.47474747474748,0.5900971964653574,39.50542693480465,5.439233521526016
67.67676767676768,47.47474747474748,0.37083824332503723,37.59116088119958,4.977506559202016
68.68686868686869,47.47474747474748,0.7580704353534059,24.85022247756983,5.099085387542391
69.6969696969697,47.47474747474748,0.5169235267357635,23.34874720706302,5.354124706079868
70.70707070707071,47.47474747474748,0.9999780271729802,21.70470376650468,5.081023755795951
71.71717171717172,47.47474747474748,1.4897857188728332,19.75691540813803,2.980832454809304
72.72727272727273,47.47474747474748,0.6366248626268975,25.40605877955058,3.564494105750996
73.73737373737374,47.47474747474748,0.641364039590908,26.22291654333774,3.452863475013611
74.74747474747475,47.47474747474748,1.115173067661643,15.08716569917421,3.185713000280339
75.75757575757576,47.47474747474748,0.7201389706129262,18.62011231437585,4.110044425217372
76.76767676767678,47.47474747474748,0.6881943644027821,20.060787683698,4.715500352168116
77.77777777777779,47.47474747474748,0.5897928728839248,25.39804470745414,4.356274984999496
78.7878787878788,47.47474747474748,0.5821816259305193,36.57695136160438,5.518012308633988
79.7979797979798,47.47474747474748,0.9317685672888395,24.67797962035851,4.660480837160927
80.80808080808082,47.47474747474748,1.4908152777359667,34.79907130392314,3.135291626725032
81.81818181818183,47.47474747474748,0.592067651634367,17.88163038085737,3.578765808639197
82.82828282828284,47.47474747474748,0.6865731264998851,11.68442324451134,4.390041773503134
83.83838383838385,47.47474747474748,0.4405669504986838,19.54808141258012,4.918538408684666
84.84848484848486,47.47474747474748,0.5848527642588909,28.58318806568336,4.35395913278352
85.85858585858587,47.47474747474748,0.6264811861271573,4.22521914852716,4.071718667725729
86.86868686868688,47.47474747474748,0.43487751382894446,11.13887189702816,4.137745182246198
87.87878787878789,47.47474747474748,0.3295922766951248,24.20600639570814,4.343544654162977
88.8888888888889,47.47474747474748,0.7811381200664588,36.66118225502881,3.604600720139381
89.89898989898991,47.47474747474748,0.9151999899383466,39.27878604578945,5.146265960249111
90.90909090909092,47.47474747474748,0.2605737728480786,11.81862227005615,4.889096903737193
91.91919191919193,47.47474747474748,0.3394579452422266,14.94910381022213,4.796687500384833
92.92929292929294,47.47474747474748,0.4953279991713755,20.13997288424236,4.120573683707644
93.93939393939395,47.47474747474748,0.3305564919922547,15.03936410833009,4.11154208531866
94.94949494949496,47.47474747474748,0.7529059950321431,23.95759904953886,4.362584946497607
95.95959595959597,47.47474747474748,1.0183961111796076,18.80207931058899,5.620630243804278
96.96969696969697,47.47474747474748,0.9600220589535906,11.62255735097574,4.369445872143801
97.97979797979798,47.47474747474748,0.6809382177975597,30.80269623635751,3.676401775374929
98.98989898989899,47.47474747474748,0.5570701254063742,19.41526615020843,4.410293243366743
100.0,47.47474747474748,0.4480007272305884,31.15051718322883,5.309859305616298
0.0,48.48484848484848,1.046773783130526,26.47728309879068,3.548772543331176
1.01010101010101,48.48484848484848,0.8931572141683413,30.44419034390501,5.069794754611809
2.02020202020202,48.48484848484848,0.9491356287588977,15.74901940903197,4.852350635743459
3.03030303030303,48.48484848484848,0.5982473528398518,25.59507081975926,5.250727855229631
4.040404040404041,48.48484848484848,0.7815821967791831,21.60593108864251,4.338578934579012
5.050505050505051,48.48484848484848,1.8173785899652373,3.87364480774117,2.713005930629185
6.060606060606061,48.48484848484848,1.6425678689064567,23.1544945249394,3.820440084417591
7.070707070707071,48.48484848484848,1.5665613899228563,22.76549901467964,5.518163211905524
8.080808080808081,48.48484848484848,0.8118040927905705,30.43784047668369,3.788058804864728
9.090909090909092,48.48484848484848,0.5358331033394983,20.85972923953051,4.671787638990071
10.1010101010101,48.48484848484848,0.5979494711199311,17.9267822812813,4.254236246139762
11.11111111111111,48.48484848484848,0.5527067783423807,17.151081345346,4.515361136059307
12.12121212121212,48.48484848484848,0.784969913541509,11.56926483064746,5.078874931539439
13.13131313131313,48.48484848484848,1.4574339223791326,19.81432030761768,6.020923959623562
14.14141414141414,48.48484848484848,1.2382196080605932,25.72898493857619,4.097862329339984
15.15151515151515,48.48484848484848,0.5695426190180208,25.17725352521974,5.214459260494999
16.16161616161616,48.48484848484848,0.6397684221926629,21.1566500081464,4.321887481057288
17.17171717171717,48.48484848484848,1.220214000361774,12.7262724476926,5.333758166035494
18.18181818181818,48.48484848484848,0.617708235438033,21.6573993356678,4.291938955775671
19.19191919191919,48.48484848484848,0.33797077082691096,17.3050871441299,4.089927233622229
20.2020202020202,48.48484848484848,0.696931958222226,27.04082161978247,3.74622452723802
21.21212121212121,48.48484848484848,0.4303359299207721,25.03289434227696,4.628900260718313
22.22222222222222,48.48484848484848,0.8517463895292428,26.51097557983043,5.355884995517087
23.23232323232324,48.48484848484848,0.8369407875220737,3.272797315509259,4.33379110439669
24.24242424242424,48.48484848484848,1.3967833531944214,37.49292573901241,3.267463204971944
25.25252525252525,48.48484848484848,0.9433284383281193,20.84714362459801,4.561379541567325
26.26262626262626,48.48484848484848,1.3365586036181567,19.61675397949455,5.999463730721455
27.27272727272727,48.48484848484848,1.013367117900727,19.65550138636445,4.005774951708528
28.28282828282828,48.48484848484848,0.6872441607891567,22.44520156824415,3.867901834359162
29.29292929292929,48.48484848484848,0.6856201036199674,21.32528521624116,5.135935959796794
30.3030303030303,48.48484848484848,0.7107299762599274,12.07965812102897,4.827190637360504
31.31313131313131,48.48484848484848,0.5895943505803124,17.4707031069325,4.25614590357425
32.32323232323233,48.48484848484848,0.9585343852383945,21.83531441411289,3.668990256517605
33.33333333333334,48.48484848484848,0.9027815863536527,41.46280732760086,4.991772060865622
34.34343434343435,48.48484848484848,0.45094596231849016,32.60441925574255,4.360868220225083
35.35353535353536,48.48484848484848,0.8164287410373223,35.17725470895989,3.836810234179322
36.36363636363637,48.48484848484848,0.6584819669052251,25.29627307377914,4.881195033960066
37.37373737373738,48.48484848484848,1.4804816968760652,7.032974209918804,5.914337061226093
38.38383838383839,48.48484848484848,0.7917317667626314,43.33503187726612,4.665577374369515
39.3939393939394,48.48484848484848,0.5382520565804072,22.93457521464597,4.375081171667372
40.40404040404041,48.48484848484848,0.781367382194561,29.574511853016,5.299628501722925
41.41414141414142,48.48484848484848,0.758906885062264,21.89115732504634,4.056453699113081
42.42424242424243,48.48484848484848,0.4202978016530481,24.33405281494451,4.863397675759365
43.43434343434344,48.48484848484848,0.1361305050119499,22.97712283134528,4.823042245984391
44.44444444444445,48.48484848484848,0.4476785079635306,28.4943718205422,4.835534095253927
45.45454545454546,48.48484848484848,1.020744715082798,10.05698974164832,5.355636695952366
46.46464646464647,48.48484848484848,0.551639572689412,22.01705499194657,4.148499157720859
47.47474747474748,48.48484848484848,0.45085541408547036,24.64465617042773,4.449182109329112
48.48484848484848,48.48484848484848,0.07993455258963733,10.3243501195399,4.384725247241592
49.49494949494949,48.48484848484848,0.5260084656323235,35.5368126797115,4.338052632780498
50.50505050505051,48.48484848484848,0.48993130205181734,37.0545030150445,3.902413343862208
51.51515151515152,48.48484848484848,0.6126010483217224,26.07505144430448,5.070960501670984
52.52525252525253,48.48484848484848,0.30863593065150763,26.3182356275539,5.078346079824949
53.53535353535354,48.48484848484848,0.9608235471538847,30.5234674463764,4.894240268359132
54.54545454545455,48.48484848484848,0.8894639999330735,27.40176250586889,4.13912393868022
55.55555555555556,48.48484848484848,0.8182724856047973,25.0594188418803,3.373462819647593
56.56565656565657,48.48484848484848,0.49092206365161406,14.63303336773016,3.782432366727491
57.57575757575758,48.48484848484848,0.7619042953583721,22.19292504018229,3.898182436097864
58.58585858585859,48.48484848484848,0.4653501898357877,31.72772359706956,4.084267961742702
59.5959595959596,48.48484848484848,0.6327438850891822,31.13867058336771,5.137719532311825
60.60606060606061,48.48484848484848,0.7769595258216342,14.86513038115178,5.136833644529183
61.61616161616162,48.48484848484848,0.6225103883025562,23.02640723141337,3.881664355629661
62.62626262626263,48.48484848484848,0.7031743577606663,15.33428314685752,4.216972676509837
63.63636363636364,48.48484848484848,1.3645099781544483,15.56751725964224,5.323722243064512
64.64646464646465,48.48484848484848,0.43500030928694877,28.81160093105343,4.582829275969023
65.65656565656566,48.48484848484848,0.47628079937169754,17.22879043507795,4.938245915459985
66.66666666666667,48.48484848484848,0.47900300255785067,22.18431049397787,5.334049574987085
67.67676767676768,48.48484848484848,0.7440939380032171,21.51172041061571,4.711088595780755
68.68686868686869,48.48484848484848,0.9995603262233778,16.13335584674393,3.274949640108431
69.6969696969697,48.48484848484848,0.8351226762116412,12.03598054796015,3.979495298361143
70.70707070707071,48.48484848484848,0.6926448117566139,18.56449409577908,4.077248449104889
71.71717171717172,48.48484848484848,1.975288662594709,31.4817865376919,5.54390832613901
72.72727272727273,48.48484848484848,1.4589461667262476,10.94398327598637,3.067175821564576
73.73737373737374,48.48484848484848,1.0187774806119814,19.50159210347236,4.559515704923405
74.74747474747475,48.48484848484848,0.5633778495399042,2.430412683401753,4.419483114254755
75.75757575757576,48.48484848484848,0.5990451544209878,28.63262468613433,4.446624027115376
76.76767676767678,48.48484848484848,1.4100206425734239,22.95222547670459,3.096984857677164
77.77777777777779,48.48484848484848,0.7508490698864725,25.62603376145681,4.605083064549714
78.7878787878788,48.48484848484848,0.5896708210016741,27.3311037820734,5.461728986280082
79.7979797979798,48.48484848484848,0.7059275267787983,26.12886951881497,4.76192730168813
80.80808080808082,48.48484848484848,1.3176586670372294,21.63497287944754,5.49378401952536
81.81818181818183,48.48484848484848,0.897619655863942,27.63626004345765,3.732572830993488
82.82828282828284,48.48484848484848,0.42312257649074014,9.439850473472482,4.467990968992488
83.83838383838385,48.48484848484848,0.8239563953178745,15.09758094694947,5.205826280649985
84.84848484848486,48.48484848484848,1.0274101980884687,22.30835702437792,3.700855054048485
85.85858585858587,48.48484848484848,0.9485819593383971,27.45165855933708,5.16612468765579
86.86868686868688,48.48484848484848,0.5231785934710518,22.22852491704835,5.150214148699744
87.87878787878789,48.48484848484848,0.5518376380168277,14.42350175097685,4.128702734013143
88.8888888888889,48.48484848484848,0.6518124813345826,14.65995416303318,4.421801224016439
89.89898989898991,48.48484848484848,0.3776151555702998,31.02101104080415,4.833700880186203
90.90909090909092,48.48484848484848,1.114791980046188,18.53204629029419,5.240696043340071
91.91919191919193,48.48484848484848,0.6478851052211665,31.69726551117069,4.37562237887644
92.92929292929294,48.48484848484848,1.0349693832213192,25.65713833710808,5.409697563441505
93.93939393939395,48.48484848484848,0.6033355577817446,17.86269657953888,4.62700778235106
94.94949494949496,48.48484848484848,0.6452658758745455,24.9596868704198,5.033639038749363
95.95959595959597,48.48484848484848,0.8001063329496827,25.14973783874255,4.453469767531583
96.96969696969697,48.48484848484848,0.5358187178260976,28.12567119081623,4.948259393792064
97.97979797979798,48.48484848484848,0.48251575386526446,29.75960194980316,4.671007116202389
98.98989898989899,48.48484848484848,0.3357099683188405,23.83311616223233,4.449713869694458
100.0,48.48484848484848,0.42713428788624874,24.16809568569846,5.046274507793721
0.0,49.49494949494949,0.8767023275072322,27.434392603361,4.614642906007127
1.01010101010101,49.49494949494949,1.180445992871994,30.48834512904069,3.289722874956805
2.02020202020202,49.49494949494949,1.3740832787692767,17.12794678336843,3.588360930831679
3.03030303030303,49.49494949494949,0.8447398084558928,33.38725229104386,5.275782623054875
4.040404040404041,49.49494949494949,0.6421855481188941,8.554500618420223,4.139765291653912
5.050505050505051,49.49494949494949,0.853122106399764,21.36315947094053,4.670186700353508
6.060606060606061,49.49494949494949,1.2533994581119567,17.54269563312455,5.440968236083171
7.070707070707071,49.49494949494949,1.9067356825429542,21.56166158644539,2.91948206607967
8.080808080808081,49.49494949494949,0.9356648407393862,18.39701355106358,3.838597849479201
9.090909090909092,49.49494949494949,1.0423343375407834,26.49609292633134,5.220598692120868
10.1010101010101,49.49494949494949,1.0141200230301173,26.67971091617748,3.614813856575587
11.11111111111111,49.49494949494949,0.7437822796526864,15.25061570655103,4.711633114842534
12.12121212121212,49.49494949494949,1.174069973522033,21.63926682523155,3.588378137258983
13.13131313131313,49.49494949494949,1.5090591361912757,32.25116691637106,3.362989210154207
14.14141414141414,49.49494949494949,1.537682372694389,30.03855280742118,5.839320846000079
15.15151515151515,49.49494949494949,0.5984677960948012,32.41835695995408,5.102460460821194
16.16161616161616,49.49494949494949,0.6529117624064197,24.61984344893257,4.738319940578075
17.17171717171717,49.49494949494949,1.6463207036280938,3.348993915523581,3.047328394387154
18.18181818181818,49.49494949494949,0.8557512985716869,21.93785956211024,4.777941583603606
19.19191919191919,49.49494949494949,0.800891863449507,25.31914805130572,3.581175860827583
20.2020202020202,49.49494949494949,0.7353407590638643,4.04860293076803,4.395689616081382
21.21212121212121,49.49494949494949,0.15702342211572407,1.273236636308326,4.672600496369449
22.22222222222222,49.49494949494949,0.6840069495465235,27.45126554647138,4.833190016488445
23.23232323232324,49.49494949494949,0.7893574996693188,23.38369132795457,3.59506071541207
24.24242424242424,49.49494949494949,0.7028585614285895,26.14831461685498,4.396594169937117
25.25252525252525,49.49494949494949,0.5767638158551431,18.2368506110354,4.690081696875885
26.26262626262626,49.49494949494949,1.1217074578281208,19.00194183713699,6.337328000361087
27.27272727272727,49.49494949494949,1.0411161224242518,12.95273694135414,5.80082908726496
28.28282828282828,49.49494949494949,0.5309275849369128,30.590916739027,4.496896942239524
29.29292929292929,49.49494949494949,0.3407677810004579,11.09877842768009,4.344438298756817
30.3030303030303,49.49494949494949,0.42648350250118294,24.8475081522996,4.54980689458922
31.31313131313131,49.49494949494949,0.2934423176714076,21.78013342366201,4.674498226666062
32.32323232323233,49.49494949494949,0.4262287045805341,12.03876915052877,4.488421529989051
33.33333333333334,49.49494949494949,0.13014537282248462,19.13719846253991,4.863677682781677
34.34343434343435,49.49494949494949,0.33170895712174997,28.93028036043953,4.878875020960941
35.35353535353536,49.49494949494949,0.44636950144333754,17.42482592962839,4.343774011048336
36.36363636363637,49.49494949494949,0.7136743529826621,22.41298731204062,5.057374902696069
37.37373737373738,49.49494949494949,1.15588603688463,25.14075978974257,3.906291349872072
38.38383838383839,49.49494949494949,0.7382191675952237,28.66402624434208,3.547507083564894
39.3939393939394,49.49494949494949,0.5963320214226471,19.82107072922615,3.87657221673397
40.40404040404041,49.49494949494949,0.5499294061780764,9.458434990930032,4.529221537343964
41.41414141414142,49.49494949494949,0.26006742874545763,8.683711733078079,4.088109081771929
42.42424242424243,49.49494949494949,0.5169822587789017,33.47436292288003,4.147019747465992
43.43434343434344,49.49494949494949,0.44513715722532987,29.62264947762887,4.775122583808646
44.44444444444445,49.49494949494949,0.246298736436944,25.01824076938173,4.674866915642772
45.45454545454546,49.49494949494949,0.7033819155637476,29.1775902458692,4.258712111870934
46.46464646464647,49.49494949494949,1.165899070785292,9.430307228929152,3.475581184299791
47.47474747474748,49.49494949494949,1.2888922483937884,22.20681822708768,5.744175823384572
48.48484848484848,49.49494949494949,0.8115488574030935,21.60441431233973,4.551989180870871
49.49494949494949,49.49494949494949,0.7976827584492894,21.66825717902387,3.477263312905263
50.50505050505051,49.49494949494949,0.2698646223251654,34.84033394810503,3.972346376792795
51.51515151515152,49.49494949494949,0.39625077973728606,23.90749750951648,4.340035821837504
52.52525252525253,49.49494949494949,0.7258449390776429,22.87213206407195,4.807674570561185
53.53535353535354,49.49494949494949,1.3273288602501303,21.65366941344104,3.627531600978035
54.54545454545455,49.49494949494949,0.8964299367716371,22.32659919060434,4.819480697544389
55.55555555555556,49.49494949494949,0.8689728275379811,25.75396136695451,3.436379112339797
56.56565656565657,49.49494949494949,0.8802717650815185,20.27193125067188,3.747882974271555
57.57575757575758,49.49494949494949,1.7028423330107705,27.6790525103236,5.919291664394354
58.58585858585859,49.49494949494949,1.0116181847609798,26.79279544020393,4.526111303164713
59.5959595959596,49.49494949494949,1.699938153275239,26.96333396555224,6.249471872833635
60.60606060606061,49.49494949494949,0.7421916548834089,23.40033587553884,4.848833391240291
61.61616161616162,49.49494949494949,0.475123924307859,23.49802670387215,4.529361456478278
62.62626262626263,49.49494949494949,0.7126535967043981,36.34377335802307,3.974769434952875
63.63636363636364,49.49494949494949,1.5467558067761924,20.88658423344083,3.292877789070337
64.64646464646465,49.49494949494949,0.75358591579391,29.02117631517246,4.717335298406264
65.65656565656566,49.49494949494949,0.9005733144819046,36.53282853640633,3.808219951841256
66.66666666666667,49.49494949494949,0.6074526471535664,21.30867045609983,4.541986150028043
67.67676767676768,49.49494949494949,1.2893434827115455,24.19873351455669,5.361946449493708
68.68686868686869,49.49494949494949,1.2547715947790787,18.17179339454632,3.308370583642947
69.6969696969697,49.49494949494949,1.0777545769273404,28.16831423264539,5.143057786492524
70.70707070707071,49.49494949494949,0.5608148750626762,34.32312828842176,3.874857536547363
71.71717171717172,49.49494949494949,0.8695363706774583,11.82118730363981,4.149221928698435
72.72727272727273,49.49494949494949,1.0914757112343474,24.94967597942547,4.436569816349883
73.73737373737374,49.49494949494949,1.26465815343158,25.96865729887929,3.223430486412753
74.74747474747475,49.49494949494949,1.1176140893884403,16.4275630649407,5.272050894910684
75.75757575757576,49.49494949494949,0.7375929075607823,37.93104034523444,5.12944496060249
76.76767676767678,49.49494949494949,0.5374895194036915,29.1035476322594,4.260814557169146
77.77777777777779,49.49494949494949,0.31081000486554955,28.20003626569138,4.21523899315696
78.7878787878788,49.49494949494949,0.869426058451092,7.324210999172339,4.715776630949613
79.7979797979798,49.49494949494949,1.3463562243313385,32.28643245949077,6.052532541846937
80.80808080808082,49.49494949494949,0.9268358859464443,15.84236557622436,5.074709650545872
81.81818181818183,49.49494949494949,0.4525252544015167,17.68831220099023,4.672615105564093
82.82828282828284,49.49494949494949,0.22007847097539646,27.86096415918151,4.609278629809597
83.83838383838385,49.49494949494949,0.350445945010194,15.91057798289125,4.440095109602803
84.84848484848486,49.49494949494949,0.5655446239549595,28.74897939385052,4.18715090745852
85.85858585858587,49.49494949494949,0.8041251078831362,19.87411620693483,3.947383042795614
86.86868686868688,49.49494949494949,0.5316302098974862,18.11450954998598,5.10739069491173
87.87878787878789,49.49494949494949,0.7527237175229808,22.33969467694279,4.806601461240724
88.8888888888889,49.49494949494949,1.159417730044923,32.1633351213292,3.336749948728226
89.89898989898991,49.49494949494949,1.034215066768609,22.1802571085676,4.454700157291544
90.90909090909092,49.49494949494949,2.3211514087224896,23.65439968012495,2.405196090375695
91.91919191919193,49.49494949494949,0.9223574982606592,21.76301486950079,4.646948829224018
92.92929292929294,49.49494949494949,0.4472990614623923,11.46988512034613,4.375708875945601
93.93939393939395,49.49494949494949,0.35751648366639177,33.47605907808477,3.91845228574523
94.94949494949496,49.49494949494949,0.8748255636269902,13.92406652856604,4.110430155119018
95.95959595959597,49.49494949494949,1.0864515360556481,33.58864305088161,5.411775725579359
96.96969696969697,49.49494949494949,0.6266548869790596,24.60668431537601,4.155839947986092
97.97979797979798,49.49494949494949,0.4166592901697812,13.93296943383137,4.234094965666398
98.98989898989899,49.49494949494949,0.6375240701334943,27.73037837454951,4.93527923203491
100.0,49.49494949494949,0.6721631371487314,18.89258494479698,5.467531935530627
0.0,50.50505050505051,0.7615398399577181,28.12972970414913,4.853959494802551
1.01010101010101,50.50505050505051,0.7134430515402661,14.79317818530114,4.60787687986458
2.02020202020202,50.50505050505051,1.230992355151183,7.240297711958528,5.834644592898936
3.03030303030303,50.50505050505051,0.5630821406267683,30.97165788133229,4.745317180680706
4.040404040404041,50.50505050505051,0.24865726185501957,24.8242473286858,4.843255101103831
5.050505050505051,50.50505050505051,0.3470533469050905,20.87202764706857,4.824291411798983
6.060606060606061,50.50505050505051,0.7211647980679841,13.91911759011114,5.541770211132255
7.070707070707071,50.50505050505051,1.0498688272646364,14.22147176336099,4.507141697022602
8.080808080808081,50.50505050505051,0.8759754746248787,22.04124275171199,5.229601541781075
9.090909090909092,50.50505050505051,0.5422648142817716,26.75979829351336,4.58785807327548
10.1010101010101,50.50505050505051,0.6460251352942032,19.76665138985879,4.329267465319655
11.11111111111111,50.50505050505051,0.8371423933193347,13.10579098911402,5.270416018819556
12.12121212121212,50.50505050505051,0.9745055911764225,11.06437275128038,5.445517332378332
13.13131313131313,50.50505050505051,0.7956512619811502,32.57423784865119,4.039570442499309
14.14141414141414,50.50505050505051,0.6871814867636518,34.05551695465863,4.643241892907374
15.15151515151515,50.50505050505051,0.9362576796166537,11.42569855556535,3.921588981537798
16.16161616161616,50.50505050505051,0.6965286890791579,22.96093707933738,4.878402464248926
17.17171717171717,50.50505050505051,0.9521631750284717,38.20067805571275,3.924576701843817
18.18181818181818,50.50505050505051,0.3398402400461584,24.21769159982804,4.768317929137267
19.19191919191919,50.50505050505051,0.6941598246938285,18.36699038138527,4.264712463801143
20.2020202020202,50.50505050505051,1.582152728148663,32.08153430089002,3.195216304211153
21.21212121212121,50.50505050505051,0.6763368811688125,20.18467431278136,4.525707443964751
22.22222222222222,50.50505050505051,0.3719171489438685,24.68673615831112,4.018576018526365
23.23232323232324,50.50505050505051,0.45749441333633856,22.82316532523804,3.974097569503303
24.24242424242424,50.50505050505051,0.6848950137118007,20.02682827519301,4.983876469222487
25.25252525252525,50.50505050505051,0.6157129705124827,15.72864778490822,4.927700974563928
26.26262626262626,50.50505050505051,1.4319640227011796,24.62241821017985,4.372107655269563
27.27272727272727,50.50505050505051,0.7626315800185699,12.60371996859121,5.271849791245947
28.28282828282828,50.50505050505051,0.3204132854116615,19.80562644920771,4.458572498880378
29.29292929292929,50.50505050505051,0.47748013386510146,23.50477711136215,4.130692075110073
30.3030303030303,50.50505050505051,1.0916893071687408,21.80375609584021,3.451316555265017
31.31313131313131,50.50505050505051,0.36623806278851945,24.10423845166532,4.229849307826096
32.32323232323233,50.50505050505051,0.4343896459055525,43.05091892821679,4.164270834607997
33.33333333333334,50.50505050505051,0.34789366459071447,14.84385504982687,4.861644060547574
34.34343434343435,50.50505050505051,0.1971352799542203,17.15964731921597,4.62034434130167
35.35353535353536,50.50505050505051,0.3516024903288477,17.64506056099787,4.373586338392334
36.36363636363637,50.50505050505051,0.499219338384447,7.414137341632338,4.243541803973154
37.37373737373738,50.50505050505051,0.7713702408647416,26.60555903832542,5.011921966925396
38.38383838383839,50.50505050505051,0.852399561373366,31.67886902356915,4.694464063664914
39.3939393939394,50.50505050505051,0.586513232675353,27.30475645949557,4.781676893712087
40.40404040404041,50.50505050505051,0.40470712597177416,25.40544649223833,4.193672653192648
41.41414141414142,50.50505050505051,0.30159940295091414,24.57986519658852,4.596700292828814
42.42424242424243,50.50505050505051,0.5163178818668094,14.2655140946178,4.811557352251508
43.43434343434344,50.50505050505051,1.1110678007953558,12.69154947248545,3.770852121591601
44.44444444444445,50.50505050505051,0.6189671645075867,29.45476018088971,4.366749621443864
45.45454545454546,50.50505050505051,0.6809851576231143,27.21119852976284,3.741394765040356
46.46464646464647,50.50505050505051,1.025984638314939,44.50938502966088,4.414533927363967
47.47474747474748,50.50505050505051,0.6818914623451543,20.96148115444176,5.344381825463361
48.48484848484848,50.50505050505051,0.6567528000562715,17.63512779256723,5.364008166374656
49.49494949494949,50.50505050505051,0.7383384064216528,21.66223673323724,4.237396094974045
50.50505050505051,50.50505050505051,0.33698730878046246,27.64002761783498,4.119099324230628
51.51515151515152,50.50505050505051,0.3168062465944145,30.00792912345955,4.358786067184778
52.52525252525253,50.50505050505051,0.8543657708434613,12.00486824873807,3.822748041821209
53.53535353535354,50.50505050505051,1.1994341222304206,27.32672094217862,5.298046308447955
54.54545454545455,50.50505050505051,0.45981495355082225,30.40065453310787,4.489168391092955
55.55555555555556,50.50505050505051,1.0343184608963623,22.293612412867,5.154748682663167
56.56565656565657,50.50505050505051,0.5280258171085329,16.79143206838584,4.751508090087136
57.57575757575758,50.50505050505051,0.5525159754262157,26.16183343586592,4.693620612000202
58.58585858585859,50.50505050505051,0.6174485018791255,23.3548927126264,4.038022836441368
59.5959595959596,50.50505050505051,0.8246320256674259,18.88148105948807,3.685470651516757
60.60606060606061,50.50505050505051,0.6549639544211093,28.39014000300557,3.888177441350905
61.61616161616162,50.50505050505051,0.4923247785978264,18.51587279686341,4.150626816382875
62.62626262626263,50.50505050505051,1.1285869193877553,25.54583861510516,5.346696912805564
63.63636363636364,50.50505050505051,1.0632356574268944,33.14357419993983,5.342707406962466
64.64646464646465,50.50505050505051,0.6477588191607713,19.0850169286136,4.171070513568802
65.65656565656566,50.50505050505051,0.607718442596409,15.91233102064302,4.637605701398349
66.66666666666667,50.50505050505051,0.28287664862838635,22.34022117321412,4.457965484025271
67.67676767676768,50.50505050505051,1.049954265046495,24.6656663990042,3.728966537676904
68.68686868686869,50.50505050505051,0.7952743470391199,18.0615545311071,4.405772950524408
69.6969696969697,50.50505050505051,0.4130301516490129,26.88527640268121,5.098489419709282
70.70707070707071,50.50505050505051,0.6489243060670272,20.50610532555306,4.373161482144308
71.71717171717172,50.50505050505051,1.108057483857941,17.19758250480525,5.670968734165173
72.72727272727273,50.50505050505051,1.5908849224008426,27.0825524861995,5.932591448913388
73.73737373737374,50.50505050505051,0.7323050571581893,19.46798355104183,3.68421814319336
74.74747474747475,50.50505050505051,0.8934120471298164,28.91265715068883,3.845388660818978
75.75757575757576,50.50505050505051,0.6680724165607286,26.49001634198009,3.873130601588014
76.76767676767678,50.50505050505051,0.2014574993166931,33.9528178679295,4.332736967846399
77.77777777777779,50.50505050505051,0.3886513718087725,26.08383923131477,4.522521739421563
78.7878787878788,50.50505050505051,0.7029277449786515,21.05677396651443,3.821318301165692
79.7979797979798,50.50505050505051,0.8412880700955501,21.48121271534043,4.272291686878781
80.80808080808082,50.50505050505051,1.399414087361158,31.63035571045011,3.166357912022427
81.81818181818183,50.50505050505051,1.0337779294681626,39.72084739030986,4.267987383264906
82.82828282828284,50.50505050505051,0.6196510878515662,22.80170961527029,5.115784856932784
83.83838383838385,50.50505050505051,0.6267367873269598,29.27845700337997,4.226170222960286
84.84848484848486,50.50505050505051,1.0125832422038634,31.46739645955147,5.470321483061134
85.85858585858587,50.50505050505051,0.487190421042618,28.73652302786428,4.545366312688961
86.86868686868688,50.50505050505051,0.4008769066784691,20.486648010029,4.48449019489692
87.87878787878789,50.50505050505051,0.23840733001405723,16.14729410753753,4.244246064559886
88.8888888888889,50.50505050505051,0.4746157847777268,20.95038660755986,4.301567872543889
89.89898989898991,50.50505050505051,0.7529780520181358,19.89889641826246,5.045105425992154
90.90909090909092,50.50505050505051,0.9860928646547694,31.47785503546014,4.563044966537104
91.91919191919193,50.50505050505051,1.3928752835363296,25.84874310614703,5.552059679792336
92.92929292929294,50.50505050505051,0.5067502559593369,29.47732733023291,4.348997861070725
93.93939393939395,50.50505050505051,0.4937222011918876,35.57772788906184,3.846176307259652
94.94949494949496,50.50505050505051,1.1596448505639805,26.33652007386701,3.027660224075531
95.95959595959597,50.50505050505051,0.8578305819463983,17.06688919036446,4.58155688745815
96.96969696969697,50.50505050505051,0.2503006063806572,17.53283869073048,4.535849254822784
97.97979797979798,50.50505050505051,0.37170046999624073,30.172380468636,4.684380691760714
98.98989898989899,50.50505050505051,0.659270069223622,22.1619425811737,4.104185283705614
100.0,50.50505050505051,0.5584804792830843,14.6957051966121,4.404552655317056
0.0,51.51515151515152,1.430183621143958,15.11924156355758,3.05473917866279
1.01010101010101,51.51515151515152,0.6264216199625032,16.88533078090008,4.545109006583617
2.02020202020202,51.51515151515152,0.49794092775614485,20.03032754422815,5.473053959614047
3.03030303030303,51.51515151515152,0.5999126310377303,14.35461914289487,5.279914968172255
4.040404040404041,51.51515151515152,0.46398996709494966,21.38929685412205,4.669017472861645
5.050505050505051,51.51515151515152,0.45033413913637454,20.01638768639772,4.326625224262217
6.060606060606061,51.51515151515152,0.8829381196927261,19.29116677074806,4.510020307352329
7.070707070707071,51.51515151515152,0.9603474720737128,21.27703666408162,5.36186901627009
8.080808080808081,51.51515151515152,0.6400802123618168,31.770083644073,4.480906648847502
9.090909090909092,51.51515151515152,0.9587287873600332,18.10564174809869,5.223842635095758
10.1010101010101,51.51515151515152,0.8119606275696654,26.03854947674661,3.659359694342635
11.11111111111111,51.51515151515152,0.9163823082152827,20.30859177325124,3.596879216577916
12.12121212121212,51.51515151515152,0.9302566106693552,24.60901041809894,4.985682366229789
13.13131313131313,51.51515151515152,0.8392005542259249,27.31279182331592,3.543164967206898
14.14141414141414,51.51515151515152,1.3973547009357272,6.980180667173267,4.870564525091635
15.15151515151515,51.51515151515152,1.173851454149482,26.9466230101802,4.807281826640312
16.16161616161616,51.51515151515152,1.2663748613912058,27.87709525171885,4.143009476719382
17.17171717171717,51.51515151515152,1.4882321153797275,16.83193202843629,5.058414104802481
18.18181818181818,51.51515151515152,0.9011056853054716,23.64022425465918,4.765927316048547
19.19191919191919,51.51515151515152,0.42736029393371755,30.33202562329558,4.784713534676783
20.2020202020202,51.51515151515152,1.370848141460812,17.82608737516794,5.923366605591987
21.21212121212121,51.51515151515152,0.7099192528762361,23.77091368569593,5.246539351043319
22.22222222222222,51.51515151515152,0.6741785855470741,22.66063872071674,4.140020741878311
23.23232323232324,51.51515151515152,0.7091827848856619,25.70379730474373,4.370781020015179
24.24242424242424,51.51515151515152,1.541161396126643,16.92093816600989,6.070219830406577
25.25252525252525,51.51515151515152,1.689954629510996,11.91167089829726,3.314237184154964
26.26262626262626,51.51515151515152,1.7191696518383481,16.28252840163629,2.064807364827118
27.27272727272727,51.51515151515152,0.9016380293393862,28.32697529130426,4.463322195532634
28.28282828282828,51.51515151515152,0.127640908622203,29.94863976006969,4.560743481032003
29.29292929292929,51.51515151515152,0.359382943725699,17.70772532782626,4.819610443308373
30.3030303030303,51.51515151515152,1.1720902770573594,27.93353757801329,5.261675172209642
31.31313131313131,51.51515151515152,0.9652999244577687,10.96622562381803,4.053657201291162
32.32323232323233,51.51515151515152,0.8343718058336744,19.64476886478265,4.814727023691478
33.33333333333334,51.51515151515152,0.7134051564856743,13.43264926365143,5.312512151490848
34.34343434343435,51.51515151515152,0.378878339351024,28.12683719056815,4.66229705930404
35.35353535353536,51.51515151515152,0.7784945541491401,28.39755356256092,5.373381435035212
36.36363636363637,51.51515151515152,0.7186809753238503,22.44348765981578,4.528161361416606
37.37373737373738,51.51515151515152,0.648191177249121,24.95664020828256,4.117909686732476
38.38383838383839,51.51515151515152,1.881294989297217,15.76696133163358,2.836493531579124
39.3939393939394,51.51515151515152,1.6909618729853824,28.63224600387983,5.547408076868771
40.40404040404041,51.51515151515152,0.7139142844205102,35.57251065008559,3.901424913612472
41.41414141414142,51.51515151515152,0.4672719001338407,32.61777467718085,4.676621994516726
42.42424242424243,51.51515151515152,0.30410907643049523,24.73874046342262,4.666385719652387
43.43434343434344,51.51515151515152,1.690903250821434,11.81823502518547,5.574250132043809
44.44444444444445,51.51515151515152,1.2023568286624031,24.7966688214245,3.420250613868196
45.45454545454546,51.51515151515152,1.642502946128475,17.65469423770534,4.649524029975116
46.46464646464647,51.51515151515152,1.4663775784193502,23.91409768680778,2.852535177591393
47.47474747474748,51.51515151515152,1.4561108221160235,32.27427987761745,3.966084213014644
48.48484848484848,51.51515151515152,1.4116067127113978,26.08368829186063,4.695254363965263
49.49494949494949,51.51515151515152,1.429767900939127,26.56107189939537,5.185708096447846
50.50505050505051,51.51515151515152,0.49272520962210575,23.42090019780294,4.962312098217079
51.51515151515152,51.51515151515152,0.3848049883815714,20.57139723816181,4.831536039897443
52.52525252525253,51.51515151515152,0.471353155013424,26.77840890224407,4.243948304464762
53.53535353535354,51.51515151515152,0.36173353238286055,25.52432267959882,4.455000710977941
54.54545454545455,51.51515151515152,0.23611218073501838,8.199177775786078,4.454679092266313
55.55555555555556,51.51515151515152,1.315402886497977,27.96198091427076,3.804665293547333
56.56565656565657,51.51515151515152,0.8071146559461222,20.01024493858919,5.398858172042721
57.57575757575758,51.51515151515152,0.8080810262765046,8.958462391563444,4.964528207665144
58.58585858585859,51.51515151515152,1.0744008071944506,28.24645184616919,3.064467256131656
59.5959595959596,51.51515151515152,0.6625617343300461,12.7070027249196,3.864738558110823
60.60606060606061,51.51515151515152,1.0029929782281113,23.17809086519468,5.082221144279838
61.61616161616162,51.51515151515152,0.9375598386169426,32.42211967158647,4.282671819224118
62.62626262626263,51.51515151515152,1.408057332475401,15.77257030706153,3.404336315373019
63.63636363636364,51.51515151515152,0.6040357410489245,20.16395120738061,4.31522079438378
64.64646464646465,51.51515151515152,0.4479373377965984,24.86853578869044,4.577668924151213
65.65656565656566,51.51515151515152,0.6404622316642872,24.06092790382727,3.682293085772431
66.66666666666667,51.51515151515152,0.4514921568289777,20.63660125292417,4.319118719235942
67.67676767676768,51.51515151515152,0.7939140153402243,21.52895844246349,4.889998326850209
68.68686868686869,51.51515151515152,1.3897330487549941,21.14401244309866,3.691600811281768
69.6969696969697,51.51515151515152,0.5938266431479797,27.11586953132908,4.908981586646321
70.70707070707071,51.51515151515152,0.19799590898839292,22.07179959959148,4.298903393058984
71.71717171717172,51.51515151515152,0.7060054779844133,29.3615689965455,4.319915570969227
72.72727272727273,51.51515151515152,0.9810237104694742,33.34528435481854,3.575069412341765
73.73737373737374,51.51515151515152,1.0148078407477792,21.51274420178959,3.743106891699864
74.74747474747475,51.51515151515152,1.3451884959736884,23.84036831172374,5.803462156851883
75.75757575757576,51.51515151515152,0.7616813570360583,30.57723490908245,4.80175760178903
76.76767676767678,51.51515151515152,0.9729584256201128,31.46075295943459,4.417253416602369
77.77777777777779,51.51515151515152,0.9235293029741722,16.60553130895278,4.166187208282112
78.7878787878788,51.51515151515152,0.9865861848437537,25.38115743010863,4.586394127327417
79.7979797979798,51.51515151515152,0.7135115257723131,34.09407841135209,4.300295951723382
80.80808080808082,51.51515151515152,1.5542679378266027,31.24319376001793,4.648099276844782
81.81818181818183,51.51515151515152,2.276105603957735,21.40168819562084,2.486930332601799
82.82828282828284,51.51515151515152,0.8836698736928975,18.0244796329835,4.881098840290082
83.83838383838385,51.51515151515152,0.3630035794101234,28.81609149366186,4.385426591552264
84.84848484848486,51.51515151515152,0.6709128755797438,34.5860641588819,4.872265520321316
85.85858585858587,51.51515151515152,0.5628364040376095,18.11401724348134,4.180419186576051
86.86868686868688,51.51515151515152,0.4178739194275043,19.71704833348625,3.805003316326929
87.87878787878789,51.51515151515152,0.14574750366691747,36.92502019355953,4.150538079505533
88.8888888888889,51.51515151515152,0.27002541055599527,20.8212066813082,4.168782018680913
89.89898989898991,51.51515151515152,0.6440118233311813,12.21625188498481,3.849196499523535
90.90909090909092,51.51515151515152,0.6650656372277681,31.49003738826131,4.247597556789717
91.91919191919193,51.51515151515152,1.5400245347615278,20.2065287251105,3.077745928192179
92.92929292929294,51.51515151515152,0.45813061949898126,13.6690329360094,4.054591224640937
93.93939393939395,51.51515151515152,0.7037954220669027,3.952075985097405,4.427451496546431
94.94949494949496,51.51515151515152,0.9410684989427471,19.83934660465538,4.211056948721226
95.95959595959597,51.51515151515152,0.8946446391179652,26.05419899475321,3.58005769381175
96.96969696969697,51.51515151515152,0.7583037715009432,21.34463064341891,4.962803303935425
97.97979797979798,51.51515151515152,0.43391824069021867,26.0157471308958,4.376591382863095
98.98989898989899,51.51515151515152,0.6155502779523065,26.29654881469345,5.029608832604263
100.0,51.51515151515152,0.2278350105576905,24.16940846404035,4.716647441341296
0.0,52.52525252525253,0.8861964913084822,22.73312414491451,4.055699898034076
1.01010101010101,52.52525252525253,0.5608464723673134,18.48211844545408,4.56971283220141
2.02020202020202,52.52525252525253,1.4258575298933303,23.33574916057888,5.982143092881516
3.03030303030303,52.52525252525253,0.8388828977402545,11.86416232024523,4.218898718265285
4.040404040404041,52.52525252525253,0.4221792321006863,29.43400380623778,3.940584976634071
5.050505050505051,52.52525252525253,0.4920380574583604,21.44495528394253,3.548742186943026
6.060606060606061,52.52525252525253,1.2448391946065032,27.37355260734233,3.045261524369224
7.070707070707071,52.52525252525253,0.8322629119295974,14.27491113118562,4.108017523563074
8.080808080808081,52.52525252525253,0.2919385144629689,15.44439312244067,4.668634251690353
9.090909090909092,52.52525252525253,0.5350291442688896,27.24331061514804,4.332330974477281
10.1010101010101,52.52525252525253,0.5409827332305608,10.62220750238876,4.610331015126436
11.11111111111111,52.52525252525253,0.4233168183631768,32.57537553554017,4.137588019780814
12.12121212121212,52.52525252525253,1.4436420630971887,18.95290290728664,4.555811438375676
13.13131313131313,52.52525252525253,1.3783755346585722,7.443058653450123,3.633644751910559
14.14141414141414,52.52525252525253,2.229615941084452,17.21602186201685,0.8991506098690457
15.15151515151515,52.52525252525253,1.1199843518286023,12.59698583670638,1.725123903517152
16.16161616161616,52.52525252525253,0.8199718232883602,19.1709504957096,1.392579996688132
17.17171717171717,52.52525252525253,1.0158599914293354,20.84008858172237,1.447214463079269
18.18181818181818,52.52525252525253,1.7638041269801308,2.058128070290862,1.475168195297551
19.19191919191919,52.52525252525253,1.8497190734122322,28.84429755623015,4.752712719360993
20.2020202020202,52.52525252525253,0.3367971642287588,5.280435241326118,4.983604666593444
21.21212121212121,52.52525252525253,0.2760004885069105,14.39276139721645,4.911040110330619
22.22222222222222,52.52525252525253,0.6707282347896142,12.24049882067479,5.378011473412784
23.23232323232324,52.52525252525253,0.699109890230146,21.73352538741795,4.880629620517684
24.24242424242424,52.52525252525253,0.5909719693451938,30.39646233936047,5.447339063727107
25.25252525252525,52.52525252525253,1.0332589008170743,32.70950398036256,4.455179446210524
26.26262626262626,52.52525252525253,1.3715520920631068,37.89225386021215,2.986241031704704
27.27272727272727,52.52525252525253,0.7063639609851028,25.55947755647389,4.765410600971981
28.28282828282828,52.52525252525253,0.2533696391544247,30.37716219987509,4.508639076470555
29.29292929292929,52.52525252525253,0.6912623625013394,20.91491159090245,4.771928727781517
30.3030303030303,52.52525252525253,1.143362970083054,28.29837786942385,4.033755380744581
31.31313131313131,52.52525252525253,1.5316809085883003,19.33700133548203,5.769576999268506
32.32323232323233,52.52525252525253,1.1776612214935902,25.8835967021898,3.386550939639947
33.33333333333334,52.52525252525253,0.7072831165132418,22.74928005691589,4.057759836477604
34.34343434343435,52.52525252525253,0.2836165976654401,22.06844442233658,4.774558230787785
35.35353535353536,52.52525252525253,0.6236296280181627,19.9063052388046,4.815502764431306
36.36363636363637,52.52525252525253,1.7010350186340661,21.0113124781583,5.86279395696582
37.37373737373738,52.52525252525253,0.5659545228504388,23.54750971114452,4.110825087766393
38.38383838383839,52.52525252525253,0.7055876093052499,20.92804992764977,4.511372256239204
39.3939393939394,52.52525252525253,0.7004090194478663,20.28568038961018,3.906189476629871
40.40404040404041,52.52525252525253,0.6258937976617523,20.47368090456214,4.043654067553784
41.41414141414142,52.52525252525253,0.5744196891181612,19.47702583271936,3.672889451437868
42.42424242424243,52.52525252525253,0.5142578295415011,17.66663270111528,4.513221733785288
43.43434343434344,52.52525252525253,1.3757567530459314,9.277497846739939,3.675899069777317
44.44444444444445,52.52525252525253,0.834097097425337,22.13068036080872,2.940595241076784
45.45454545454546,52.52525252525253,1.2007954909639302,12.14316471411965,2.01390377888662
46.46464646464647,52.52525252525253,0.7510847545523309,18.06508306259802,1.459561501493541
47.47474747474748,52.52525252525253,0.8694718422068908,15.28222417200478,1.362657723373136
48.48484848484848,52.52525252525253,1.1086131441370388,17.39762669251077,0.9372051989622672
49.49494949494949,52.52525252525253,1.8944696299590889,14.2313943048901,1.12879822487849
50.50505050505051,52.52525252525253,1.8941923897266144,16.22422326558393,4.188796090265509
51.51515151515152,52.52525252525253,0.6640755761764132,22.23856113648285,4.48342985283614
52.52525252525253,52.52525252525253,0.9969439676876313,8.195090503755678,3.578376089000479
53.53535353535354,52.52525252525253,0.5552279322064232,15.32712753226285,4.847515217814562
54.54545454545455,52.52525252525253,0.6406859561160487,26.69043848776471,4.714303098949138
55.55555555555556,52.52525252525253,0.973785383292542,28.53106388751568,5.471986773209038
56.56565656565657,52.52525252525253,0.5711637448936797,23.1659176796503,4.846272473086782
57.57575757575758,52.52525252525253,0.5680442745486093,31.19679784415483,4.337502614135134
58.58585858585859,52.52525252525253,0.6078134209199836,17.6075715067767,3.688182651087091
59.5959595959596,52.52525252525253,0.7175190977791753,25.12334587183123,3.411513415532887
60.60606060606061,52.52525252525253,0.9858448351668437,28.96888470756157,4.281324845521063
61.61616161616162,52.52525252525253,1.4599697134874314,31.8838384315594,6.222981341943826
62.62626262626263,52.52525252525253,1.0192671716094055,25.06410115971548,5.304985064980218
63.63636363636364,52.52525252525253,0.41601902400359814,18.96908812944324,4.530544537222598
64.64646464646465,52.52525252525253,0.41914316605088286,35.01716717505992,4.350341951693447
65.65656565656566,52.52525252525253,0.34411592079884346,10.05893629526128,3.756627924961368
66.66666666666667,52.52525252525253,0.41978720225583155,25.45647916771227,3.859702097787139
67.67676767676768,52.52525252525253,0.8333292212681601,18.79173389288372,4.644651177845326
68.68686868686869,52.52525252525253,1.9576272892479676,26.01243120830958,6.120582576126111
69.6969696969697,52.52525252525253,0.7323253121305642,22.0918550957384,4.550641816069253
70.70707070707071,52.52525252525253,0.5676524165853711,34.70314556005994,4.212268217688317
71.71717171717172,52.52525252525253,1.0278785372863224,23.5935695727693,5.027025983173228
72.72727272727273,52.52525252525253,1.7887295541975918,29.17613613328647,2.921380245021053
73.73737373737374,52.52525252525253,1.5236252565839334,30.58003655400456,5.515056761674358
74.74747474747475,52.52525252525253,1.1819643622092029,18.38022475343545,5.442841489204906
75.75757575757576,52.52525252525253,2.341747170499711,18.23012631440501,5.533647289482733
76.76767676767678,52.52525252525253,1.9690674313881753,12.25940650711198,1.245506556384806
77.77777777777779,52.52525252525253,0.9872628834276951,20.64802733290175,1.499677654890436
78.7878787878788,52.52525252525253,0.8230132966272334,21.76379953046175,2.111430308763468
79.7979797979798,52.52525252525253,0.852121462551961,25.50490744562218,2.108155614204166
80.80808080808082,52.52525252525253,1.6622125188447798,16.64474529667393,2.421741159725109
81.81818181818183,52.52525252525253,2.5405322769818452,24.94866886716501,5.254958245838369
82.82828282828284,52.52525252525253,0.606055249241892,34.15884799542629,4.470946118587294
83.83838383838385,52.52525252525253,0.42886348600345414,12.95540806941706,4.69567336309391
84.84848484848486,52.52525252525253,1.4517310097846652,11.86193441686907,5.779175797386156
85.85858585858587,52.52525252525253,1.2886271956152422,31.38565620798388,3.361282900532911
86.86868686868688,52.52525252525253,0.3845819329834266,3.026157786192165,4.076061482039228
87.87878787878789,52.52525252525253,0.4127673663282767,40.75489558911982,4.0250347522462
88.8888888888889,52.52525252525253,0.4800565356345574,17.73421925806825,4.77826834870916
89.89898989898991,52.52525252525253,0.4647358259616027,12.42791365470655,4.511348289956081
90.90909090909092,52.52525252525253,0.5042579945486172,21.71138551356219,5.024160010089682
91.91919191919193,52.52525252525253,0.7298647148683123,24.36279735759334,4.616833390591836
92.92929292929294,52.52525252525253,1.0512412604465509,18.93144901002889,3.866180951429052
93.93939393939395,52.52525252525253,1.4098263169706766,24.14900472108087,6.072103175796564
94.94949494949496,52.52525252525253,1.2892887401518838,20.72548100763903,5.944540417111838
95.95959595959597,52.52525252525253,0.8614907546223747,15.52538803558281,4.143392191604059
96.96969696969697,52.52525252525253,0.36372994746459475,21.19608333885721,4.325499798240299
97.97979797979798,52.52525252525253,0.4499528708489966,21.95845955184648,4.187937099813337
98.98989898989899,52.52525252525253,0.9742722329663764,21.94184675766314,5.600407554510705
100.0,52.52525252525253,0.5861366076465823,33.08229123320549,4.658198586955431
0.0,53.53535353535354,0.9290535639169825,15.52667493098853,5.199315718420903
1.01010101010101,53.53535353535354,0.5273590839468904,35.6118903392173,4.277373963197388
2.02020202020202,53.53535353535354,0.8197073087053173,23.5311197977612,3.963476741871999
3.03030303030303,53.53535353535354,0.5688061860054467,29.6659580636973,4.471855943071888
4.040404040404041,53.53535353535354,0.5113341837289839,15.55674935229842,3.650457075781159
5.050505050505051,53.53535353535354,1.2714332345458774,25.51696689120571,3.253796446693622
6.060606060606061,53.53535353535354,1.4000362315358796,19.23144896320564,4.993622858044479
7.070707070707071,53.53535353535354,0.8652581212366905,23.8119813275495,3.656190095872829
8.080808080808081,53.53535353535354,0.5971992380558204,26.02325035093951,4.585527802021679
9.090909090909092,53.53535353535354,1.1251081532632938,19.77987042786696,3.698029375882426
10.1010101010101,53.53535353535354,0.7522150448304658,19.66003861544391,5.072547591270102
11.11111111111111,53.53535353535354,1.7534828521185495,18.6853504563498,4.399180076090141
12.12121212121212,53.53535353535354,2.3709364866167464,21.09975231877087,0.5515042189010129
13.13131313131313,53.53535353535354,1.0045220894910805,15.32533669493979,1.867283226486561
14.14141414141414,53.53535353535354,0.6509960513962222,20.76815594081308,2.285733023294644
15.15151515151515,53.53535353535354,0.33418354394253597,14.87267810149372,1.964386187231275
16.16161616161616,53.53535353535354,0.30655550039554796,13.37536427098823,1.250300556786098
17.17171717171717,53.53535353535354,0.1927209710339463,12.32949265591307,1.077562337694559
18.18181818181818,53.53535353535354,0.1606085010400599,13.69228529340234,1.016209064409748
19.19191919191919,53.53535353535354,2.1627883927559064,18.6013666578679,0.8942737123237475
20.2020202020202,53.53535353535354,2.0512673174868024,18.34661234035768,4.879634452172228
21.21212121212121,53.53535353535354,0.2681836644130422,29.81061154471422,4.682073316360667
22.22222222222222,53.53535353535354,0.6257918897328192,23.82629895725443,4.897442481766067
23.23232323232324,53.53535353535354,1.1938480543647236,12.54482142843473,6.10312928483124
24.24242424242424,53.53535353535354,0.9405683843803615,21.48981195316278,5.265201013751807
25.25252525252525,53.53535353535354,0.8141182043708326,21.9523319828598,3.924184137020189
26.26262626262626,53.53535353535354,0.4648380891310071,25.33542820993926,4.302907749306448
27.27272727272727,53.53535353535354,0.3500713725906497,26.06853862328787,4.277984256239619
28.28282828282828,53.53535353535354,0.8431513683228657,31.7936361367525,4.949952052714417
29.29292929292929,53.53535353535354,1.9199394439741473,25.44481528138675,3.056023991650913
30.3030303030303,53.53535353535354,0.9106778496949146,9.528201425775784,4.905292504050875
31.31313131313131,53.53535353535354,1.0560329433936397,24.62606200914393,5.477620841045133
32.32323232323233,53.53535353535354,0.7853127231450396,37.80660537270984,3.614784785096561
33.33333333333334,53.53535353535354,0.49348842569700835,13.8046389028549,4.24413269636949
34.34343434343435,53.53535353535354,0.887657750178465,23.85739415269442,5.039020522012098
35.35353535353536,53.53535353535354,1.0774287067143475,25.36298650902094,3.967098649140596
36.36363636363637,53.53535353535354,1.5027898966782138,28.88617580454033,3.192546539712711
37.37373737373738,53.53535353535354,0.3610890083341567,19.79752801275862,4.215042542529829
38.38383838383839,53.53535353535354,0.2158469503259639,18.84617153439296,4.369630491760427
39.3939393939394,53.53535353535354,0.6277945971141754,28.35037361278986,4.323959583649191
40.40404040404041,53.53535353535354,1.6966396849450927,22.86652778748206,5.896770897219652
41.41414141414142,53.53535353535354,1.3953592197031333,28.08582554371588,3.755738766368319
42.42424242424243,53.53535353535354,1.8592004319460185,19.98529048431891,4.739434119728803
43.43434343434344,53.53535353535354,1.4201339030191293,18.67518202731489,1.643849612568588
44.44444444444445,53.53535353535354,0.5310428249846599,17.14463477939418,1.745857515057545
45.45454545454546,53.53535353535354,0.6884323574606064,9.395979356589866,1.327375805702639
46.46464646464647,53.53535353535354,1.0066819305346846,21.90244006640717,2.419680788091528
47.47474747474748,53.53535353535354,0.6182311804868225,14.18905914491511,1.010553146718355
48.48484848484848,53.53535353535354,0.40736632757799507,23.52538838624416,0.877847337744199
49.49494949494949,53.53535353535354,0.48677846878495057,7.843421781510295,1.398175981842247
50.50505050505051,53.53535353535354,1.8363014711368122,16.78012588719693,0.7401741672682715
51.51515151515152,53.53535353535354,1.8085889783652955,27.80319391402374,3.374921261598082
52.52525252525253,53.53535353535354,0.7508753905350085,29.07923886280555,4.726386851636977
53.53535353535354,53.53535353535354,0.8950365446009807,9.383189065668574,4.421469243504999
54.54545454545455,53.53535353535354,1.2538521611760147,21.43096211868045,6.126527123605183
55.55555555555556,53.53535353535354,0.8249628999467411,24.2191841202804,4.627564694082732
56.56565656565657,53.53535353535354,0.5742820993651697,28.68401120012793,4.248687351541907
57.57575757575758,53.53535353535354,0.46182259876496445,14.62394122083704,3.850440931470398
58.58585858585859,53.53535353535354,0.6202435682005885,22.59072835975846,4.569731741209344
59.5959595959596,53.53535353535354,0.41005704980428714,21.02239452355747,4.681883998529273
60.60606060606061,53.53535353535354,0.31799102614628727,25.61007275512475,4.612339961018723
61.61616161616162,53.53535353535354,0.5781166120820485,19.33191304531435,5.183064784100179
62.62626262626263,53.53535353535354,0.3163268637362888,18.29018491495489,4.821001932871023
63.63636363636364,53.53535353535354,0.44185862812368093,24.39027911360214,5.024653777111402
64.64646464646465,53.53535353535354,0.45966923823456396,11.44201687282582,5.025671031177982
65.65656565656566,53.53535353535354,0.5612058965598448,13.46467679666881,4.361968569409955
66.66666666666667,53.53535353535354,0.36777770294516354,27.70561908260912,4.191411032477704
67.67676767676768,53.53535353535354,0.7572116178427093,20.2389432544932,3.817561920116541
68.68686868686869,53.53535353535354,1.3631544651252412,25.550648939719,3.764927342316227
69.6969696969697,53.53535353535354,1.0455220408620476,8.828617507398066,5.213288935576648
70.70707070707071,53.53535353535354,0.5100422118545485,20.29900179687626,5.243111344793288
71.71717171717172,53.53535353535354,0.4503995382542705,19.67605070386434,4.543025749869026
72.72727272727273,53.53535353535354,1.039896909208809,28.14039090962373,4.723287039685228
73.73737373737374,53.53535353535354,2.0219242082957356,25.02128174235814,3.858397394435874
74.74747474747475,53.53535353535354,1.799178593642068,11.35141561008679,1.23862578076235
75.75757575757576,53.53535353535354,1.306701557937669,13.9440520610662,1.277494828553346
76.76767676767678,53.53535353535354,0.2024545600726662,16.3503862557131,1.407717590116387
77.77777777777779,53.53535353535354,0.6832531820684031,7.353016644783732,1.083059426949994
78.7878787878788,53.53535353535354,0.8511968983838473,14.16888657744432,2.313492328276119
79.7979797979798,53.53535353535354,0.6889672947426185,14.51128874225167,1.208670341595783
80.80808080808082,53.53535353535354,0.5169433082861787,18.06122244288445,1.146051833099865
81.81818181818183,53.53535353535354,2.056129244020246,20.23676998786028,1.478086264511891
82.82828282828284,53.53535353535354,2.6018332446133803,12.90465971423881,5.476275022094385
83.83838383838385,53.53535353535354,1.0677759126227628,32.99336348403643,4.598695869420601
84.84848484848486,53.53535353535354,0.49256584657743496,7.369889348651445,4.380557366457825
85.85858585858587,53.53535353535354,0.395811155585971,32.32666438513535,4.563983918591178
86.86868686868688,53.53535353535354,0.22460515886402588,20.74881284985835,4.57752573696129
87.87878787878789,53.53535353535354,0.3233634610174285,29.90467758416475,4.746340564043987
88.8888888888889,53.53535353535354,0.370518761951782,35.33395645789958,5.068854506003104
89.89898989898991,53.53535353535354,0.659878464119154,22.4302487662222,4.928408024483266
90.90909090909092,53.53535353535354,0.3553594732017744,12.98449882907168,4.703828824826625
91.91919191919193,53.53535353535354,0.2833489394927633,40.34729924764446,4.394441052178874
92.92929292929294,53.53535353535354,0.789374525185239,25.60299275482929,4.926161056473074
93.93939393939395,53.53535353535354,0.5921028745620185,16.72404922034168,4.410934570216229
94.94949494949496,53.53535353535354,0.8767406970101878,18.59919550989061,4.44957990908742
95.95959595959597,53.53535353535354,1.2746084094429657,23.14012016111624,3.244019503050889
96.96969696969697,53.53535353535354,0.8071974420750819,26.16638017144168,4.82344577734035
97.97979797979798,53.53535353535354,0.4970907671475311,27.17950831825029,4.126813052591439
98.98989898989899,53.53535353535354,0.6671914169982456,14.96181534604213,4.628796766804281
100.0,53.53535353535354,0.7466324331602898,18.46576151782581,5.415950587954041
0.0,54.54545454545455,0.47990982391632286,25.8298215090277,4.477712602280296
1.01010101010101,54.54545454545455,0.7037532172669836,12.18603968078056,4.858632453432024
2.02020202020202,54.54545454545455,0.8676831747781868,14.98654113471929,3.525590280585525
3.03030303030303,54.54545454545455,1.2877271686419847,20.08071473304646,5.164345393796454
4.040404040404041,54.54545454545455,1.7388145345464867,29.15167820817469,3.113307738096401
5.050505050505051,54.54545454545455,1.8200232639318212,18.8130976722534,5.908096604189335
6.060606060606061,54.54545454545455,0.5928660321378165,21.67575656131159,5.568147276990235
7.070707070707071,54.54545454545455,0.876543205890214,29.73821236409916,4.398624684808845
8.080808080808081,54.54545454545455,0.3559944759730076,22.88248386254997,5.074382172288184
9.090909090909092,54.54545454545455,0.8682388399387978,22.65684160011775,5.302143748813817
10.1010101010101,54.54545454545455,1.4845818932183188,23.80821997633027,4.573789718659544
11.11111111111111,54.54545454545455,1.764589428730763,11.71847415440737,2.167884096294359
12.12121212121212,54.54545454545455,0.7854776214519992,19.40828626787182,0.8674880811186589
13.13131313131313,54.54545454545455,0.44985124613011546,20.90515518549575,1.349785198339868
14.14141414141414,54.54545454545455,0.29173792526250125,11.15857695960259,1.808127864006806
15.15151515151515,54.54545454545455,0.17872578336496353,13.59476353755255,1.9023467616838
16.16161616161616,54.54545454545455,0.2491946899393987,13.1162940233582,1.44741926892954
17.17171717171717,54.54545454545455,0.25250560539737654,18.40657996025981,1.244702604069284
18.18181818181818,54.54545454545455,0.33030569613070704,22.95641806503932,1.016395312311373
19.19191919191919,54.54545454545455,0.5784975947220874,18.92473797853758,1.579692184375648
20.2020202020202,54.54545454545455,2.28218043698236,9.271897141419425,0.9614572723062759
21.21212121212121,54.54545454545455,2.4926544540079796,19.47467299830318,5.112910878825924
22.22222222222222,54.54545454545455,0.5352243211048076,19.63156794731936,4.295899882952081
23.23232323232324,54.54545454545455,0.7183056679450455,30.93889813824875,4.593851805830509
24.24242424242424,54.54545454545455,0.8908521877798726,22.51334063064501,3.864010674016712
25.25252525252525,54.54545454545455,0.7592845094994963,32.07523525028181,4.929921156295307
26.26262626262626,54.54545454545455,0.46468896740425003,20.750645552172,4.163869215737253
27.27272727272727,54.54545454545455,0.28317448769421893,27.6310799447083,4.493952112328228
28.28282828282828,54.54545454545455,0.40921561635889225,25.21612085278324,4.58455541320512
29.29292929292929,54.54545454545455,1.4553821792509958,22.21765780220399,5.276680457953432
30.3030303030303,54.54545454545455,0.5710744126124843,22.91205703750892,4.555715077971731
31.31313131313131,54.54545454545455,0.7354415694816792,26.95249294134337,3.980609618636777
32.32323232323233,54.54545454545455,1.1697111509310874,28.34329702468333,3.193951705194517
33.33333333333334,54.54545454545455,1.011496800989538,25.48360622865159,4.6074778023501
34.34343434343435,54.54545454545455,1.4365250381028187,22.2710152454764,3.619661511036662
35.35353535353536,54.54545454545455,1.150490520308383,28.35216554583966,5.581935378407889
36.36363636363637,54.54545454545455,0.6892248638504292,24.99324114704742,4.736410596927454
37.37373737373738,54.54545454545455,0.3060875124507221,29.86184733303355,4.378097169055304
38.38383838383839,54.54545454545455,0.8005469207433717,14.13432712815386,3.848243312277183
39.3939393939394,54.54545454545455,0.8916261006190483,8.105970881036283,4.798885643404875
40.40404040404041,54.54545454545455,0.8023893179611536,35.58758953773999,4.677172431526945
41.41414141414142,54.54545454545455,3.3776573360665534,28.68222139852,6.129598846038584
42.42424242424243,54.54545454545455,2.035216097268901,16.82716477020026,1.608124638408943
43.43434343434344,54.54545454545455,0.4441226832716114,13.24485165041862,1.192955867349972
44.44444444444445,54.54545454545455,0.41665812115724266,16.79953023582124,1.336913552982007
45.45454545454546,54.54545454545455,0.8696927392612857,15.63199845948984,0.7709610407879901
46.46464646464647,54.54545454545455,0.6040226630270827,21.41892443125773,1.854504976312839
47.47474747474748,54.54545454545455,0.323838031290918,14.24996087868661,1.589539841663535
48.48484848484848,54.54545454545455,0.5052644896274507,10.09031763729836,1.794920333765907
49.49494949494949,54.54545454545455,0.5921198073235667,11.26117619872478,0.8987703223382253
50.50505050505051,54.54545454545455,0.47704110553342155,15.62312200690508,1.344009219914496
51.51515151515152,54.54545454545455,1.5534870727317693,8.638145702161205,1.235286623743663
52.52525252525253,54.54545454545455,2.155087396376028,18.8970574270375,4.527279250304312
53.53535353535354,54.54545454545455,1.4764581498166311,33.60696452411045,3.277344527642801
54.54545454545455,54.54545454545455,0.9940787342072854,13.11044551217123,5.727362813179805
55.55555555555556,54.54545454545455,0.4268742009580866,21.77126952823367,5.205154442680114
56.56565656565657,54.54545454545455,0.951399441973781,15.82224533154742,5.171106864845377
57.57575757575758,54.54545454545455,0.4955992013298747,24.13377540740351,4.093132414055066
58.58585858585859,54.54545454545455,0.5562604989618876,29.33897158355421,3.801749625588117
59.5959595959596,54.54545454545455,0.6708784769764448,11.3867338373852,4.493722677138988
60.60606060606061,54.54545454545455,0.2123168193938818,24.26457880987954,4.913020089514205
61.61616161616162,54.54545454545455,0.17989999741446372,23.08415192977247,4.843302567926245
62.62626262626263,54.54545454545455,0.7138571619628964,32.1953961849199,4.605392305504598
63.63636363636364,54.54545454545455,0.8778113008173491,18.65234155651377,3.955997602812441
64.64646464646465,54.54545454545455,0.7281822114760512,20.99857834489713,5.524299188797095
65.65656565656566,54.54545454545455,0.8249013632793778,25.8075201968852,5.167191512500469
66.66666666666667,54.54545454545455,1.2002572730841143,24.85013439477885,3.596415804681028
67.67676767676768,54.54545454545455,1.0415333745274014,19.43119458299438,5.592835443597117
68.68686868686869,54.54545454545455,1.136057601285646,21.6507566672532,5.360893797946573
69.6969696969697,54.54545454545455,2.1487083098889674,18.96943029000728,3.172031894112913
70.70707070707071,54.54545454545455,0.8776608317022949,20.88353099487627,5.522529060965608
71.71717171717172,54.54545454545455,0.6718831057282215,30.0138585133702,4.980276784841441
72.72727272727273,54.54545454545455,2.994967602032209,16.72501695067436,6.035816946790733
73.73737373737374,54.54545454545455,2.3062582858802516,23.59098944167251,0.912021187414293
74.74747474747475,54.54545454545455,0.4291681238861129,19.01835748341099,1.572483785423545
75.75757575757576,54.54545454545455,0.5444092126643119,20.39053225999929,2.079056790020598
76.76767676767678,54.54545454545455,0.5568907870436157,12.76153981444648,1.214991308286737
77.77777777777779,54.54545454545455,0.5150241979157404,14.82460642713102,1.844362862790647
78.7878787878788,54.54545454545455,0.4872975179184654,10.19251129183062,1.446021642259841
79.7979797979798,54.54545454545455,0.418065611943922,17.25037588471395,1.89761375278162
80.80808080808082,54.54545454545455,0.238142789684326,11.4292326581405,1.543482799711392
81.81818181818183,54.54545454545455,0.31123229748664766,14.92211636165895,1.360664458751905
82.82828282828284,54.54545454545455,1.5547967297687113,16.6458491610293,0.9500388574042335
83.83838383838385,54.54545454545455,1.6156957479115188,15.20148009684165,1.520287368239419
84.84848484848486,54.54545454545455,1.582626094566991,19.1356341078721,4.210477466172545
85.85858585858587,54.54545454545455,0.45648623093081975,38.53122491545315,4.74755915237333
86.86868686868688,54.54545454545455,0.29491203822961376,37.09762900917634,4.362926001880057
87.87878787878789,54.54545454545455,0.21312855904379724,14.3834470510196,4.665521300813873
88.8888888888889,54.54545454545455,0.6922419006136321,18.22128137248558,4.340326038968876
89.89898989898991,54.54545454545455,1.4309250326909901,25.92353482540679,3.070979583710314
90.90909090909092,54.54545454545455,0.7122654775029966,17.33499643282108,4.136689089586977
91.91919191919193,54.54545454545455,0.2297480525491019,28.28296664834256,4.324545409562734
92.92929292929294,54.54545454545455,0.8571356690342495,20.14413176656687,3.875589551327184
93.93939393939395,54.54545454545455,0.34572525974571244,25.13970013321358,4.257563502676526
94.94949494949496,54.54545454545455,0.7285458847870903,2.842550014498106,3.68178337397881
95.95959595959597,54.54545454545455,0.6942913716746727,5.962045432491216,4.65809377194359
96.96969696969697,54.54545454545455,0.42581683790910274,27.84494190027946,4.368660987178444
97.97979797979798,54.54545454545455,0.3781330082147145,20.1885551578934,4.855435634997913
98.98989898989899,54.54545454545455,0.5001296610960547,26.7944644951948,5.036814111728238
100.0,54.54545454545455,0.5594722058606113,22.05819965757419,4.72095911062154
0.0,55.55555555555556,0.27035058861654226,17.39844937491851,4.140506097823662
1.01010101010101,55.55555555555556,0.46411627879514106,25.96085294197323,4.338840098596954
2.02020202020202,55.55555555555556,0.7231840179381097,29.57688870113456,3.586639232354369
3.03030303030303,55.55555555555556,0.5248258138565943,19.42058176660888,4.395718938864064
4.040404040404041,55.55555555555556,0.7162647517689718,18.59395122525442,4.685590016804604
5.050505050505051,55.55555555555556,0.977435526677531,24.71027801333687,4.417041899249796
6.060606060606061,55.55555555555556,0.9990318823931095,25.71489449693124,5.280679486765214
7.070707070707071,55.55555555555556,1.2502724581984226,33.9079720488394,3.480166529844734
8.080808080808081,55.55555555555556,0.727165791167891,21.85882469658331,5.105986641908737
9.090909090909092,55.55555555555556,1.70841440189883,23.75712806335892,4.389418368669924
10.1010101010101,55.55555555555556,1.7583212210721695,14.03464257354018,2.268479670916285
11.11111111111111,55.55555555555556,0.8482615484757463,20.45713408108108,1.047123998707973
12.12121212121212,55.55555555555556,0.6762913982896278,11.20300354380915,1.9107215723121
13.13131313131313,55.55555555555556,0.3420522288534825,16.28314338611116,1.69105237182549
14.14141414141414,55.55555555555556,0.17511961433518308,12.94053428906164,1.944912842425041
15.15151515151515,55.55555555555556,0.25838839577795836,15.79889666052889,2.006064079164925
16.16161616161616,55.55555555555556,0.42480452676672564,16.41796641783748,1.305403378929903
17.17171717171717,55.55555555555556,0.6178534039261391,14.12502559976569,0.8328444054726699
18.18181818181818,55.55555555555556,0.49930684239749834,17.32802989213508,1.54582768511039
19.19191919191919,55.55555555555556,0.5874413014856594,10.12232394472113,2.02673230707845
20.2020202020202,55.55555555555556,0.6523919172055856,24.18702553170503,1.402313321780744
21.21212121212121,55.55555555555556,2.7060605623369525,7.032305673348517,0.5415952276527565
22.22222222222222,55.55555555555556,2.0106570466330735,22.18266554883612,4.720291649805053
23.23232323232324,55.55555555555556,0.5127448646539597,14.91461701249757,4.930003943917734
24.24242424242424,55.55555555555556,1.1989432033637781,15.08610506708862,3.497543876724708
25.25252525252525,55.55555555555556,0.3936181694640958,11.58277701482715,4.730482560409087
26.26262626262626,55.55555555555556,0.38400074059013234,15.60608156316146,4.787451714636029
27.27272727272727,55.55555555555556,0.5592824844450517,25.01432803347385,3.997908215107828
28.28282828282828,55.55555555555556,0.7668536201306093,23.182644030358,4.095817932904053
29.29292929292929,55.55555555555556,1.5129392911647623,15.51554172978657,3.088898631981983
30.3030303030303,55.55555555555556,0.4923888966390343,22.25274425624146,3.917065692917593
31.31313131313131,55.55555555555556,0.48984059493726995,19.72048798767371,4.063601301377925
32.32323232323233,55.55555555555556,1.8715051198135422,27.04953298414212,5.25177921841898
33.33333333333334,55.55555555555556,1.7112406952537444,30.97472654011673,3.326178092841581
34.34343434343435,55.55555555555556,1.0887220606614458,12.18331848304559,4.996312493787837
35.35353535353536,55.55555555555556,0.3477114757944266,14.05349773024922,5.40260867529331
36.36363636363637,55.55555555555556,0.30071695348272565,27.03124193894339,4.727213408093065
37.37373737373738,55.55555555555556,0.2945127125975264,11.3875079325256,4.551225307682445
38.38383838383839,55.55555555555556,1.0116022409186245,30.56684429394192,5.048547627861613
39.3939393939394,55.55555555555556,1.546465514003561,26.35486152173014,2.779662843689986
40.40404040404041,55.55555555555556,2.0450003278754845,23.28836455965392,4.261353251764605
41.41414141414142,55.55555555555556,2.316644638469366,25.68322785492369,0.9667302035839134
42.42424242424243,55.55555555555556,0.2687804993323927,13.17129290966047,1.681036567476075
43.43434343434344,55.55555555555556,0.6912366845447793,5.929613057187385,1.959426398526796
44.44444444444445,55.55555555555556,0.8823147163034907,18.17064940834513,0.7891352282546266
45.45454545454546,55.55555555555556,1.1043317458042305,19.23882599856425,2.043820785199618
46.46464646464647,55.55555555555556,0.326040237293298,14.7559083740156,1.35209920615735
47.47474747474748,55.55555555555556,0.42715320817306646,3.644691931838953,1.343520038196719
48.48484848484848,55.55555555555556,0.2205647068284975,21.45781271334449,1.792465874807866
49.49494949494949,55.55555555555556,0.5485781315873985,17.44755430826451,1.426454983124518
50.50505050505051,55.55555555555556,0.6161512212440627,14.57142900721804,2.094377095654854
51.51515151515152,55.55555555555556,0.6032724286959549,11.19973960077051,1.908885054084839
52.52525252525253,55.55555555555556,2.586401054319508,21.4146626859817,0.6479646153550265
53.53535353535354,55.55555555555556,2.376925020845369,22.4979669053165,4.339099402848611
54.54545454545455,55.55555555555556,0.7099207774390188,24.16906344463738,5.122438842812736
55.55555555555556,55.55555555555556,0.7021577313438108,24.69836121175778,4.631503335779578
56.56565656565657,55.55555555555556,1.3368892420411211,26.65802773975495,3.399950638878771
57.57575757575758,55.55555555555556,0.6371970203550711,27.37428909194815,4.463480497532637
58.58585858585859,55.55555555555556,0.7996797081180477,24.12667555945659,4.27545366579662
59.5959595959596,55.55555555555556,1.4803400425616908,23.02713777781211,3.109640554549582
60.60606060606061,55.55555555555556,0.8042083809215713,17.49861778831263,4.972592304631073
61.61616161616162,55.55555555555556,0.548636072836244,22.05568106677861,4.771092578451932
62.62626262626263,55.55555555555556,2.072086328313704,19.38556696137314,6.357906360875954
63.63636363636364,55.55555555555556,1.1138143753855132,31.8157868846139,4.180890343106065
64.64646464646465,55.55555555555556,1.2077346309309256,18.24064116587466,6.012990614800906
65.65656565656566,55.55555555555556,0.7170746409577771,26.31852091455549,4.600692386589539
66.66666666666667,55.55555555555556,1.1079394109558416,13.26020923995721,4.23525432248528
67.67676767676768,55.55555555555556,1.0271409828350073,27.62273959095922,5.755334133659513
68.68686868686869,55.55555555555556,0.6107380318170321,12.07059538507135,4.833433397918538
69.6969696969697,55.55555555555556,0.6416541399592264,33.29416902626136,5.186249021518694
70.70707070707071,55.55555555555556,0.674997330116641,11.51338032015981,5.184052893305611
71.71717171717172,55.55555555555556,2.3209430535001614,12.39590149776916,5.632765734708451
72.72727272727273,55.55555555555556,2.313414984118456,19.10569061378486,1.547812367093137
73.73737373737374,55.55555555555556,0.30195646254833725,17.04684702780656,1.406419766528027
74.74747474747475,55.55555555555556,0.31272191004029276,11.55115830214061,1.788262673700497
75.75757575757576,55.55555555555556,0.23934273839556802,12.44313438368351,2.08449319287968
76.76767676767678,55.55555555555556,0.389539458498276,10.68013416232247,1.756391138393779
77.77777777777779,55.55555555555556,0.6317385922798127,17.41131984857821,2.11544344357824
78.7878787878788,55.55555555555556,0.6151453684648027,14.57314421107254,1.214235587654842
79.7979797979798,55.55555555555556,0.4238658420928202,9.20879695398537,2.075209725779464
80.80808080808082,55.55555555555556,0.30930733065520094,12.31160130859079,1.52529190161533
81.81818181818183,55.55555555555556,0.4171542610169876,17.29131136716648,1.894727900631351
82.82828282828284,55.55555555555556,0.4684092301128066,9.24522085692754,1.66211549960607
83.83838383838385,55.55555555555556,0.23318020853980675,20.75584799673811,1.396351486542836
84.84848484848486,55.55555555555556,1.52099293427262,22.52678088802931,1.277324772323771
85.85858585858587,55.55555555555556,1.9388850931564667,42.21386039293393,4.026904299126261
86.86868686868688,55.55555555555556,0.30229996149771976,45.38117519495698,4.640745970290189
87.87878787878789,55.55555555555556,0.6809246544552122,29.00824581569325,4.809425712980135
88.8888888888889,55.55555555555556,0.7040516370901788,28.2305591307112,3.894428620652135
89.89898989898991,55.55555555555556,1.0129066903880406,13.90061006396697,4.602195312566098
90.90909090909092,55.55555555555556,0.8661266283648814,16.03250792770807,5.165045438506895
91.91919191919193,55.55555555555556,0.5775853382369772,16.04773778481807,4.536829798931694
92.92929292929294,55.55555555555556,1.344489755190029,18.11680540035698,5.422630912733401
93.93939393939395,55.55555555555556,0.6932049117222312,19.34794322838751,3.985787611280438
94.94949494949496,55.55555555555556,0.8109395978277352,22.36952294411858,4.276079851356064
95.95959595959597,55.55555555555556,0.2669309197252685,29.24405327444048,4.560745736867526
96.96969696969697,55.55555555555556,0.33198857627421785,20.3502285525142,4.840936116068335
97.97979797979798,55.55555555555556,0.44809074726087317,27.42370647913204,4.739679309095322
98.98989898989899,55.55555555555556,0.8197553469155925,19.23334292493212,3.941546290104999
100.0,55.55555555555556,0.375546188655634,4.313342249729541,4.053388971478904
0.0,56.56565656565657,0.44322854628244307,29.47077723452635,3.864994837203961
1.01010101010101,56.56565656565657,0.455817320572265,28.49954818136685,4.724977991926571
2.02020202020202,56.56565656565657,1.024403901781739,23.12678173579994,4.857045779585683
3.03030303030303,56.56565656565657,0.7532849517303138,22.07801846390239,4.163992922820312
4.040404040404041,56.56565656565657,0.9971627450821692,16.34662550560535,3.951232483932269
5.050505050505051,56.56565656565657,1.5449315960140182,27.72991265837721,5.703543595950154
6.060606060606061,56.56565656565657,0.8942637719633818,22.72446412032232,4.236170291853695
7.070707070707071,56.56565656565657,0.7765451898120164,11.23359003248014,4.13646513868983
8.080808080808081,56.56565656565657,2.7111259297788983,33.7577530171607,5.640656951656931
9.090909090909092,56.56565656565657,1.9890510460768411,12.33128292786305,1.30599311221095
10.1010101010101,56.56565656565657,0.8910114593801619,21.30162553472815,0.8827992043328168
11.11111111111111,56.56565656565657,0.24093146711990682,21.64735228309948,1.234456849212133
12.12121212121212,56.56565656565657,0.609954886312392,16.1777640125721,1.332056244437767
13.13131313131313,56.56565656565657,0.6584737398585343,12.84006033142271,2.244464442667637
14.14141414141414,56.56565656565657,0.3929398928391148,15.8661874287957,1.696231070841979
15.15151515151515,56.56565656565657,0.5529783144602365,14.90193305575025,1.838039750509123
16.16161616161616,56.56565656565657,0.9341873179250324,18.39267309500871,0.9214208355548925
17.17171717171717,56.56565656565657,0.7002200809099117,8.132089838296771,1.706857569485659
18.18181818181818,56.56565656565657,0.41343256380381027,21.60734230772536,1.271920589925194
19.19191919191919,56.56565656565657,0.6197929850051258,12.98208865762295,1.229330831104381
20.2020202020202,56.56565656565657,0.616902211373562,16.8386105503681,2.085887861702925
21.21212121212121,56.56565656565657,0.715902443485367,13.99778931345562,1.755107309547114
22.22222222222222,56.56565656565657,1.7600422811972085,22.05127022448015,1.490463946390708
23.23232323232324,56.56565656565657,1.9436822965083023,37.25001569563536,4.857348984694829
24.24242424242424,56.56565656565657,0.764905652590344,25.48076392522677,5.26145114201041
25.25252525252525,56.56565656565657,0.3757418794656424,14.42319224667139,4.645356316350245
26.26262626262626,56.56565656565657,0.3296835260892321,23.40912266233344,4.72154390492942
27.27272727272727,56.56565656565657,0.7867317847993364,17.50285649313708,4.851541038343208
28.28282828282828,56.56565656565657,0.745248182643117,14.94820086179066,5.569665914407128
29.29292929292929,56.56565656565657,1.0411292373957717,27.04441761235294,5.117787608811903
30.3030303030303,56.56565656565657,1.312155555837967,42.87264476398397,3.560862160811535
31.31313131313131,56.56565656565657,0.5329433632413675,19.37377186228164,3.521944129871379
32.32323232323233,56.56565656565657,1.9118369631986605,24.29023263942538,2.937365295007728
33.33333333333334,56.56565656565657,1.5742170364404542,13.45851670381846,5.294105637824385
34.34343434343435,56.56565656565657,1.2001369092871104,29.8666298975105,4.094505816344958
35.35353535353536,56.56565656565657,1.0366804304773753,23.52468278241127,5.53243642665072
36.36363636363637,56.56565656565657,0.5444808524675515,29.33204994110651,4.384926150607416
37.37373737373738,56.56565656565657,0.6840911100126017,18.3740174989283,4.219613016509268
38.38383838383839,56.56565656565657,1.0726919762918183,5.49590110763698,5.128445171600887
39.3939393939394,56.56565656565657,1.521157228095078,18.27783393563486,3.195726907743095
40.40404040404041,56.56565656565657,1.3669814364990625,9.090529500760482,1.273484576280319
41.41414141414142,56.56565656565657,0.5833421852548772,11.387556111258,0.8719497042339734
42.42424242424243,56.56565656565657,0.4278355450629295,17.62615000401672,1.690550440795631
43.43434343434344,56.56565656565657,0.2307883409789725,22.03882558873401,1.409631192847393
44.44444444444445,56.56565656565657,0.31680952720988814,20.62273218844175,1.345639041524048
45.45454545454546,56.56565656565657,0.5398934478782855,18.47812120153492,0.845760682381582
46.46464646464647,56.56565656565657,0.5911517897764071,22.28494891784275,1.250644774142546
47.47474747474748,56.56565656565657,1.119934161839875,16.15818383529518,0.3384520135430471
48.48484848484848,56.56565656565657,0.6351303067218617,18.05458849392292,1.727618234746412
49.49494949494949,56.56565656565657,0.6597284132928489,15.56242490772628,2.059149844474135
50.50505050505051,56.56565656565657,0.8598824280819355,16.03963923876696,1.233554240519312
51.51515151515152,56.56565656565657,0.3097153288074027,15.38261958826489,1.615806249942023
52.52525252525253,56.56565656565657,1.2461387061931066,13.55649584241948,2.162198971460375
53.53535353535354,56.56565656565657,2.5118785158681147,14.25844256422219,0.3676284221306558
54.54545454545455,56.56565656565657,1.7718483726686514,23.55850978736464,4.161954650421012
55.55555555555556,56.56565656565657,0.28279689902549077,27.16031050024436,4.119011721238836
56.56565656565657,56.56565656565657,0.7941533447729906,20.77501762082671,4.681268825521976
57.57575757575758,56.56565656565657,0.7891150205081816,16.93912602553216,3.536597189979807
58.58585858585859,56.56565656565657,1.2606990239156812,15.82967473657391,2.904278816515988
59.5959595959596,56.56565656565657,1.0987292688085657,43.38700069651693,4.61815374087841
60.60606060606061,56.56565656565657,1.2541941729015873,20.12298418492296,3.879782472322287
61.61616161616162,56.56565656565657,0.5614105927440278,24.15388285928895,4.437071785184432
62.62626262626263,56.56565656565657,1.3937908190307358,29.20887341691619,3.585904903186405
63.63636363636364,56.56565656565657,0.6094194507268842,22.35239384568703,4.402138814889764
64.64646464646465,56.56565656565657,0.6123789180786761,22.82633108333977,4.915142016987221
65.65656565656566,56.56565656565657,0.9948084873853751,35.69082456642991,4.076629240984986
66.66666666666667,56.56565656565657,1.9865965039147109,9.070984690849857,6.142655573225902
67.67676767676768,56.56565656565657,1.028173355917229,15.61980825781855,4.251249439297088
68.68686868686869,56.56565656565657,0.43891153475911937,6.738496304777466,4.192658030019574
69.6969696969697,56.56565656565657,0.9375304694173044,22.93415830797521,4.988861340900806
70.70707070707071,56.56565656565657,1.7964512660262721,20.52478123031202,3.273448710114967
71.71717171717172,56.56565656565657,1.64310387721028,7.415875735062052,1.535148679592973
72.72727272727273,56.56565656565657,0.41424905491349945,14.98301771428673,1.008502978497334
73.73737373737374,56.56565656565657,0.2533922087821413,7.41330482936222,1.596611529870062
74.74747474747475,56.56565656565657,0.4191064726777835,13.57816619382845,1.431227348167931
75.75757575757576,56.56565656565657,0.4172044868085288,21.28027328728266,2.412095169937786
76.76767676767678,56.56565656565657,0.636573354462467,6.262593237807549,2.085994782609479
77.77777777777779,56.56565656565657,0.6886793742839785,13.541818482532,1.119829816354441
78.7878787878788,56.56565656565657,0.43479278050852654,9.139892682915265,1.680849012861034
79.7979797979798,56.56565656565657,0.3800797829376661,12.0216162230019,1.968234292694784
80.80808080808082,56.56565656565657,0.4693097975903003,19.16801768895195,1.824976502959916
81.81818181818183,56.56565656565657,0.3722963347157212,11.94099358773974,1.362222698484149
82.82828282828284,56.56565656565657,0.6826525806626424,11.36040147142364,0.9989316354451954
83.83838383838385,56.56565656565657,0.6370128348563081,10.1187370339946,1.820345711723181
84.84848484848486,56.56565656565657,0.4903590246338323,13.91084919578082,0.9951119701036192
85.85858585858587,56.56565656565657,2.602331128665663,11.80151578517971,0.3554399777138813
86.86868686868688,56.56565656565657,2.3090348525222275,6.422940829731573,4.789604434017061
87.87878787878789,56.56565656565657,1.5232046228254046,9.324484078199728,3.313308342343495
88.8888888888889,56.56565656565657,1.1183954753438976,21.9647315997079,4.641973966454145
89.89898989898991,56.56565656565657,1.1019843499042956,12.70037403476359,3.35240109772448
90.90909090909092,56.56565656565657,0.7462075037382434,23.33168434396766,3.919961039483285
91.91919191919193,56.56565656565657,0.16589306807489534,8.240112610549218,3.952789588729653
92.92929292929294,56.56565656565657,0.9124232091885905,21.69788842242049,3.914357668634171
93.93939393939395,56.56565656565657,0.9647579469934466,13.04922392036263,4.759695825244686
94.94949494949496,56.56565656565657,1.5094743734823455,12.52185262364581,6.350583639702663
95.95959595959597,56.56565656565657,0.6499136608092368,21.30816511920168,4.966265115980265
96.96969696969697,56.56565656565657,0.401191111065895,14.89353330453699,4.366704126035175
97.97979797979798,56.56565656565657,0.8340681205887008,32.82810524829637,3.962462471917756
98.98989898989899,56.56565656565657,1.0567172521069543,16.69722637615129,5.215324155779901
100.0,56.56565656565657,0.468886984645603,18.26347251726047,4.400614716929265
0.0,57.57575757575758,0.8922028279664737,24.70842748398681,3.670803613698943
1.01010101010101,57.57575757575758,1.39424199068301,11.61655928387524,5.170058438504292
2.02020202020202,57.57575757575758,2.3247831929549614,32.32756326731523,2.854957364114525
3.03030303030303,57.57575757575758,1.9068068760171502,15.28008150507769,6.039593418044401
4.040404040404041,57.57575757575758,1.0422535901724101,11.8440558440859,5.240454380482682
5.050505050505051,57.57575757575758,1.1804391414630868,35.767745366064,4.030003324708783
6.060606060606061,57.57575757575758,1.4523300881312826,22.23736171431089,3.270702856172011
7.070707070707071,57.57575757575758,2.3493390957623324,0.0,4.982450322961832
8.080808080808081,57.57575757575758,2.151612057618265,14.05689242688875,1.169679194702614
9.090909090909092,57.57575757575758,0.5150324384995724,24.28489356497657,1.420914292735226
10.1010101010101,57.57575757575758,1.1281469018279893,14.96954752187495,2.286313022512547
11.11111111111111,57.57575757575758,0.5104674979350255,13.77292636201725,1.56159282708265
12.12121212121212,57.57575757575758,0.6064745908425879,14.42965348852875,2.183202868357498
13.13131313131313,57.57575757575758,0.6150824091227036,23.04889048249122,1.624623124131175
14.14141414141414,57.57575757575758,0.6112938481454362,16.06550186471501,1.063195322561384
15.15151515151515,57.57575757575758,0.795005098890239,15.42515858250063,0.8525784159453541
16.16161616161616,57.57575757575758,1.2742258803311128,12.13577890948454,2.572131914995015
17.17171717171717,57.57575757575758,1.2177495217207532,17.5043267278921,1.000364123350233
18.18181818181818,57.57575757575758,0.656220228154371,16.71434909410942,2.174217011573961
19.19191919191919,57.57575757575758,0.4324045201579485,14.49042872156556,2.011954505731458
20.2020202020202,57.57575757575758,0.4840315650131608,22.01747798871041,1.489191138885213
21.21212121212121,57.57575757575758,0.9122358604709357,17.80371461088789,0.7004335328122205
22.22222222222222,57.57575757575758,0.3305229148969857,15.49577230468344,1.311650926476745
23.23232323232324,57.57575757575758,2.4054456632199273,17.16899022048348,0.9262619535042274
24.24242424242424,57.57575757575758,2.6846696119176388,37.08429484208065,5.536969504110338
25.25252525252525,57.57575757575758,1.087703963357164,20.65869378253084,3.919797456785857
26.26262626262626,57.57575757575758,1.6734153380696632,16.43766189482917,5.768185477586776
27.27272727272727,57.57575757575758,1.8409986710339745,18.27934030811638,3.406368731858951
28.28282828282828,57.57575757575758,0.8878240761229079,28.89505050149475,5.232524346996882
29.29292929292929,57.57575757575758,0.6805829621207553,12.59648621042693,5.244611827969476
30.3030303030303,57.57575757575758,2.529611741717667,19.46271097865997,6.857437373116821
31.31313131313131,57.57575757575758,1.0938835422005393,22.32465407613244,4.488563545526496
32.32323232323233,57.57575757575758,1.412955778495492,19.74868812508084,5.328980046710809
33.33333333333334,57.57575757575758,0.841262297600899,20.68911966629827,4.521505201341458
34.34343434343435,57.57575757575758,0.8569966257792914,30.10922827975598,5.35571634426533
35.35353535353536,57.57575757575758,1.2388727430295274,16.88606075765323,4.100983342447694
36.36363636363637,57.57575757575758,0.5208095318635217,12.56272144607299,4.907738892850522
37.37373737373738,57.57575757575758,1.1533265521753497,29.60572409358159,5.550219876196728
38.38383838383839,57.57575757575758,2.169130359101442,38.6948332022383,3.759125229122301
39.3939393939394,57.57575757575758,1.16801832518219,13.67668895953043,1.382122654736461
40.40404040404041,57.57575757575758,0.36119568772486127,11.10103566782213,1.117204709277477
41.41414141414142,57.57575757575758,0.8879044987145874,12.83534276934083,1.890402337295539
42.42424242424243,57.57575757575758,0.622598720773454,18.12129750286054,1.088242118373365
43.43434343434344,57.57575757575758,0.13763845895758797,15.25887408688401,1.438077951812297
44.44444444444445,57.57575757575758,0.23104593612106722,24.50110648706079,1.492502826628368
45.45454545454546,57.57575757575758,0.7779258991034423,16.39039768250463,0.7890094445899061
46.46464646464647,57.57575757575758,0.9487795882666445,10.66794396513148,2.196720648872908
47.47474747474748,57.57575757575758,0.6254044327199821,20.21762677782372,1.511761654446012
48.48484848484848,57.57575757575758,0.5751950219455874,16.1209064191094,0.9726424788515071
49.49494949494949,57.57575757575758,0.7886206530854543,9.349390121672975,1.210058266334903
50.50505050505051,57.57575757575758,1.2118695553903251,5.498953667918962,2.604413484333978
51.51515151515152,57.57575757575758,0.5274131213507305,4.55919648998996,1.632944030087755
52.52525252525253,57.57575757575758,0.6103178537642732,20.3388217604552,1.032841773641367
53.53535353535354,57.57575757575758,0.6512801440527098,16.98507558191214,0.8547747272650839
54.54545454545455,57.57575757575758,1.7776643278492785,19.88426268933701,1.872314509610662
55.55555555555556,57.57575757575758,1.5396433367367668,12.78308462976137,4.105515773142931
56.56565656565657,57.57575757575758,0.6109893091477696,23.07255485133183,4.869635278145424
57.57575757575758,57.57575757575758,0.7142136814403478,16.62227683636567,3.989183955453715
58.58585858585859,57.57575757575758,0.4779524267341537,34.93330651600687,4.229706765071839
59.5959595959596,57.57575757575758,0.94676426522267,19.78600925225989,4.183996044891519
60.60606060606061,57.57575757575758,2.1740664342703235,33.45561924820181,6.508088750201583
61.61616161616162,57.57575757575758,1.1000917781029929,21.09187933953106,3.933906402335992
62.62626262626263,57.57575757575758,0.6535099574198678,14.41873305130343,4.721665927918413
63.63636363636364,57.57575757575758,0.5849801848632312,33.21823080550276,5.289331032212786
64.64646464646465,57.57575757575758,0.21726958882565617,35.7990128359836,4.914990920585892
65.65656565656566,57.57575757575758,0.5503805258740144,29.33808305132618,4.627260936678784
66.66666666666667,57.57575757575758,1.0134235430542893,17.30019853054863,4.06110327447741
67.67676767676768,57.57575757575758,0.7092939221376761,24.19995577179493,4.909860625397251
68.68686868686869,57.57575757575758,0.6458962547197976,22.43813384011879,3.932581979040807
69.6969696969697,57.57575757575758,1.4617368588228936,26.58216867247817,3.947743085516547
70.70707070707071,57.57575757575758,1.158597572967245,21.7389574732381,1.451960490508356
71.71717171717172,57.57575757575758,0.6086324303185477,14.91048359871565,1.745001401700982
72.72727272727273,57.57575757575758,0.5191087292559613,8.542494189709938,1.011435557087162
73.73737373737374,57.57575757575758,0.44018448632204377,5.827234473594485,1.666495868581733
74.74747474747475,57.57575757575758,0.42805047815940117,17.90203415132062,1.258088786461349
75.75757575757576,57.57575757575758,0.7142679077541652,19.73771550417727,2.377847408859939
76.76767676767678,57.57575757575758,0.836982176591399,13.53045953508438,1.161570362558656
77.77777777777779,57.57575757575758,0.24088462225164792,10.15542145087863,1.351749523504925
78.7878787878788,57.57575757575758,0.3990003233520538,8.037699894800783,1.256695792373463
79.7979797979798,57.57575757575758,0.5144002771657679,14.49028170465822,0.9855336635974178
80.80808080808082,57.57575757575758,0.5793049470628058,16.64795897055516,0.8534335081539361
81.81818181818183,57.57575757575758,0.3483280911702721,14.36664887741061,1.231587429283187
82.82828282828284,57.57575757575758,0.5439531307165604,16.3438175776057,1.881652954617951
83.83838383838385,57.57575757575758,0.4001622811157435,18.12210514685201,1.342936415375841
84.84848484848486,57.57575757575758,0.37700242001794476,15.77978178722887,1.209429532409497
85.85858585858587,57.57575757575758,0.7356652156208081,10.36852282384905,2.019463722271236
86.86868686868688,57.57575757575758,1.9674674163987498,18.44594754909718,1.61278403563177
87.87878787878789,57.57575757575758,1.8129515843975939,17.94611001188093,5.105047747224257
88.8888888888889,57.57575757575758,1.514468156574864,22.62079683206105,3.534175903720881
89.89898989898991,57.57575757575758,0.8701196273816908,29.38433605758862,4.653411472011574
90.90909090909092,57.57575757575758,0.6991248601785265,26.02451004370995,5.059318164407475
91.91919191919193,57.57575757575758,0.750586581721402,19.38645663626214,3.944517995973963
92.92929292929294,57.57575757575758,0.7722803275691026,19.10938593492065,5.172007184583307
93.93939393939395,57.57575757575758,0.40267195364966746,22.90703788608868,5.408593428185733
94.94949494949496,57.57575757575758,0.8807616171732593,25.51860810021763,5.362396272300254
95.95959595959597,57.57575757575758,0.4398878447265624,23.48894228332732,4.756009365523545
96.96969696969697,57.57575757575758,0.32511463551719344,8.870359348143054,4.493433936203085
97.97979797979798,57.57575757575758,0.7471910027999019,21.84603047334235,4.864414779115429
98.98989898989899,57.57575757575758,0.4080485791659729,22.11240580653522,4.329804135739766
100.0,57.57575757575758,0.3985703172773268,20.54150032025745,4.155888947293453
0.0,58.58585858585859,0.648395133978492,24.00464237227221,4.653966049287997
1.01010101010101,58.58585858585859,1.2087418325966819,12.57470928524508,3.852526821545087
2.02020202020202,58.58585858585859,0.9553906785642055,21.08080255336017,4.652264592143569
3.03030303030303,58.58585858585859,0.7216635070009441,18.58969327448311,4.271741500691483
4.040404040404041,58.58585858585859,0.46522912954199547,11.90749450189758,4.370252009679073
5.050505050505051,58.58585858585859,0.7571607018637978,23.77208799322528,5.108468095009089
6.060606060606061,58.58585858585859,2.754736836938202,24.91041795844335,5.643507837688864
7.070707070707071,58.58585858585859,2.189271170208018,14.17499330107877,1.955597719233546
8.080808080808081,58.58585858585859,0.5860340296301386,14.09091441767152,1.098214947475702
9.090909090909092,58.58585858585859,1.0938037487657843,16.01083440729248,2.249489038399306
10.1010101010101,58.58585858585859,1.0846083587560515,11.08856789100626,0.7673581585875392
11.11111111111111,58.58585858585859,0.4471339421741982,20.34761624880931,1.19318904991781
12.12121212121212,58.58585858585859,0.6476273940137138,21.11063115267915,1.788640914408048
13.13131313131313,58.58585858585859,0.9905838680893244,12.25257267081276,0.9041423519729362
14.14141414141414,58.58585858585859,1.0042144118879768,16.15231262953709,2.103290258676713
15.15151515151515,58.58585858585859,0.7314276215034082,20.21952335165158,1.11696707127685
16.16161616161616,58.58585858585859,1.0232234473536836,5.293652847199949,2.7270030661849
17.17171717171717,58.58585858585859,0.8996988934500014,10.40702386835681,2.41924808422931
18.18181818181818,58.58585858585859,0.40942300717420843,12.65440010221083,1.787747914671475
19.19191919191919,58.58585858585859,0.7002780359137565,14.75489742552826,2.273923039047427
20.2020202020202,58.58585858585859,0.408225003801724,12.30360544319976,1.461282574569519
21.21212121212121,58.58585858585859,0.6430699413399998,24.89687445193738,1.894728198223553
22.22222222222222,58.58585858585859,0.3304277335634391,10.31484134682059,1.458323199513683
23.23232323232324,58.58585858585859,0.4121531389942052,10.83894860507243,1.620861051614707
24.24242424242424,58.58585858585859,1.781638192955113,18.77791708328343,1.301689016470304
25.25252525252525,58.58585858585859,1.2450217583750232,23.52343934863931,3.76010053104699
26.26262626262626,58.58585858585859,0.8906046125740832,32.00152599177446,4.331370464494224
27.27272727272727,58.58585858585859,1.211832412455788,26.70263128855927,5.137218748644836
28.28282828282828,58.58585858585859,0.8331950112358082,23.9228236209581,3.856612706026022
29.29292929292929,58.58585858585859,0.6470927342936436,26.94478842888989,4.274017224763967
30.3030303030303,58.58585858585859,1.0967165035017812,28.04563859121684,4.01726499128911
31.31313131313131,58.58585858585859,0.5294030156136025,23.35700292831364,4.688187969898898
32.32323232323233,58.58585858585859,1.4167974763713431,24.97353133506551,3.716663030985587
33.33333333333334,58.58585858585859,0.7473411713793008,27.39472625899074,5.472267966968902
34.34343434343435,58.58585858585859,0.8388463109049783,17.91734143496166,5.277884513810046
35.35353535353536,58.58585858585859,1.742831559139809,27.81293241622058,2.638434006753075
36.36363636363637,58.58585858585859,0.9989708651166912,28.04270040442493,4.796550041388574
37.37373737373738,58.58585858585859,2.029335824954767,28.59454664594972,4.701096157603422
38.38383838383839,58.58585858585859,2.315504535043733,11.45734070342039,0.6200209566553858
39.3939393939394,58.58585858585859,0.4887417509954891,17.11255029236117,1.598671182613763
40.40404040404041,58.58585858585859,0.4805160847936343,16.80048503457942,0.8668173988579198
41.41414141414142,58.58585858585859,0.4895221938610755,16.14676716525466,0.9325948224389911
42.42424242424243,58.58585858585859,0.6139771805071355,23.33457230747801,1.824332626683809
43.43434343434344,58.58585858585859,0.2180800101016102,8.803405247062036,1.555924320422742
44.44444444444445,58.58585858585859,0.13059864503631852,15.43160907924392,1.511904529153784
45.45454545454546,58.58585858585859,0.419985657684785,18.12759467220239,1.732757216890536
46.46464646464647,58.58585858585859,0.4982916183786491,15.18985961978401,1.440348369246589
47.47474747474748,58.58585858585859,0.17214304678241393,21.42792428337279,1.615991574401575
48.48484848484848,58.58585858585859,0.462257911102242,13.45743014664079,1.741911847661051
49.49494949494949,58.58585858585859,0.40154578643813604,7.167866088787124,1.883678295055017
50.50505050505051,58.58585858585859,0.5060854499870593,16.43694058780815,1.493619178832641
51.51515151515152,58.58585858585859,0.42908132274156663,14.95932484325222,1.112001035523176
52.52525252525253,58.58585858585859,0.38135872733352744,12.79170317576451,1.566586688056781
53.53535353535354,58.58585858585859,0.8454441449548842,17.32340733181426,1.777142169619634
54.54545454545455,58.58585858585859,1.279146863405687,11.10302310141553,0.3020383849017442
55.55555555555556,58.58585858585859,1.9434570368324853,15.15839501289378,0.9577591428265313
56.56565656565657,58.58585858585859,1.8108594245054324,10.91458508656633,4.258615321871995
57.57575757575758,58.58585858585859,0.7688937780860015,24.2379680836168,5.272477783431365
58.58585858585859,58.58585858585859,0.6229112840102902,25.50649974191057,4.529854993654159
59.5959595959596,58.58585858585859,1.1289144261906179,15.82695178257578,3.200900105478113
60.60606060606061,58.58585858585859,1.1477741655704963,17.25275788291346,5.338404344175242
61.61616161616162,58.58585858585859,0.5999600716677101,17.90159451255409,4.469166258451511
62.62626262626263,58.58585858585859,0.19234004725852194,6.275216525173564,4.598811752847744
63.63636363636364,58.58585858585859,0.47390340384739227,18.23924565498478,4.778607726004149
64.64646464646465,58.58585858585859,0.2363301811706653,27.78604233171141,5.121848083953187
65.65656565656566,58.58585858585859,0.6857781959035447,17.09961896957174,5.424263698372561
66.66666666666667,58.58585858585859,0.3780478047480631,23.47002231782969,4.618330134824859
67.67676767676768,58.58585858585859,0.5062671475892646,18.7183220527588,4.557332120222997
68.68686868686869,58.58585858585859,2.471730299709191,18.85385793087978,5.263651194109046
69.6969696969697,58.58585858585859,1.5595427934005264,28.6770830556178,1.652857607093164
70.70707070707071,58.58585858585859,0.4804421574331607,12.33110703939791,1.476039056569908
71.71717171717172,58.58585858585859,1.3196896566196914,11.29530676830739,2.943071645060718
72.72727272727273,58.58585858585859,0.7028569777113778,15.18556548400552,1.696311739412788
73.73737373737374,58.58585858585859,0.3923439987513745,8.964174048895647,1.039109655620184
74.74747474747475,58.58585858585859,0.22692851824407323,23.96704859450335,1.268986432873398
75.75757575757576,58.58585858585859,0.6336080232709802,11.11797075406651,1.891059207620998
76.76767676767678,58.58585858585859,0.683793349869787,16.84976247451053,2.178618441625877
77.77777777777779,58.58585858585859,0.8733835452701117,19.01261756088545,0.9053636337265487
78.7878787878788,58.58585858585859,0.9355668754245161,13.07896108899639,2.0623280053866
79.7979797979798,58.58585858585859,0.5076747590608544,18.60348765666998,1.657171858943596
80.80808080808082,58.58585858585859,0.47091371254275305,14.44981220366835,1.688856225026447
81.81818181818183,58.58585858585859,0.6473986341731933,15.27926087238719,0.9971297802670757
82.82828282828284,58.58585858585859,0.25998621434259084,8.750413565113504,1.777343815501339
83.83838383838385,58.58585858585859,0.42089501717818567,14.10370779706771,1.793952821283021
84.84848484848486,58.58585858585859,0.3418873095960657,21.07465938375734,1.559580577347315
85.85858585858587,58.58585858585859,0.5352905860819202,10.80105066159953,1.957540480846564
86.86868686868688,58.58585858585859,1.5819969168403571,18.58504512282254,0.8186781666540155
87.87878787878789,58.58585858585859,2.051757382238191,22.01415219208321,4.708116369610505
88.8888888888889,58.58585858585859,1.6073009525119417,21.24033287985685,5.794143055493004
89.89898989898991,58.58585858585859,1.1151803003837835,23.31206900218054,3.999085597458499
90.90909090909092,58.58585858585859,0.3860706403868378,18.23340067720206,4.922882709446974
91.91919191919193,58.58585858585859,0.6392644288986797,18.29811607120411,4.596303373061025
92.92929292929294,58.58585858585859,0.8549870980796626,29.57371412425305,5.539403546698812
93.93939393939395,58.58585858585859,0.7047482358979735,9.69616786071584,4.729586616016015
94.94949494949496,58.58585858585859,1.0167874293481223,32.0516881177166,3.480121233671813
95.95959595959597,58.58585858585859,0.8759167870777815,27.19147652922266,4.075676073171184
96.96969696969697,58.58585858585859,0.7405338941235807,21.05133154388215,5.033606395871145
97.97979797979798,58.58585858585859,1.0670994726751335,19.47579709133092,3.683194561401501
98.98989898989899,58.58585858585859,0.425726413572479,26.50491717267703,4.367952600541547
100.0,58.58585858585859,0.7319563754674444,23.93244250405537,4.932958941043307
0.0,59.5959595959596,0.45850924641437185,26.50381375117877,4.814549787891509
1.01010101010101,59.5959595959596,0.9632974638402365,28.9613876031407,5.768785536631219
2.02020202020202,59.5959595959596,0.6164873760379395,28.10536006303721,5.49625921632078
3.03030303030303,59.5959595959596,0.561879577315956,31.51685615943993,4.911510010902667
4.040404040404041,59.5959595959596,0.19652911641305182,12.40975996210867,4.524239562725841
5.050505050505051,59.5959595959596,1.1130839154363854,25.58990991932507,4.431545885863994
6.060606060606061,59.5959595959596,2.031467237453128,6.626107859839918,1.220315332587999
7.070707070707071,59.5959595959596,0.8869330298128126,6.673591275124522,0.7706585323429208
8.080808080808081,59.5959595959596,0.2832096979024826,15.88065056393667,1.362229956087896
9.090909090909092,59.5959595959596,0.3228049035330952,17.4786547274491,1.33625375973562
10.1010101010101,59.5959595959596,0.7960832760551491,17.27212809268706,1.6788749585447
11.11111111111111,59.5959595959596,0.39671289977550755,9.269165212168307,0.7943398142063658
12.12121212121212,59.5959595959596,0.6071621508933308,20.20146767290365,1.072643719227992
13.13131313131313,59.5959595959596,0.8479730669988507,14.5375063394761,2.062350583033107
14.14141414141414,59.5959595959596,0.5218515882004318,19.05848663630539,1.311998641343774
15.15151515151515,59.5959595959596,0.39745911162196346,5.36940954074753,1.181929719651074
16.16161616161616,59.5959595959596,0.9461964576906491,20.3608373572691,0.7067714048236912
17.17171717171717,59.5959595959596,0.5519881565643975,9.183172259893709,1.178591622821806
18.18181818181818,59.5959595959596,0.5797982102345842,14.48031769999575,1.654200276810914
19.19191919191919,59.5959595959596,0.8833987732138897,8.316655401776043,1.03359501756223
20.2020202020202,59.5959595959596,0.5914008812465847,21.22895303194206,1.820187937328779
21.21212121212121,59.5959595959596,0.5184841260196432,13.79789641074118,2.402862675808316
22.22222222222222,59.5959595959596,0.3306824265791012,14.03954774833604,2.034419009919607
23.23232323232324,59.5959595959596,0.4289404687178103,14.90560242617073,2.093164622235621
24.24242424242424,59.5959595959596,0.436506245607468,18.1024391287953,1.415377750929633
25.25252525252525,59.5959595959596,1.5544591746416678,14.45878651871124,1.969391871309685
26.26262626262626,59.5959595959596,1.4361696511758144,22.73993948086684,5.079855684100159
27.27272727272727,59.5959595959596,0.5234918888860549,23.91353465007107,4.107193442376994
28.28282828282828,59.5959595959596,0.2937562188589411,20.5350088396952,4.115470548641635
29.29292929292929,59.5959595959596,1.2274220512167688,30.90300113497723,3.330397643007704
30.3030303030303,59.5959595959596,0.6733656429536049,29.32680006256693,4.63628341138388
31.31313131313131,59.5959595959596,0.2763885177935774,20.51515487139216,4.963727690457807
32.32323232323233,59.5959595959596,0.7286020812743184,28.93433563796322,5.044406045849112
33.33333333333334,59.5959595959596,0.5380662638253195,25.87182785749615,5.383654436221313
34.34343434343435,59.5959595959596,0.8740810751498777,22.42486385685407,4.834165060861244
35.35353535353536,59.5959595959596,1.6853650055801477,24.57085584834768,3.349644365925223
36.36363636363637,59.5959595959596,2.408938134796176,12.90581491204194,6.42767473197274
37.37373737373738,59.5959595959596,2.1246364564078988,26.23185244041924,1.609405661110849
38.38383838383839,59.5959595959596,0.48853431134959735,14.98898360647343,1.68320939745699
39.3939393939394,59.5959595959596,0.12036314609107224,16.31798950351048,1.626585649004197
40.40404040404041,59.5959595959596,0.5089678952178731,8.17006599409684,1.740863220275985
41.41414141414142,59.5959595959596,0.45698070310491534,18.63326642975699,0.8898287896771262
42.42424242424243,59.5959595959596,0.28964340643225867,11.97345395860747,1.264660523471596
43.43434343434344,59.5959595959596,0.30046621689116454,10.42861546236392,1.113878746156771
44.44444444444445,59.5959595959596,0.24053651042668256,16.15492299766112,1.273784130539636
45.45454545454546,59.5959595959596,0.4199476587970763,18.66025909328614,1.509823893832725
46.46464646464647,59.5959595959596,0.8555378354076465,18.44961619991436,0.6716062281572442
47.47474747474748,59.5959595959596,0.43860861984021127,9.763154864000192,1.333212785641944
48.48484848484848,59.5959595959596,0.5374633887624671,26.69524595040292,0.9298362927150686
49.49494949494949,59.5959595959596,0.2949244828091281,12.47092161790894,1.482940741638929
50.50505050505051,59.5959595959596,0.25363885764986815,16.34367843612135,1.351748943917582
51.51515151515152,59.5959595959596,0.5965899301124489,11.68483275872871,0.7528225349645583
52.52525252525253,59.5959595959596,0.26315277013745686,15.91902473513378,1.240037827234543
53.53535353535354,59.5959595959596,0.5964905309825579,4.869875167333038,1.00339229843539
54.54545454545455,59.5959595959596,0.7255036765341656,13.81953101429543,1.717525171172898
55.55555555555556,59.5959595959596,0.33111456044711846,16.34369852369084,1.627253722869822
56.56565656565657,59.5959595959596,1.512093799626156,21.75566931235952,1.940916220728528
57.57575757575758,59.5959595959596,1.9371421095560706,27.06206356953437,5.236681750401587
58.58585858585859,59.5959595959596,0.5889250659210912,26.77634538426047,4.649774223159747
59.5959595959596,59.5959595959596,1.0568219848396445,14.83318143759878,3.267002743954004
60.60606060606061,59.5959595959596,0.6804728329455181,14.11369209297434,4.923734412340457
61.61616161616162,59.5959595959596,0.8225831765680385,18.85031664132645,5.33486310888687
62.62626262626263,59.5959595959596,0.5183872066817858,17.82302901387336,4.261747206436963
63.63636363636364,59.5959595959596,0.6061754883655639,17.37767176526758,3.91675374792866
64.64646464646465,59.5959595959596,0.5867271241283202,29.19252574483425,5.029040495006232
65.65656565656566,59.5959595959596,0.38001831122276575,24.79155652497429,4.586502854419237
66.66666666666667,59.5959595959596,0.2414934473115471,33.48332196142545,4.706362915320097
67.67676767676768,59.5959595959596,1.6605910131838642,28.8669814263427,5.462555116917889
68.68686868686869,59.5959595959596,2.410016589913484,15.89501098688732,1.024911871242452
69.6969696969697,59.5959595959596,0.5002829032883955,21.10765632535043,1.497184049453579
70.70707070707071,59.5959595959596,0.23833489933910673,13.45451365937352,1.222200131912883
71.71717171717172,59.5959595959596,0.5177499527291041,18.61933552328872,1.576175756080428
72.72727272727273,59.5959595959596,0.38634582964618625,11.77291528010857,1.918901478492139
73.73737373737374,59.5959595959596,0.43834438784068586,12.73273434471908,0.9841987346220531
74.74747474747475,59.5959595959596,0.4137099385600259,9.765361204101401,1.313853307436828
75.75757575757576,59.5959595959596,0.8041590884984375,15.8215931059113,0.753047324528497
76.76767676767678,59.5959595959596,0.5868070756941115,9.570901523290189,2.021307163118157
77.77777777777779,59.5959595959596,0.5214485955422745,15.03165261998015,1.52229274546924
78.7878787878788,59.5959595959596,1.0435463743510296,17.35184793854869,0.6878132348047283
79.7979797979798,59.5959595959596,1.1466067677750218,8.002473748363945,2.57939218731498
80.80808080808082,59.5959595959596,0.5323295377038393,15.36653232667629,1.364034902570168
81.81818181818183,59.5959595959596,0.37708789874314064,19.16778714660162,1.880326187950103
82.82828282828284,59.5959595959596,0.47727068857091076,9.75997507949637,1.916156492739145
83.83838383838385,59.5959595959596,0.7484939947027295,13.61402871217513,0.812370408194846
84.84848484848486,59.5959595959596,0.4991384383111805,3.877014624796873,1.174514531335825
85.85858585858587,59.5959595959596,0.31191427460243176,6.807630853764889,1.415123595635353
86.86868686868688,59.5959595959596,0.3241065935066341,13.0062964700035,1.324259447888651
87.87878787878789,59.5959595959596,1.5841378644590733,16.92489300381425,1.873483107110481
88.8888888888889,59.5959595959596,1.7728652843946981,19.85856207215115,4.505990541134364
89.89898989898991,59.5959595959596,0.43846151723709215,28.98179497787685,5.086626354417579
90.90909090909092,59.5959595959596,0.5343567303466261,26.46327007801517,5.0803533676594
91.91919191919193,59.5959595959596,0.7169870997550438,20.85148643639708,3.960710544577103
92.92929292929294,59.5959595959596,0.7615870974351109,20.90117646744023,4.239768620816249
93.93939393939395,59.5959595959596,0.6423256636775003,12.83548212995097,4.810290434411193
94.94949494949496,59.5959595959596,0.8954715298175783,30.07333994312086,3.819975690592288
95.95959595959597,59.5959595959596,0.9664805137834703,27.1689111519884,5.345524766930618
96.96969696969697,59.5959595959596,0.32314216625764947,26.74640024889543,4.919985436214485
97.97979797979798,59.5959595959596,0.8003906842936198,6.980659389836439,4.735202360778418
98.98989898989899,59.5959595959596,0.5218338102801305,23.00419617278082,3.952959790695217
100.0,59.5959595959596,1.0986128057278988,18.4489251134311,4.079166148892587
0.0,60.60606060606061,0.26740984248043925,1.705456087569046,4.553841535991615
1.01010101010101,60.60606060606061,0.8722878280239381,33.61003954818656,5.058616465406553
2.02020202020202,60.60606060606061,0.4953351591117754,29.28521931745685,4.731579862074786
3.03030303030303,60.60606060606061,0.99008639507769,20.35618503923068,5.547240156360368
4.040404040404041,60.60606060606061,0.6542943295472501,24.74949859051528,4.676404350292607
5.050505050505051,60.60606060606061,1.804263183046705,29.41486538261341,4.903035108326598
6.060606060606061,60.60606060606061,1.2357027733858241,18.05075033777893,1.178526241397424
7.070707070707071,60.60606060606061,0.9154739018691038,20.90347329693428,2.092223240713493
8.080808080808081,60.60606060606061,0.4648454855726813,8.655318825995895,1.110953793187411
9.090909090909092,60.60606060606061,0.5380050777476872,9.338390464861329,1.345640700042959
10.1010101010101,60.60606060606061,0.5770832533185151,18.32403604120748,0.6332149974286785
11.11111111111111,60.60606060606061,0.30876163451186694,10.98584809694809,0.7691765001757402
12.12121212121212,60.60606060606061,0.37413127159956966,11.84799759427247,1.517284358794518
13.13131313131313,60.60606060606061,0.5023426564492051,16.20907465473334,1.568725351592323
14.14141414141414,60.60606060606061,0.6179281366574056,23.64134107506638,0.896304769257019
15.15151515151515,60.60606060606061,0.6777444619975628,17.05905505381672,2.101576281244621
16.16161616161616,60.60606060606061,0.5095713753085858,14.31000903929519,1.524347041399581
17.17171717171717,60.60606060606061,0.7997153184660128,13.76043738962019,1.158724329958943
18.18181818181818,60.60606060606061,1.0680279234527648,15.85201277928702,2.743631566650898
19.19191919191919,60.60606060606061,0.690503429671891,7.983828224079598,1.919663909917359
20.2020202020202,60.60606060606061,0.7010198514338666,18.48185907843359,1.182757433347786
21.21212121212121,60.60606060606061,0.5682445994578262,16.49358603547921,1.788179053682751
22.22222222222222,60.60606060606061,0.5089248347465289,18.36331740056747,2.353863627625365
23.23232323232324,60.60606060606061,0.5488297359787135,22.81354454404845,1.586238801607296
24.24242424242424,60.60606060606061,0.5148510468849037,9.720262286290302,1.01484249464513
25.25252525252525,60.60606060606061,1.1134480739238868,14.48643017674699,1.206741765650845
26.26262626262626,60.60606060606061,1.7626609994839098,19.49943182139699,4.166788353516475
27.27272727272727,60.60606060606061,0.1771488716869163,16.74301619927451,4.024190541088422
28.28282828282828,60.60606060606061,0.6384068791399162,18.95381858160746,3.992653527720057
29.29292929292929,60.60606060606061,1.260972347745448,16.69320550466204,5.205507592108408
30.3030303030303,60.60606060606061,0.6991461778545858,20.05860434544647,4.195169307114332
31.31313131313131,60.60606060606061,0.7623499983744575,20.88290243828671,4.541835974307638
32.32323232323233,60.60606060606061,0.7617777589707833,20.56161267519633,3.877667481378869
33.33333333333334,60.60606060606061,0.47486632531989004,29.36228191092157,4.208740677399895
34.34343434343435,60.60606060606061,0.6847637631166608,21.97568572724882,3.815570283506626
35.35353535353536,60.60606060606061,1.2706276910840288,30.42090332171359,4.817342968090128
36.36363636363637,60.60606060606061,3.0085092624895076,20.22323330606921,6.536003143663869
37.37373737373738,60.60606060606061,1.8167105463568198,14.91056406759145,1.094623139179858
38.38383838383839,60.60606060606061,0.37947781305989586,11.57441434414008,0.9226880776591386
39.3939393939394,60.60606060606061,0.39850753025301483,15.53074860140031,1.343948850754923
40.40404040404041,60.60606060606061,0.35700260948704876,9.057183749850578,1.937376977858765
41.41414141414142,60.60606060606061,0.431029876434076,16.755723138039,1.449119404941594
42.42424242424243,60.60606060606061,0.42158200007207575,17.20075142712459,1.337948534879123
43.43434343434344,60.60606060606061,0.3595675946371138,15.13043407120236,1.563010877757768
44.44444444444445,60.60606060606061,0.25702714878342037,15.9308103416635,1.601864625956264
45.45454545454546,60.60606060606061,0.5938506862654216,20.16674101260947,1.127224010670801
46.46464646464647,60.60606060606061,0.7039438371535317,9.734919163281221,1.825191205538305
47.47474747474748,60.60606060606061,0.47780593011001465,14.47645973442375,1.739885425831583
48.48484848484848,60.60606060606061,0.29075489458647663,9.173546630406284,1.311133350968219
49.49494949494949,60.60606060606061,0.23740944741437447,5.507068813546292,1.577604872814146
50.50505050505051,60.60606060606061,0.3893103897146099,12.03344603937925,1.209181954907539
51.51515151515152,60.60606060606061,0.5860364827320786,18.42783514249851,1.693862053632728
52.52525252525253,60.60606060606061,0.2602053733351915,14.00337555521352,1.237836428576091
53.53535353535354,60.60606060606061,0.5377398733528824,6.998429283453462,1.664826149644717
54.54545454545455,60.60606060606061,0.7553278163547286,11.63837890373701,2.399648769997822
55.55555555555556,60.60606060606061,0.5903719350989116,10.66787614788855,1.376224007286421
56.56565656565657,60.60606060606061,0.387141197679619,12.82884782911702,2.062164290557921
57.57575757575758,60.60606060606061,1.9741539615174035,10.23273266146247,1.406582402121982
58.58585858585859,60.60606060606061,0.9678967224933981,31.17737938888895,4.383672195428554
59.5959595959596,60.60606060606061,0.4966855141490656,22.07358091197975,4.388684897244494
60.60606060606061,60.60606060606061,1.0270726081927148,26.60565222961208,5.16309544735488
61.61616161616162,60.60606060606061,0.6027503775823594,14.90703374828689,4.394471852046393
62.62626262626263,60.60606060606061,0.3936218362153141,34.36993380845274,3.94337228707881
63.63636363636364,60.60606060606061,0.6131857385621466,26.2543407606959,4.022321517729551
64.64646464646465,60.60606060606061,1.1333598047818343,20.82765417417775,5.728317014907991
65.65656565656566,60.60606060606061,0.6667719432690662,29.02329651696423,4.466588154969354
66.66666666666667,60.60606060606061,0.41935951284684747,14.04095127364278,4.704474169067799
67.67676767676768,60.60606060606061,2.739528240127113,27.29234574930208,6.005860725685225
68.68686868686869,60.60606060606061,1.6543347307009264,18.49619311729439,1.51632348414323
69.6969696969697,60.60606060606061,0.9190871162795049,11.90700727909591,2.595386009215753
70.70707070707071,60.60606060606061,0.44863567401000676,12.23796982340968,1.292741262904044
71.71717171717172,60.60606060606061,0.17924622158228148,18.5716136046364,1.583578331437298
72.72727272727273,60.60606060606061,0.20987793845250502,18.0963387614553,1.873536365268542
73.73737373737374,60.60606060606061,0.4857393458878862,22.5761310629053,1.418308048301805
74.74747474747475,60.60606060606061,0.8480224341398657,11.3200715991479,2.033365631390396
75.75757575757576,60.60606060606061,0.755173947356236,16.98418711608688,1.002605973931755
76.76767676767678,60.60606060606061,0.42945570308250347,23.87890349181917,1.598664395088008
77.77777777777779,60.60606060606061,0.3961503433533056,10.42313176638164,1.386921403356262
78.7878787878788,60.60606060606061,0.7668192698188923,6.231023359158011,0.7614254984522114
79.7979797979798,60.60606060606061,0.7766283128000502,20.88038101076323,2.02212168184134
80.80808080808082,60.60606060606061,0.3434230959684245,9.983171556693575,1.436883160804499
81.81818181818183,60.60606060606061,0.29159672422244526,11.7472374430025,1.807292590829545
82.82828282828284,60.60606060606061,0.6217891315171936,22.63544745394967,1.285502805026649
83.83838383838385,60.60606060606061,1.0746424741223837,8.563446984129879,0.265907050157381
84.84848484848486,60.60606060606061,0.9628302375190732,19.64388511805909,2.18324905112855
85.85858585858587,60.60606060606061,0.38487382258264896,24.13143177147564,1.788890596787639
86.86868686868688,60.60606060606061,0.35360315541566556,11.36166249270872,1.47501673371202
87.87878787878789,60.60606060606061,0.41135810113978083,19.584368334674,2.193670209201036
88.8888888888889,60.60606060606061,1.5086231476448089,17.10458361572067,1.915825165221309
89.89898989898991,60.60606060606061,1.3012349233646483,22.36228905565446,5.007229842469683
90.90909090909092,60.60606060606061,0.7281782509082485,21.42244568516869,4.226312914325798
91.91919191919193,60.60606060606061,0.6870867895880771,20.96797123688797,4.794365215791913
92.92929292929294,60.60606060606061,0.6978287235921136,28.40763516971286,5.136902194840039
93.93939393939395,60.60606060606061,0.9190352824553373,24.75211525489679,3.88252815551022
94.94949494949496,60.60606060606061,1.2819520598586223,29.57884287444334,3.093807848399685
95.95959595959597,60.60606060606061,1.150581845048869,28.22995663767337,4.700539812610633
96.96969696969697,60.60606060606061,0.8250361436882857,25.18601046773659,5.488610735436223
97.97979797979798,60.60606060606061,1.4496398483422877,24.1668607798494,3.552673068500123
98.98989898989899,60.60606060606061,1.2806837023952018,25.39126682354634,4.716853293688839
100.0,60.60606060606061,1.9340950316090002,22.17070373280142,1.76332688205698
0.0,61.61616161616162,0.6508232410808278,30.28250924660442,4.517095189865129
1.01010101010101,61.61616161616162,1.5362284978376848,20.80008603682773,3.111445757282172
2.02020202020202,61.61616161616162,0.7991120172393041,12.8785466906573,4.805544246658544
3.03030303030303,61.61616161616162,0.9450794042873105,25.44607166087859,3.909120821860651
4.040404040404041,61.61616161616162,0.917131701190986,14.99687953258216,3.308858383772125
5.050505050505051,61.61616161616162,1.3678466762006276,8.503369842233019,2.108611223565549
6.060606060606061,61.61616161616162,0.7610028135237492,21.96402796623529,0.9157101052899461
7.070707070707071,61.61616161616162,0.5814448069306262,15.10633223343201,1.6468587884498
8.080808080808081,61.61616161616162,0.5804301132701246,19.64099176729778,0.718804368178801
9.090909090909092,61.61616161616162,0.8585099676149972,15.14729543420052,0.1501199388293782
10.1010101010101,61.61616161616162,0.5477736363076131,19.55914490284384,1.047500844225375
11.11111111111111,61.61616161616162,0.4138605059731129,14.20903681181512,1.094990362826743
12.12121212121212,61.61616161616162,0.48739091933488304,21.19977106036064,1.769619954209688
13.13131313131313,61.61616161616162,0.6663475177911102,19.75606976395059,0.7768415323693957
14.14141414141414,61.61616161616162,0.5180919536655924,18.79753222036456,0.7179781890370578
15.15151515151515,61.61616161616162,0.44773686933323736,13.16508592939777,2.110406815808683
16.16161616161616,61.61616161616162,0.546493058136778,24.98262792959532,1.802204954772356
17.17171717171717,61.61616161616162,1.07369714003016,7.745707378704104,2.387188362827538
18.18181818181818,61.61616161616162,0.5607046422608217,13.8368828344001,1.969826056105317
19.19191919191919,61.61616161616162,0.3846181509799415,10.56305094297947,1.604593216888036
20.2020202020202,61.61616161616162,0.5967808079258281,17.96700479277113,2.007078238197721
21.21212121212121,61.61616161616162,0.7536806063015931,14.28276067328719,1.30099047225459
22.22222222222222,61.61616161616162,0.3246335165453905,17.09341671687682,1.97091830630569
23.23232323232324,61.61616161616162,0.2789439794164391,11.45101557777437,1.93561079191359
24.24242424242424,61.61616161616162,0.4197318526282205,14.44402687475215,1.910415847932361
25.25252525252525,61.61616161616162,0.41431660759032474,14.40912908665078,1.745938096816207
26.26262626262626,61.61616161616162,1.5610429339245964,16.85265696197177,1.131856086458203
27.27272727272727,61.61616161616162,1.4080845534862503,22.02062350394909,3.572732781425747
28.28282828282828,61.61616161616162,1.625071324620666,9.008911358221786,5.179072945601428
29.29292929292929,61.61616161616162,1.0718890922165842,11.88620478847164,6.151094684607068
30.3030303030303,61.61616161616162,1.348291785445184,9.112942011740484,5.193634962075746
31.31313131313131,61.61616161616162,1.5856826818795209,20.83089602409743,2.925162857082052
32.32323232323233,61.61616161616162,0.8342642336187012,21.76468709140257,4.762798263841964
33.33333333333334,61.61616161616162,0.39393286191658494,24.31642620078271,4.209048629943742
34.34343434343435,61.61616161616162,0.6074292050763705,13.22878322085384,3.490053086871372
35.35353535353536,61.61616161616162,0.9897631376700003,24.30613706033655,3.92296366607616
36.36363636363637,61.61616161616162,2.163846852210731,12.76563193723287,1.77033468545472
37.37373737373738,61.61616161616162,0.934076068147297,11.7101888278159,2.233367736671416
38.38383838383839,61.61616161616162,0.5228692564381602,15.82546439138716,1.086882175484367
39.3939393939394,61.61616161616162,0.5440926782877595,12.39433328946691,1.640653273318082
40.40404040404041,61.61616161616162,0.28432278355916524,16.74454931467156,1.787565997514363
41.41414141414142,61.61616161616162,0.7794198869822715,9.056453286387603,2.014519852433788
42.42424242424243,61.61616161616162,1.3066831650091744,8.20901826125149,0.06114175893946323
43.43434343434344,61.61616161616162,0.6148866954902091,19.43203587938583,0.8377887218874511
44.44444444444445,61.61616161616162,0.34644925798025,14.89758676298704,1.41533088972317
45.45454545454546,61.61616161616162,0.7551347915590099,13.55812888144523,1.947419062417596
46.46464646464647,61.61616161616162,0.7968683848766783,22.69673180443821,0.9462738088794658
47.47474747474748,61.61616161616162,0.47944436796162165,19.61992507448948,0.7493922001512494
48.48484848484848,61.61616161616162,0.28903811921877964,20.58361278407942,1.397632274351684
49.49494949494949,61.61616161616162,0.2990798155660585,19.46763960287634,1.797684091543893
50.50505050505051,61.61616161616162,0.35678866945110993,10.95993981920275,1.77075350812414
51.51515151515152,61.61616161616162,0.3524823732253029,14.21805070265732,1.231461365154409
52.52525252525253,61.61616161616162,0.10234657440706807,15.5786628357948,1.393441177133142
53.53535353535354,61.61616161616162,0.22816729535419555,8.439663431627551,1.337112848864245
54.54545454545455,61.61616161616162,0.5182965691870208,17.12980980187523,1.818708486468338
55.55555555555556,61.61616161616162,0.67497111939433,11.65364139495711,0.9751310284570766
56.56565656565657,61.61616161616162,0.5720764187102039,24.54192387468371,2.147958839739565
57.57575757575758,61.61616161616162,0.7748937448274544,10.52309459129674,1.84042721816948
58.58585858585859,61.61616161616162,1.3808871772943998,25.07660257372631,3.760289828308667
59.5959595959596,61.61616161616162,0.6961389481837351,23.56391337716842,4.474321548623941
60.60606060606061,61.61616161616162,1.6557545699392313,16.99776788147683,2.837200195017315
61.61616161616162,61.61616161616162,0.9055135956910293,4.058180299721847,4.645358945259284
62.62626262626263,61.61616161616162,0.9298488490060293,18.32943366601456,3.21730865719403
63.63636363636364,61.61616161616162,0.7012833967487484,29.83931523423988,4.584551974348066
64.64646464646465,61.61616161616162,0.6290279027620664,25.29159266614947,4.861878672799491
65.65656565656566,61.61616161616162,0.7754178563522083,35.3530279522296,5.514146354558652
66.66666666666667,61.61616161616162,1.3721215275069034,17.37978819194538,4.840750903487019
67.67676767676768,61.61616161616162,2.329335080958386,14.41341551602078,1.381977172103531
68.68686868686869,61.61616161616162,0.4247032324260988,4.480874936746388,2.07365102743164
69.6969696969697,61.61616161616162,0.513407843816027,19.17482495429793,2.398946775244139
70.70707070707071,61.61616161616162,0.6969296589085097,17.95524708074807,1.162221512700141
71.71717171717172,61.61616161616162,0.5241613813190341,6.141750281779689,1.712365540045056
72.72727272727273,61.61616161616162,0.2447783608058125,12.33209827566016,1.922496655056984
73.73737373737374,61.61616161616162,0.3725547355145407,9.384645153249169,1.85687021811827
74.74747474747475,61.61616161616162,0.906005105516613,18.94618092505974,1.006605459331733
75.75757575757576,61.61616161616162,0.8179268760722819,16.98933773959364,2.146925035338547
76.76767676767678,61.61616161616162,0.3369043020353313,8.555514893786762,2.086043026499874
77.77777777777779,61.61616161616162,0.43311892207709196,16.07768598434592,1.99891253802071
78.7878787878788,61.61616161616162,0.47503736048085016,12.31494236638098,1.868898225787118
79.7979797979798,61.61616161616162,0.47762425095101757,12.48666123364347,1.318813640540749
80.80808080808082,61.61616161616162,0.6853252221164221,21.59277489665328,1.091686986227019
81.81818181818183,61.61616161616162,0.5644431081835852,14.50075776571721,2.008446674770826
82.82828282828284,61.61616161616162,0.41318097240835655,21.92492321641917,0.9703855073425345
83.83838383838385,61.61616161616162,0.524874265602822,18.78515987952748,1.081075832769014
84.84848484848486,61.61616161616162,0.45463959897295547,16.6990883609666,1.652363076157062
85.85858585858587,61.61616161616162,0.4404304297785378,13.43675893383819,1.331394625025859
86.86868686868688,61.61616161616162,0.44946054225024257,10.58397925819382,1.706144730986678
87.87878787878789,61.61616161616162,0.3715004115844791,22.83425998012063,1.864923426201211
88.8888888888889,61.61616161616162,0.5464172394646615,15.20741521342516,1.84074767178323
89.89898989898991,61.61616161616162,1.0276272002008038,25.22380401766902,3.754008266351244
90.90909090909092,61.61616161616162,0.8417271998668344,10.76915171902158,3.516609593636406
91.91919191919193,61.61616161616162,0.6935210495621412,20.47390873304442,3.790262009168656
92.92929292929294,61.61616161616162,0.467094810443878,16.14641250096574,4.839631892873321
93.93939393939395,61.61616161616162,0.6737556355269059,16.60721541332818,4.587812659990242
94.94949494949496,61.61616161616162,1.4495123012859163,20.07336770646346,5.099995974320088
95.95959595959597,61.61616161616162,2.120308716763936,16.7421795870176,3.138000273771679
96.96969696969697,61.61616161616162,1.2455441613795357,29.60546759420343,5.496121421205938
97.97979797979798,61.61616161616162,0.8052844654535535,21.50930047520965,5.068585277466163
98.98989898989899,61.61616161616162,1.7442941473945894,26.67270755250979,4.475718623922228
100.0,61.61616161616162,1.4156147891855593,15.39863903947569,1.230407465697445
0.0,62.62626262626263,0.5979061954445113,32.81984291701154,4.007021245332089
1.01010101010101,62.62626262626263,0.7474918686454037,21.53372571156878,4.209441118549201
2.02020202020202,62.62626262626263,1.2459600603613064,20.42588994981798,5.337506016857738
3.03030303030303,62.62626262626263,1.3682308603772029,19.88003632748029,3.263608402097544
4.040404040404041,62.62626262626263,0.9475060097688616,14.17898937271347,3.809329623720485
5.050505050505051,62.62626262626263,0.5900639834833417,20.86675373245635,1.824796682006267
6.060606060606061,62.62626262626263,0.45372381413154406,6.282092858102125,1.772855421842008
7.070707070707071,62.62626262626263,0.44607013355530906,9.852726897417199,1.425647116421841
8.080808080808081,62.62626262626263,0.3687057467497222,17.86787486407599,1.151636546630268
9.090909090909092,62.62626262626263,0.6706082146175503,11.9521672733331,0.9225737133303663
10.1010101010101,62.62626262626263,0.7342012053498492,16.26790387505582,1.879439118661766
11.11111111111111,62.62626262626263,0.22820431163965205,11.74061980583367,1.702499414083879
12.12121212121212,62.62626262626263,0.27005337308268207,11.88269727012275,1.739799885508563
13.13131313131313,62.62626262626263,0.5356228097029124,16.36034713550912,1.598706019138279
14.14141414141414,62.62626262626263,0.48550063970856006,21.79686888206405,1.160727453375503
15.15151515151515,62.62626262626263,0.682157204205845,21.68352470350373,2.191893270769618
16.16161616161616,62.62626262626263,0.8267405413562094,16.3600912456475,0.7872759046895281
17.17171717171717,62.62626262626263,1.0252159176086548,7.449241927647401,0.3232095503528957
18.18181818181818,62.62626262626263,0.5123517289710235,13.67669511698616,1.283408143547113
19.19191919191919,62.62626262626263,0.38489566430060973,11.56785840478045,1.148909166524559
20.2020202020202,62.62626262626263,0.4980713509021358,13.44346853704233,1.55284859859716
21.21212121212121,62.62626262626263,1.0586242673607682,3.77380612516123,2.45250871603857
22.22222222222222,62.62626262626263,0.5045103599546393,9.539509920413545,1.760564909887003
23.23232323232324,62.62626262626263,0.49628108336914106,4.83370892222635,1.229709322927457
24.24242424242424,62.62626262626263,0.3774220274722125,16.04386451889639,1.316734485804093
25.25252525252525,62.62626262626263,0.703260070962404,17.04858740438403,2.085448434537986
26.26262626262626,62.62626262626263,1.102092004817583,21.19543899466093,1.286136849772768
27.27272727272727,62.62626262626263,1.8502878571978474,27.00539815206711,4.706396376564848
28.28282828282828,62.62626262626263,2.5119410268940863,21.36308204362904,2.443568968181456
29.29292929292929,62.62626262626263,1.1901615950020101,15.30037262452326,4.738606869776355
30.3030303030303,62.62626262626263,0.715409308221417,32.81691890144864,4.02486530278144
31.31313131313131,62.62626262626263,0.9399854988696408,15.75134442802464,3.545112955620943
32.32323232323233,62.62626262626263,0.5732699273743576,30.73229205577013,4.70225715248839
33.33333333333334,62.62626262626263,0.6351381956639686,28.80061539613855,3.906370311791841
34.34343434343435,62.62626262626263,0.41870341500101826,18.6565907923727,4.442346588264442
35.35353535353536,62.62626262626263,1.107021454613698,19.29285686179439,4.402097354915965
36.36363636363637,62.62626262626263,1.7368156468265454,12.32989190778041,0.4962777666590832
37.37373737373738,62.62626262626263,0.46711930390847745,12.43573292548868,1.245326673977531
38.38383838383839,62.62626262626263,0.6009622760680562,16.83509389323363,1.313908444391015
39.3939393939394,62.62626262626263,1.0819049936795153,7.871070597423875,2.819635741875965
40.40404040404041,62.62626262626263,0.555491440616145,8.846272811906875,2.401179572290916
41.41414141414142,62.62626262626263,0.5886941394289633,8.319360683621554,2.38646700445693
42.42424242424243,62.62626262626263,0.6477582102994175,13.93453910003085,1.281042586594188
43.43434343434344,62.62626262626263,0.2886048188009065,17.81643420874859,1.217924217194264
44.44444444444445,62.62626262626263,0.20859184314792756,13.20842039928031,1.504963844880931
45.45454545454546,62.62626262626263,0.6047020169661461,18.41801224981839,1.280308374160908
46.46464646464647,62.62626262626263,0.7818279437684588,14.04596396350862,2.056803089460993
47.47474747474748,62.62626262626263,0.9009586042821175,19.02056141103384,0.8315547633887513
48.48484848484848,62.62626262626263,0.44332501259444423,16.69495749472447,1.376270612252674
49.49494949494949,62.62626262626263,0.6537054830312163,11.31896501111379,2.346941734466418
50.50505050505051,62.62626262626263,0.35968713858877405,23.37774550963606,2.070113906322495
51.51515151515152,62.62626262626263,0.24490238073319814,17.18680678661634,1.477718214628838
52.52525252525253,62.62626262626263,0.05912893816588222,13.47964107016721,1.357967768309551
53.53535353535354,62.62626262626263,0.184182436699651,10.78576514549282,1.384144763627565
54.54545454545455,62.62626262626263,0.24277751766601752,16.57941943606105,1.651635588865093
55.55555555555556,62.62626262626263,0.2874466064418596,15.03732290601749,1.257517257911302
56.56565656565657,62.62626262626263,0.3368315777299415,21.63495686325178,1.425807146932967
57.57575757575758,62.62626262626263,1.3029566259135397,15.8741268372808,1.402091286616433
58.58585858585859,62.62626262626263,2.3197491761535116,23.2393875464258,6.026561839911919
59.5959595959596,62.62626262626263,1.0118147765375616,17.82566072188132,4.822087616057535
60.60606060606061,62.62626262626263,0.8735910004010129,32.28086015593049,3.68904311858808
61.61616161616162,62.62626262626263,0.805335383158231,27.50910407197895,4.780317196503287
62.62626262626263,62.62626262626263,0.5614542302755019,25.69489071033665,3.415346818114077
63.63636363636364,62.62626262626263,0.52745354223119,13.98572978897967,3.986218859577048
64.64646464646465,62.62626262626263,0.4499061539184781,21.83140525807332,4.141799784070312
65.65656565656566,62.62626262626263,0.7909907390294971,22.43607651424011,4.785696261569911
66.66666666666667,62.62626262626263,1.2890276652066026,34.78989598445516,3.620710710333747
67.67676767676768,62.62626262626263,0.637331206369161,25.19518485752029,1.924986355643786
68.68686868686869,62.62626262626263,0.4404378343894137,11.5032377906114,2.198166810707017
69.6969696969697,62.62626262626263,0.4506125559541342,15.39638500093314,2.103775644308142
70.70707070707071,62.62626262626263,0.655717996838198,12.6978036445072,2.032551108241363
71.71717171717172,62.62626262626263,0.8800447545898737,14.85402960941578,0.5047823657335204
72.72727272727273,62.62626262626263,0.7075789236890921,12.46920971189352,1.268101053572818
73.73737373737374,62.62626262626263,0.4588206013120034,15.07392335720556,1.721104641601823
74.74747474747475,62.62626262626263,0.4259640275317217,14.75062342110807,1.613281374546171
75.75757575757576,62.62626262626263,0.5333381124209369,14.9470870723901,1.220738177301699
76.76767676767678,62.62626262626263,0.6505330545723645,16.16002787742098,1.373816947088252
77.77777777777779,62.62626262626263,1.2026743494630903,15.42051785794476,2.902252290951874
78.7878787878788,62.62626262626263,0.3885865967652825,14.59889494438743,1.981476042895651
79.7979797979798,62.62626262626263,0.43335059176260327,22.93364699215557,1.748791363484129
80.80808080808082,62.62626262626263,0.6957363745431819,15.64741663920447,2.343905357257691
81.81818181818183,62.62626262626263,0.4323450789152567,17.38604880267824,1.906649181949865
82.82828282828284,62.62626262626263,0.4671987468162953,16.06180250275571,1.159240606437075
83.83838383838385,62.62626262626263,0.7389684790957469,18.90919059500644,0.4787251217838864
84.84848484848486,62.62626262626263,0.49912368719295175,13.20542757345583,1.256946349755979
85.85858585858587,62.62626262626263,0.3656823397992956,21.29156895194134,0.7228874347655095
86.86868686868688,62.62626262626263,0.6845999482718279,21.37976157346943,0.6729593604357178
87.87878787878789,62.62626262626263,0.5648575896156027,13.24514872132656,0.8906230124956338
88.8888888888889,62.62626262626263,1.0014904706990053,7.066095543697715,1.667592556348658
89.89898989898991,62.62626262626263,1.2308430642053698,35.34742883901389,4.460636223753168
90.90909090909092,62.62626262626263,1.2181154476146507,11.55588858647381,5.662763984167264
91.91919191919193,62.62626262626263,0.9346374330387076,8.542526609875438,4.237220701557049
92.92929292929294,62.62626262626263,0.9026988072329131,24.18831240029807,5.10955171609437
93.93939393939395,62.62626262626263,1.381552618788753,15.08849470892079,3.362077169575566
94.94949494949496,62.62626262626263,1.0657414563905272,31.27393438126116,3.782313909975082
95.95959595959597,62.62626262626263,2.2189894353813013,20.13050177723203,5.736578754005799
96.96969696969697,62.62626262626263,1.5217004013662025,31.07565232089951,3.307112752631546
97.97979797979798,62.62626262626263,1.142609425480571,19.375573409634,4.383762421901698
98.98989898989899,62.62626262626263,1.4583861655188852,13.16054530199599,1.577854515879199
100.0,62.62626262626263,0.24383751155406466,16.33269132233909,1.699021258669805
0.0,63.63636363636364,0.6285388039973187,13.33763586056404,5.08824601391547
1.01010101010101,63.63636363636364,0.47238306715030176,19.29577674995704,4.770928460338138
2.02020202020202,63.63636363636364,0.884787858075726,24.19443893030724,4.087590058680437
3.03030303030303,63.63636363636364,1.4207129443982245,19.53515581091005,5.471400587460115
4.040404040404041,63.63636363636364,1.1633366470823454,32.71576538870531,4.568628259510413
5.050505050505051,63.63636363636364,0.9557018164933515,8.38530626738474,1.784829491510659
6.060606060606061,63.63636363636364,0.7239337680065295,11.6224026713609,2.331455796231696
7.070707070707071,63.63636363636364,0.8811023982444045,23.17308937640708,2.367497103403378
8.080808080808081,63.63636363636364,1.156022585121796,12.7708252503617,0.6127191411743211
9.090909090909092,63.63636363636364,0.8441407623108814,18.25827447800992,1.646624558668278
10.1010101010101,63.63636363636364,0.7110083950284944,4.914275212674573,0.9083776816080471
11.11111111111111,63.63636363636364,0.45256206682869204,18.31264052481153,1.79356743338278
12.12121212121212,63.63636363636364,0.9730053026794863,15.29522083225261,2.611798971343198
13.13131313131313,63.63636363636364,0.7531758890774467,21.97643130653226,0.8571516992285724
14.14141414141414,63.63636363636364,0.4101930319449477,8.107954858824332,1.190836364714407
15.15151515151515,63.63636363636364,0.9357973354749298,22.45608777782108,2.403252449157858
16.16161616161616,63.63636363636364,0.788205159279965,17.87100183878727,1.210625299614816
17.17171717171717,63.63636363636364,0.49692546011151184,19.42660323931922,0.9358294607820229
18.18181818181818,63.63636363636364,0.317637907174946,15.22533277098865,1.551699576656232
19.19191919191919,63.63636363636364,0.24243074953312854,19.22960456476012,1.694369364268366
20.2020202020202,63.63636363636364,0.4617357957915817,7.47531300785309,1.787304813091131
21.21212121212121,63.63636363636364,0.8819624664349477,12.37991866787405,0.9611338139724547
22.22222222222222,63.63636363636364,0.5592679595429331,25.38644236455016,1.175676259598246
23.23232323232324,63.63636363636364,0.7905118620291307,17.20484142350515,0.5683672082732082
24.24242424242424,63.63636363636364,0.3482691004299199,14.96888652951144,1.377002121954146
25.25252525252525,63.63636363636364,0.3309365305148072,6.09092523134282,1.17994402190926
26.26262626262626,63.63636363636364,0.787359578314697,13.38136238863123,1.251620705374299
27.27272727272727,63.63636363636364,1.3155689298717745,27.66073799120655,4.121995478088033
28.28282828282828,63.63636363636364,1.3947605936650274,18.94805271477443,5.197963788359536
29.29292929292929,63.63636363636364,0.5776808682600278,21.07638916144936,4.399227773188842
30.3030303030303,63.63636363636364,0.38892860842828414,7.781979955118659,4.524238962217391
31.31313131313131,63.63636363636364,0.5974679636665978,22.3674724001218,5.04820830853267
32.32323232323233,63.63636363636364,0.4727786011917505,25.79367610136903,4.98176471306825
33.33333333333334,63.63636363636364,0.6276298239714228,22.49136432457577,4.812381659126665
34.34343434343435,63.63636363636364,0.3207398374693382,26.27393770931475,4.296051939474517
35.35353535353536,63.63636363636364,0.8835957113984386,31.9161404068785,4.399214046906337
36.36363636363637,63.63636363636364,1.7889332648255465,16.01698335157177,1.514614939594298
37.37373737373738,63.63636363636364,0.3439291182461808,13.05221384614936,1.308132149185624
38.38383838383839,63.63636363636364,0.6754384849111111,9.795115399658568,1.916422211858158
39.3939393939394,63.63636363636364,0.5552314183351172,22.0317137371545,1.595181702785786
40.40404040404041,63.63636363636364,0.6173733777424211,10.67818684270801,1.225996122021924
41.41414141414142,63.63636363636364,0.4376239642223365,8.696630789481848,1.523774584460947
42.42424242424243,63.63636363636364,0.5165680203481013,21.85059894472527,1.078453360313909
43.43434343434344,63.63636363636364,0.4007806255046273,7.270320478999352,1.642050000004486
44.44444444444445,63.63636363636364,0.40600756941492216,11.65497069468883,1.73800316390819
45.45454545454546,63.63636363636364,0.4732902210746727,15.24147991754255,2.030855567748696
46.46464646464647,63.63636363636364,0.19791853908050594,7.798283314908199,2.071842542580974
47.47474747474748,63.63636363636364,1.2996075602399715,13.21150548642186,2.583262442343555
48.48484848484848,63.63636363636364,0.41553414502144803,12.4352858044783,1.612822029453774
49.49494949494949,63.63636363636364,0.3052108680495082,17.04071192537467,1.528876395621745
50.50505050505051,63.63636363636364,0.305329988472056,24.5484263646759,1.799949270003334
51.51515151515152,63.63636363636364,0.19692840883639945,11.96776514078724,1.456511679183418
52.52525252525253,63.63636363636364,0.2099823832956933,10.87687055212075,1.413082670512188
53.53535353535354,63.63636363636364,0.34529618538423923,9.633554033117921,1.780174775107307
54.54545454545455,63.63636363636364,0.13857982799389007,12.93499726515791,1.794063605734599
55.55555555555556,63.63636363636364,0.3189577715583068,13.903627806128,1.562509234249059
56.56565656565657,63.63636363636364,0.5402270725166988,19.11418552114926,1.858976015707936
57.57575757575758,63.63636363636364,1.1065130995831967,22.5983824794451,1.276787128127341
58.58585858585859,63.63636363636364,1.8135828500177804,30.31180300480539,4.842781924050993
59.5959595959596,63.63636363636364,1.5259871921843973,18.69448895643405,3.460113298664723
60.60606060606061,63.63636363636364,0.38354754543712133,22.08770017231152,4.107245621236705
61.61616161616162,63.63636363636364,0.38097914594436744,11.78635594591774,4.150178371418781
62.62626262626263,63.63636363636364,0.9238226266880946,21.18393235773621,3.303410477784297
63.63636363636364,63.63636363636364,0.7797670222055402,11.96939820186614,4.771246947774555
64.64646464646465,63.63636363636364,0.23756734223876208,23.68232063265961,4.421868109022181
65.65656565656566,63.63636363636364,0.5177197547379465,43.4741289192319,4.159065427176428
66.66666666666667,63.63636363636364,1.1266412323675592,22.39395177278396,4.69607127208076
67.67676767676768,63.63636363636364,1.860494782546568,11.80457492364506,1.962397187826983
68.68686868686869,63.63636363636364,0.8800069955623464,17.76382904212146,0.9285028778868456
69.6969696969697,63.63636363636364,0.8530077285324102,8.354416379060684,0.7621122538932564
70.70707070707071,63.63636363636364,0.7328653390272656,16.71518013902109,1.879001995004415
71.71717171717172,63.63636363636364,1.1376036252619484,12.83833091316148,0.5262907794343396
72.72727272727273,63.63636363636364,0.9802409883539215,12.14316197674478,2.227698870976718
73.73737373737374,63.63636363636364,1.070509416072229,23.12428317593177,2.859794615248733
74.74747474747475,63.63636363636364,0.9230866164345259,12.59620622331192,1.016467643933846
75.75757575757576,63.63636363636364,0.7779977842049866,16.72618627689225,0.5591945526858249
76.76767676767678,63.63636363636364,0.3915765863814695,12.49586575345384,1.165424921860591
77.77777777777779,63.63636363636364,0.5964079977803487,15.84710040161822,1.444106237950522
78.7878787878788,63.63636363636364,0.3221566191790175,11.12363871841369,1.693168400410799
79.7979797979798,63.63636363636364,0.3852610778754442,17.47427057793844,1.27316539256218
80.80808080808082,63.63636363636364,0.7553999800020859,16.45876368037526,1.845548399197023
81.81818181818183,63.63636363636364,0.23146050385744316,10.36862860346238,1.463731109930415
82.82828282828284,63.63636363636364,0.34238960335586205,20.06097456263955,1.411256434441737
83.83838383838385,63.63636363636364,0.38753114030024277,7.741899097994929,1.373511614556465
84.84848484848486,63.63636363636364,0.32542653789594744,17.34536558681507,1.545744229164141
85.85858585858587,63.63636363636364,0.5564940219299251,11.89677256104973,0.9931226143820813
86.86868686868688,63.63636363636364,0.8884530607260018,14.024465989415,2.110582056582362
87.87878787878789,63.63636363636364,0.40898474772771204,23.17217954127809,1.181119761339527
88.8888888888889,63.63636363636364,1.0672689011624914,11.28147777618165,1.404799000244743
89.89898989898991,63.63636363636364,1.3664745220887222,24.56793071555892,4.239063352152219
90.90909090909092,63.63636363636364,0.899285058082939,28.47284925915577,5.761400341070698
91.91919191919193,63.63636363636364,0.7106940898038303,23.98863711756368,5.230937444175949
92.92929292929294,63.63636363636364,0.8829732234427623,21.49604017799325,5.830621560748847
93.93939393939395,63.63636363636364,1.233526608595017,35.34327618119916,5.494840867397581
94.94949494949496,63.63636363636364,0.573970517440859,27.47800075053183,4.353096086761952
95.95959595959597,63.63636363636364,0.8916973550779483,19.96609746151376,3.842930338119682
96.96969696969697,63.63636363636364,0.6115849460425515,24.54341063262363,3.698790018877559
97.97979797979798,63.63636363636364,0.9078813268099439,14.04267322060702,4.38070515083653
98.98989898989899,63.63636363636364,1.247189102579497,20.70179432050129,1.569248610659792
100.0,63.63636363636364,0.39352690697943804,24.7215427262234,1.840753257569033
0.0,64.64646464646465,0.48205685344184435,16.23907284218791,4.601171924084229
1.01010101010101,64.64646464646465,0.6259743803621787,30.69963436400676,5.098317431915374
2.02020202020202,64.64646464646465,0.5767249691774095,28.15912025516126,3.865503514992213
3.03030303030303,64.64646464646465,0.5038931558009583,24.03134509555959,4.282923851959169
4.040404040404041,64.64646464646465,0.9074697723103524,8.431053999959255,4.361151402920415
5.050505050505051,64.64646464646465,1.72394699291649,16.04142845766341,1.332414488753652
6.060606060606061,64.64646464646465,1.1189708173381638,17.55401599932037,0.5769887104879854
7.070707070707071,64.64646464646465,0.5897527434406592,14.41786280795696,1.575756766808036
8.080808080808081,64.64646464646465,0.7523354097208261,19.30700960958406,1.909208696482544
9.090909090909092,64.64646464646465,0.616001938999343,17.28945646019712,0.7662646493168519
10.1010101010101,64.64646464646465,0.3936644884538423,19.0986438112099,1.157913195833342
11.11111111111111,64.64646464646465,0.401393807206797,11.71309260414686,1.809326391663496
12.12121212121212,64.64646464646465,0.6522931424545775,17.00968894997375,2.164655656534932
13.13131313131313,64.64646464646465,0.5037813179212431,18.06609262487663,1.039968998028192
14.14141414141414,64.64646464646465,0.1580068523347389,16.28357552090019,1.255398831226008
15.15151515151515,64.64646464646465,0.8039811478746417,9.693345575455915,1.276465519632873
16.16161616161616,64.64646464646465,1.1824961923008332,6.169630367912024,2.472673553433553
17.17171717171717,64.64646464646465,0.599885896239325,9.357902654043745,1.420245436091941
18.18181818181818,64.64646464646465,0.30799654647474956,17.78433734171078,1.795419868760554
19.19191919191919,64.64646464646465,0.4059783046384131,10.58014423593163,1.883026928222174
20.2020202020202,64.64646464646465,0.605131860037569,14.26875268188649,1.093924292360217
21.21212121212121,64.64646464646465,0.5126831756896486,20.42724912861538,1.956895332901662
22.22222222222222,64.64646464646465,0.6650498211551108,10.34514891236889,2.006007950530392
23.23232323232324,64.64646464646465,0.4681777527458707,18.5866348849224,1.653128576729507
24.24242424242424,64.64646464646465,0.3444560377319293,5.127832098023664,1.704117873797949
25.25252525252525,64.64646464646465,0.5201364273995268,19.15205344113942,1.030437095988682
26.26262626262626,64.64646464646465,2.0836228728252735,7.94789632429342,1.078749992692753
27.27272727272727,64.64646464646465,1.573352885307524,23.00052502726755,4.853527216113079
28.28282828282828,64.64646464646465,0.8055802513839065,19.54802505590531,4.248020559319706
29.29292929292929,64.64646464646465,1.2469852533592851,37.43909750926687,5.446824945442196
30.3030303030303,64.64646464646465,0.8612608158697527,33.68337942405677,4.116878723284033
31.31313131313131,64.64646464646465,0.9774748157794653,23.46306528811002,5.344571868507634
32.32323232323233,64.64646464646465,0.9860577866439312,23.37483074710491,3.605984518287113
33.33333333333334,64.64646464646465,0.6824926173751087,9.491118932920678,3.89358648416953
34.34343434343435,64.64646464646465,0.5186157009738008,10.36436028860137,3.778879065471057
35.35353535353536,64.64646464646465,0.5857947331537114,17.79187294401091,3.85547572406607
36.36363636363637,64.64646464646465,1.840146798677158,26.03166774802534,4.560928928240556
37.37373737373738,64.64646464646465,1.208844571998475,16.17496430387381,1.806270293881046
38.38383838383839,64.64646464646465,0.8026903359110349,14.41560357097993,0.7467126114257625
39.3939393939394,64.64646464646465,0.41379587703050175,15.40296240957697,1.28913615837173
40.40404040404041,64.64646464646465,0.8392820394366421,15.73705665322303,0.5986501045241166
41.41414141414142,64.64646464646465,0.5438240644854526,15.45570454769463,1.668478334768249
42.42424242424243,64.64646464646465,0.5075956455574782,14.75142011678174,1.933218351588421
43.43434343434344,64.64646464646465,0.6781489731452844,14.34939229644569,1.12260308439048
44.44444444444445,64.64646464646465,0.4775213774920873,10.98740731590972,0.7358177730199704
45.45454545454546,64.64646464646465,0.6745389704691771,14.89910110969989,1.222081255710577
46.46464646464647,64.64646464646465,1.2762178141280782,27.04648933192867,2.296070371188158
47.47474747474748,64.64646464646465,1.3108820356235165,12.70699319218986,0.6184001929908347
48.48484848484848,64.64646464646465,0.562406065273486,10.66227279786524,1.241622913290892
49.49494949494949,64.64646464646465,0.28116153320581827,9.009600987936874,1.576636020761487
50.50505050505051,64.64646464646465,0.5286629794138029,11.93571796225334,2.136594122370892
51.51515151515152,64.64646464646465,0.3385968155507855,7.279000293247494,1.83615217959245
52.52525252525253,64.64646464646465,0.3428258113931293,15.04720901014424,1.787376188225975
53.53535353535354,64.64646464646465,0.639313575045029,11.96647002400764,1.176000980272503
54.54545454545455,64.64646464646465,0.4101888186152972,6.303186861009761,1.960511698727821
55.55555555555556,64.64646464646465,0.42344588094108454,12.63526342734885,2.005327191200112
56.56565656565657,64.64646464646465,0.5604846831164401,14.2822142938332,1.009892263455582
57.57575757575758,64.64646464646465,1.402297251540881,12.86887966547093,1.124222571787893
58.58585858585859,64.64646464646465,1.7517279101672751,25.41146013323735,3.720893861150718
59.5959595959596,64.64646464646465,2.266966112560425,35.88204888223863,6.172286802051248
60.60606060606061,64.64646464646465,1.1792193237396724,25.60169883615389,3.681323014890902
61.61616161616162,64.64646464646465,0.26579429339842575,16.70844742873865,4.154255486295185
62.62626262626263,64.64646464646465,0.5805747344457066,25.4056124926405,4.572160280582152
63.63636363636364,64.64646464646465,0.28995957378263015,14.75711756741979,4.254422255892535
64.64646464646465,64.64646464646465,0.4000899192917303,31.39886315795582,4.479887632427232
65.65656565656566,64.64646464646465,0.8719857479393578,11.17411729739792,3.514625769368211
66.66666666666667,64.64646464646465,0.8969788591759178,27.97131812189721,4.856595710645875
67.67676767676768,64.64646464646465,2.0149618813973764,24.11609647494183,5.599397091636144
68.68686868686869,64.64646464646465,1.3968495975688322,7.38797025479604,1.978581993382333
69.6969696969697,64.64646464646465,0.44003191713343415,18.91728401774693,1.549199412503264
70.70707070707071,64.64646464646465,0.49353299570997705,8.399889104674251,1.570690708813535
71.71717171717172,64.64646464646465,0.6961464969095962,10.29403303321237,2.00107755966886
72.72727272727273,64.64646464646465,0.45541872242892256,9.846070373730589,1.599836570779325
73.73737373737374,64.64646464646465,0.5507327604858124,15.69159283551418,2.191869640193628
74.74747474747475,64.64646464646465,0.4527594323503032,15.53455054920363,1.811400316496717
75.75757575757576,64.64646464646465,0.8622372171653874,15.53866978561932,1.946138604467109
76.76767676767678,64.64646464646465,0.7878417397427657,17.0510739776228,0.6924222868270711
77.77777777777779,64.64646464646465,0.6919234734545654,17.89446632457412,1.843848697520357
78.7878787878788,64.64646464646465,0.45611767936186454,22.77514666092065,1.361914736488477
79.7979797979798,64.64646464646465,0.4118659043864304,11.10623613890759,1.200133066465814
80.80808080808082,64.64646464646465,1.0785060517727318,20.34192356621867,0.2765057331507983
81.81818181818183,64.64646464646465,0.5904282407731078,16.25979843603156,1.512363088585452
82.82828282828284,64.64646464646465,1.0343318344244938,14.30814914738829,2.438579524486573
83.83838383838385,64.64646464646465,0.7504114621177831,16.40036310548432,0.9281509806210206
84.84848484848486,64.64646464646465,0.22542990094775306,11.4453671534539,1.257690186378249
85.85858585858587,64.64646464646465,0.42897154103386187,18.07187635752708,1.27878246550287
86.86868686868688,64.64646464646465,0.4139194291159825,20.36931691601414,2.041314247268114
87.87878787878789,64.64646464646465,0.6007432461937952,14.83065090369019,1.373420469258431
88.8888888888889,64.64646464646465,1.8275182079250674,12.51120486960076,2.353137457978101
89.89898989898991,64.64646464646465,1.2917720524737466,22.91847134413533,5.126787228080205
90.90909090909092,64.64646464646465,0.6634576074312761,21.51253647427951,4.315696351455603
91.91919191919193,64.64646464646465,0.40135812476062216,28.1895307009934,4.512024841047175
92.92929292929294,64.64646464646465,0.7296987546058769,26.19010682144639,3.955263321556439
93.93939393939395,64.64646464646465,0.5532226805274507,11.49629247201926,4.171023604826424
94.94949494949496,64.64646464646465,0.5180692889472636,31.29674837463983,4.426285450460619
95.95959595959597,64.64646464646465,1.5073385794240164,31.62955838829433,2.824095401578399
96.96969696969697,64.64646464646465,1.1176521181123744,23.04291527363833,4.927397085600658
97.97979797979798,64.64646464646465,0.501164676648485,21.89756013716575,4.515801514875428
98.98989898989899,64.64646464646465,1.6204660383449332,19.95689643442961,3.466437928672394
100.0,64.64646464646465,1.119385233657925,10.87508576747184,1.073409182439188
0.0,65.65656565656566,0.4962084564632863,9.196624070179398,4.139220961421083
1.01010101010101,65.65656565656566,0.5146091882194728,34.36487784445654,4.651768306798203
2.02020202020202,65.65656565656566,0.5084709075694995,23.21927145087728,4.300082594123508
3.03030303030303,65.65656565656566,0.6028099486845584,25.5162142736191,3.951475852184484
4.040404040404041,65.65656565656566,0.595692854471942,13.28489619226907,4.676589170443818
5.050505050505051,65.65656565656566,1.5919265523096915,22.78972642233526,3.991624765230174
6.060606060606061,65.65656565656566,1.7089775175136537,6.310062470018332,1.544211059511213
7.070707070707071,65.65656565656566,0.29459379258686075,14.90576103017077,1.3407061156353
8.080808080808081,65.65656565656566,0.4905301256280926,12.90034542251993,1.672752589747663
9.090909090909092,65.65656565656566,0.6668793188857245,4.338162579036055,0.7172093963530886
10.1010101010101,65.65656565656566,0.6355580693666316,19.51770342564098,1.439973893076772
11.11111111111111,65.65656565656566,0.2825846696896157,16.12632321113828,1.226252581818614
12.12121212121212,65.65656565656566,0.2598059238124372,14.83382817090884,1.482642324903064
13.13131313131313,65.65656565656566,0.34349071965549427,21.22539833658315,1.532160479208989
14.14141414141414,65.65656565656566,0.40974603368736995,13.30880616121931,0.9244304100033344
15.15151515151515,65.65656565656566,0.9074841031073353,19.03738685762362,0.4046025798668365
16.16161616161616,65.65656565656566,0.7826145675624223,18.04040419498029,1.253373189191249
17.17171717171717,65.65656565656566,0.41871161842295,20.1147745380289,1.907770495729098
18.18181818181818,65.65656565656566,0.6283817912758727,6.546230984207988,2.320904270424997
19.19191919191919,65.65656565656566,0.46881875686282304,21.96958661271717,1.324480968945907
20.2020202020202,65.65656565656566,0.4684852384619465,16.2747879676524,1.168997535376177
21.21212121212121,65.65656565656566,0.6711120481754685,12.87131477048653,2.099782858560874
22.22222222222222,65.65656565656566,1.2087031503750794,16.69277868412725,0.57813234827171
23.23232323232324,65.65656565656566,0.5309566031413651,12.71244617367679,1.26904760507165
24.24242424242424,65.65656565656566,0.3557825357093708,20.87620957815299,1.378079549591744
25.25252525252525,65.65656565656566,1.4811891719098065,19.12940316405516,2.239482205152873
26.26262626262626,65.65656565656566,2.573221353801492,22.64799038400761,5.417280651187905
27.27272727272727,65.65656565656566,1.135460059183856,17.11985357961312,3.671931293121729
28.28282828282828,65.65656565656566,0.7269046834487946,18.48651287286876,4.716087292899637
29.29292929292929,65.65656565656566,0.7325214707563572,14.57340036271824,4.035231712539063
30.3030303030303,65.65656565656566,0.6498664256517315,18.50481748991271,3.636835066120143
31.31313131313131,65.65656565656566,0.5790739037356135,26.06282990788624,4.697316660808858
32.32323232323233,65.65656565656566,0.5965739877923188,12.77534210549595,4.148246153978763
33.33333333333334,65.65656565656566,0.9026778454111969,18.73651853509772,5.30245239413194
34.34343434343435,65.65656565656566,0.7247622227000035,24.82231916487441,5.144864918069314
35.35353535353536,65.65656565656566,0.55851964433382,18.51494633485565,4.872866471071149
36.36363636363637,65.65656565656566,1.6388053043766153,22.42838770954917,5.415090295768935
37.37373737373738,65.65656565656566,1.8785693237600185,8.229754877111908,1.283246467397361
38.38383838383839,65.65656565656566,0.1995589156018696,12.76423996366371,1.185783125236256
39.3939393939394,65.65656565656566,0.14884526924890462,18.28565037474302,1.17290779545736
40.40404040404041,65.65656565656566,0.6853410458583636,10.86360781580506,1.568117960681132
41.41414141414142,65.65656565656566,0.6931445274719579,12.17541869893955,2.364502595338453
42.42424242424243,65.65656565656566,0.24442218270873056,20.39589870767017,2.033480658525709
43.43434343434344,65.65656565656566,0.6091901709157227,16.02699067422201,2.118351482789161
44.44444444444445,65.65656565656566,0.7383711073027502,19.08250081022117,0.7706690980389839
45.45454545454546,65.65656565656566,0.6849084175953206,14.29470729710439,1.551210227380979
46.46464646464647,65.65656565656566,1.513239148448388,17.36180511470401,0.1670862369579324
47.47474747474748,65.65656565656566,0.9670042383315569,12.09015849420037,1.5961731876348
48.48484848484848,65.65656565656566,0.7106423406683546,14.45486610834036,2.161812230451302
49.49494949494949,65.65656565656566,0.3937791525464558,9.330889007446446,1.758551319365018
50.50505050505051,65.65656565656566,0.3880992132607933,8.675543689693423,1.218987101471086
51.51515151515152,65.65656565656566,0.41478363336245383,19.78773690360841,1.210623351943257
52.52525252525253,65.65656565656566,0.557616147039018,18.00617427512282,2.124234716764758
53.53535353535354,65.65656565656566,0.5138862541358593,16.28105173943391,1.733195559209025
54.54545454545455,65.65656565656566,0.574800184382267,5.758272174673966,1.315530728187463
55.55555555555556,65.65656565656566,0.34348412314007326,6.801645325208364,1.794612044603648
56.56565656565657,65.65656565656566,1.0137446324885004,29.61934193947843,1.292982007592147
57.57575757575758,65.65656565656566,1.7654867639483143,23.64566416428363,3.869845423916833
58.58585858585859,65.65656565656566,0.6712610275353412,23.74874406699965,4.557853208656189
59.5959595959596,65.65656565656566,0.7650630204214068,23.7352619557854,4.758952583256948
60.60606060606061,65.65656565656566,0.7567389741399625,29.66850147614038,5.008381444939161
61.61616161616162,65.65656565656566,0.5190577385299379,5.625482031528295,3.985992693269135
62.62626262626263,65.65656565656566,0.19485056624414065,26.90700007149473,4.254253964573767
63.63636363636364,65.65656565656566,0.21529293805896277,23.50757012383879,4.354232457916719
64.64646464646465,65.65656565656566,0.19396749998410945,25.10929530734636,4.12827471825908
65.65656565656566,65.65656565656566,0.33237330960439215,34.78190539987767,4.050897298980741
66.66666666666667,65.65656565656566,1.3339567358705158,10.93319274016851,3.513976034775252
67.67676767676768,65.65656565656566,1.8929243981518065,10.69536329202701,5.65862823417241
68.68686868686869,65.65656565656566,2.091395632274554,16.06429904004317,1.491460397735371
69.6969696969697,65.65656565656566,0.8380828944220717,18.93273507266169,1.027032779768875
70.70707070707071,65.65656565656566,1.0350457283731866,14.24279241617738,2.784633258296967
71.71717171717172,65.65656565656566,0.39445016821282197,15.66853691389409,2.479248927327864
72.72727272727273,65.65656565656566,0.46628872147300277,10.60756498838287,1.800375101993784
73.73737373737374,65.65656565656566,0.3538808712057934,13.79967849739363,1.629365966416697
74.74747474747475,65.65656565656566,0.33270263696364094,23.06354382793912,1.310502871325678
75.75757575757576,65.65656565656566,0.48215881203776967,23.89896254356466,1.272588393197273
76.76767676767678,65.65656565656566,0.6115671980633979,13.35758441433405,0.4192006912228516
77.77777777777779,65.65656565656566,0.6866355520422286,10.44003514339337,1.109257634997096
78.7878787878788,65.65656565656566,0.8046767573094662,10.67831362678586,2.21141615895907
79.7979797979798,65.65656565656566,0.4768776511691924,13.26761794180049,1.689155354577491
80.80808080808082,65.65656565656566,0.7054060180088032,12.06675655993827,0.8620025854458316
81.81818181818183,65.65656565656566,0.2920926240801983,15.17635295019841,1.361355895483832
82.82828282828284,65.65656565656566,0.34982928288239523,15.09032515557458,1.765220256600107
83.83838383838385,65.65656565656566,0.30199028713345255,23.59751688495759,1.644468445533928
84.84848484848486,65.65656565656566,0.25108516286476823,20.33032630071844,1.52072426250152
85.85858585858587,65.65656565656566,0.5015038823884923,13.39396319253447,1.925384717627664
86.86868686868688,65.65656565656566,0.30779194335038645,12.90758396847901,2.197298594642869
87.87878787878789,65.65656565656566,1.0429792574962862,22.40290383049754,1.936481979385355
88.8888888888889,65.65656565656566,1.7242022025626054,28.22480154810732,4.96150507312324
89.89898989898991,65.65656565656566,0.44674526449198537,17.35721706628487,4.432163540839909
90.90909090909092,65.65656565656566,0.2295830196026032,27.40696573038104,4.51640342534944
91.91919191919193,65.65656565656566,0.3670551342212458,31.25123343541434,4.378594954215769
92.92929292929294,65.65656565656566,0.8770445514463452,14.42041343624614,3.684348345086062
93.93939393939395,65.65656565656566,0.6336061659432,25.70677073937996,4.58907493546089
94.94949494949496,65.65656565656566,0.49687581572234407,28.13980550567435,4.284649552886647
95.95959595959597,65.65656565656566,0.48650301278492436,29.15231173551332,4.129123049828701
96.96969696969697,65.65656565656566,0.5220401429521262,17.85587643242868,4.200292934621749
97.97979797979798,65.65656565656566,0.7947750350398781,21.30755958723908,4.107198329248651
98.98989898989899,65.65656565656566,1.2564994969646321,12.19276177597047,4.608720431603285
100.0,65.65656565656566,2.2942542161001147,15.2126858096146,1.271192062049912
0.0,66.66666666666667,0.4792043414979454,17.40831516440081,4.653348022770676
1.01010101010101,66.66666666666667,1.005737414277241,15.55029048351454,5.399422876507108
2.02020202020202,66.66666666666667,1.2717522812728017,24.00940313407912,3.401070497590525
3.03030303030303,66.66666666666667,0.8850991721357908,21.93243964499517,4.957547586949675
4.040404040404041,66.66666666666667,0.537657281095272,18.61472356200811,4.019333243552431
5.050505050505051,66.66666666666667,0.33248526097659004,24.26853941877528,4.567742587059812
6.060606060606061,66.66666666666667,1.7993249329561822,26.22220415993693,4.761980130947725
7.070707070707071,66.66666666666667,1.043672481746883,23.91229224029462,1.748479216821731
8.080808080808081,66.66666666666667,0.5630547891344728,18.00365122612087,2.110827318018215
9.090909090909092,66.66666666666667,0.7910858443602515,8.54478636670255,1.657363728813965
10.1010101010101,66.66666666666667,1.2304301379103,17.47585284953535,2.763659665318027
11.11111111111111,66.66666666666667,0.4335505668077817,14.16656307300321,1.303406396389587
12.12121212121212,66.66666666666667,0.16214816035290625,22.70054992849203,1.431339858675558
13.13131313131313,66.66666666666667,0.2780427152298902,11.94743870188756,1.307637305279388
14.14141414141414,66.66666666666667,0.4223153588381629,20.24720969754279,1.104888224187988
15.15151515151515,66.66666666666667,0.7665669069913956,11.59816994761441,1.794077613069231
16.16161616161616,66.66666666666667,0.9221611041071697,21.35670549881377,0.8453831990461254
17.17171717171717,66.66666666666667,0.7136684423749603,27.40494113352844,2.027560828549993
18.18181818181818,66.66666666666667,0.6302082962586523,8.417548831857989,1.742418583160939
19.19191919191919,66.66666666666667,0.43412632762751313,4.680806879186239,1.159658635819702
20.2020202020202,66.66666666666667,0.4620835062414234,22.79619120402454,1.881596489453576
21.21212121212121,66.66666666666667,0.366926111604556,16.79465470004988,2.188907692129675
22.22222222222222,66.66666666666667,0.5334582766896878,13.10354570296607,1.772503580424241
23.23232323232324,66.66666666666667,0.5370831484575656,12.71061197802806,2.208845844659219
24.24242424242424,66.66666666666667,0.8223109240484304,7.14990795934741,1.504736768141799
25.25252525252525,66.66666666666667,1.146321272736985,23.12709116954998,2.915992682031747
26.26262626262626,66.66666666666667,0.8406367138522308,24.39971909239083,4.386073698578299
27.27272727272727,66.66666666666667,0.26691330502034394,14.19640946032956,4.242670249021718
28.28282828282828,66.66666666666667,0.44930063258361297,31.08152332422081,4.001546872822872
29.29292929292929,66.66666666666667,0.6159720590102931,19.49441232265204,3.595991289196261
30.3030303030303,66.66666666666667,0.49976620360407487,30.21031491563647,4.297378870455544
31.31313131313131,66.66666666666667,0.3123785763901399,21.66581922463009,4.63782835508399
32.32323232323233,66.66666666666667,0.5183992224598946,24.14795755328754,4.00748858548441
33.33333333333334,66.66666666666667,0.644860749589738,23.50169265600053,4.412400638665366
34.34343434343435,66.66666666666667,0.6845077458432851,28.55562483141406,4.041387802928348
35.35353535353536,66.66666666666667,1.503995020351883,13.27515229413929,5.2753320297054
36.36363636363637,66.66666666666667,0.636378053566488,36.98745754690086,4.388098098860212
37.37373737373738,66.66666666666667,1.4769883253227747,33.42638265712142,4.045192765421071
38.38383838383839,66.66666666666667,1.4911219494455774,11.81957434650664,1.43460960189324
39.3939393939394,66.66666666666667,0.3553143958206396,20.18166568305114,1.24397501453594
40.40404040404041,66.66666666666667,0.7360498794701102,3.640746415105625,2.148419488076478
41.41414141414142,66.66666666666667,0.6014571486627572,16.21400362321051,1.415355317490891
42.42424242424243,66.66666666666667,0.38591333027395675,18.34015889727936,1.571946995704271
43.43434343434344,66.66666666666667,0.3206352613319252,16.6853345814489,2.109892406538581
44.44444444444445,66.66666666666667,0.441799654176453,21.32011705311236,1.561078688138799
45.45454545454546,66.66666666666667,0.3499841253864758,20.09501677472075,1.30537064843514
46.46464646464647,66.66666666666667,0.6459732219252434,21.07270725057964,1.277847755421345
47.47474747474748,66.66666666666667,0.5204381362448693,12.37711334300487,0.7006552224459068
48.48484848484848,66.66666666666667,0.6432707529059465,12.40373483848107,1.208332138841079
49.49494949494949,66.66666666666667,0.7836424754396591,22.38158743410866,2.208927501967094
50.50505050505051,66.66666666666667,0.35506778373905934,20.01638981810739,1.305848966192692
51.51515151515152,66.66666666666667,0.1038934033544393,16.4448473070253,1.322253943394549
52.52525252525253,66.66666666666667,0.5474679557835035,13.04073517957136,1.535279179524704
53.53535353535354,66.66666666666667,0.8186901556337067,19.47030845768828,2.422842008238645
54.54545454545455,66.66666666666667,0.4184370800214911,17.15532440432044,2.073004347738426
55.55555555555556,66.66666666666667,0.7008167497331135,13.33097718078888,1.612102052067505
56.56565656565657,66.66666666666667,2.6985298959420776,3.555323116642988,0.5995866751108975
57.57575757575758,66.66666666666667,1.5756268753925189,29.25733969547327,4.921298426517108
58.58585858585859,66.66666666666667,0.9293041368545749,26.72725566607884,5.516830811951968
59.5959595959596,66.66666666666667,1.1621626133802065,31.90871034571096,3.562562956648593
60.60606060606061,66.66666666666667,0.6965590376730152,29.5880528529112,4.580301591779809
61.61616161616162,66.66666666666667,1.0480965422014437,24.84543202996147,3.368674555150091
62.62626262626263,66.66666666666667,0.4544836314819872,14.37417994928334,4.160997780253174
63.63636363636364,66.66666666666667,0.6840713438638731,17.4225264409551,4.789657775127794
64.64646464646465,66.66666666666667,0.6038320398407206,25.24666061838886,4.007352791426773
65.65656565656566,66.66666666666667,0.43796293943215037,26.48338909806454,4.229820324301952
66.66666666666667,66.66666666666667,0.6661252111866124,14.9726502086814,4.825609838784046
67.67676767676768,66.66666666666667,0.5507817723260264,25.09333445615474,4.457981819935647
68.68686868686869,66.66666666666667,2.1241809445033892,30.81378303829432,4.73832587678309
69.6969696969697,66.66666666666667,1.9884410255899234,17.01686196822887,1.635169628228185
70.70707070707071,66.66666666666667,0.7978814213020425,26.26089909431406,1.921377703784847
71.71717171717172,66.66666666666667,0.8770976827898131,15.63993329721392,2.594620076216965
72.72727272727273,66.66666666666667,0.9829589830097033,19.79697020935913,0.9856417082273987
73.73737373737374,66.66666666666667,0.40954751366672604,10.070973100847,1.26621838603856
74.74747474747475,66.66666666666667,0.7336347460191115,16.28135812807254,1.783638400789779
75.75757575757576,66.66666666666667,0.6668745570594437,19.40647572689062,0.9088055364188568
76.76767676767678,66.66666666666667,0.3032130599648472,14.41275568635383,1.048803242123558
77.77777777777779,66.66666666666667,0.19106757139861874,8.116156956571972,1.328993312906531
78.7878787878788,66.66666666666667,0.26302912276926255,9.94165187896373,1.466629880535352
79.7979797979798,66.66666666666667,0.22222239556438178,10.51240475106837,1.620080611525637
80.80808080808082,66.66666666666667,0.47710284844614537,16.71249193482665,1.771623726016351
81.81818181818183,66.66666666666667,0.2905569271572945,19.92145659723196,1.47550152754873
82.82828282828284,66.66666666666667,0.3119116175766287,12.73275536018724,1.966561948060768
83.83838383838385,66.66666666666667,0.27490969951988165,9.72868844006652,1.891616135056244
84.84848484848486,66.66666666666667,0.2521780737455845,19.40631535319459,1.73362619967877
85.85858585858587,66.66666666666667,0.5802987277186784,19.90729387049027,1.242545772339838
86.86868686868688,66.66666666666667,0.33264474586958276,8.60811080076796,1.654845660888798
87.87878787878789,66.66666666666667,1.1795170707740643,11.36168378321929,1.613466168522533
88.8888888888889,66.66666666666667,1.0159676975380267,44.40819069294734,4.227428504039173
89.89898989898991,66.66666666666667,0.6471684543153341,22.24349896105102,4.910939494774693
90.90909090909092,66.66666666666667,0.21229718101243678,26.65633010992838,5.011980074222815
91.91919191919193,66.66666666666667,0.40385647488284127,21.77674947655238,4.881330524005969
92.92929292929294,66.66666666666667,0.6091889705600468,26.63079530648955,5.32263837489653
93.93939393939395,66.66666666666667,0.7068533140368067,17.11469412175678,5.496296295650152
94.94949494949496,66.66666666666667,0.777065185808197,16.24786658219775,5.670565032569861
95.95959595959597,66.66666666666667,0.6238036024014157,27.09269271538947,4.543411064867103
96.96969696969697,66.66666666666667,0.8224082408508615,29.32106807838467,5.397084865285199
97.97979797979798,66.66666666666667,1.6359229254659862,22.27349436644575,6.283078576053654
98.98989898989899,66.66666666666667,0.4837760865018672,19.69941871596386,4.564055418583653
100.0,66.66666666666667,1.3717031303957985,33.62137892035975,4.61864346118616
0.0,67.67676767676768,0.3467781097374039,27.46349118858209,4.475936913362865
1.01010101010101,67.67676767676768,0.44187037240363014,36.22046381388148,4.868555021760064
2.02020202020202,67.67676767676768,0.9021373161380188,31.6633094405766,4.034238057873016
3.03030303030303,67.67676767676768,0.5404649342792129,16.27572632757014,4.917914065928095
4.040404040404041,67.67676767676768,0.3726956152801517,21.14657490391338,4.012583732967355
5.050505050505051,67.67676767676768,0.3332016232563899,18.03205482056603,4.556566252378384
6.060606060606061,67.67676767676768,1.1540627328009743,7.627386885753097,3.990187928573415
7.070707070707071,67.67676767676768,1.5896704528242602,17.90438563882825,1.357411406343108
8.080808080808081,67.67676767676768,0.35479608564441406,9.871481478019088,1.112494580151609
9.090909090909092,67.67676767676768,0.48676725732296144,11.03587433769414,0.9929342095421474
10.1010101010101,67.67676767676768,0.6348345912600328,7.981983154546164,1.732174091350584
11.11111111111111,67.67676767676768,0.3456409569327383,15.81606568732838,1.234544674943844
12.12121212121212,67.67676767676768,0.4490822752378173,18.97247486063211,1.08568569917358
13.13131313131313,67.67676767676768,0.4462728634877605,13.19874307173675,1.868833357781778
14.14141414141414,67.67676767676768,0.4743495335872933,21.64561539666948,1.721753375383343
15.15151515151515,67.67676767676768,0.12663799497491451,7.102831232030587,1.755168821210392
16.16161616161616,67.67676767676768,0.7993456692217862,12.39495329781489,1.995165581802707
17.17171717171717,67.67676767676768,0.870191218135952,30.3020169955207,0.7599972667639682
18.18181818181818,67.67676767676768,0.5807242146087971,20.74921491026027,0.6679732781206786
19.19191919191919,67.67676767676768,0.49344125199393,20.55533106371579,0.8926734594109651
20.2020202020202,67.67676767676768,0.5015621025239956,11.66267738377259,1.988082504031898
21.21212121212121,67.67676767676768,0.3658347430230614,9.473914041643846,1.534043393661784
22.22222222222222,67.67676767676768,0.28809241365225124,12.60344270591496,1.685788081758433
23.23232323232324,67.67676767676768,0.6537435315446788,17.00787650303007,2.140762831168925
24.24242424242424,67.67676767676768,2.5981853712840968,14.98307597947194,0.4575152809055008
25.25252525252525,67.67676767676768,1.3400617037181002,35.23488176822406,3.943430365664313
26.26262626262626,67.67676767676768,0.971321024036733,27.77165066791551,3.668218261882114
27.27272727272727,67.67676767676768,0.47658860100061207,34.62690940764453,4.355057687447678
28.28282828282828,67.67676767676768,0.24494650491153358,17.84319383760626,4.437530023255102
29.29292929292929,67.67676767676768,0.45880835904480843,27.55717098574691,4.513695937008737
30.3030303030303,67.67676767676768,0.39402756328655086,19.4430229953531,4.594062814648714
31.31313131313131,67.67676767676768,0.1351405550812934,16.62786937372055,4.857065100691655
32.32323232323233,67.67676767676768,0.35382302998887516,19.31946322415387,4.905076084049099
33.33333333333334,67.67676767676768,1.0502836476836053,17.47899910796702,5.32586699263977
34.34343434343435,67.67676767676768,1.2433626448330317,10.44807774550509,4.011790997210243
35.35353535353536,67.67676767676768,2.6435532689677412,28.90494368855313,1.782995664554357
36.36363636363637,67.67676767676768,0.8114467794774934,30.61729107920318,4.099717345787312
37.37373737373738,67.67676767676768,0.2658152488355432,29.07387630459814,4.237711271721488
38.38383838383839,67.67676767676768,1.6136780097330672,8.94644318944721,4.349053172133436
39.3939393939394,67.67676767676768,1.1985494027557744,15.61893659180217,0.9888637112297995
40.40404040404041,67.67676767676768,0.5170096428464619,14.83659276677933,1.422030141717508
41.41414141414142,67.67676767676768,0.6623868013969638,11.48553352239589,1.982380785495391
42.42424242424243,67.67676767676768,0.5047782992674246,12.00772625568807,1.184364426477572
43.43434343434344,67.67676767676768,0.5510403048338349,10.55751308151974,1.922569566695552
44.44444444444445,67.67676767676768,0.20516800486175052,7.197653805644988,1.733345956641355
45.45454545454546,67.67676767676768,0.5786740333795298,12.24951419118521,2.17623663831775
46.46464646464647,67.67676767676768,0.8431375993552191,26.33221270928994,2.146263698669673
47.47474747474748,67.67676767676768,0.5152000025116142,15.44787210407939,0.8020203528658808
48.48484848484848,67.67676767676768,0.36926085241274553,19.54029162073514,1.097001498348703
49.49494949494949,67.67676767676768,0.46885136136445593,12.51189018880008,1.428407681710951
50.50505050505051,67.67676767676768,0.5988499259340738,20.78613128010265,1.719774723451064
51.51515151515152,67.67676767676768,0.44600165221166654,14.18576222901214,1.247741134760096
52.52525252525253,67.67676767676768,0.7078308331224477,14.24524917631619,2.035607400574568
53.53535353535354,67.67676767676768,1.0087678512020801,17.1400896206522,1.075128323947598
54.54545454545455,67.67676767676768,0.4535480421820936,15.20726183676065,1.967469603374565
55.55555555555556,67.67676767676768,1.8069036912992795,19.70831597367211,2.759441385836287
56.56565656565657,67.67676767676768,1.8831779023245094,17.57036120935129,5.366083798035142
57.57575757575758,67.67676767676768,0.1330245904662073,7.286128690889003,5.255108788645838
58.58585858585859,67.67676767676768,0.4575387627863916,11.77093643128105,5.308392108567681
59.5959595959596,67.67676767676768,0.6474263289471807,23.63143718253017,4.042817293126474
60.60606060606061,67.67676767676768,0.5755241350362179,5.254228650195117,4.451510966008033
61.61616161616162,67.67676767676768,0.7245300717533977,17.84707540464349,4.939792324104022
62.62626262626263,67.67676767676768,0.7284335582353958,15.83937436938218,4.464692901882827
63.63636363636364,67.67676767676768,0.8081127449031318,25.58092813648249,3.899762695459017
64.64646464646465,67.67676767676768,1.4887664495266395,25.3632324203064,5.296986507381149
65.65656565656566,67.67676767676768,1.0397594136185317,13.6081590774362,3.475148639251834
66.66666666666667,67.67676767676768,0.7026678442271467,24.35313225050453,4.436160331376883
67.67676767676768,67.67676767676768,0.5747769222489545,21.62205393350851,4.103473220564147
68.68686868686869,67.67676767676768,1.9430198253663242,26.38286861391608,2.871967883219601
69.6969696969697,67.67676767676768,3.3176506634924925,18.89696233929014,5.591432558017002
70.70707070707071,67.67676767676768,2.913054366738442,18.33903281274945,0.5525580210775768
71.71717171717172,67.67676767676768,0.6988176705283308,16.97609014258829,1.483821234368498
72.72727272727273,67.67676767676768,0.7769634057928858,21.3200231031057,2.213189200699099
73.73737373737374,67.67676767676768,0.524492525823271,19.21867296833386,1.743264167764947
74.74747474747475,67.67676767676768,1.3145048868537272,21.28974339374275,0.714487825299575
75.75757575757576,67.67676767676768,1.1488889131820388,14.07477102434255,2.197690337802592
76.76767676767678,67.67676767676768,0.6955768403880827,8.815501249377407,0.8857413296525498
77.77777777777779,67.67676767676768,0.31259341166197807,18.27365327510175,1.455701282179777
78.7878787878788,67.67676767676768,0.1657011205069555,8.45365134359799,1.450386966501126
79.7979797979798,67.67676767676768,0.6954969770350585,19.22548859818241,1.105259617800963
80.80808080808082,67.67676767676768,0.9663825391477497,10.03966894061172,2.322748666272078
81.81818181818183,67.67676767676768,0.8153130360226591,16.88547111020794,1.214602069964109
82.82828282828284,67.67676767676768,0.8093524481450418,12.27463949640617,2.44686049339006
83.83838383838385,67.67676767676768,0.5742551021454907,21.31354790183854,1.272060774881031
84.84848484848486,67.67676767676768,0.26854114449429073,18.7413295158535,1.586886204590088
85.85858585858587,67.67676767676768,0.5009769079998987,12.89860434200857,1.977521422038834
86.86868686868688,67.67676767676768,1.699189717234696,23.57510791652985,1.320398992079763
87.87878787878789,67.67676767676768,1.6034339696212547,22.42818588844063,3.353176812873064
88.8888888888889,67.67676767676768,0.42390893020712517,17.89483514574244,4.195107609223292
89.89898989898991,67.67676767676768,1.1232183726836618,20.77044250125123,3.585593201631783
90.90909090909092,67.67676767676768,0.8905439858017566,26.61933045584465,5.133902019734219
91.91919191919193,67.67676767676768,0.30304634114992046,14.78583689297256,5.422063452639726
92.92929292929294,67.67676767676768,0.5705611614751391,11.75160709036204,5.139138294110995
93.93939393939395,67.67676767676768,1.0845245704040603,34.0872207741345,3.924031057365519
94.94949494949496,67.67676767676768,0.6627573900833472,30.39691047132667,5.249642473642756
95.95959595959597,67.67676767676768,0.6450142180296069,24.62664508190142,4.443312438420696
96.96969696969697,67.67676767676768,0.3849163887682794,22.05195992400519,5.043911343731754
97.97979797979798,67.67676767676768,0.6806670721598067,26.39683594966595,4.52028398923317
98.98989898989899,67.67676767676768,0.4647214656589831,28.06689250572184,4.680883551498981
100.0,67.67676767676768,0.9888126018883908,24.60003251787488,3.90557351173752
0.0,68.68686868686869,0.9107823890586763,18.84464601199741,4.946242024770068
1.01010101010101,68.68686868686869,0.12578409903800214,20.59904171153275,4.878233584343294
2.02020202020202,68.68686868686869,0.7639891071316283,18.82382607811208,5.291626790200474
3.03030303030303,68.68686868686869,0.6314709742186521,8.445604489253574,4.584694190848642
4.040404040404041,68.68686868686869,0.49581300272785245,17.17693501793449,4.047303831131115
5.050505050505051,68.68686868686869,0.4108733976569423,10.50567496432499,4.767835567506517
6.060606060606061,68.68686868686869,0.4869027691783331,22.4847665275337,4.635491811367727
7.070707070707071,68.68686868686869,1.7196708265860319,16.9321169365066,4.44733205873972
8.080808080808081,68.68686868686869,1.9849204780054126,15.80036023535864,1.168868988061699
9.090909090909092,68.68686868686869,0.3470097623102312,13.18176070851065,1.416773467144277
10.1010101010101,68.68686868686869,0.38101332721184145,12.69593371535894,2.003157584208096
11.11111111111111,68.68686868686869,0.4864640879809237,13.97198710168669,1.90175838905205
12.12121212121212,68.68686868686869,0.3105632912600268,5.50905893033998,1.604354006244409
13.13131313131313,68.68686868686869,0.4029120470840726,8.57021818503487,1.575165597339759
14.14141414141414,68.68686868686869,1.0048924120388,13.22247754509579,0.6217158204550086
15.15151515151515,68.68686868686869,0.47399303523187,9.05908187978306,1.560937839588937
16.16161616161616,68.68686868686869,0.2947724054907642,10.94384976648525,1.422730363303198
17.17171717171717,68.68686868686869,0.42455047126296963,15.97711796474874,1.646006273839723
18.18181818181818,68.68686868686869,0.37797351964857484,9.638376195266536,1.599700661582031
19.19191919191919,68.68686868686869,0.2972620533482922,17.69413503211677,1.279344065066729
20.2020202020202,68.68686868686869,0.38282101156237947,21.95973216513962,1.637768263505284
21.21212121212121,68.68686868686869,0.39175296359132633,11.69780788037738,1.331352518504192
22.22222222222222,68.68686868686869,0.5442965391283027,25.37845020971219,2.144722800194489
23.23232323232324,68.68686868686869,1.8220857291740338,8.939397281283366,1.73209401815442
24.24242424242424,68.68686868686869,2.0660114536470893,26.07810077213967,4.633872643783354
25.25252525252525,68.68686868686869,0.6177761663453606,20.13544326703989,4.515112308363138
26.26262626262626,68.68686868686869,1.4955797491803602,23.37183882990555,5.873595391985099
27.27272727272727,68.68686868686869,1.1056644514731468,19.74280959238502,5.379712891651179
28.28282828282828,68.68686868686869,0.527487538974777,18.54650589839913,4.052365403602256
29.29292929292929,68.68686868686869,0.8074938689769688,28.66504818898075,3.752699940035591
30.3030303030303,68.68686868686869,1.2739885511543778,20.55859117864046,5.530119959918829
31.31313131313131,68.68686868686869,0.23933400619654033,18.84010691317074,4.846752895374532
32.32323232323233,68.68686868686869,0.3843095207371584,17.96831636054128,4.953978813491796
33.33333333333334,68.68686868686869,1.3700319232304863,18.96623579475061,3.773065659899951
34.34343434343435,68.68686868686869,1.2803917562536493,15.47536552115741,5.412773442738851
35.35353535353536,68.68686868686869,1.0953897694755055,20.7117535899946,4.319355361385438
36.36363636363637,68.68686868686869,0.7166225126042847,19.5126541540473,3.597026588117369
37.37373737373738,68.68686868686869,0.659394910268626,18.71332326213367,4.859117934417119
38.38383838383839,68.68686868686869,0.9733151302724934,14.77061798529439,4.280316064756947
39.3939393939394,68.68686868686869,1.42911357239643,22.63075994991481,1.734594127555412
40.40404040404041,68.68686868686869,0.40270481553201204,14.80691928552531,1.770162292478794
41.41414141414142,68.68686868686869,0.5529259265698517,11.81534255887081,1.258226050707738
42.42424242424243,68.68686868686869,0.2061653036793361,12.22111689875914,1.089055297870372
43.43434343434344,68.68686868686869,0.6442105204303308,15.74315884079031,0.8331599374754184
44.44444444444445,68.68686868686869,0.7219557041817986,12.25621390394452,1.749636415855209
45.45454545454546,68.68686868686869,0.4584979541653495,5.637609574720739,1.205270116006713
46.46464646464647,68.68686868686869,0.49949297013283894,22.04285739833647,1.016345529948994
47.47474747474748,68.68686868686869,0.44219376562868773,21.80399353767156,1.122230741205749
48.48484848484848,68.68686868686869,0.5947056385561154,20.4699769486997,1.836326938662239
49.49494949494949,68.68686868686869,0.8893526994868415,1.224075529679719,0.9562952816116315
50.50505050505051,68.68686868686869,1.3882373702793671,13.13355739518041,2.937848039497906
51.51515151515152,68.68686868686869,0.5083362161913503,15.58844551082263,1.697335080466869
52.52525252525253,68.68686868686869,0.37467743950490445,5.093193993342026,1.452957631576083
53.53535353535354,68.68686868686869,0.4219895315545315,9.318626714361365,1.909665688410934
54.54545454545455,68.68686868686869,1.7713216932050062,21.02459114695296,1.943125240898741
55.55555555555556,68.68686868686869,1.7360139008286246,27.06558454410411,5.441102622604046
56.56565656565657,68.68686868686869,0.38350906544196905,27.75994146763101,5.317486733249506
57.57575757575758,68.68686868686869,0.5970738334561012,30.22151501597815,5.221079118220885
58.58585858585859,68.68686868686869,0.34051378089824835,22.27276055236862,5.00553389616945
59.5959595959596,68.68686868686869,0.7120434513555259,27.260643638757,4.477999784114549
60.60606060606061,68.68686868686869,1.5040344291657408,22.01508735108573,3.175180082612485
61.61616161616162,68.68686868686869,0.9463636912987355,13.19566149699551,4.576170586361544
62.62626262626263,68.68686868686869,1.7830276725218526,16.19452581883709,2.894683419215902
63.63636363636364,68.68686868686869,0.7121045563511076,18.44713578290296,4.280164577056825
64.64646464646465,68.68686868686869,0.7138661711378076,19.96890768709185,3.850616105280414
65.65656565656566,68.68686868686869,0.8186379428055667,13.37331727524271,4.096665048421479
66.66666666666667,68.68686868686869,1.2444139992808783,14.57574225425589,5.563683397940522
67.67676767676768,68.68686868686869,0.9366666919975773,19.0283885216701,3.723066579097111
68.68686868686869,68.68686868686869,1.1557647819227088,19.19097393094704,4.826719178979463
69.6969696969697,68.68686868686869,0.8128654339761654,16.72940823744907,4.035432045572674
70.70707070707071,68.68686868686869,2.324268631995129,21.78967727499726,4.865818055093728
71.71717171717172,68.68686868686869,0.9275226714886093,22.41313466616038,1.459980573725164
72.72727272727273,68.68686868686869,0.30864894873341475,21.52876539214884,1.532176069264009
73.73737373737374,68.68686868686869,0.29704930055835854,19.08824508037468,1.86548711393212
74.74747474747475,68.68686868686869,1.1885103752316253,20.67148988959211,2.391377942255891
75.75757575757576,68.68686868686869,0.3665273100380084,16.6404706523379,1.686171007111231
76.76767676767678,68.68686868686869,0.5745751115553701,14.16830122354551,1.623077818056603
77.77777777777779,68.68686868686869,0.7482576769455099,12.97839407199817,0.9073098730109891
78.7878787878788,68.68686868686869,0.6827339715893435,16.25424221250076,1.746506870115908
79.7979797979798,68.68686868686869,0.9148698718263282,23.57302001769802,0.4007091005566813
80.80808080808082,68.68686868686869,0.6343176250559207,22.97971222150007,1.333979094715891
81.81818181818183,68.68686868686869,0.5473442673940785,26.90721622284107,1.874549736736204
82.82828282828284,68.68686868686869,0.6108122855420172,10.50318594800166,2.096807388074165
83.83838383838385,68.68686868686869,0.6363528632965543,4.942469752380714,1.084220874692367
84.84848484848486,68.68686868686869,0.6108055589361105,5.895428790137758,1.808850140320766
85.85858585858587,68.68686868686869,1.6336404212845659,15.49529581864287,2.198695756931616
86.86868686868688,68.68686868686869,1.7286757102447416,20.42431819637608,5.09281094145714
87.87878787878789,68.68686868686869,0.7772646624829549,25.76639726699679,5.152493429864022
88.8888888888889,68.68686868686869,0.6101243540769399,21.41630570347221,3.98323798715241
89.89898989898991,68.68686868686869,0.6997740895335962,22.79687084237516,4.595297173529575
90.90909090909092,68.68686868686869,1.2145597113530566,23.27316055125358,3.530118273046539
91.91919191919193,68.68686868686869,0.7048730411861628,25.66235956347063,5.321697608108041
92.92929292929294,68.68686868686869,0.49550035747477095,20.67478285208006,4.538426124270181
93.93939393939395,68.68686868686869,0.6023577021289312,25.1659708152228,4.149145447674413
94.94949494949496,68.68686868686869,1.1077488536153823,20.53670507886274,5.347808023549742
95.95959595959597,68.68686868686869,1.6821800736660335,24.78749657597249,3.370283133281793
96.96969696969697,68.68686868686869,0.7057408593421363,32.41991560146435,4.981645570021723
97.97979797979798,68.68686868686869,0.6618318339418049,28.94402787288904,4.244637204178822
98.98989898989899,68.68686868686869,0.9525497062076114,21.20751016620878,3.87473542380565
100.0,68.68686868686869,1.3448634145987686,22.78761148579691,5.383631328192591
0.0,69.6969696969697,2.0205995276412776,23.46128778684878,2.752208409428015
1.01010101010101,69.6969696969697,0.7632990378851813,13.92070002782025,4.890289771628118
2.02020202020202,69.6969696969697,0.4903323065420556,16.8958305897464,4.613384899210431
3.03030303030303,69.6969696969697,1.0812763242405086,28.57580199127117,3.636353128122845
4.040404040404041,69.6969696969697,0.599612618900761,17.31114361721023,4.737913647785836
5.050505050505051,69.6969696969697,0.4400336295279722,8.756302109941688,4.188486784521073
6.060606060606061,69.6969696969697,0.7452971955784866,16.38815948608565,3.653688126215503
7.070707070707071,69.6969696969697,0.5569812913714868,32.11791250586118,4.769471889381208
8.080808080808081,69.6969696969697,2.468426636298223,14.43903654951476,5.52580894241266
9.090909090909092,69.6969696969697,1.6064738330044266,2.134045567363669,1.546684662636675
10.1010101010101,69.6969696969697,0.4687223216361645,23.14649662993783,1.437871080438107
11.11111111111111,69.6969696969697,0.6489586552577125,9.843363639536467,1.021919329200248
12.12121212121212,69.6969696969697,0.2253804243855968,14.49772878747853,1.207361939987422
13.13131313131313,69.6969696969697,0.2874803064325517,10.05678087981497,1.239823355234888
14.14141414141414,69.6969696969697,0.6456088742328907,18.17092916973597,1.648576117663196
15.15151515151515,69.6969696969697,0.5558982171334832,8.18702661950637,0.9366261757025796
16.16161616161616,69.6969696969697,0.42913524071263903,8.271981047974528,1.667901379944482
17.17171717171717,69.6969696969697,0.4920188793030399,11.76378684670088,1.103394918657816
18.18181818181818,69.6969696969697,0.42260217353580914,14.60965291460196,1.813205147941984
19.19191919191919,69.6969696969697,0.3951607557332249,21.4955470139362,1.155747252283181
20.2020202020202,69.6969696969697,0.34213421133304595,14.0624528619366,1.121638401222027
21.21212121212121,69.6969696969697,0.3917370939161439,14.40838998685225,1.086817565987868
22.22222222222222,69.6969696969697,1.7536308255531443,12.42460064386467,1.652470425847701
23.23232323232324,69.6969696969697,2.07906390483282,27.1833155860067,5.297360714167048
24.24242424242424,69.6969696969697,1.049677348106702,27.33101325797367,5.701022134444707
25.25252525252525,69.6969696969697,0.6021533598489834,33.26348307477461,4.937291612003578
26.26262626262626,69.6969696969697,1.2023555532709926,25.232042529363,3.949019109322526
27.27272727272727,69.6969696969697,1.0687156843861858,17.70199561731867,3.802940278344937
28.28282828282828,69.6969696969697,0.24677846637890333,32.9894125829763,4.150137988232929
29.29292929292929,69.6969696969697,0.4490403243243306,28.60341559574138,4.144593935520418
30.3030303030303,69.6969696969697,1.0768136693922046,1.367990759225171,3.831009984998967
31.31313131313131,69.6969696969697,0.32679619070546206,29.22182638160752,4.690322058567054
32.32323232323233,69.6969696969697,0.43760868900538696,20.82329710349829,4.753782531694968
33.33333333333334,69.6969696969697,0.46504254571669745,19.55743232117122,4.879771083651332
34.34343434343435,69.6969696969697,0.6395152457846449,18.46736363006242,4.425314727445176
35.35353535353536,69.6969696969697,0.3454103369616126,26.52695523073275,4.28990283493598
36.36363636363637,69.6969696969697,1.2641825615605846,26.96379801492787,3.217647414937992
37.37373737373738,69.6969696969697,0.506955411810718,33.93923637995852,4.683838171998168
38.38383838383839,69.6969696969697,0.6305513197676604,20.76238852337028,4.980315671608725
39.3939393939394,69.6969696969697,1.6236947200419585,17.64751078266596,4.124027898690603
40.40404040404041,69.6969696969697,1.9365294298602014,15.2049805544696,1.05497958780647
41.41414141414142,69.6969696969697,0.6495056005601221,16.38107113535195,2.06466802759107
42.42424242424243,69.6969696969697,0.35873078840778727,13.03562660126861,1.393341270748197
43.43434343434344,69.6969696969697,0.4424599203900111,5.259945822271886,1.148220551201864
44.44444444444445,69.6969696969697,1.0427439898131743,21.97760562658396,0.3389468365701551
45.45454545454546,69.6969696969697,0.48484502747106806,20.32993992198431,1.335004524450859
46.46464646464647,69.6969696969697,0.37856367025357046,19.95010947651051,1.589589444445197
47.47474747474748,69.6969696969697,0.4858925744525288,19.86183883797038,1.750814006667387
48.48484848484848,69.6969696969697,0.34918464596863025,15.32614645965912,1.790957679258411
49.49494949494949,69.6969696969697,0.5502200760550007,15.54328783784155,1.180009264522796
50.50505050505051,69.6969696969697,0.6975730051149867,18.69111463943113,1.825037591344591
51.51515151515152,69.6969696969697,0.4620336650909138,9.646947422786095,1.598474569330064
52.52525252525253,69.6969696969697,0.363664252196687,13.93426373247566,1.237983148280587
53.53535353535354,69.6969696969697,1.6187309447027303,14.81450355703653,1.546412535978802
54.54545454545455,69.6969696969697,2.2025475363194857,26.13148419143103,5.47263071704983
55.55555555555556,69.6969696969697,0.6454809841105451,20.42494954997777,4.800301527117153
56.56565656565657,69.6969696969697,0.9481031828014304,23.49388278105796,4.052071040650427
57.57575757575758,69.6969696969697,1.5180775915968796,33.84808339866018,3.178766291901489
58.58585858585859,69.6969696969697,0.7701151433363277,17.93992077791288,4.689416319081023
59.5959595959596,69.6969696969697,0.7081514953858685,15.526506766207,3.895362283237486
60.60606060606061,69.6969696969697,1.1705809563381289,24.9592687176543,5.211176710628777
61.61616161616162,69.6969696969697,0.6879512961886469,32.77582262189048,4.23681522980378
62.62626262626263,69.6969696969697,1.7785026841831857,29.60734147553163,5.389816301649823
63.63636363636364,69.6969696969697,0.9433986285321891,25.82311891092846,3.627177862867535
64.64646464646465,69.6969696969697,0.6419230232228209,31.7700457234782,4.584112972813434
65.65656565656566,69.6969696969697,0.5845669631205583,37.06778495622048,5.036633117813993
66.66666666666667,69.6969696969697,0.6389238240825149,11.16857609625838,5.0211856357431
67.67676767676768,69.6969696969697,1.1378993241781485,18.95456547817307,3.3010758712996
68.68686868686869,69.6969696969697,0.49292421124148256,28.14504064283124,4.053351080337631
69.6969696969697,69.6969696969697,0.16628687762169791,17.75197201099172,4.109220126105164
70.70707070707071,69.6969696969697,1.1036831598197376,24.80815511391103,4.11822705201898
71.71717171717172,69.6969696969697,1.8011725472207583,11.0568942156244,1.251763525321469
72.72727272727273,69.6969696969697,0.9713135083921007,21.38502416672913,1.384099945972396
73.73737373737374,69.6969696969697,0.6047252890589951,17.97010884257998,1.658714730857741
74.74747474747475,69.6969696969697,1.3084951695981573,13.30183179853711,0.5453243217541369
75.75757575757576,69.6969696969697,0.8938661666028618,18.19308125749397,1.872460792372616
76.76767676767678,69.6969696969697,0.9445752803888485,13.64910260939575,0.8409749943394176
77.77777777777779,69.6969696969697,0.5813434214300799,5.125501702680568,1.796984229473708
78.7878787878788,69.6969696969697,0.42808825618205826,21.8832742720712,1.496685654037462
79.7979797979798,69.6969696969697,0.36645722187788904,12.14392937097457,1.076570306899276
80.80808080808082,69.6969696969697,0.22157934711800048,19.28351379728407,1.259318802227918
81.81818181818183,69.6969696969697,0.46191436937002955,12.33496247706759,1.107948627290259
82.82828282828284,69.6969696969697,0.48769057580621167,12.1941803674725,1.23845551594175
83.83838383838385,69.6969696969697,0.6709279027346675,9.770895661428904,1.704576648679723
84.84848484848486,69.6969696969697,2.6069535467850096,15.33942142748588,0.7020667225462505
85.85858585858587,69.6969696969697,2.2492927349925003,8.091775430168264,5.228122306040724
86.86868686868688,69.6969696969697,0.6488005700535047,25.00318466437416,4.904317722787956
87.87878787878789,69.6969696969697,0.34111485584096646,24.59718910456187,5.233297531686389
88.8888888888889,69.6969696969697,0.3371080082852381,18.60677298737663,4.430551152300509
89.89898989898991,69.6969696969697,0.3600923329887711,19.63711312385275,4.483142874153184
90.90909090909092,69.6969696969697,0.8052698883725442,23.12123416768804,3.927815136226548
91.91919191919193,69.6969696969697,0.5808366585734865,24.80397981039904,5.177422106794436
92.92929292929294,69.6969696969697,0.4602501958504317,25.22795554268775,4.329689024645539
93.93939393939395,69.6969696969697,0.6608415299345092,16.72289748154696,4.745518613410146
94.94949494949496,69.6969696969697,0.9171726600309007,8.09326475141012,4.191165625138478
95.95959595959597,69.6969696969697,1.2942683931367318,20.42922495973719,5.437086795799145
96.96969696969697,69.6969696969697,0.9157895404055932,20.02240568807374,4.569318708946039
97.97979797979798,69.6969696969697,1.4283817060657218,20.38571006783884,2.979866799682023
98.98989898989899,69.6969696969697,1.1806487815551239,25.37444403032055,4.999988436182651
100.0,69.6969696969697,1.648086930709492,17.87523612778364,6.431267851146885
0.0,70.70707070707071,0.7943378507357545,11.29367199875724,4.481892014809692
1.01010101010101,70.70707070707071,0.3945780238082708,13.40787251519994,4.264136041990007
2.02020202020202,70.70707070707071,0.5039479104487523,12.2171789179303,4.584234207537524
3.03030303030303,70.70707070707071,0.6995325104374598,19.18743694539221,4.934525071608505
4.040404040404041,70.70707070707071,0.2981813415627277,26.79287906492903,4.794766923806405
5.050505050505051,70.70707070707071,0.571590356103383,16.98483613053065,4.285046998077185
6.060606060606061,70.70707070707071,0.8789750649386706,10.6540234539671,3.304885450525055
7.070707070707071,70.70707070707071,0.3994288341803076,24.87257382918419,4.80313640802851
8.080808080808081,70.70707070707071,0.5810230040201968,17.67618775670072,4.744503684378166
9.090909090909092,70.70707070707071,1.5269788498149093,25.4573090791981,3.75473093718743
10.1010101010101,70.70707070707071,1.1816537165646614,20.13644603769681,2.222708529776349
11.11111111111111,70.70707070707071,0.7320025526477202,17.00168209193757,2.136520528354263
12.12121212121212,70.70707070707071,0.7306356841779653,13.78877026951939,0.9207363347366619
13.13131313131313,70.70707070707071,0.7236539109104586,12.90624131830807,1.61318816118445
14.14141414141414,70.70707070707071,0.7023308992235,18.31041950177705,2.083448612997647
15.15151515151515,70.70707070707071,0.5704813976102461,17.29284704116067,1.092682234147636
16.16161616161616,70.70707070707071,0.41171040232169703,21.44768026301005,1.492313099263778
17.17171717171717,70.70707070707071,0.5145071425703854,14.82166247203001,0.9522474471983972
18.18181818181818,70.70707070707071,0.3168019210750319,11.1524663602629,1.703569065101671
19.19191919191919,70.70707070707071,0.3528517175752337,16.2106707112647,1.921226715712576
20.2020202020202,70.70707070707071,0.7041152585001539,13.85373276134928,1.905115697975641
21.21212121212121,70.70707070707071,2.571523396932673,20.75254897738347,0.3648778379336082
22.22222222222222,70.70707070707071,1.8730701794677502,15.4796292834765,3.964198205534311
23.23232323232324,70.70707070707071,0.7348870902922455,14.66629696125245,4.594923499445402
24.24242424242424,70.70707070707071,1.0249993923755274,26.60804234689034,3.73685417539804
25.25252525252525,70.70707070707071,0.9447629553118213,22.79556809112175,4.702860501370265
26.26262626262626,70.70707070707071,1.5259552898063276,27.6593961597731,5.699513706085282
27.27272727272727,70.70707070707071,1.3994698968256614,12.39597961696359,6.007753861717856
28.28282828282828,70.70707070707071,1.6633092660383637,27.68055277171998,3.613538469948493
29.29292929292929,70.70707070707071,1.066992976841286,12.37085861240228,5.229733234098951
30.3030303030303,70.70707070707071,0.6148636091233196,12.4538285843076,5.266258663558386
31.31313131313131,70.70707070707071,1.0128535482835619,37.24970040619198,4.462340679248685
32.32323232323233,70.70707070707071,1.5811636734138415,20.891733174756,6.114571980835411
33.33333333333334,70.70707070707071,0.8237992706746575,19.23654712435576,4.706751232698442
34.34343434343435,70.70707070707071,0.8015693374903222,21.1097335304655,3.444580708315624
35.35353535353536,70.70707070707071,0.6555218773435292,13.36703221618999,4.145381326046172
36.36363636363637,70.70707070707071,0.9960194938374556,13.99492412860077,5.356552310942789
37.37373737373738,70.70707070707071,0.35362841345942075,22.25512474263655,4.773711800151356
38.38383838383839,70.70707070707071,0.4685010868637688,25.10503872036006,4.31087527191854
39.3939393939394,70.70707070707071,0.12130373621931434,7.017117469774139,4.304036923920991
40.40404040404041,70.70707070707071,1.4555463850735937,23.38142009797236,4.007177851906219
41.41414141414142,70.70707070707071,1.3176190975165687,16.19430727693994,2.175233256320753
42.42424242424243,70.70707070707071,1.050980061093685,18.79778643592686,1.607530975112315
43.43434343434344,70.70707070707071,0.7770529183789664,15.17077918702548,0.7478359175463071
44.44444444444445,70.70707070707071,0.7512389079737624,17.77780921271694,1.293901814025386
45.45454545454546,70.70707070707071,0.9430477787477691,10.83391784950486,0.7760014308857747
46.46464646464647,70.70707070707071,0.9075530995316142,16.9940254573204,2.114790728746748
47.47474747474748,70.70707070707071,1.0598951476691483,16.47202838750997,0.6371952091321236
48.48484848484848,70.70707070707071,0.5620898753518389,12.74395054519196,1.090680442114357
49.49494949494949,70.70707070707071,0.8999499874297066,12.09031000216689,1.901198844274224
50.50505050505051,70.70707070707071,0.6575079626401921,14.33909608140759,1.019147367874282
51.51515151515152,70.70707070707071,0.9362660360264243,27.70499999292607,0.4362548631672178
52.52525252525253,70.70707070707071,1.414889119557054,17.39605215921348,1.808744865024147
53.53535353535354,70.70707070707071,1.5709368517835782,18.61504990353389,3.423435593588348
54.54545454545455,70.70707070707071,0.8403125697326832,3.741925031603854,4.790493418926681
55.55555555555556,70.70707070707071,0.6701794295325358,32.90537089617703,5.320864691673036
56.56565656565657,70.70707070707071,0.7745736162275678,27.74794538595197,4.957532844041405
57.57575757575758,70.70707070707071,0.6123435819329597,23.10480265773295,4.82480905604114
58.58585858585859,70.70707070707071,0.3204984903904877,33.00637552753219,4.229777385847211
59.5959595959596,70.70707070707071,0.5635988169748049,18.0698164963135,4.035462300669068
60.60606060606061,70.70707070707071,1.1049484698696148,29.64991207888673,5.567327999748711
61.61616161616162,70.70707070707071,0.7363947127812609,12.12492832358378,4.521902505329562
62.62626262626263,70.70707070707071,0.9542779441621252,18.99913983025345,3.686577957979333
63.63636363636364,70.70707070707071,0.7776003000346481,28.75979811202292,4.028212114078814
64.64646464646465,70.70707070707071,0.8537354123993839,16.88127474019382,5.008852943225239
65.65656565656566,70.70707070707071,0.6748576666607193,19.81832091644245,4.106300961795727
66.66666666666667,70.70707070707071,0.4888322633661196,29.59937063518577,4.743545348124855
67.67676767676768,70.70707070707071,0.9246937818956941,35.04096957643781,4.958297486733152
68.68686868686869,70.70707070707071,0.7816188860827069,22.19188900517192,3.663166588819097
69.6969696969697,70.70707070707071,0.896723701878609,23.35114763836997,4.635703584378116
70.70707070707071,70.70707070707071,1.2438770345804855,20.92559376718038,3.326555868426105
71.71717171717172,70.70707070707071,1.7895679030764542,22.33651941494912,5.249436718452369
72.72727272727273,70.70707070707071,1.6084033429579485,33.33990800546209,4.714326650712914
73.73737373737374,70.70707070707071,1.5698496877867272,16.84470273469155,2.482838310030393
74.74747474747475,70.70707070707071,0.6758623757888458,7.174245965855204,1.492724499922929
75.75757575757576,70.70707070707071,0.7073516550576144,17.44084484088955,0.8419081798742314
76.76767676767678,70.70707070707071,0.735999754382454,21.37439548904739,1.849678259010137
77.77777777777779,70.70707070707071,0.6895093700753643,14.82554422846358,1.976375748160772
78.7878787878788,70.70707070707071,0.6254580583959154,14.07394018684951,0.7545677679621069
79.7979797979798,70.70707070707071,0.518416697520589,9.575079208196188,0.8894664681971425
80.80808080808082,70.70707070707071,0.48157778908138166,7.589432459312339,1.736857227945646
81.81818181818183,70.70707070707071,0.5954362770400485,9.9538557540236,1.907127931735282
82.82828282828284,70.70707070707071,0.4641991381775405,23.89124184070518,1.734237925644718
83.83838383838385,70.70707070707071,1.2540481439883782,23.95115105314176,2.299301426759592
84.84848484848486,70.70707070707071,1.719709108400572,14.15908959895214,4.494531982283827
85.85858585858587,70.70707070707071,0.8188283427872529,13.09437691303373,4.110238081927072
86.86868686868688,70.70707070707071,1.6722819291584736,23.39937406239032,3.150393053394321
87.87878787878789,70.70707070707071,1.0931888001010688,34.12427828687792,5.0813683984292
88.8888888888889,70.70707070707071,0.41829860872063485,24.25673125299808,4.38477038554621
89.89898989898991,70.70707070707071,0.6102517031285906,11.23365461086577,5.203438446952567
90.90909090909092,70.70707070707071,0.37144342201466873,34.31247805187282,4.946263118042192
91.91919191919193,70.70707070707071,0.5257884337837481,17.57144040481895,5.09569102653088
92.92929292929294,70.70707070707071,0.9453979393851644,22.41583214099313,4.698390037509119
93.93939393939395,70.70707070707071,1.3358262587025385,26.79290802193926,3.668708236444119
94.94949494949496,70.70707070707071,0.7199017327265371,23.9351501340374,4.90293970791848
95.95959595959597,70.70707070707071,0.5582497536645711,21.82019400978556,4.440506143283342
96.96969696969697,70.70707070707071,0.9318585722278736,15.1796598686841,3.775707404516471
97.97979797979798,70.70707070707071,2.0288456368640615,7.186932622460068,2.140683925680578
98.98989898989899,70.70707070707071,1.549309750594289,23.42735266799357,4.854047373804018
100.0,70.70707070707071,1.126556419449389,7.065877993230396,3.965922996936935
0.0,71.71717171717172,0.7187789463267357,21.54513799666252,4.917465988815593
1.01010101010101,71.71717171717172,0.7074059764860884,24.62971144426423,4.678440269217775
2.02020202020202,71.71717171717172,1.7934916753450996,14.31961200090577,3.26798228703392
3.03030303030303,71.71717171717172,1.765564967449344,30.27019103094565,5.944434157999604
4.040404040404041,71.71717171717172,1.218906562176776,12.38259789550354,4.308372907107382
5.050505050505051,71.71717171717172,0.7893854995947689,27.80614587992874,4.984966735653256
6.060606060606061,71.71717171717172,0.624589382524046,15.29406157714431,3.993570529533705
7.070707070707071,71.71717171717172,0.3877153196703682,33.3466872382227,4.795969271108381
8.080808080808081,71.71717171717172,0.6939902740609281,31.32741703124415,4.250122397172953
9.090909090909092,71.71717171717172,0.7767959729457216,27.96201550569511,5.132804907294495
10.1010101010101,71.71717171717172,1.775367429956886,32.88189589446515,4.546275537863586
11.11111111111111,71.71717171717172,1.46044229200045,11.61489983316744,1.625083711957084
12.12121212121212,71.71717171717172,1.3568574075568467,26.5710474674415,1.648417446132374
13.13131313131313,71.71717171717172,1.4577966923637253,21.55905799749328,2.971726720615737
14.14141414141414,71.71717171717172,0.9781372497807383,10.93112798032413,1.170024342101306
15.15151515151515,71.71717171717172,0.7809166373148763,14.12780289579628,1.828154522177411
16.16161616161616,71.71717171717172,0.7236752961454238,15.04773081255905,0.9607562878392167
17.17171717171717,71.71717171717172,0.4758348252947191,14.01670197387807,1.567741276051865
18.18181818181818,71.71717171717172,0.2896278302979606,12.96366612814155,1.892161398047307
19.19191919191919,71.71717171717172,1.088507951255465,9.71964613473052,1.509067977188876
20.2020202020202,71.71717171717172,1.917771206338745,16.25613949726481,1.428480838507607
21.21212121212121,71.71717171717172,2.350682126865672,10.10906201311539,4.789473469967304
22.22222222222222,71.71717171717172,0.5443622081702131,36.35400185631471,4.914705482206909
23.23232323232324,71.71717171717172,0.8783961207259806,27.08936670436086,5.343240027934286
24.24242424242424,71.71717171717172,1.283944644753152,35.4695590399823,3.425100214962183
25.25252525252525,71.71717171717172,2.3752443768585887,22.75914687036389,6.284821681296995
26.26262626262626,71.71717171717172,2.726440069207116,23.50978213878225,2.65108050397032
27.27272727272727,71.71717171717172,1.0232654377840513,28.3331651530361,5.317143405190068
28.28282828282828,71.71717171717172,1.5381488487559396,30.45258587614288,5.719765859897691
29.29292929292929,71.71717171717172,1.2859222073130119,14.96723264828575,3.699620818922233
30.3030303030303,71.71717171717172,0.5805765351690574,21.43587860990262,5.082496319393661
31.31313131313131,71.71717171717172,1.4880891257893714,17.95757421849445,5.829624207168137
32.32323232323233,71.71717171717172,1.0607418657319878,13.53952744853181,4.210758786044182
33.33333333333334,71.71717171717172,0.26478446937286304,24.43442084225937,4.254565273472489
34.34343434343435,71.71717171717172,0.4807525141141108,22.4280812940491,3.707152897033995
35.35353535353536,71.71717171717172,0.5739400593715774,34.11389527250622,4.710975723903316
36.36363636363637,71.71717171717172,0.3773097399183625,26.22608559869047,5.407713894599765
37.37373737373738,71.71717171717172,0.5477094680583473,15.87242936021387,5.052674786811603
38.38383838383839,71.71717171717172,1.0420780641189706,19.20976880662176,3.575986200384015
39.3939393939394,71.71717171717172,0.4556301106084041,33.39361571166675,4.305545423555539
40.40404040404041,71.71717171717172,0.5192839582656898,17.09133236636441,4.748361460500607
41.41414141414142,71.71717171717172,1.1076088899195466,15.56987669593132,4.935497540863441
42.42424242424243,71.71717171717172,1.6769535180145299,18.48013348160964,4.169864176348491
43.43434343434344,71.71717171717172,1.3221325275281113,18.45765835557946,2.049902003361529
44.44444444444445,71.71717171717172,0.5766620493894764,11.14607638101508,2.279936188846514
45.45454545454546,71.71717171717172,0.4733335891650393,18.04970125120467,2.132499771311182
46.46464646464647,71.71717171717172,0.4686420962614927,13.79062281237609,2.403417025096056
47.47474747474748,71.71717171717172,0.6198700703658294,10.81376927494787,1.832076249676596
48.48484848484848,71.71717171717172,0.47139757141851446,22.46337114333481,1.374759071235558
49.49494949494949,71.71717171717172,0.864915837349196,12.46299478379697,0.7151583528666353
50.50505050505051,71.71717171717172,0.8314546440250087,12.80142678739568,1.378345013857735
51.51515151515152,71.71717171717172,2.104964400087257,19.42018372348841,1.063716794546076
52.52525252525253,71.71717171717172,1.4930841599550768,31.11572483581549,3.910358896087673
53.53535353535354,71.71717171717172,0.8794479644178637,23.52394401085737,4.848411389210582
54.54545454545455,71.71717171717172,0.5003519897047515,25.75557922930129,4.008809536203786
55.55555555555556,71.71717171717172,0.6246060955079731,22.50962242790857,4.054413258476764
56.56565656565657,71.71717171717172,1.4468729572436299,31.7653200545403,3.260755818154009
57.57575757575758,71.71717171717172,0.6673136068930654,27.12810108224922,4.749232950643146
58.58585858585859,71.71717171717172,0.2838577184599982,19.99794642695122,4.196769112891144
59.5959595959596,71.71717171717172,0.48050884952214856,21.92096414122589,4.423576766878919
60.60606060606061,71.71717171717172,1.0291213300088624,24.71472118921326,4.080976602888978
61.61616161616162,71.71717171717172,0.7516063502973356,11.89467726475432,5.301644039159445
62.62626262626263,71.71717171717172,0.9572039290171334,18.16357072242706,4.623492687507634
63.63636363636364,71.71717171717172,1.2178798497656897,27.73034091298146,2.641120150397407
64.64646464646465,71.71717171717172,0.977185177634916,20.0345390424885,3.901844074615447
65.65656565656566,71.71717171717172,0.45546659584368865,30.32539275156474,4.335603104661696
66.66666666666667,71.71717171717172,0.7386767844917477,11.73668787097076,3.917853107216047
67.67676767676768,71.71717171717172,0.5622535724994334,26.68285195001421,4.426627011106281
68.68686868686869,71.71717171717172,0.6659058325506411,20.16608042106156,4.131789748158316
69.6969696969697,71.71717171717172,0.8592727903763313,25.61891028118951,5.41443022210857
70.70707070707071,71.71717171717172,0.7520330100482859,13.46343240639122,4.278364257176897
71.71717171717172,71.71717171717172,0.3358935145376001,29.58282311903753,4.546829217043171
72.72727272727273,71.71717171717172,0.3319680930597476,16.58205170704342,4.377538392043613
73.73737373737374,71.71717171717172,1.5672574931312435,21.58597684499999,4.716511331214665
74.74747474747475,71.71717171717172,1.6528767534648143,13.7503962708727,1.607843694753358
75.75757575757576,71.71717171717172,0.39890049930067634,17.06413471175414,0.9821757884217012
76.76767676767678,71.71717171717172,0.3604281779402667,18.56964656977047,1.048850074437581
77.77777777777779,71.71717171717172,0.4889430084117946,15.3465849545559,0.7462352558956787
78.7878787878788,71.71717171717172,0.4665443168806698,7.523223040024249,1.157575435036713
79.7979797979798,71.71717171717172,0.5395070271519544,24.96809779664714,1.793739959593826
80.80808080808082,71.71717171717172,0.3988038077581677,12.67105224001033,1.305745960875987
81.81818181818183,71.71717171717172,1.5128176261688049,10.07432234600836,0.6677228379003111
82.82828282828284,71.71717171717172,1.7753027202934706,20.89794440626747,1.111177289842962
83.83838383838385,71.71717171717172,1.4496138456203482,8.481072320534771,3.960475167994127
84.84848484848486,71.71717171717172,0.7041519144137961,22.36293142478942,5.001378700267549
85.85858585858587,71.71717171717172,0.5507769557768168,21.74262706435703,4.923528300072926
86.86868686868688,71.71717171717172,1.1992511248062896,22.03705772180659,5.194775727066951
87.87878787878789,71.71717171717172,1.34769775948147,18.56001229772179,3.488115689199983
88.8888888888889,71.71717171717172,0.4088186872035455,22.95910863097916,4.496917979385102
89.89898989898991,71.71717171717172,0.31073251682631686,12.49748975701814,4.558570597554319
90.90909090909092,71.71717171717172,0.6810546511799825,20.19777126899562,4.885540649198224
91.91919191919193,71.71717171717172,1.5812980334891842,21.11396449325774,3.620997269169893
92.92929292929294,71.71717171717172,1.8452149927339758,8.72185865800816,6.684297992099435
93.93939393939395,71.71717171717172,1.608175089693187,18.52317088361749,5.671289621748884
94.94949494949496,71.71717171717172,0.629245759874842,26.16839024862659,4.431771895901834
95.95959595959597,71.71717171717172,0.3555492224780886,26.77126306075039,4.331320084542869
96.96969696969697,71.71717171717172,0.9561383377521857,28.43582359851828,3.141706637637308
97.97979797979798,71.71717171717172,1.958538020465436,14.78494915065003,5.068496672176045
98.98989898989899,71.71717171717172,2.2656234911899706,34.74225357018307,2.404237258796019
100.0,71.71717171717172,0.7368969491468168,24.42113455397244,3.939722969665801
0.0,72.72727272727273,1.0351059967815746,9.428477260979433,3.435728843439104
1.01010101010101,72.72727272727273,0.6709575226312171,22.24557104557888,3.912604292282863
2.02020202020202,72.72727272727273,1.1167178792330201,24.15127188174369,5.038787214761175
3.03030303030303,72.72727272727273,1.7014172175983784,29.52639033975651,4.204596496451232
4.040404040404041,72.72727272727273,1.891768261494795,38.6182777321983,6.38495005967737
5.050505050505051,72.72727272727273,0.9088810977095776,27.79791174870217,4.195334509515675
6.060606060606061,72.72727272727273,0.22241012349449252,21.72217110724914,3.977693026140397
7.070707070707071,72.72727272727273,0.36743629843082704,17.39238891386109,4.60052074485714
8.080808080808081,72.72727272727273,0.6706604420557989,14.09855971619324,5.103172822154485
9.090909090909092,72.72727272727273,0.6117501895231771,23.74260027842178,4.872906865171124
10.1010101010101,72.72727272727273,1.2714801104372615,29.2486739256775,3.27609402146069
11.11111111111111,72.72727272727273,1.053006778144415,37.22656848710906,4.010890503479913
12.12121212121212,72.72727272727273,1.9966051637420725,21.38806246312585,5.001522956305396
13.13131313131313,72.72727272727273,1.7430084564197181,25.73465685349156,1.624090163589917
14.14141414141414,72.72727272727273,1.477817574205957,16.48643634675771,0.6307321724652296
15.15151515151515,72.72727272727273,0.6986757096046321,15.22189498967503,0.9654886753619799
16.16161616161616,72.72727272727273,0.6770298200724113,8.59305692678375,1.849517438445508
17.17171717171717,72.72727272727273,1.4177045297184385,10.11509028813391,1.211300913934547
18.18181818181818,72.72727272727273,1.4963601855990243,19.12733584204362,1.629755952654974
19.19191919191919,72.72727272727273,1.9126845219782305,6.287915440103592,4.987260484147336
20.2020202020202,72.72727272727273,1.5716543467967334,8.065480631620138,5.181351034253587
21.21212121212121,72.72727272727273,1.7916052742382205,19.01036012534994,6.281381701696994
22.22222222222222,72.72727272727273,1.0235639826591592,28.32961272865846,4.241530484165636
23.23232323232324,72.72727272727273,0.7033789040201142,20.50828861622914,4.924646432218727
24.24242424242424,72.72727272727273,1.2704515573924025,32.76436424350419,3.47126355423202
25.25252525252525,72.72727272727273,0.9193776827908391,18.46826526068655,4.859267997450857
26.26262626262626,72.72727272727273,0.7589418946904178,30.29675634756847,4.208603500137397
27.27272727272727,72.72727272727273,0.6512003731974279,20.3938380938186,4.983377466509022
28.28282828282828,72.72727272727273,0.7853370669734661,23.05750898720503,4.09616535050621
29.29292929292929,72.72727272727273,0.5456912868660501,22.93008216408408,3.910176691550677
30.3030303030303,72.72727272727273,0.8500916412719828,26.1596161571473,5.091036727659262
31.31313131313131,72.72727272727273,1.2509509705487092,22.70508648660867,3.610544540828534
32.32323232323233,72.72727272727273,0.9412746699021383,27.23617196753556,4.887241145628643
33.33333333333334,72.72727272727273,0.4024158403153225,21.64840860265941,4.238832219073791
34.34343434343435,72.72727272727273,0.3691476659045563,22.27733615207713,3.816355561464252
35.35353535353536,72.72727272727273,0.5610153671463185,30.68339903746326,4.681370881839921
36.36363636363637,72.72727272727273,0.299032152551729,14.42608230973243,5.001413797067903
37.37373737373738,72.72727272727273,0.1820540945806377,27.17310552284739,4.972527595454211
38.38383838383839,72.72727272727273,0.6331810197528522,24.36260309679752,4.803161575726261
39.3939393939394,72.72727272727273,0.7143863956044997,8.021592784670654,4.954182106238016
40.40404040404041,72.72727272727273,0.8341251282931514,17.54959682200609,4.042361353340137
41.41414141414142,72.72727272727273,0.9853260206228971,20.08353584841214,5.652899371121156
42.42424242424243,72.72727272727273,0.9675341390929634,20.43419297259026,5.429749509668523
43.43434343434344,72.72727272727273,1.8835539093955669,21.87043750473704,3.686369669186806
44.44444444444445,72.72727272727273,2.089972016573407,16.79255578662646,1.336792969130054
45.45454545454546,72.72727272727273,0.9832039416909417,17.84757559556807,2.250982116225726
46.46464646464647,72.72727272727273,0.36641351225808827,18.70859689421667,1.659732965603727
47.47474747474748,72.72727272727273,0.231979641284966,14.45149428271633,1.576134962618249
48.48484848484848,72.72727272727273,1.1221074141712004,7.739132842801161,1.859352830978454
49.49494949494949,72.72727272727273,1.4643260288920947,8.43259001409229,1.665993831495808
50.50505050505051,72.72727272727273,1.6212790950171776,26.50229286181564,3.367151063671558
51.51515151515152,72.72727272727273,2.538180574313402,32.49463541610079,5.694842142662989
52.52525252525253,72.72727272727273,0.7636070569384033,23.44075739750973,3.824330881995397
53.53535353535354,72.72727272727273,0.6628686246663199,31.22776170301812,4.533249673291065
54.54545454545455,72.72727272727273,0.33674318650414947,12.91988044908973,4.343328037020123
55.55555555555556,72.72727272727273,0.30667061823344843,25.88534896016876,4.447125044716651
56.56565656565657,72.72727272727273,0.9104854980495873,25.7484603589157,5.069336048429241
57.57575757575758,72.72727272727273,0.9305563190307571,16.7906780153665,4.196495598710016
58.58585858585859,72.72727272727273,0.5588080964342697,19.26153715470088,4.519920222035293
59.5959595959596,72.72727272727273,1.225721020734987,26.50131675501313,5.388089880779946
60.60606060606061,72.72727272727273,0.4926840859130428,15.4564334101816,5.147842925804285
61.61616161616162,72.72727272727273,0.4406974235763311,30.73860650397229,4.973778959722265
62.62626262626263,72.72727272727273,0.7161307224050907,23.48816733434547,4.854869785285828
63.63636363636364,72.72727272727273,2.099128814396386,23.78823535310366,2.399789176344322
64.64646464646465,72.72727272727273,1.1437795313695043,25.1929897641174,5.009092962281029
65.65656565656566,72.72727272727273,0.41625108822870294,20.75915847242841,5.076658317678583
66.66666666666667,72.72727272727273,0.5185255012279321,12.53966126843234,5.120344102938347
67.67676767676768,72.72727272727273,0.5126946611947902,22.4094616584577,5.340359658638945
68.68686868686869,72.72727272727273,0.7729726333641342,18.3967007589752,4.749312182123442
69.6969696969697,72.72727272727273,0.8307868200396913,25.30230853647206,5.654088307001515
70.70707070707071,72.72727272727273,0.580818303693303,10.3705045130473,4.930156983821303
71.71717171717172,72.72727272727273,0.3113278212603078,24.70847435818131,4.3436184451678
72.72727272727273,72.72727272727273,0.5295908949123984,7.012200531453087,3.894718042644533
73.73737373737374,72.72727272727273,0.3550336539272295,21.92314184343648,4.128794955506322
74.74747474747475,72.72727272727273,1.4565792816919363,19.35942429840752,4.369895970989222
75.75757575757576,72.72727272727273,1.3980368667390466,13.40634173300948,1.7451679847294
76.76767676767678,72.72727272727273,1.103066441745876,5.96504435892026,1.32044549706831
77.77777777777779,72.72727272727273,0.44867150292051466,10.71371286996418,0.7345587121965298
78.7878787878788,72.72727272727273,0.3692824006607376,15.53322422204636,1.573240331786639
79.7979797979798,72.72727272727273,0.8589660663298833,17.50101082306987,1.664143865657644
80.80808080808082,72.72727272727273,1.5764586563599714,10.83017329451258,1.26765911860649
81.81818181818183,72.72727272727273,1.8884811333930278,16.70742514462153,4.398110673822232
82.82828282828284,72.72727272727273,0.9399639401196569,27.69523756097222,4.296575205121273
83.83838383838385,72.72727272727273,0.21332105658702594,18.14335835016769,4.207555398816398
84.84848484848486,72.72727272727273,0.5488729139243461,33.27541702482839,3.810371693064131
85.85858585858587,72.72727272727273,0.5505519569258356,30.77994910758228,3.88280852230016
86.86868686868688,72.72727272727273,0.5036749040759946,25.50728757577566,4.420061366375414
87.87878787878789,72.72727272727273,0.46056973072351326,23.43364890275071,4.57019168984456
88.8888888888889,72.72727272727273,0.3392325857023464,33.95610032371732,4.044245732764148
89.89898989898991,72.72727272727273,0.6030743216417065,30.14437481280271,4.349131049460421
90.90909090909092,72.72727272727273,0.6880015979808102,19.12771351300703,3.813557944994497
91.91919191919193,72.72727272727273,1.0444296392260968,16.21981498960826,3.098342995532016
92.92929292929294,72.72727272727273,1.4632084075222196,9.946513695503594,5.365655069033942
93.93939393939395,72.72727272727273,1.560637079901102,28.79245429170031,3.493696744478503
94.94949494949496,72.72727272727273,0.7165492427970864,20.83514577293591,3.725926205625127
95.95959595959597,72.72727272727273,0.5171445567590941,19.83513624721959,4.354265657450226
96.96969696969697,72.72727272727273,1.0226914716992739,16.94869941285057,3.067557534952027
97.97979797979798,72.72727272727273,0.6366542848932112,21.85350059554114,4.753206784728532
98.98989898989899,72.72727272727273,0.7358619784322057,32.70575108668234,4.817175984298094
100.0,72.72727272727273,0.3764886504125437,13.88705457197229,4.588728078965335
0.0,73.73737373737374,0.7635637972124004,26.57524804265093,4.58243423956358
1.01010101010101,73.73737373737374,0.22864052709468463,22.20286498507339,4.227540034550748
2.02020202020202,73.73737373737374,0.8040528150520403,22.00613333532406,4.303094266344606
3.03030303030303,73.73737373737374,1.6905768707509115,32.77758078982662,6.255883423760292
4.040404040404041,73.73737373737374,0.8198999164979688,26.11723791035193,5.264423279656009
5.050505050505051,73.73737373737374,0.5879288286382215,25.14931809058462,4.633969640679432
6.060606060606061,73.73737373737374,0.3159225517731058,23.48008451644428,3.944399237647756
7.070707070707071,73.73737373737374,0.3940943438578265,28.45301427907934,4.45170387339916
8.080808080808081,73.73737373737374,1.0769623563391797,19.8150700602139,4.006499513193527
9.090909090909092,73.73737373737374,0.5202609515186025,23.49912658719012,5.232930780446666
10.1010101010101,73.73737373737374,0.8580012141173803,10.72517963262003,4.760223621077184
11.11111111111111,73.73737373737374,0.5344089626941722,29.3289702585949,3.910099117269788
12.12121212121212,73.73737373737374,0.8035922304112609,26.09308059347072,4.736273057051092
13.13131313131313,73.73737373737374,1.5244527449351744,22.58776930898571,2.877696648402803
14.14141414141414,73.73737373737374,2.276538941290709,28.87207937810674,4.674595805631543
15.15151515151515,73.73737373737374,1.6691117049767512,18.70893129702261,1.678740400984799
16.16161616161616,73.73737373737374,1.5556710850780207,20.08893052774312,1.552404596356643
17.17171717171717,73.73737373737374,2.677792338405749,20.86488400973077,5.469007107459595
18.18181818181818,73.73737373737374,1.7833156278805333,6.581642277379602,3.57683167944595
19.19191919191919,73.73737373737374,0.6090749254031681,32.40991836731161,4.366309984791486
20.2020202020202,73.73737373737374,0.5013121613341824,18.59655433885557,3.941725060362292
21.21212121212121,73.73737373737374,0.9074479266842901,22.60444143281189,3.746750721448569
22.22222222222222,73.73737373737374,0.6259073543643976,26.63599986683902,3.543416717154722
23.23232323232324,73.73737373737374,0.8305506843829695,24.00571245918073,4.666223237893627
24.24242424242424,73.73737373737374,1.224386424768858,16.38048684091173,5.665519123326249
25.25252525252525,73.73737373737374,0.528643054369297,18.22996475563295,4.645979890665935
26.26262626262626,73.73737373737374,0.22671658565839792,17.13439177779603,4.155797381227887
27.27272727272727,73.73737373737374,0.4142180150116195,14.80541173654738,4.374327994774792
28.28282828282828,73.73737373737374,0.8152666323704298,26.9576929250839,3.651618366962171
29.29292929292929,73.73737373737374,0.7175077111013763,33.08712439066934,4.515537271322316
30.3030303030303,73.73737373737374,0.6035137083485886,34.01696155295704,4.360562793776244
31.31313131313131,73.73737373737374,0.4320404791067195,14.74426051503969,3.638079965052931
32.32323232323233,73.73737373737374,0.8361091519243191,16.31933867151053,3.723730356959512
33.33333333333334,73.73737373737374,0.7780639983628945,34.19175717393661,4.761876941771992
34.34343434343435,73.73737373737374,0.39547677374085244,23.78422258351916,3.736459540261492
35.35353535353536,73.73737373737374,1.088079693773854,7.478518050056175,3.651972490921693
36.36363636363637,73.73737373737374,0.88060530193264,16.81190421199626,5.442313192901283
37.37373737373738,73.73737373737374,0.5654556173071305,26.81571452462623,4.522710629830694
38.38383838383839,73.73737373737374,0.571536784795417,23.61906422390236,3.817999422296803
39.3939393939394,73.73737373737374,0.5498225895408148,18.79052566837226,3.808114489912129
40.40404040404041,73.73737373737374,0.19644948627593017,27.69068460876593,4.150502988673376
41.41414141414142,73.73737373737374,0.5741907889914102,16.64208308219558,4.262684998120934
42.42424242424243,73.73737373737374,0.7373921672066112,9.526727735568821,4.786027988551051
43.43434343434344,73.73737373737374,0.6491363344612483,18.33951943242907,5.491161100405328
44.44444444444445,73.73737373737374,1.6999823991753522,27.55396168440884,5.489771968554797
45.45454545454546,73.73737373737374,1.5956347210122428,27.70770281474819,4.559877240357278
46.46464646464647,73.73737373737374,1.319033966253292,14.81813380539302,1.61261012967118
47.47474747474748,73.73737373737374,1.8147382275369022,7.603281292917066,1.270973555882415
48.48484848484848,73.73737373737374,2.258414315506691,27.4893347253703,5.386611860077509
49.49494949494949,73.73737373737374,1.30699382170948,28.83298316865289,4.677946236776618
50.50505050505051,73.73737373737374,0.553589050245953,30.74190872893004,3.834613082759264
51.51515151515152,73.73737373737374,0.6926086561809819,11.2546679962805,4.37144753318532
52.52525252525253,73.73737373737374,0.7142651713619258,12.73372488714632,4.213301043693473
53.53535353535354,73.73737373737374,1.2044463651812203,27.82376386468243,5.970722028470218
54.54545454545455,73.73737373737374,1.0351363148774084,16.32113838729506,5.062063638252913
55.55555555555556,73.73737373737374,0.42340165644205374,13.89347777007033,4.555087720001439
56.56565656565657,73.73737373737374,0.8316056651109145,4.993022690892127,4.731025739937938
57.57575757575758,73.73737373737374,2.252849159820647,35.34638776704299,2.223272747564619
58.58585858585859,73.73737373737374,1.8461344408828517,17.76972676911157,5.240407216558293
59.5959595959596,73.73737373737374,2.591267895059661,21.91444045499653,2.558135525461338
60.60606060606061,73.73737373737374,1.6388097659547876,16.9182372705983,5.637402025483468
61.61616161616162,73.73737373737374,1.3063625334181115,27.27435493738056,3.831827485372577
62.62626262626263,73.73737373737374,0.6494618432362061,24.19693071014813,4.914025793750054
63.63636363636364,73.73737373737374,1.7690324337953391,16.95551455676484,5.490589064998568
64.64646464646465,73.73737373737374,0.7323713744726879,31.46381829267226,4.218092865802856
65.65656565656566,73.73737373737374,0.2812157214010744,18.02017962920028,4.263960318437976
66.66666666666667,73.73737373737374,0.36891529943526913,24.05114014163369,4.51243443470928
67.67676767676768,73.73737373737374,0.5291683097237623,14.39073889445805,5.014376693608547
68.68686868686869,73.73737373737374,0.7490041902135349,23.13341008273995,3.770767684025606
69.6969696969697,73.73737373737374,0.9440760642659294,24.92717875364155,4.199306559793978
70.70707070707071,73.73737373737374,0.5446664420352145,22.82852075216976,4.569146357526211
71.71717171717172,73.73737373737374,0.2254502869336319,16.81019736857463,4.35028001715689
72.72727272727273,73.73737373737374,0.7983946537855997,17.69474027702824,4.84728395750999
73.73737373737374,73.73737373737374,0.2853988149680562,19.31512127546134,4.486035267162208
74.74747474747475,73.73737373737374,0.46309166570419213,18.5357129458914,4.568331819778381
75.75757575757576,73.73737373737374,1.5140729107837811,18.19424480413129,3.524872781456975
76.76767676767678,73.73737373737374,1.9399370349428278,14.61424058839517,4.450506568888215
77.77777777777779,73.73737373737374,2.0222795929130757,13.4378748062168,1.09299977571755
78.7878787878788,73.73737373737374,1.5164807526781792,14.45105922746979,1.441360779354729
79.7979797979798,73.73737373737374,1.6553679548380433,22.98065576772477,4.483023756118836
80.80808080808082,73.73737373737374,1.1179558237559006,24.90345269742164,4.008470599509983
81.81818181818183,73.73737373737374,0.9524563556944121,28.23023259999991,4.989660347555722
82.82828282828284,73.73737373737374,0.5812362833455679,20.36370840495012,3.91267263492679
83.83838383838385,73.73737373737374,0.15792196510265155,28.61792431246112,4.327555882285089
84.84848484848486,73.73737373737374,0.47191253809724654,29.58599789490378,4.345235806569802
85.85858585858587,73.73737373737374,0.295798578002861,15.55268665000685,4.434606898919453
86.86868686868688,73.73737373737374,0.5389267285753188,37.07207345380681,4.972663454443456
87.87878787878789,73.73737373737374,0.43226868704338484,6.776779360928701,4.48606504814464
88.8888888888889,73.73737373737374,0.7040563145656251,22.25959302932766,4.117672555175895
89.89898989898991,73.73737373737374,1.7032854693455945,29.67941062311766,5.711530366771152
90.90909090909092,73.73737373737374,0.9653737929588059,26.89444488235031,4.242793578785606
91.91919191919193,73.73737373737374,0.7089428610383085,10.87565253260692,3.770880255834119
92.92929292929294,73.73737373737374,0.8773058129391568,30.07226866681889,4.970734760067923
93.93939393939395,73.73737373737374,0.870844592968847,25.65925195044152,5.454464401110467
94.94949494949496,73.73737373737374,0.7963240410971597,8.430862579765272,5.025708573565043
95.95959595959597,73.73737373737374,0.4262899036944874,25.05529848564644,4.223680577644503
96.96969696969697,73.73737373737374,0.5082487245002548,23.41078154476505,4.111816946789137
97.97979797979798,73.73737373737374,0.39199811432179765,15.84144660141127,4.271497981949268
98.98989898989899,73.73737373737374,0.5081138037358417,23.52335284268193,5.055268067622521
100.0,73.73737373737374,0.8534287919568241,19.91117994118256,4.336715142359997
0.0,74.74747474747475,0.7360985286421755,28.05650181916308,5.371526030063474
1.01010101010101,74.74747474747475,0.863030371544198,16.47112575903939,4.058362105246584
2.02020202020202,74.74747474747475,0.45107985014613683,5.901733133548221,4.755269188926654
3.03030303030303,74.74747474747475,0.817243737996896,26.76903052913044,4.489112169585674
4.040404040404041,74.74747474747475,0.3994562965171584,15.34346604448827,4.727264176766354
5.050505050505051,74.74747474747475,0.8313406952624566,16.72477724157858,5.227025782060307
6.060606060606061,74.74747474747475,0.7098121202746143,28.57850575079525,3.910877857831054
7.070707070707071,74.74747474747475,0.648226256575193,17.26785291128512,3.976652365382872
8.080808080808081,74.74747474747475,1.0666609369934807,14.18065776045084,5.546040002130514
9.090909090909092,74.74747474747475,0.5451672017131153,17.18406350728856,5.254812244622912
10.1010101010101,74.74747474747475,0.6343161158022581,30.08592719608302,4.135180027401035
11.11111111111111,74.74747474747475,0.31171312542466956,24.47644127629717,4.270645138247652
12.12121212121212,74.74747474747475,0.493614355521691,13.01890017404358,5.000641731012238
13.13131313131313,74.74747474747475,0.7570756419499478,18.50719370951319,4.066425577453585
14.14141414141414,74.74747474747475,0.4831754873228371,43.35615659385826,4.944133375752581
15.15151515151515,74.74747474747475,1.2426162162608219,22.87165563197779,4.519744285994085
16.16161616161616,74.74747474747475,1.3019213625921064,30.91580163811286,3.435037778848752
17.17171717171717,74.74747474747475,0.8504252852678131,10.78183382659974,4.824321886478244
18.18181818181818,74.74747474747475,1.5322526425531697,20.77962489099566,6.081364730817926
19.19191919191919,74.74747474747475,0.7233940783125559,20.09317079806149,4.967595957273579
20.2020202020202,74.74747474747475,0.8118168052905048,10.34705604921249,3.795661652259774
21.21212121212121,74.74747474747475,0.684655963978017,21.55386160713964,4.443603104729734
22.22222222222222,74.74747474747475,0.9830742207512408,25.83213801560973,4.022791842568647
23.23232323232324,74.74747474747475,0.6992660955599053,18.90628501178924,3.724546100858376
24.24242424242424,74.74747474747475,0.6686998859117865,7.468223688841331,4.981064111437983
25.25252525252525,74.74747474747475,0.5197800905002886,29.00529529472224,4.254417522072031
26.26262626262626,74.74747474747475,0.32623924771439694,30.91333715671632,4.010450280488759
27.27272727272727,74.74747474747475,0.47979941512419955,35.52585031313867,4.26774564782207
28.28282828282828,74.74747474747475,0.7040044063457966,30.47520840341644,4.881509380727085
29.29292929292929,74.74747474747475,0.977004289075353,26.04782354505072,5.761314154049965
30.3030303030303,74.74747474747475,0.58021548900419,32.69421526482582,5.166686387018196
31.31313131313131,74.74747474747475,0.6906277296079557,24.66133370900692,4.530573236625519
32.32323232323233,74.74747474747475,0.7192198410736351,18.94441580069526,4.780859199268597
33.33333333333334,74.74747474747475,0.5805494693718606,13.63382560834977,4.236229657341595
34.34343434343435,74.74747474747475,0.49347785578763526,17.45565078447729,4.128566163171842
35.35353535353536,74.74747474747475,0.6357207521867,11.75359044757453,5.100065123779491
36.36363636363637,74.74747474747475,0.44908185774891196,21.8193308008315,5.070734646054282
37.37373737373738,74.74747474747475,0.29850874819075424,21.68512506950097,4.335018896830169
38.38383838383839,74.74747474747475,0.4364525598018464,12.44895685406465,4.404388268130448
39.3939393939394,74.74747474747475,0.26705807026930006,17.79898065627221,4.509063800603579
40.40404040404041,74.74747474747475,0.37233393470736276,23.73108591224683,4.373588790235053
41.41414141414142,74.74747474747475,0.4315658999565387,26.56307217581426,3.991661215033189
42.42424242424243,74.74747474747475,1.180921959132347,18.81007378547165,3.708656943126472
43.43434343434344,74.74747474747475,1.1291251952354884,25.58903612963835,5.405929437483663
44.44444444444445,74.74747474747475,1.5309080407582794,17.85522869373955,3.774105231326181
45.45454545454546,74.74747474747475,0.6526490029123256,5.302811530117761,4.756359161391079
46.46464646464647,74.74747474747475,0.8813056171739875,36.37927542195521,3.552719474276937
47.47474747474748,74.74747474747475,1.296386614863208,18.25757294575753,3.76749018131033
48.48484848484848,74.74747474747475,0.7184208979409328,24.14492880009758,4.704517554645784
49.49494949494949,74.74747474747475,0.48166700598124246,18.40480480901517,4.013922132537753
50.50505050505051,74.74747474747475,0.6065843244892732,15.4026597295437,3.467886505306568
51.51515151515152,74.74747474747475,0.46752269236242006,14.81063623416423,3.619388457856964
52.52525252525253,74.74747474747475,0.9851871197893914,15.876950760289,3.660777994212437
53.53535353535354,74.74747474747475,1.1970634184870692,24.40952526215614,5.256488297918538
54.54545454545455,74.74747474747475,2.2286411039295904,29.78759975638676,3.055888288444848
55.55555555555556,74.74747474747475,1.3737493646992336,15.7443228861524,5.457817732296893
56.56565656565657,74.74747474747475,0.6280273142852565,18.68545635529416,5.035447079580475
57.57575757575758,74.74747474747475,0.9533532329411296,20.37595159370072,3.736559074334814
58.58585858585859,74.74747474747475,0.43684108000023636,14.42520730021144,4.275762607640516
59.5959595959596,74.74747474747475,0.5644899557333108,21.13564709653406,4.331714559262289
60.60606060606061,74.74747474747475,0.5248776682533614,26.47969192399864,4.456563101476521
61.61616161616162,74.74747474747475,1.0431675407849352,17.57752811247989,5.027553296206968
62.62626262626263,74.74747474747475,0.6495872193886424,20.55036305162293,4.034096008895446
63.63636363636364,74.74747474747475,0.9034807310453834,24.25247938685296,3.354318688915685
64.64646464646465,74.74747474747475,0.5998742062240897,23.37336114816611,3.397971116221111
65.65656565656566,74.74747474747475,0.4137313033205926,31.43740423571968,4.281783635895243
66.66666666666667,74.74747474747475,0.2577055553955121,12.70235966091032,4.629769589050719
67.67676767676768,74.74747474747475,0.769180523777368,12.32885124922809,4.969237688226103
68.68686868686869,74.74747474747475,1.1057315890234904,27.87648283482558,4.116092061430597
69.6969696969697,74.74747474747475,1.6000441253686417,27.15834147516809,5.722450396149554
70.70707070707071,74.74747474747475,1.2802087757873646,22.13940093111729,3.340197353781999
71.71717171717172,74.74747474747475,0.7543890252873676,17.56229419601872,4.529549312179905
72.72727272727273,74.74747474747475,1.3570840377610875,13.52516263239487,3.464523887933932
73.73737373737374,74.74747474747475,0.7813951040924655,25.70704313477573,4.826844972414592
74.74747474747475,74.74747474747475,0.8208883799139552,23.63542676516932,4.04015659668835
75.75757575757576,74.74747474747475,1.9353643011774824,7.962218639939915,5.832366802111879
76.76767676767678,74.74747474747475,0.501810169071431,34.85162256760749,4.797053056237717
77.77777777777779,74.74747474747475,1.6610220697116205,14.83128938108436,5.117809287040988
78.7878787878788,74.74747474747475,1.101142479014453,26.64187543724455,3.985380257234249
79.7979797979798,74.74747474747475,0.4234757794728138,25.20406703827199,4.196647960600816
80.80808080808082,74.74747474747475,0.22707181790369757,13.2742560384722,3.733201690044465
81.81818181818183,74.74747474747475,0.6123107042805465,24.78735613939715,3.829562059186234
82.82828282828284,74.74747474747475,0.5479421172416516,26.20382865695866,3.463501031726232
83.83838383838385,74.74747474747475,0.7739842528750022,26.85340676897859,4.248431676986185
84.84848484848486,74.74747474747475,1.3685137186222687,23.65065755600533,5.590970828818753
85.85858585858587,74.74747474747475,0.6415797815360473,23.80548602448668,4.43857518643795
86.86868686868688,74.74747474747475,0.41984710347906085,19.40100086277046,4.394213590033042
87.87878787878789,74.74747474747475,0.9041361805450929,24.33773976700778,3.696107840938581
88.8888888888889,74.74747474747475,0.9679919407445806,24.49086310577037,4.898220686462647
89.89898989898991,74.74747474747475,1.5984900985377302,29.34894929597095,3.323382406280307
90.90909090909092,74.74747474747475,1.647080498839846,17.22340097993614,5.734403005892688
91.91919191919193,74.74747474747475,1.1625664896217827,27.88804961829891,4.262346612499959
92.92929292929294,74.74747474747475,1.6071901874364596,33.7584685333707,6.401453557582181
93.93939393939395,74.74747474747475,0.9503336567868461,12.44727905082161,4.844339154455012
94.94949494949496,74.74747474747475,0.6703383846462283,19.7540949814198,4.370978600582285
95.95959595959597,74.74747474747475,0.5384175942381484,17.72524559042694,4.884363485840823
96.96969696969697,74.74747474747475,0.42297897793270045,20.82600395527317,4.82900776693755
97.97979797979798,74.74747474747475,0.4074652791629565,18.88068586696356,4.41433051562381
98.98989898989899,74.74747474747475,0.8349845302090351,28.88575425092481,4.763227946939357
100.0,74.74747474747475,1.7778969423098963,15.57713506251234,5.926435656362608
0.0,75.75757575757576,0.17242785394632687,19.91631361255367,5.477565900673216
1.01010101010101,75.75757575757576,0.9213273215917879,26.64456077795132,5.331234653622251
2.02020202020202,75.75757575757576,0.6561363754332672,26.18283718843486,4.366188813945206
3.03030303030303,75.75757575757576,0.7069454542357845,16.34960906384392,5.48700684087698
4.040404040404041,75.75757575757576,0.7561634696840489,23.07642225023733,5.0500166474707
5.050505050505051,75.75757575757576,1.1036611354692425,23.82099998997965,6.143422892206051
6.060606060606061,75.75757575757576,1.281171005843445,16.17218702771551,5.334682527331737
7.070707070707071,75.75757575757576,0.5468205590967938,23.02274450065884,4.459343739367895
8.080808080808081,75.75757575757576,0.7520174621176923,23.85291334281094,4.679552137348822
9.090909090909092,75.75757575757576,0.41718798843545435,25.15969981619933,4.506884876676176
10.1010101010101,75.75757575757576,0.5220345835740003,38.17978258108389,4.792303568865425
11.11111111111111,75.75757575757576,0.44668796928081633,19.83801297376637,4.24980036113804
12.12121212121212,75.75757575757576,0.4682270027830624,33.58826259759004,5.046517732814616
13.13131313131313,75.75757575757576,0.400232292558115,22.0787343048992,4.094075264344945
14.14141414141414,75.75757575757576,0.4380497913808994,22.16906536782702,4.583065884639763
15.15151515151515,75.75757575757576,0.4414511832085417,25.34533670220418,3.899378902863912
16.16161616161616,75.75757575757576,0.4907673321311088,9.037120847755624,4.286099431950245
17.17171717171717,75.75757575757576,0.3118551216490273,21.43134881622444,4.713632918357517
18.18181818181818,75.75757575757576,0.4254523837492725,25.21831173587719,4.827698829861252
19.19191919191919,75.75757575757576,0.12131870433989134,16.23811646819579,4.9610086950636
20.2020202020202,75.75757575757576,0.696689109378035,28.27549863414695,5.076989707835511
21.21212121212121,75.75757575757576,0.8717201883948804,27.8062882848858,5.41662186272959
22.22222222222222,75.75757575757576,2.5275912357534285,30.8682753957027,6.756656596288328
23.23232323232324,75.75757575757576,1.1520720863272653,20.91233401260622,4.025169593772868
24.24242424242424,75.75757575757576,1.1665183175756075,23.77944884643001,4.988244043251304
25.25252525252525,75.75757575757576,1.056556603783752,18.47345583388632,3.537473359614005
26.26262626262626,75.75757575757576,0.7472487972097822,16.74477989531542,4.668797561690635
27.27272727272727,75.75757575757576,0.7115097601895364,23.58211888664658,5.209301861127821
28.28282828282828,75.75757575757576,0.3208141919721723,29.41367908937301,4.788951275336707
29.29292929292929,75.75757575757576,0.7949352737473412,19.31623244089648,4.573506420830853
30.3030303030303,75.75757575757576,0.7372000001307404,23.26693669494559,5.450683832368557
31.31313131313131,75.75757575757576,0.7191108285519237,22.51141915724391,5.514191770448999
32.32323232323233,75.75757575757576,1.1572799379604883,28.38764363974672,5.805694216683973
33.33333333333334,75.75757575757576,1.5659726285359188,28.88491497759244,3.091972100381304
34.34343434343435,75.75757575757576,0.635183099400871,15.92980319295408,4.631208508634631
35.35353535353536,75.75757575757576,0.45080691990877053,36.38474712737455,5.006104186223348
36.36363636363637,75.75757575757576,0.6616157007803964,28.53826297343945,4.411031988854957
37.37373737373738,75.75757575757576,0.45088308732669624,28.74935876858978,4.133760757592069
38.38383838383839,75.75757575757576,1.2913509837255388,15.10797257994618,5.389764757730778
39.3939393939394,75.75757575757576,0.8263847502420166,31.70381376070355,4.636196228147671
40.40404040404041,75.75757575757576,0.8141281464673292,9.143994921817168,3.624741438537669
41.41414141414142,75.75757575757576,0.97339767300871,28.61870504041162,4.781969184663018
42.42424242424243,75.75757575757576,1.1073957901980034,27.5990646624043,5.374696967967372
43.43434343434344,75.75757575757576,1.1529504430353976,13.19888290638959,4.303757019978048
44.44444444444445,75.75757575757576,1.1482772774573349,27.87715450660497,5.567992520908302
45.45454545454546,75.75757575757576,0.6078359426570294,26.24115675852923,4.528138687954617
46.46464646464647,75.75757575757576,0.9604461491800421,18.08690180735755,3.719422204219595
47.47474747474748,75.75757575757576,1.0264066764982482,21.63525766041207,5.304721934966399
48.48484848484848,75.75757575757576,0.531388972398225,17.8007201220792,5.268484045534305
49.49494949494949,75.75757575757576,0.9448701776497619,18.81646991842188,4.039935002884643
50.50505050505051,75.75757575757576,0.6351988059109666,21.73028049412061,4.829959646029384
51.51515151515152,75.75757575757576,0.8579007801878688,26.17949703245078,4.54452866307242
52.52525252525253,75.75757575757576,0.8984728509167961,25.11777990771584,5.411903583827393
53.53535353535354,75.75757575757576,0.28475210192051326,12.04370861791076,4.978778667701731
54.54545454545455,75.75757575757576,1.5331797988485993,31.89816098660079,5.36174790102941
55.55555555555556,75.75757575757576,1.3032821884075887,23.31691564438387,3.689850382363874
56.56565656565657,75.75757575757576,0.7820119545119498,31.05073397597698,4.549017820044065
57.57575757575758,75.75757575757576,0.3123274064417204,17.3125816204567,4.198594140777774
58.58585858585859,75.75757575757576,0.27142067820615257,19.435823882421,4.088198381484823
59.5959595959596,75.75757575757576,0.19713080767714497,26.43633433760581,4.028134263966001
60.60606060606061,75.75757575757576,0.5220470256822097,19.97758876595568,4.233730089414701
61.61616161616162,75.75757575757576,1.080752738176127,21.00940558487925,3.615056425943586
62.62626262626263,75.75757575757576,0.4957208316897438,19.3711913309815,4.079280494304125
63.63636363636364,75.75757575757576,0.35130784929605907,36.42361255078546,4.108541489729149
64.64646464646465,75.75757575757576,0.23810275608164677,18.18080700143115,4.049881244556167
65.65656565656566,75.75757575757576,0.7146269825083966,35.20663220326975,3.876480212899747
66.66666666666667,75.75757575757576,0.987657867188919,20.10286643316721,4.855802603960468
67.67676767676768,75.75757575757576,1.9426238886145395,23.45768718867774,3.130268324469966
68.68686868686869,75.75757575757576,1.6533212444317837,25.73093930561896,5.734190078605104
69.6969696969697,75.75757575757576,1.242262430494766,8.612294184238742,4.834029108117076
70.70707070707071,75.75757575757576,1.0695531230521467,29.06363278813641,3.660478452421784
71.71717171717172,75.75757575757576,0.7858771525208246,23.02108715222554,5.113458735662481
72.72727272727273,75.75757575757576,0.5771654097122604,8.181462436938771,5.08275346067559
73.73737373737374,75.75757575757576,1.0909459209701229,19.93176854490624,5.462606223325168
74.74747474747475,75.75757575757576,0.6215256944343216,14.85998653044248,4.216636312104369
75.75757575757576,75.75757575757576,1.408887842753109,16.45804301788669,3.225927569354544
76.76767676767678,75.75757575757576,0.6746360643380944,17.62886111389429,4.492428843978928
77.77777777777779,75.75757575757576,0.5715569998995915,26.44985738396704,3.951715780127953
78.7878787878788,75.75757575757576,0.4589055027971737,14.45144954597779,4.502233962239235
79.7979797979798,75.75757575757576,0.5743678846509167,19.15473193860273,4.929461309051133
80.80808080808082,75.75757575757576,0.7626873651984133,20.35685375532688,3.806413412495617
81.81818181818183,75.75757575757576,0.6491909975512903,31.88332396382631,4.656285191337161
82.82828282828284,75.75757575757576,0.6477899692643364,24.91024622217259,4.055106224772325
83.83838383838385,75.75757575757576,0.9307412412012445,13.31669577117039,3.359088667877601
84.84848484848486,75.75757575757576,0.8161792272142883,40.63496364824837,3.857585770791999
85.85858585858587,75.75757575757576,1.623823664237091,25.18579255946901,3.072981586597968
86.86868686868688,75.75757575757576,0.7888296379524726,22.89490988645806,4.752684794039502
87.87878787878789,75.75757575757576,0.48933816363195126,31.70755153853399,4.622476761294367
88.8888888888889,75.75757575757576,0.7943507036640143,22.15092189021028,5.212689192447812
89.89898989898991,75.75757575757576,1.236816053719346,19.33773277711876,3.303428852414952
90.90909090909092,75.75757575757576,0.9849272729721337,17.2655152646786,4.520767430645495
91.91919191919193,75.75757575757576,0.7745814052979509,22.19683024650599,3.714710349153619
92.92929292929294,75.75757575757576,1.0831861075338716,20.34530359345947,5.099632953559993
93.93939393939395,75.75757575757576,1.2923936100849738,28.06848726378341,3.683604730962979
94.94949494949496,75.75757575757576,1.0626327017663753,29.59573909110667,5.410856727053176
95.95959595959597,75.75757575757576,0.877149387502725,30.88998353967906,5.808610350435285
96.96969696969697,75.75757575757576,0.6906247943259829,23.31736716871552,5.333699888302926
97.97979797979798,75.75757575757576,1.1093977880933208,18.61364202854014,3.690876615275813
98.98989898989899,75.75757575757576,1.0552321684307004,28.23512356342359,3.227435087525179
100.0,75.75757575757576,1.186973487488685,36.22033471539116,3.345673052858782
0.0,76.76767676767678,0.5915362091070424,17.33449507037568,5.212653456494944
1.01010101010101,76.76767676767678,0.7489356869469193,30.26267578437641,4.030175002358777
2.02020202020202,76.76767676767678,0.3348234159170098,17.91854064370361,4.515790074088007
3.03030303030303,76.76767676767678,0.813949099376007,25.70476222633962,5.214927915563202
4.040404040404041,76.76767676767678,1.208440728648886,16.96835612069099,3.878511677580481
5.050505050505051,76.76767676767678,0.8995902442891673,24.09795548239003,4.547322070084491
6.060606060606061,76.76767676767678,1.1218335551015741,7.455814054869668,3.317882326296797
7.070707070707071,76.76767676767678,1.2558442781626957,22.9150164906839,3.850300062910512
8.080808080808081,76.76767676767678,1.6442196196683698,16.82082215745627,6.428258462384327
9.090909090909092,76.76767676767678,0.7058981864331442,16.95918117001752,4.969623509609363
10.1010101010101,76.76767676767678,0.47720378942665986,22.26444545026504,4.189210675950449
11.11111111111111,76.76767676767678,0.4461716473570754,16.16332506227219,4.676486881747732
12.12121212121212,76.76767676767678,0.5550887855944825,20.71542716155021,4.96864556363099
13.13131313131313,76.76767676767678,0.37635141972527886,21.61988702420868,4.225921658921557
14.14141414141414,76.76767676767678,0.28157793038906753,22.31060841471099,4.364611812299652
15.15151515151515,76.76767676767678,0.3598496193302454,20.79582947329254,3.824347064022101
16.16161616161616,76.76767676767678,0.7365229809537464,31.99598087810571,4.583853091879583
17.17171717171717,76.76767676767678,0.5623106240680655,9.791540771358344,5.308765038921891
18.18181818181818,76.76767676767678,0.2986281466058738,17.52917807979059,5.028466687195586
19.19191919191919,76.76767676767678,0.9980189967411938,33.6638550247113,5.190405372238928
20.2020202020202,76.76767676767678,0.7267632382292505,30.18949882702383,4.027174493565099
21.21212121212121,76.76767676767678,0.7645094632890851,18.7679954862655,4.582426755602741
22.22222222222222,76.76767676767678,1.3918163336908336,9.426733577248154,3.451678143068491
23.23232323232324,76.76767676767678,0.3522932945092303,22.13643342284438,3.412066193372194
24.24242424242424,76.76767676767678,1.8580163180905884,24.50845778020339,2.743195837877928
25.25252525252525,76.76767676767678,0.8047700598818425,28.57257977591416,4.464660726577058
26.26262626262626,76.76767676767678,0.46143809107234945,22.09299303869596,4.009978155567198
27.27272727272727,76.76767676767678,0.5303509375091207,23.3072734430877,4.265673918903724
28.28282828282828,76.76767676767678,0.6673882418509489,20.66979127839843,4.234048053135363
29.29292929292929,76.76767676767678,1.076626406131994,23.05219268924158,5.472817516557547
30.3030303030303,76.76767676767678,0.9929008094351622,24.4226750846319,3.726566626814103
31.31313131313131,76.76767676767678,0.9587883211192005,32.46657358634477,3.976377374380201
32.32323232323233,76.76767676767678,0.8005815582319283,28.54234055454718,5.206634044795038
33.33333333333334,76.76767676767678,1.0749203727675822,20.45255213466191,3.958646533008691
34.34343434343435,76.76767676767678,0.6880661638941117,18.99241200064412,4.755166474933282
35.35353535353536,76.76767676767678,0.7352572076352581,26.66540559887983,4.266805319101517
36.36363636363637,76.76767676767678,1.2606356257386395,18.40946406402889,3.296615271563976
37.37373737373738,76.76767676767678,0.8212107649427937,22.80146707157272,4.202759736259155
38.38383838383839,76.76767676767678,0.9522290700461885,17.48359489542985,3.219309842150769
39.3939393939394,76.76767676767678,1.2734913846360958,21.93579211173076,3.222812973916806
40.40404040404041,76.76767676767678,1.0250271609300992,20.3577823399717,3.96372413697425
41.41414141414142,76.76767676767678,1.9190954960778615,31.33528017612232,6.135296377638326
42.42424242424243,76.76767676767678,1.043399805521645,21.70097125534382,4.274821563309938
43.43434343434344,76.76767676767678,1.1794262244898734,25.10205254383688,3.129303114261651
44.44444444444445,76.76767676767678,1.1609114240470078,23.55108241145803,5.072860034545021
45.45454545454546,76.76767676767678,0.7052267716956371,17.32460689635011,4.173585707451668
46.46464646464647,76.76767676767678,0.7596741277273893,31.16900142274044,5.000487856515279
47.47474747474748,76.76767676767678,0.7357396917232556,27.45650742303837,4.357864602808374
48.48484848484848,76.76767676767678,0.606992408377832,15.43754216775662,4.971681578911683
49.49494949494949,76.76767676767678,1.4404448833258316,26.13741451948446,5.774829157342396
50.50505050505051,76.76767676767678,0.6180288032471293,13.56531504703695,4.726693189210041
51.51515151515152,76.76767676767678,1.3730036513861648,14.38759347392175,5.898185674896501
52.52525252525253,76.76767676767678,0.4891096991902124,35.0325299051242,4.8696376066558
53.53535353535354,76.76767676767678,0.48556268390132007,14.892741747164,4.933574039689825
54.54545454545455,76.76767676767678,1.1549552803541159,12.93932443881394,3.589755070212787
55.55555555555556,76.76767676767678,1.0203780561668059,33.87222250354419,4.603946829715484
56.56565656565657,76.76767676767678,1.465279167579653,23.72393533741142,3.116990378479157
57.57575757575758,76.76767676767678,0.5306093422075556,25.21207040563116,3.872139020013095
58.58585858585859,76.76767676767678,0.5746717889216046,27.63336054046698,4.815856991341966
59.5959595959596,76.76767676767678,0.4790137203964815,18.03833694997638,4.24741725641077
60.60606060606061,76.76767676767678,1.0357386162889735,25.66589233529163,5.274815691161905
61.61616161616162,76.76767676767678,0.8660558660223044,25.91027118469937,5.442672776553057
62.62626262626263,76.76767676767678,1.1505266912754522,15.32741255576422,5.523494271868858
63.63636363636364,76.76767676767678,0.9646312881225503,27.9855592257336,3.54545413395638
64.64646464646465,76.76767676767678,0.5382502537274315,28.68452163659375,3.981441625394038
65.65656565656566,76.76767676767678,0.9817130647120595,21.44376582180679,5.176961297220696
66.66666666666667,76.76767676767678,0.886565689868924,38.1760322590786,3.836060820665764
67.67676767676768,76.76767676767678,1.0025506184536372,21.45324499452218,4.732338481546347
68.68686868686869,76.76767676767678,1.0055755237371267,18.23396838034143,4.243085842675641
69.6969696969697,76.76767676767678,1.7704199163428291,20.68742748113013,2.82711230035381
70.70707070707071,76.76767676767678,1.3477518529366208,28.01349308308081,4.991878907054597
71.71717171717172,76.76767676767678,1.1537219860460788,27.12486808379973,4.037545107289345
72.72727272727273,76.76767676767678,1.2877974895686046,29.07958164389002,5.362627489146505
73.73737373737374,76.76767676767678,1.5509442322451337,13.72394815179462,3.36040646422563
74.74747474747475,76.76767676767678,0.36435040508951044,26.36642611624651,4.289580720455012
75.75757575757576,76.76767676767678,0.5771092614221557,25.342909718415,3.997829690235436
76.76767676767678,76.76767676767678,0.8518209138060566,16.08923253894561,5.079134550597158
77.77777777777779,76.76767676767678,0.7343606812594475,25.90225157251808,3.922812533404879
78.7878787878788,76.76767676767678,0.6748091638674484,13.6479898262024,4.843256739499764
79.7979797979798,76.76767676767678,0.4621151854443808,31.48401029792268,4.943844255837069
80.80808080808082,76.76767676767678,0.5716862577906986,21.40174095384844,4.811031475441058
81.81818181818183,76.76767676767678,0.27419244522311237,24.35330575511237,4.975275303985015
82.82828282828284,76.76767676767678,0.3778464937462147,25.91124107859022,4.757464385324018
83.83838383838385,76.76767676767678,0.8443748411750414,28.2863176321111,4.998195963764873
84.84848484848486,76.76767676767678,0.7635310036833053,15.06283876237271,4.105816334513969
85.85858585858587,76.76767676767678,1.4075103344849682,29.3954684762815,5.738375252070785
86.86868686868688,76.76767676767678,0.760403924466559,30.54174951771543,5.739620901656263
87.87878787878789,76.76767676767678,0.48735406575924434,12.28262229053609,4.933040031567806
88.8888888888889,76.76767676767678,0.2468134812832492,17.4520740231419,4.849227654963223
89.89898989898991,76.76767676767678,1.1136190804418662,18.7133613552577,5.10414059516358
90.90909090909092,76.76767676767678,0.5647000428769435,22.54228083757971,5.223445287564418
91.91919191919193,76.76767676767678,0.7651125536023005,17.93842440495986,4.074420021100833
92.92929292929294,76.76767676767678,0.6284596109080491,21.55798538209856,5.329605952669903
93.93939393939395,76.76767676767678,0.5961497232271018,24.08475402407648,4.54916452912363
94.94949494949496,76.76767676767678,0.48278426827235843,17.83507751809006,4.325209665930871
95.95959595959597,76.76767676767678,0.7794181459194263,12.89610664375965,4.096923750533316
96.96969696969697,76.76767676767678,0.5765311432313267,22.73074450810501,5.193626567523842
97.97979797979798,76.76767676767678,1.0183039580442736,19.05982970329795,5.298749066523352
98.98989898989899,76.76767676767678,1.2064605021352697,32.3423622024633,5.330891408749566
100.0,76.76767676767678,0.7783182606031228,14.56288792067672,4.207592946487408
0.0,77.77777777777779,0.48761495168872465,17.82062205148478,4.885435727488256
1.01010101010101,77.77777777777779,0.4851997126405796,29.36501523524608,4.056764573017584
2.02020202020202,77.77777777777779,0.24571664920041902,29.1677573467764,4.510850583767193
3.03030303030303,77.77777777777779,0.9083556799805157,15.34601294474473,4.266764522830867
4.040404040404041,77.77777777777779,1.1479326409368609,24.5990106268925,5.535542991799076
5.050505050505051,77.77777777777779,0.5968006584332394,20.94875557027966,4.443312051341087
6.060606060606061,77.77777777777779,0.8028237487602826,27.14512549947696,4.026558865266744
7.070707070707071,77.77777777777779,1.2771290610645372,27.06113646843955,5.154257363016383
8.080808080808081,77.77777777777779,0.7399205254503687,15.30025193418222,5.636679660995131
9.090909090909092,77.77777777777779,0.9106861513791543,5.650539762458241,5.091429835974875
10.1010101010101,77.77777777777779,0.28761550178683315,22.46357950865167,4.151177450614984
11.11111111111111,77.77777777777779,0.22444395563029806,0.0,4.097921700609665
12.12121212121212,77.77777777777779,0.7935894989278565,27.71336488715654,3.861045177029377
13.13131313131313,77.77777777777779,0.683329627919624,21.61057856301236,4.718066885158533
14.14141414141414,77.77777777777779,0.28350619209662087,17.2108565140208,4.135709064739138
15.15151515151515,77.77777777777779,0.650541785264226,27.45592041603716,3.888942926366239
16.16161616161616,77.77777777777779,1.2054398029699536,32.24246148801676,5.74777338086544
17.17171717171717,77.77777777777779,0.6920611445251822,21.00794728305556,4.659864961982616
18.18181818181818,77.77777777777779,0.7913950565245055,22.30782061270041,4.476958994876071
19.19191919191919,77.77777777777779,1.7722243466516008,27.15635993620988,2.752895626166652
20.2020202020202,77.77777777777779,0.463028111137192,5.096657983441083,3.888419895629981
21.21212121212121,77.77777777777779,0.5465123786409288,18.92538831920301,4.044584884145142
22.22222222222222,77.77777777777779,0.8100541920650459,33.80067721955101,4.543604462381443
23.23232323232324,77.77777777777779,1.1548424695005115,15.58910216034062,3.499653665817878
24.24242424242424,77.77777777777779,2.0141537689797464,20.72273581046253,5.539877660673509
25.25252525252525,77.77777777777779,0.3886216399525704,13.10712271932234,4.580406139432384
26.26262626262626,77.77777777777779,0.592882829526479,31.76804582804737,4.486532779386771
27.27272727272727,77.77777777777779,0.7042827081222517,13.77323169477487,5.156128097611223
28.28282828282828,77.77777777777779,0.7446877978942007,28.40761485874666,5.07830246914727
29.29292929292929,77.77777777777779,0.5424036735005028,14.03984827343189,5.050643340921893
30.3030303030303,77.77777777777779,1.1678510898710124,14.22663060459842,3.47514223193745
31.31313131313131,77.77777777777779,0.7604721286406665,20.89857622791657,4.79364884480727
32.32323232323233,77.77777777777779,0.4168071450995652,32.8412264226609,5.081612165957444
33.33333333333334,77.77777777777779,0.9971786064282158,20.39631942018779,5.347146137740695
34.34343434343435,77.77777777777779,1.4634580657757013,10.95954408775831,3.411740883411842
35.35353535353536,77.77777777777779,0.7151044875037261,20.79008775134679,5.009984079151413
36.36363636363637,77.77777777777779,1.1849586927678244,31.14480307163821,5.348406544994831
37.37373737373738,77.77777777777779,1.0820527879256236,22.97585826649737,5.529009458559678
38.38383838383839,77.77777777777779,1.1853718634542445,25.71836897914741,3.870818180881091
39.3939393939394,77.77777777777779,2.0457360257479085,20.01100774841063,6.158980963406844
40.40404040404041,77.77777777777779,0.8139973218815524,21.84263917210815,4.812366678536545
41.41414141414142,77.77777777777779,1.1492132247380829,30.60170856312141,3.844288641294653
42.42424242424243,77.77777777777779,0.4422014891692151,18.05714943171465,4.342552117362407
43.43434343434344,77.77777777777779,0.5451594283354232,15.98174889424015,3.583478737173091
44.44444444444445,77.77777777777779,0.6765960772174237,10.10863009431998,3.767178072096995
45.45454545454546,77.77777777777779,0.5652135168129225,10.07114029550415,4.913763337574303
46.46464646464647,77.77777777777779,0.46873678009244213,13.21372062096678,4.712382400671921
47.47474747474748,77.77777777777779,1.2719340646784432,16.82061155698608,3.618203397883591
48.48484848484848,77.77777777777779,1.4254573315327332,22.63406260073753,5.685884191266367
49.49494949494949,77.77777777777779,1.591024703036731,22.14138177006158,3.599227325059893
50.50505050505051,77.77777777777779,0.8004450326508322,24.47863568568448,4.875913491560397
51.51515151515152,77.77777777777779,1.277867400202386,25.9295100290489,3.959868635103085
52.52525252525253,77.77777777777779,1.007894846914513,16.30638097217739,5.191325924970331
53.53535353535354,77.77777777777779,0.5768970094936683,34.65406569103828,4.444283334607514
54.54545454545455,77.77777777777779,0.6320520237987759,24.63388587599409,4.079572631832892
55.55555555555556,77.77777777777779,0.5365311593627351,36.03219234129674,5.270214396292073
56.56565656565657,77.77777777777779,0.9615625098998332,28.0151819059766,5.303974514462595
57.57575757575758,77.77777777777779,0.8264331297371246,40.29022243123732,3.775023384810361
58.58585858585859,77.77777777777779,0.665962830385402,18.50970951359822,4.756986151772757
59.5959595959596,77.77777777777779,0.5763559511833152,28.64570234645747,4.348350975869597
60.60606060606061,77.77777777777779,1.085395305682194,17.75772701631062,3.368202347895502
61.61616161616162,77.77777777777779,0.6517029308412186,15.35878724843671,4.054744243780265
62.62626262626263,77.77777777777779,0.37811919231446156,25.86113149578095,4.424462917560063
63.63636363636364,77.77777777777779,0.22923976177611605,24.75651657035311,4.426864301323676
64.64646464646465,77.77777777777779,0.5980551373122047,15.45119645438646,4.434495857877319
65.65656565656566,77.77777777777779,0.681996358915248,21.94242440827579,5.087010271074998
66.66666666666667,77.77777777777779,0.7482479727143575,29.13352598486697,4.125403659411241
67.67676767676768,77.77777777777779,1.4988433982718552,19.52463305263317,5.754940498533226
68.68686868686869,77.77777777777779,0.8107564507533005,19.47534650742259,4.869057520502148
69.6969696969697,77.77777777777779,0.8450017509441405,12.13367127240412,4.321135008939242
70.70707070707071,77.77777777777779,0.6153235914112551,14.9501036318536,4.051372356406964
71.71717171717172,77.77777777777779,1.2907023853446855,16.16155824437464,5.297103241478113
72.72727272727273,77.77777777777779,1.0637675246061182,17.3980721893823,3.818614966121037
73.73737373737374,77.77777777777779,0.7784862477835971,26.54926351286426,4.53058835295637
74.74747474747475,77.77777777777779,0.1418879977324805,23.09851216389489,4.453112646013453
75.75757575757576,77.77777777777779,0.49424806804256605,23.68425130691762,4.161308724461869
76.76767676767678,77.77777777777779,1.36779464660187,21.69876219881977,5.662085621649154
77.77777777777779,77.77777777777779,1.0332011432904298,34.20258115745301,4.754585788432431
78.7878787878788,77.77777777777779,0.9398639760189456,12.77987428132054,3.506074583722689
79.7979797979798,77.77777777777779,0.737821152525823,27.30728225457085,3.343166757578799
80.80808080808082,77.77777777777779,0.9442903638206659,17.25274094448317,3.825961116163673
81.81818181818183,77.77777777777779,0.5776175453021015,17.43668173552923,4.579550382945373
82.82828282828284,77.77777777777779,0.5218063148129493,29.34793727854809,4.406979067992705
83.83838383838385,77.77777777777779,0.9463953904596569,19.71364574205966,5.603476824886007
84.84848484848486,77.77777777777779,0.5459257844514198,26.45957912346152,4.3867712387175
85.85858585858587,77.77777777777779,0.401697605049937,20.37096492370866,4.407532146746023
86.86868686868688,77.77777777777779,0.5649268467746775,11.05823398833424,4.492767831080722
87.87878787878789,77.77777777777779,0.4088331809181802,12.27081947501324,4.184580285497308
88.8888888888889,77.77777777777779,0.7843972531807013,23.68387133529955,4.564160584119755
89.89898989898991,77.77777777777779,1.9378774658314073,23.62707989049924,2.824593648745938
90.90909090909092,77.77777777777779,1.2642197485587843,22.31380215252129,5.511237643288845
91.91919191919193,77.77777777777779,0.6486583624395765,27.24081789207324,4.370949365530166
92.92929292929294,77.77777777777779,0.5737406828656034,27.44826348161909,5.081367863262959
93.93939393939395,77.77777777777779,0.41237541211192386,24.91799198770809,5.063807337132355
94.94949494949496,77.77777777777779,0.3654334920262079,20.03581904394294,4.718458899307687
95.95959595959597,77.77777777777779,0.3507208721954902,13.71110574320222,4.17792100192097
96.96969696969697,77.77777777777779,0.6735557964346972,17.72101645853916,4.229400631367655
97.97979797979798,77.77777777777779,1.632359272176993,17.88171907650657,2.970670526819521
98.98989898989899,77.77777777777779,0.9346279502772241,21.83439967817815,3.763946525921247
100.0,77.77777777777779,0.2754851030588017,23.87236396395094,3.857856520568823
0.0,78.7878787878788,0.7635632773590101,18.34430583093205,5.19239169907707
1.01010101010101,78.7878787878788,0.5070686355248777,15.84362355698804,4.688216687700814
2.02020202020202,78.7878787878788,0.5833354164258243,33.33961008731838,4.231095548972267
3.03030303030303,78.7878787878788,0.894599982275418,30.93942119230247,5.439159320116059
4.040404040404041,78.7878787878788,0.8318695450615421,22.09652424556165,4.961853151696427
5.050505050505051,78.7878787878788,0.9922191162726792,19.55928151805159,3.669103562883866
6.060606060606061,78.7878787878788,1.2030962452711842,18.9838072333271,4.984725637513947
7.070707070707071,78.7878787878788,2.1717107626828693,21.65780592567586,2.959819214592491
8.080808080808081,78.7878787878788,1.122741849626769,27.34968129827267,4.496248483581856
9.090909090909092,78.7878787878788,1.5412548465354368,28.33598092609162,3.055993767203916
10.1010101010101,78.7878787878788,0.48269448371122625,18.91131965543359,4.270098097061642
11.11111111111111,78.7878787878788,0.5983130080655821,18.99020235542291,4.127000068407183
12.12121212121212,78.7878787878788,0.6984872244960963,11.13312301667885,4.833904554429747
13.13131313131313,78.7878787878788,0.7018932498142096,9.44781061312346,3.916273128265562
14.14141414141414,78.7878787878788,0.325650091523389,23.4065847241603,4.211707126772814
15.15151515151515,78.7878787878788,1.0552243563357508,27.7194652858447,3.456968240525573
16.16161616161616,78.7878787878788,0.8814662763684515,13.74349669828754,5.036673331353509
17.17171717171717,78.7878787878788,1.1165630852299686,19.70106228527792,3.811334846810531
18.18181818181818,78.7878787878788,0.8829392168084714,1.733629690118519,5.184062192838614
19.19191919191919,78.7878787878788,0.7662028201699645,26.61236760672001,4.54469562852803
20.2020202020202,78.7878787878788,0.4524782771077367,27.55530001378147,4.310088484265141
21.21212121212121,78.7878787878788,0.7292671596421423,22.28852648897979,5.037607960499797
22.22222222222222,78.7878787878788,0.517250322454872,21.11297337844494,5.14892453652881
23.23232323232324,78.7878787878788,0.9434249120670974,25.63693377898089,4.947261279955044
24.24242424242424,78.7878787878788,1.5866715988858457,19.30084282357728,3.279639923646863
25.25252525252525,78.7878787878788,0.6846081107759593,17.80392257832882,4.965802405100601
26.26262626262626,78.7878787878788,1.3854672935469772,22.25945472529385,5.618040795403048
27.27272727272727,78.7878787878788,1.1033315281282596,22.22480465376577,3.97687239051812
28.28282828282828,78.7878787878788,1.7725575512557894,21.53312344067237,3.049290450271704
29.29292929292929,78.7878787878788,0.8980446689979492,17.59813092503698,5.194923622078431
30.3030303030303,78.7878787878788,0.9446954667925795,19.62752874924658,5.001114474690584
31.31313131313131,78.7878787878788,0.4416304542670506,28.26941663169913,4.175501734691666
32.32323232323233,78.7878787878788,0.7403608020037756,28.13152300709715,4.092902757330203
33.33333333333334,78.7878787878788,0.45995880013197654,17.89758573126236,4.947870542871939
34.34343434343435,78.7878787878788,0.5266716500646565,30.89779537227006,4.388499104924783
35.35353535353536,78.7878787878788,0.6138925400643505,9.787990240620799,4.829410550769393
36.36363636363637,78.7878787878788,1.325537946018089,18.29330260737375,3.179388426762654
37.37373737373738,78.7878787878788,0.6816346689421531,21.39682549361848,4.365842220401139
38.38383838383839,78.7878787878788,0.523333844116722,23.95785686217022,4.014443235763408
39.3939393939394,78.7878787878788,0.655680154035734,22.0645773856287,4.546981917301299
40.40404040404041,78.7878787878788,0.2716571247330397,25.17056958541664,4.905021102388269
41.41414141414142,78.7878787878788,0.38273191260776585,28.4706878902089,4.683792290593665
42.42424242424243,78.7878787878788,0.34232594695913,30.53756421753938,4.786290663729727
43.43434343434344,78.7878787878788,0.47404476563805786,25.43653612089135,4.367168112490123
44.44444444444445,78.7878787878788,0.6761026228378989,13.0839637638657,3.837595818117451
45.45454545454546,78.7878787878788,0.5459974706155449,23.05986567879634,5.086473572323668
46.46464646464647,78.7878787878788,0.37192281877379485,18.00998148482922,4.421100675836223
47.47474747474748,78.7878787878788,0.9195158569073714,18.52813645804702,4.804418655501474
48.48484848484848,78.7878787878788,0.39647459184856193,18.06415030111428,4.852595137079367
49.49494949494949,78.7878787878788,0.7469947858969542,19.29314722206595,4.424381272217337
50.50505050505051,78.7878787878788,1.6180117656254795,28.70038923297562,5.735742296855553
51.51515151515152,78.7878787878788,1.295328629121164,22.57358324675255,2.934218220411516
52.52525252525253,78.7878787878788,1.4606394236722773,20.0911734449394,3.459934735856875
53.53535353535354,78.7878787878788,0.897400170542291,24.94367885681104,5.150827374362437
54.54545454545455,78.7878787878788,0.5702055611016437,30.74208441448825,4.562610698174089
55.55555555555556,78.7878787878788,0.7454337700174751,14.6054549902234,5.525669584536722
56.56565656565657,78.7878787878788,0.31458870985104626,19.48339502799157,5.207419858669458
57.57575757575758,78.7878787878788,0.8027281713906224,17.1173098027524,4.472726371941494
58.58585858585859,78.7878787878788,1.294165018692752,21.20916576208924,3.542603612665915
59.5959595959596,78.7878787878788,1.1456971092350525,32.05117543479534,5.164057257266776
60.60606060606061,78.7878787878788,0.5837525352726101,19.21623105242941,4.136479703499017
61.61616161616162,78.7878787878788,0.5021967206722631,22.86715713248808,3.892121622852744
62.62626262626263,78.7878787878788,0.2562843453571988,20.23962026528395,4.465788274965702
63.63636363636364,78.7878787878788,0.4023922424811275,22.99979510251413,4.452380240743588
64.64646464646465,78.7878787878788,1.4694100404312704,27.88802048260841,3.155475510863102
65.65656565656566,78.7878787878788,0.5879804013381263,14.96490943140758,4.063096886421142
66.66666666666667,78.7878787878788,0.25031313927141097,20.56998374593981,4.01289805808503
67.67676767676768,78.7878787878788,1.1229457105290521,22.0924040947413,3.297588739585747
68.68686868686869,78.7878787878788,1.0334291280918375,20.32270231852234,3.685808884909436
69.6969696969697,78.7878787878788,1.1224173876775059,11.75722230520225,5.389434140035188
70.70707070707071,78.7878787878788,0.7239523180544998,23.19579057837064,4.056666633800925
71.71717171717172,78.7878787878788,0.6749780873262252,18.52337888359695,4.118070994716364
72.72727272727273,78.7878787878788,0.47973226615244635,22.74895917863353,4.339210879327633
73.73737373737374,78.7878787878788,1.1764875888498256,21.91034059734731,3.37627434433097
74.74747474747475,78.7878787878788,0.6017408565026755,22.00628692671384,4.418372209136473
75.75757575757576,78.7878787878788,0.6121580667206113,24.43961265986886,4.140376305256907
76.76767676767678,78.7878787878788,1.4346818237732537,21.15778700169264,3.182134836697677
77.77777777777779,78.7878787878788,1.079926303771038,31.32386631398425,3.609565508224728
78.7878787878788,78.7878787878788,0.6573683633302071,35.93758328345972,4.516929301167765
79.7979797979798,78.7878787878788,0.8662513265905118,19.33362918057464,4.048071684695056
80.80808080808082,78.7878787878788,1.209632675677068,5.534056520084785,5.381668586802377
81.81818181818183,78.7878787878788,0.9596577238190187,18.68881524090979,3.590965704510978
82.82828282828284,78.7878787878788,0.5144454838842724,26.31528540592548,4.039308197918192
83.83838383838385,78.7878787878788,0.713843360179629,16.76790638530889,4.836379467230323
84.84848484848486,78.7878787878788,0.34392621015770675,13.78914046456696,5.052052978122619
85.85858585858587,78.7878787878788,0.5427071176066902,21.79775715654344,4.577482869257787
86.86868686868688,78.7878787878788,0.9853906274807719,22.22278304356272,5.112198917685778
87.87878787878789,78.7878787878788,0.7206879499539535,18.17095097591027,3.985475152100946
88.8888888888889,78.7878787878788,1.1221465430972881,28.94030624402995,5.297535292002828
89.89898989898991,78.7878787878788,0.9711365007312227,30.91522714758948,3.870345635737202
90.90909090909092,78.7878787878788,0.4939005247454322,20.87958375299933,4.56908327707972
91.91919191919193,78.7878787878788,0.6178313664123257,26.32266607183429,4.818346695367667
92.92929292929294,78.7878787878788,0.787453162916089,26.25432171357035,3.762622245070887
93.93939393939395,78.7878787878788,0.5276188193778951,31.90319339331268,4.291857460648656
94.94949494949496,78.7878787878788,0.27679390607116505,15.5806159895685,4.901057298824318
95.95959595959597,78.7878787878788,0.7078056635673483,28.48277642642335,4.907789712481874
96.96969696969697,78.7878787878788,1.046758169584301,26.51576503658132,3.809613115779873
97.97979797979798,78.7878787878788,1.036296768805361,23.55948346362161,5.120022972173803
98.98989898989899,78.7878787878788,0.8965982194177282,27.12428625648673,5.048327450452522
100.0,78.7878787878788,0.5360393732795289,24.63109910013733,4.240665409179067
0.0,79.7979797979798,1.4368256723478776,15.81118318831067,3.712832849965109
1.01010101010101,79.7979797979798,1.2104947983986194,19.13070476238043,5.123742965012291
2.02020202020202,79.7979797979798,1.155014550968501,10.14763864041465,3.842693827936236
3.03030303030303,79.7979797979798,1.9103850204535537,14.83233374801819,6.159794512369114
4.040404040404041,79.7979797979798,0.9259328585808859,18.14053019324932,3.978120568785101
5.050505050505051,79.7979797979798,0.4573560479135538,20.55470099843062,4.255399876074721
6.060606060606061,79.7979797979798,0.7227036715407278,32.06549763838835,4.471035926227949
7.070707070707071,79.7979797979798,1.6847146957849055,30.98605026753498,5.890888424989256
8.080808080808081,79.7979797979798,0.45701663212851495,18.14068781338763,4.870100719308351
9.090909090909092,79.7979797979798,0.7121839978864831,24.67614512548057,4.531218038339038
10.1010101010101,79.7979797979798,0.6443391315725964,22.6136073273952,4.724753026947703
11.11111111111111,79.7979797979798,1.3958132651962352,35.50619248354671,5.64117121819497
12.12121212121212,79.7979797979798,0.35482592764391496,21.65567657236856,4.63735094603248
13.13131313131313,79.7979797979798,0.30176782094355836,16.55954930823465,4.708986945957993
14.14141414141414,79.7979797979798,0.4259431572308575,26.27255571671053,4.388136546078201
15.15151515151515,79.7979797979798,0.6905243952260117,24.98921870870952,4.911447002952734
16.16161616161616,79.7979797979798,0.2970287566043588,25.25491250091234,5.04639481194447
17.17171717171717,79.7979797979798,0.49722408250768246,37.88862761610846,4.83099124198726
18.18181818181818,79.7979797979798,0.7602748923931291,27.76206389408645,4.371502433905939
19.19191919191919,79.7979797979798,0.7419941416563739,23.80569906829091,4.943733198273037
20.2020202020202,79.7979797979798,0.4917040558090342,19.47045106147878,3.8839705849669
21.21212121212121,79.7979797979798,0.3354342815450413,11.86907522560757,3.952398450549552
22.22222222222222,79.7979797979798,0.44907935143495825,18.08985280056591,3.998223153459467
23.23232323232324,79.7979797979798,0.4074915231801989,29.52774770966068,4.490453858705767
24.24242424242424,79.7979797979798,0.5471898014371179,22.48343474898895,4.01230474440168
25.25252525252525,79.7979797979798,0.7070450716695654,11.76704554162464,4.951167099421166
26.26262626262626,79.7979797979798,1.629393833332542,20.35600551407832,3.501086432418792
27.27272727272727,79.7979797979798,0.6922018027867467,18.00697298042179,4.642192450806712
28.28282828282828,79.7979797979798,1.0692048519817883,12.4005989601953,5.037293524366153
29.29292929292929,79.7979797979798,0.8263656028667509,23.27887059579827,4.086467546437745
30.3030303030303,79.7979797979798,0.7080320292745128,14.98522463139167,3.767726737660164
31.31313131313131,79.7979797979798,0.6369667741053711,21.18444426753497,4.415664724283884
32.32323232323233,79.7979797979798,1.596901315563041,25.60430886324694,3.057735720845542
33.33333333333334,79.7979797979798,0.6672921642429562,25.83948744385776,4.921650160701682
34.34343434343435,79.7979797979798,0.23348664356253046,12.42860831599737,4.518144599878702
35.35353535353536,79.7979797979798,0.5623698760378889,26.94720562839068,4.64534748874536
36.36363636363637,79.7979797979798,0.9156416868333723,18.87605300092666,3.476046174957608
37.37373737373738,79.7979797979798,0.599840816928591,21.43355470550084,4.391360879734997
38.38383838383839,79.7979797979798,0.6211915489422721,27.44365706654542,5.080215891172357
39.3939393939394,79.7979797979798,0.39577150652384163,22.75243885305116,4.667125620713828
40.40404040404041,79.7979797979798,0.7814824780949201,19.81233183281879,5.31972718058713
41.41414141414142,79.7979797979798,0.7991512439318,28.31687552395181,4.31609547439228
42.42424242424243,79.7979797979798,0.1755637462356321,16.69780157520087,4.382346346636194
43.43434343434344,79.7979797979798,0.3411509876893821,23.14167999214004,4.203373270867201
44.44444444444445,79.7979797979798,0.4876877188889036,19.40074590685346,4.693138514869701
45.45454545454546,79.7979797979798,0.5587941822112452,35.79526326598795,4.989444575304517
46.46464646464647,79.7979797979798,0.5997115809066315,32.52071559964115,4.273382001729439
47.47474747474748,79.7979797979798,1.7665588620196728,25.25102222965431,2.744064946733016
48.48484848484848,79.7979797979798,1.0038615397881188,17.49202663749903,4.576376170312043
49.49494949494949,79.7979797979798,0.5305631161521865,35.49106374558564,4.00113096528721
50.50505050505051,79.7979797979798,0.5618550082391004,32.09723780893964,4.236409140731042
51.51515151515152,79.7979797979798,0.8291951780385034,11.67208241472299,3.762641730315208
52.52525252525253,79.7979797979798,1.075054487972974,26.07432811560068,5.354492087481607
53.53535353535354,79.7979797979798,0.44663132701863106,28.22865617410296,4.546880046642105
54.54545454545455,79.7979797979798,0.2571032347404305,23.75545592153985,4.316102082659691
55.55555555555556,79.7979797979798,0.7715530584841099,26.73767521544882,4.080698304941367
56.56565656565657,79.7979797979798,0.522971988246665,20.08962891373708,5.316276829685278
57.57575757575758,79.7979797979798,0.6497948696921988,23.99813376537169,5.321119824369307
58.58585858585859,79.7979797979798,0.8608887096875364,19.41386007452595,4.953304744453641
59.5959595959596,79.7979797979798,0.617130595569053,18.18875929030592,4.046006300092364
60.60606060606061,79.7979797979798,0.6757252293272862,20.48039570596159,4.431276854571911
61.61616161616162,79.7979797979798,0.636890411777389,24.37058166366445,4.920261151855045
62.62626262626263,79.7979797979798,0.5109500478490647,16.43041471838843,4.069050937277616
63.63636363636364,79.7979797979798,0.5053667383646883,12.84749994932379,4.726120507145587
64.64646464646465,79.7979797979798,1.5242367068329146,30.39152994066291,5.549569220135441
65.65656565656566,79.7979797979798,1.0091482266363299,32.34994458411887,3.692908869616644
66.66666666666667,79.7979797979798,0.2724430071540921,31.7952877458981,4.136136867009069
67.67676767676768,79.7979797979798,0.47524903549078645,18.16348780666314,4.228490358931505
68.68686868686869,79.7979797979798,0.5876258900366071,23.67694410326509,4.544431361234633
69.6969696969697,79.7979797979798,0.5231537030307016,15.56719342245502,5.004456481781126
70.70707070707071,79.7979797979798,0.8878318504126346,19.35751410436574,5.553009761475262
71.71717171717172,79.7979797979798,1.5431485631381654,26.07529895464888,5.356406851732808
72.72727272727273,79.7979797979798,0.9792621611243286,27.49769076103672,4.124954147532377
73.73737373737374,79.7979797979798,0.7696424596524672,25.48114246192953,4.922876291302706
74.74747474747475,79.7979797979798,1.2806276657509092,28.57958689013124,5.470501429585125
75.75757575757576,79.7979797979798,1.4853651378843886,13.90315322693668,2.94891383001822
76.76767676767678,79.7979797979798,1.1885801951682042,7.535113577752659,5.055239206752934
77.77777777777779,79.7979797979798,1.042370483752061,22.61026230191582,5.449455978631089
78.7878787878788,79.7979797979798,0.5784909778043021,25.58698483997173,4.759326627627773
79.7979797979798,79.7979797979798,0.7830427631110002,3.998653960442662,5.005717545360818
80.80808080808082,79.7979797979798,1.0194644457506234,18.0008696941136,5.540192034473225
81.81818181818183,79.7979797979798,0.7416340197797809,25.50244169017178,4.201966545654045
82.82828282828284,79.7979797979798,1.1220827712447248,20.48421606980609,3.59461089517496
83.83838383838385,79.7979797979798,1.204150763899626,22.5409016065197,5.911910770088728
84.84848484848486,79.7979797979798,0.591365017040872,28.81431026791471,5.072232459591199
85.85858585858587,79.7979797979798,1.5924854602697984,18.14154247164778,5.569074459879961
86.86868686868688,79.7979797979798,1.379220705097906,16.14877959079392,3.45150730838057
87.87878787878789,79.7979797979798,0.43405349636040513,30.97224257023673,3.740612391168208
88.8888888888889,79.7979797979798,0.5819596123550178,10.37014121622534,4.281573623664257
89.89898989898991,79.7979797979798,0.3556140498647056,24.66886467807317,4.583212354062685
90.90909090909092,79.7979797979798,0.4768284278021606,32.21984573550108,4.483636603937581
91.91919191919193,79.7979797979798,0.5457261728247629,18.68890168332324,4.099406428140591
92.92929292929294,79.7979797979798,0.6025527513717316,29.59621473409699,3.516514877473152
93.93939393939395,79.7979797979798,0.42676514193436943,25.96871355260052,4.091767113374205
94.94949494949496,79.7979797979798,0.5050332131459672,30.54770997151291,4.592412325889506
95.95959595959597,79.7979797979798,1.022346101195152,22.42897685005763,3.911344779132941
96.96969696969697,79.7979797979798,1.0925180292460825,24.02940293521722,5.168271825433363
97.97979797979798,79.7979797979798,0.8469346169343128,17.53588956431032,4.506293720421853
98.98989898989899,79.7979797979798,0.8468724213041017,24.79646483224488,3.62567306030762
100.0,79.7979797979798,0.5075748048143115,28.75012823351224,4.658312599133955
0.0,80.80808080808082,1.3681996876394846,17.03119542683724,5.132840902849599
1.01010101010101,80.80808080808082,1.0406238861150328,21.76973193974135,3.409249300852528
2.02020202020202,80.80808080808082,0.7953793038751711,15.69880016056478,3.209187166607195
3.03030303030303,80.80808080808082,1.268924925339805,5.94556748329193,3.737664250824845
4.040404040404041,80.80808080808082,0.38331310195400703,21.84748027760328,4.239166169323686
5.050505050505051,80.80808080808082,0.4581193788507395,28.56066301321754,3.505187355054209
6.060606060606061,80.80808080808082,0.659476905218085,22.59250458831514,3.72939950026557
7.070707070707071,80.80808080808082,0.8946512213479549,29.27745006894385,4.523739056688609
8.080808080808081,80.80808080808082,0.3774293631771575,23.36041750596612,4.775556813171005
9.090909090909092,80.80808080808082,0.8399791399826086,15.11570430496256,5.372312089171869
10.1010101010101,80.80808080808082,0.9865114133593849,20.26370332903035,3.712004610399311
11.11111111111111,80.80808080808082,1.222869596008867,7.908619002277215,3.492327770607571
12.12121212121212,80.80808080808082,0.4522119077857454,20.53782005879211,4.784644776122872
13.13131313131313,80.80808080808082,0.3900436892239839,8.907608164994388,4.73085801223449
14.14141414141414,80.80808080808082,0.9056425557602354,19.35597413596112,3.704954193214483
15.15151515151515,80.80808080808082,0.6716630118093218,23.07413091655011,4.262086450342117
16.16161616161616,80.80808080808082,0.6200436140311663,26.23859344227886,4.218352645066943
17.17171717171717,80.80808080808082,0.8424836103413235,28.72999685269001,5.12533879880273
18.18181818181818,80.80808080808082,0.8303689792259639,32.81131811467384,5.568322672097362
19.19191919191919,80.80808080808082,1.1390481439541118,30.44579711790997,4.006787579065783
20.2020202020202,80.80808080808082,0.24580435542568024,21.12892105068149,4.296478430016006
21.21212121212121,80.80808080808082,0.17671002772623767,21.60605540132847,4.094673498286904
22.22222222222222,80.80808080808082,0.2808772173044336,17.46065984254729,4.105783767973742
23.23232323232324,80.80808080808082,0.5641102671294461,33.72449308917603,4.693232710626899
24.24242424242424,80.80808080808082,0.5944944170846174,8.382428016927573,3.973221828731599
25.25252525252525,80.80808080808082,0.44619294526305386,34.51802071593291,4.5265651404442
26.26262626262626,80.80808080808082,0.6802459036910679,27.45412562225654,5.310520717374409
27.27272727272727,80.80808080808082,0.6838580998503121,26.97565719215456,5.209472509717745
28.28282828282828,80.80808080808082,1.0128295888768784,16.56579611667232,4.094404242021299
29.29292929292929,80.80808080808082,0.7602102645557987,30.60680273908069,5.013907095558073
30.3030303030303,80.80808080808082,0.42208237231235246,29.50814463936078,4.399788322326495
31.31313131313131,80.80808080808082,0.4295431439398494,15.57776737732809,4.113827607516679
32.32323232323233,80.80808080808082,0.9936937562972071,17.31088803256915,5.188330503318563
33.33333333333334,80.80808080808082,0.5122774715187726,29.489983980508,4.546121886579234
34.34343434343435,80.80808080808082,0.5909201581730421,16.93037950258127,4.791737229485267
35.35353535353536,80.80808080808082,0.9623698787033892,16.51936349986457,3.876435249272247
36.36363636363637,80.80808080808082,0.6750782801009604,21.11598546772256,4.757339155531003
37.37373737373738,80.80808080808082,0.574822239755092,31.67171634833647,5.161035771900754
38.38383838383839,80.80808080808082,0.28821915760157757,35.98074375381345,4.763167632708107
39.3939393939394,80.80808080808082,0.46299537274809643,11.39788095641194,5.064376113064835
40.40404040404041,80.80808080808082,1.0914502790753322,12.1958239466596,4.264736612474461
41.41414141414142,80.80808080808082,1.8992641581100203,21.66505129792691,6.075121055479332
42.42424242424243,80.80808080808082,0.8389356575409159,16.54970578574288,4.329259626800106
43.43434343434344,80.80808080808082,0.6690247452746165,37.75110150531444,4.735444060230313
44.44444444444445,80.80808080808082,0.42295212108666136,23.0563381575384,5.002275389235749
45.45454545454546,80.80808080808082,1.5235906289207441,22.71602610966076,6.115223673120452
46.46464646464647,80.80808080808082,0.6776271281315773,14.60602580185375,4.267633980781198
47.47474747474748,80.80808080808082,1.0760207048211576,29.16406943278994,4.388318407467799
48.48484848484848,80.80808080808082,2.0705549430292045,29.56480737636808,5.908046934093334
49.49494949494949,80.80808080808082,1.8796174408419657,19.14721548752375,3.112652188077256
50.50505050505051,80.80808080808082,0.503480260222983,16.77475077467772,4.275450431703267
51.51515151515152,80.80808080808082,0.4300798837765055,15.63694554888056,4.185381164983297
52.52525252525253,80.80808080808082,0.7375029192915916,24.17063230670717,5.348293885220345
53.53535353535354,80.80808080808082,0.5223802129725148,20.32650585183649,4.402692071109828
54.54545454545455,80.80808080808082,0.3814119669856313,29.87599745465587,4.631824664406278
55.55555555555556,80.80808080808082,0.719756109861015,20.78828130227533,3.910439653062517
56.56565656565657,80.80808080808082,0.7813796826436208,34.52391972211171,4.573667367142378
57.57575757575758,80.80808080808082,0.8669038964623301,13.48872958966346,3.942991872628021
58.58585858585859,80.80808080808082,0.45265882230209376,25.42162197468352,4.195564561768165
59.5959595959596,80.80808080808082,0.7347278770755268,15.09216504076171,3.988103873831388
60.60606060606061,80.80808080808082,1.6687486824690883,21.52589804704229,5.96512576904548
61.61616161616162,80.80808080808082,0.6516961361223284,17.8512022259786,4.741033545608353
62.62626262626263,80.80808080808082,0.6670128772018129,28.99859170431787,3.930267868014842
63.63636363636364,80.80808080808082,0.5050343625051241,22.22009646594364,4.993328911344516
64.64646464646465,80.80808080808082,0.5424665245633513,11.14300562511639,4.526825165584774
65.65656565656566,80.80808080808082,0.6346994531116922,34.53261680660706,5.059425411446244
66.66666666666667,80.80808080808082,0.716338792962265,25.26781974330131,4.567088597386538
67.67676767676768,80.80808080808082,1.2165660632127546,12.40166247231679,3.666690330539681
68.68686868686869,80.80808080808082,0.8468222846478124,22.56430475533721,5.260346322206243
69.6969696969697,80.80808080808082,0.5221013163654868,20.11851617960723,4.305397728153011
70.70707070707071,80.80808080808082,1.3197530950130798,12.82348500609001,4.24318167693565
71.71717171717172,80.80808080808082,3.0048159664901863,18.20152999161673,1.850204070139474
72.72727272727273,80.80808080808082,1.8550692562470092,32.57509330586756,5.798371212263676
73.73737373737374,80.80808080808082,0.4888939519979645,27.48010311604514,4.736455681717321
74.74747474747475,80.80808080808082,0.7131182524072724,28.96418429629566,4.469332724879465
75.75757575757576,80.80808080808082,1.3439501940630976,18.41311948431152,3.070998930015469
76.76767676767678,80.80808080808082,0.7851945854781847,16.45717300228597,4.674564944748243
77.77777777777779,80.80808080808082,0.9227178068800053,15.11706641494996,4.204210636910679
78.7878787878788,80.80808080808082,1.400280262541115,18.48739340369558,5.894372943648611
79.7979797979798,80.80808080808082,1.4324700580906762,14.81030655605961,3.612057760428031
80.80808080808082,80.80808080808082,0.6251769782772877,23.99985908212548,3.493557677073168
81.81818181818183,80.80808080808082,0.4381756856308606,16.37716849449392,3.792012446976254
82.82828282828284,80.80808080808082,0.6893525292618118,15.93873656122545,4.713589152017773
83.83838383838385,80.80808080808082,0.8677503859928415,13.86262403397827,5.327817202759925
84.84848484848486,80.80808080808082,1.0596767360141421,14.78919476791844,4.063472183682582
85.85858585858587,80.80808080808082,2.2029574882821072,29.08974920447318,2.805133361211095
86.86868686868688,80.80808080808082,1.1792900862052147,20.40654661083823,4.901026285179955
87.87878787878789,80.80808080808082,0.4839082137115861,2.203424659194818,4.401897300393403
88.8888888888889,80.80808080808082,0.43023747265934464,30.01908827693594,4.750850441851281
89.89898989898991,80.80808080808082,0.5055331939896932,22.99049940042401,4.891587354672493
90.90909090909092,80.80808080808082,1.5533119682866368,18.48463694732465,5.82169771608199
91.91919191919193,80.80808080808082,0.9499691280223995,26.43031668898801,3.602563730533044
92.92929292929294,80.80808080808082,0.7774822343436774,30.77961133732749,4.522474728793851
93.93939393939395,80.80808080808082,0.6299052220455119,24.46315202052503,3.660694341327533
94.94949494949496,80.80808080808082,0.6329420998168059,19.54210495840379,4.062637205512315
95.95959595959597,80.80808080808082,1.4040651612878572,25.22668242188232,2.756399900758253
96.96969696969697,80.80808080808082,1.0694030031490538,20.61104484666556,4.075763569414456
97.97979797979798,80.80808080808082,0.7685206782691052,32.05192856935003,3.274883269562295
98.98989898989899,80.80808080808082,0.4505475050989618,28.71257469211106,3.677248156438557
100.0,80.80808080808082,0.523849445820165,22.02323892641509,4.730750284795667
0.0,81.81818181818183,0.5641114902541459,27.70310671186861,4.171841494812707
1.01010101010101,81.81818181818183,0.49377908680093296,27.72988559814259,3.933597444910492
2.02020202020202,81.81818181818183,0.9651851315302133,28.44097176581043,5.028658502315856
3.03030303030303,81.81818181818183,1.2700570148993562,29.10380665265707,5.361254687923305
4.040404040404041,81.81818181818183,0.685275643519952,26.79262525045267,4.20244009481456
5.050505050505051,81.81818181818183,1.0732684000403232,10.84789627356101,3.381113320152601
6.060606060606061,81.81818181818183,0.9741175294374861,12.5992690823614,4.607118993541131
7.070707070707071,81.81818181818183,1.0392693300846634,14.54898345619002,5.689037260874348
8.080808080808081,81.81818181818183,0.4330640524827485,12.945069962981,5.342157327259029
9.090909090909092,81.81818181818183,0.5903958335001511,36.9663775889745,5.63407184349605
10.1010101010101,81.81818181818183,0.5628605616018818,11.25208847119329,4.76531752872416
11.11111111111111,81.81818181818183,0.5489458326220251,22.58055691334832,4.722968861748599
12.12121212121212,81.81818181818183,0.38049852228028413,23.58448531705454,5.10009480777178
13.13131313131313,81.81818181818183,0.5531769214552114,26.94349183940126,4.272244904523441
14.14141414141414,81.81818181818183,0.8231479109747638,29.43114411868088,5.061305987244065
15.15151515151515,81.81818181818183,1.4256718428517763,20.62592717991782,5.698511882565979
16.16161616161616,81.81818181818183,1.136303968725369,31.6571338719959,3.516940314830766
17.17171717171717,81.81818181818183,1.6321450565528237,21.66868227809518,3.399721941283325
18.18181818181818,81.81818181818183,0.7314121312038439,11.634332410699,5.688459384483584
19.19191919191919,81.81818181818183,0.8163302640902486,28.99342412944707,5.774808591693174
20.2020202020202,81.81818181818183,0.6254282118149274,17.15123039688059,4.375692223990296
21.21212121212121,81.81818181818183,0.28010921299135505,17.49139399898669,3.743023636535246
22.22222222222222,81.81818181818183,0.578726293184459,27.97517774293541,3.688394725610277
23.23232323232324,81.81818181818183,0.6863520243890818,12.52971696182528,3.947030318578702
24.24242424242424,81.81818181818183,0.9517179266972179,28.48481790311003,5.038762387792087
25.25252525252525,81.81818181818183,0.45535183291070847,22.19707760222052,4.549436073876639
26.26262626262626,81.81818181818183,0.6750267622143975,21.70742174602091,5.283975172152628
27.27272727272727,81.81818181818183,0.7748640841745134,31.74900827544104,4.257436644580641
28.28282828282828,81.81818181818183,0.7166824245214656,16.31155410661783,5.168262193950738
29.29292929292929,81.81818181818183,0.506434523512952,13.69778191499613,4.434127213223559
30.3030303030303,81.81818181818183,0.20420616641422007,24.70429921823193,4.24359990578481
31.31313131313131,81.81818181818183,0.46636531733617503,22.12528961173042,4.057955759136187
32.32323232323233,81.81818181818183,1.0213506406607897,21.86846269867258,5.315799233493157
33.33333333333334,81.81818181818183,0.9380734353174254,31.84378750161839,3.760364234271953
34.34343434343435,81.81818181818183,0.7487046868286082,36.68904905117688,3.862566549518715
35.35353535353536,81.81818181818183,0.8885713440562484,18.27937658399457,5.160796638140916
36.36363636363637,81.81818181818183,0.3242089368368377,24.85994113251446,4.891758772732943
37.37373737373738,81.81818181818183,0.6955595878438344,36.86770038486101,4.432986460608541
38.38383838383839,81.81818181818183,0.45101218332378123,31.01478603441264,4.626415880315421
39.3939393939394,81.81818181818183,0.5979588846324886,25.31334607931193,4.710493095370558
40.40404040404041,81.81818181818183,0.7162654180027548,16.33544871992101,4.965523217067875
41.41414141414142,81.81818181818183,1.6130197101934347,23.29874897981825,3.793335875810399
42.42424242424243,81.81818181818183,1.3491838984865225,29.79799554848902,5.479869675018247
43.43434343434344,81.81818181818183,1.3449283740004128,23.1453990002204,6.206456489530023
44.44444444444445,81.81818181818183,0.6499756161015469,9.069911784299425,5.005167386326208
45.45454545454546,81.81818181818183,0.9964777581741626,19.9756912824717,4.107178231477368
46.46464646464647,81.81818181818183,1.0049242851181153,24.27229704943084,5.00412035333341
47.47474747474748,81.81818181818183,1.0233975944845959,27.34471762209716,3.368902002230088
48.48484848484848,81.81818181818183,1.8337395782372081,26.6347229956385,3.272621198399419
49.49494949494949,81.81818181818183,2.0999414178390428,37.71277610607628,5.784450184593077
50.50505050505051,81.81818181818183,0.9491669710131725,29.29712047762664,4.997462671276993
51.51515151515152,81.81818181818183,0.4170219527392389,22.34633155994795,4.140783051502382
52.52525252525253,81.81818181818183,0.5360051125278664,18.93038005425879,4.512994944662806
53.53535353535354,81.81818181818183,0.48352336892205305,28.71377849387507,5.173290540060644
54.54545454545455,81.81818181818183,0.3720294737550345,14.57843992113338,4.891232345962005
55.55555555555556,81.81818181818183,1.1471224686974602,16.86536031642118,5.234592715204105
56.56565656565657,81.81818181818183,1.1671363595091289,26.10777180671291,3.484661307705013
57.57575757575758,81.81818181818183,0.8463655943820727,28.904550535642,5.149231323081554
58.58585858585859,81.81818181818183,0.31732259600662327,7.564125637558901,4.788426291214143
59.5959595959596,81.81818181818183,0.3998012093695765,30.290660981242,4.684630372721649
60.60606060606061,81.81818181818183,0.7376865986558518,25.26965589000756,4.025094072293916
61.61616161616162,81.81818181818183,0.8369533391022472,27.28353248009376,4.34833450839637
62.62626262626263,81.81818181818183,1.339732957050117,31.62207795472737,3.27482614939355
63.63636363636364,81.81818181818183,0.950735997413356,15.53991668691142,5.216693168076667
64.64646464646465,81.81818181818183,0.2817892222306757,24.37300840388219,4.674843217666299
65.65656565656566,81.81818181818183,0.61222404413847,18.52543004943904,4.912081200750253
66.66666666666667,81.81818181818183,1.2731968640367564,28.34805876824896,3.52542023682151
67.67676767676768,81.81818181818183,1.3359988971669536,20.35363599210004,5.477100296485457
68.68686868686869,81.81818181818183,0.25084355557910865,36.73675075126559,5.137576730306399
69.6969696969697,81.81818181818183,0.6634802990762341,26.40944382170569,4.677579594716249
70.70707070707071,81.81818181818183,1.4823075415485831,9.932815125589535,5.757172314434819
71.71717171717172,81.81818181818183,1.5200442418086337,20.96093452599648,4.022120405586508
72.72727272727273,81.81818181818183,0.6397666559103308,14.86692049480173,5.061593924677497
73.73737373737374,81.81818181818183,0.528793657729598,26.45877335526551,5.176572392739583
74.74747474747475,81.81818181818183,0.6342073437220316,21.577819073665,4.283485171657888
75.75757575757576,81.81818181818183,1.0542904852775679,32.09309685353273,5.322814796673839
76.76767676767678,81.81818181818183,0.6787529909131877,21.84261858364266,5.360748702085952
77.77777777777779,81.81818181818183,0.8481753019185976,25.74375730074,3.919101365686566
78.7878787878788,81.81818181818183,0.5847429917528695,27.53298234456551,5.400775699463503
79.7979797979798,81.81818181818183,1.2192211864544054,20.05885335725297,5.547462941282506
80.80808080808082,81.81818181818183,0.9944938588215829,17.44338726337212,3.456438974622023
81.81818181818183,81.81818181818183,0.44362362470252226,14.56903553183506,3.9147296158773
82.82828282828284,81.81818181818183,0.40475974572959095,34.4406953702914,4.610962047597011
83.83838383838385,81.81818181818183,0.5313616399824823,32.15516637695902,4.319482295936856
84.84848484848486,81.81818181818183,0.7272448901291351,20.91203896661399,4.770735010281703
85.85858585858587,81.81818181818183,1.3563867907604443,26.89876819880996,5.498790469230311
86.86868686868688,81.81818181818183,0.9023565234740514,24.72001761053718,4.228406825913893
87.87878787878789,81.81818181818183,0.5732602557067711,17.64921321128646,4.828163119770124
88.8888888888889,81.81818181818183,0.5597813433516448,30.5698881656989,3.988867423680015
89.89898989898991,81.81818181818183,0.44532104986125465,24.86152064742552,4.248676853554237
90.90909090909092,81.81818181818183,0.9324724174495093,23.45231459005321,4.095755302038294
91.91919191919193,81.81818181818183,0.34507613261283565,31.16197148971912,3.766552561205342
92.92929292929294,81.81818181818183,0.40027580783693684,25.51332345459789,4.200197028466966
93.93939393939395,81.81818181818183,0.5076356848417508,26.78874876017579,4.485519205811808
94.94949494949496,81.81818181818183,0.6990686457622335,31.56913721082896,3.768824095561127
95.95959595959597,81.81818181818183,1.001235483705923,18.32605078940566,4.592114694124728
96.96969696969697,81.81818181818183,0.8022026628018175,10.96178803513584,5.1406233574834
97.97979797979798,81.81818181818183,1.0113227394781417,30.62003155969681,3.914310345050735
98.98989898989899,81.81818181818183,0.6248820930012837,14.73143801134992,3.971996065470096
100.0,81.81818181818183,0.5160302500109962,9.285445464439285,4.285141761353993
0.0,82.82828282828284,0.40657393642252043,20.23858036757599,3.678750481989377
1.01010101010101,82.82828282828284,0.22916824292270555,20.07166082534825,4.051060540748681
2.02020202020202,82.82828282828284,0.9117430048205085,43.50474589347204,4.415046554916476
3.03030303030303,82.82828282828284,1.2606246332008504,22.03112915348663,3.396027844140533
4.040404040404041,82.82828282828284,1.3110965554410263,22.71691966566546,4.926675226614538
5.050505050505051,82.82828282828284,1.2553168356141233,24.17768231402065,5.502780437361796
6.060606060606061,82.82828282828284,0.793932363615808,41.96163603438332,5.317945677293768
7.070707070707071,82.82828282828284,1.3446547061558867,27.40337997292755,4.126056345669968
8.080808080808081,82.82828282828284,1.2479145200800512,20.04687512322707,5.869018573249659
9.090909090909092,82.82828282828284,0.8543759110083231,20.33948204384693,4.694917094828539
10.1010101010101,82.82828282828284,0.41378559753867883,27.30058138036247,5.052343875059387
11.11111111111111,82.82828282828284,0.5451175957238881,28.40962087007055,5.268636488096931
12.12121212121212,82.82828282828284,0.7856401489762269,22.74485955845843,5.101663015972489
13.13131313131313,82.82828282828284,0.4102259245806028,33.16136477343446,4.135061312382608
14.14141414141414,82.82828282828284,0.8898687421841066,30.93886061298434,4.551333115417131
15.15151515151515,82.82828282828284,1.1191546269045964,27.05314744383183,4.251027406439864
16.16161616161616,82.82828282828284,1.752866752747482,19.68959430220229,5.06195391821341
17.17171717171717,82.82828282828284,1.9325116422664488,18.29461697531618,5.796729493227515
18.18181818181818,82.82828282828284,0.775010946964254,20.66159903926442,5.258034222464278
19.19191919191919,82.82828282828284,1.007052271228995,16.72426916268073,5.762974122872039
20.2020202020202,82.82828282828284,0.8237650579979152,20.05742296368287,3.984978125862803
21.21212121212121,82.82828282828284,0.8387690041714632,24.99951618843757,3.661534144701503
22.22222222222222,82.82828282828284,1.2423702900375093,20.5018366509558,5.272646352091254
23.23232323232324,82.82828282828284,0.7198949767267668,25.40513032765294,4.595868361905023
24.24242424242424,82.82828282828284,0.4993755504160228,32.10046924924116,3.878489623192535
25.25252525252525,82.82828282828284,0.7294968032929894,13.9306587540995,3.974765087857681
26.26262626262626,82.82828282828284,0.35246304085370417,10.96198387357155,4.371491294364795
27.27272727272727,82.82828282828284,0.28986908143928414,18.99848115353905,4.467493039199505
28.28282828282828,82.82828282828284,0.7172632236482123,12.02591601089052,5.316173410009886
29.29292929292929,82.82828282828284,0.7728161285179813,24.5526493627773,3.912831289672192
30.3030303030303,82.82828282828284,0.2739152217654267,28.34315752509546,4.528064700812633
31.31313131313131,82.82828282828284,0.19832182719839264,14.28689208541735,4.424057559094799
32.32323232323233,82.82828282828284,0.8597748882442194,24.54911971706374,4.171143874602768
33.33333333333334,82.82828282828284,0.7533598375567898,19.13232772303081,5.069263008766407
34.34343434343435,82.82828282828284,0.4139338280309395,28.25127880274486,4.527782212997634
35.35353535353536,82.82828282828284,0.26818425993665285,37.3457101882743,4.458140604814764
36.36363636363637,82.82828282828284,0.6098912147175691,23.46744235969926,4.457152820119906
37.37373737373738,82.82828282828284,1.6666300393633282,25.31090620645502,3.030999152356698
38.38383838383839,82.82828282828284,1.6972089167312656,33.62310155623724,6.016206226455843
39.3939393939394,82.82828282828284,1.8006284420366647,25.93853901501955,6.409338279453782
40.40404040404041,82.82828282828284,1.042682284967261,27.76393772878505,4.228465612605063
41.41414141414142,82.82828282828284,1.2663601345290771,4.750562614153184,5.104908396449882
42.42424242424243,82.82828282828284,1.2074130802959404,17.67895045979404,3.646864743009923
43.43434343434344,82.82828282828284,1.2057344554629568,20.95405740092696,4.225631340543672
44.44444444444445,82.82828282828284,1.0600658125033984,23.70636689874283,5.502899595589282
45.45454545454546,82.82828282828284,0.9567008961047163,18.17570378766127,4.290112545826053
46.46464646464647,82.82828282828284,1.109274752406539,18.72705521837482,4.253070058372525
47.47474747474748,82.82828282828284,1.5280793064417861,28.55887246941758,4.711576819996769
48.48484848484848,82.82828282828284,2.175416227071043,31.75335117043748,5.364043985630009
49.49494949494949,82.82828282828284,1.631422162558625,24.55281714190312,3.35529900926247
50.50505050505051,82.82828282828284,0.8998689420845539,32.66623315559109,3.566474159888724
51.51515151515152,82.82828282828284,0.47463959828657276,33.5613175348712,4.535381236043388
52.52525252525253,82.82828282828284,0.5526394670422892,16.23223261452831,4.236780923667141
53.53535353535354,82.82828282828284,0.7077822658750258,34.57887458534302,4.952149322819724
54.54545454545455,82.82828282828284,0.4469927414288757,22.52975356264479,4.287940695838333
55.55555555555556,82.82828282828284,0.6302857607302869,14.55574835617929,4.063547679297044
56.56565656565657,82.82828282828284,0.6963855531400515,8.064368713069657,3.64969926342853
57.57575757575758,82.82828282828284,0.9086720187570893,20.002057218654,5.30307920291236
58.58585858585859,82.82828282828284,0.36805677671103587,19.0770856881735,4.576598586993532
59.5959595959596,82.82828282828284,0.4605617480856863,23.51138447338194,4.823976492389467
60.60606060606061,82.82828282828284,0.9579598590653291,24.91782586258712,4.053032033635572
61.61616161616162,82.82828282828284,1.3884656098658612,25.22370012814088,5.906700032488102
62.62626262626263,82.82828282828284,1.002667362904713,25.27956485746148,4.96294088128679
63.63636363636364,82.82828282828284,0.9397548667224831,24.23395204414782,4.120830404248877
64.64646464646465,82.82828282828284,0.5268152757154627,13.57156450297292,4.874894121013156
65.65656565656566,82.82828282828284,0.4183809981688158,17.33389397223061,4.23442818190506
66.66666666666667,82.82828282828284,0.27549287887759055,26.16463838900611,4.238198308810818
67.67676767676768,82.82828282828284,0.6360623112588715,12.92660095437255,4.234718299606423
68.68686868686869,82.82828282828284,0.6190355004395081,12.81775955278841,5.056492801659016
69.6969696969697,82.82828282828284,0.6934242864733369,17.16814289402884,5.419729069149228
70.70707070707071,82.82828282828284,0.9721076864339424,15.38402531135117,4.156577414306538
71.71717171717172,82.82828282828284,0.881392842941074,21.33919428961147,5.155855609434708
72.72727272727273,82.82828282828284,0.4564820509739185,25.65709618598461,4.393756575775429
73.73737373737374,82.82828282828284,0.6094772767688387,34.59930902286585,4.509580161987236
74.74747474747475,82.82828282828284,0.4674680162230235,17.72324401677152,3.864920196088986
75.75757575757576,82.82828282828284,0.5634635950957548,32.75883720088422,4.434732252650003
76.76767676767678,82.82828282828284,1.1444358077561942,26.98907511419275,4.811501737582409
77.77777777777779,82.82828282828284,1.157462186203894,26.15640069415056,4.10337163196052
78.7878787878788,82.82828282828284,1.3152796502950317,28.94159972943332,5.183762552233073
79.7979797979798,82.82828282828284,1.1486954235284765,23.91839554344772,4.843694584798843
80.80808080808082,82.82828282828284,1.4419931316898276,25.96020235881115,4.84798109954145
81.81818181818183,82.82828282828284,1.3445691724217865,15.09546392760654,3.417475358943245
82.82828282828284,82.82828282828284,0.6982510901488949,22.08568192225602,5.139661742714747
83.83838383838385,82.82828282828284,0.744498628501238,25.48757713565457,4.693861483038716
84.84848484848486,82.82828282828284,0.9473547575548824,13.7083725117872,3.748326449657738
85.85858585858587,82.82828282828284,0.8918357012810996,21.235086591373,4.765339516472776
86.86868686868688,82.82828282828284,0.8108109436736102,36.53945907806605,5.295073523371389
87.87878787878789,82.82828282828284,0.7833510186955077,10.52340796197254,4.400439906266098
88.8888888888889,82.82828282828284,0.38101021217732944,18.57474586209964,4.366904652950998
89.89898989898991,82.82828282828284,1.071736844005807,18.97503499941698,3.523034136617638
90.90909090909092,82.82828282828284,1.9006188842130591,22.54179071353547,5.617578265443742
91.91919191919193,82.82828282828284,1.1779469835570833,10.1302363426799,3.313084069520874
92.92929292929294,82.82828282828284,0.5169489265757423,17.39390865148582,3.640338142052569
93.93939393939395,82.82828282828284,0.36156464761790585,34.43476269039276,4.689219793099014
94.94949494949496,82.82828282828284,0.8928729942671161,22.68375569065573,4.731299859844591
95.95959595959597,82.82828282828284,1.1032034108411897,32.89257450306479,3.794686814589784
96.96969696969697,82.82828282828284,0.8082334354620316,17.38578628514774,4.77149417013641
97.97979797979798,82.82828282828284,1.1908211280516208,0.0,6.036175494622836
98.98989898989899,82.82828282828284,1.09157286441952,31.76566790445172,5.805945112140434
100.0,82.82828282828284,0.741178935835768,30.9938973858856,5.074478292061411
0.0,83.83838383838385,0.9352629262351728,26.69800501551992,3.32442974430445
1.01010101010101,83.83838383838385,0.7199804794121639,26.65048608542849,4.113974343674215
2.02020202020202,83.83838383838385,2.006150949632475,10.13776560033215,6.065401901855393
3.03030303030303,83.83838383838385,1.067262312591846,28.68895215388655,3.923633439911216
4.040404040404041,83.83838383838385,1.88937653645534,23.96513878337351,2.513276729871674
5.050505050505051,83.83838383838385,1.434745198844488,30.58420715021186,3.364120182929784
6.060606060606061,83.83838383838385,1.071867774787739,19.28568318082117,4.229766998275
7.070707070707071,83.83838383838385,0.7075637787722739,20.08663630066379,5.006842695885646
8.080808080808081,83.83838383838385,0.7449721736526509,24.52005622846018,4.321285444920894
9.090909090909092,83.83838383838385,0.7292438635605811,17.12350726675415,3.748096458114726
10.1010101010101,83.83838383838385,0.6751867833644525,26.08033399443517,4.257947224508291
11.11111111111111,83.83838383838385,0.6475930016659363,24.78745801932031,4.017099816711695
12.12121212121212,83.83838383838385,1.2042625184090965,24.85736676979838,3.094245803982614
13.13131313131313,83.83838383838385,1.2808407395645194,27.5548011869266,4.014214712825433
14.14141414141414,83.83838383838385,1.2338410222643819,18.0314192399991,2.218408530519428
15.15151515151515,83.83838383838385,0.9766265543550999,11.10828467717436,2.333125595698407
16.16161616161616,83.83838383838385,1.5600236007028545,12.51033778394862,1.141202597393778
17.17171717171717,83.83838383838385,1.693718004906461,14.16877491567247,1.73716132188325
18.18181818181818,83.83838383838385,1.4293511661610605,25.59311290965304,3.632050767797564
19.19191919191919,83.83838383838385,1.2124723963748187,12.41817934040033,4.029535404194188
20.2020202020202,83.83838383838385,0.49613011628540493,13.02413152671645,4.787884281556436
21.21212121212121,83.83838383838385,0.8486737834852288,23.44122263791365,5.000564481002561
22.22222222222222,83.83838383838385,0.8436777782242328,27.70656265125168,4.175307015998176
23.23232323232324,83.83838383838385,0.6937936928597709,19.03832609284665,3.759283227222995
24.24242424242424,83.83838383838385,0.7533591085259783,19.05540382324747,3.854914389505629
25.25252525252525,83.83838383838385,1.5684588429572761,26.698339909472,5.82507964383842
26.26262626262626,83.83838383838385,0.4542584984895912,24.77612891837736,4.366850960079636
27.27272727272727,83.83838383838385,0.6690995695382875,24.5100505271719,4.472230854692687
28.28282828282828,83.83838383838385,0.5933530198805081,21.46177043221745,4.847054222624259
29.29292929292929,83.83838383838385,0.4094131805345632,19.73346769951334,4.464224348714616
30.3030303030303,83.83838383838385,0.14982529970877856,24.87704747126518,4.620020239988242
31.31313131313131,83.83838383838385,0.4592240249803444,34.81400155958613,4.494322241719892
32.32323232323233,83.83838383838385,1.5776316126440602,33.03421846611214,3.02773249917195
33.33333333333334,83.83838383838385,0.8447610618101767,4.48540213603796,4.804322362966112
34.34343434343435,83.83838383838385,0.37628039326651397,26.15968273357842,4.148384968304438
35.35353535353536,83.83838383838385,0.7293343057735551,25.9421386855687,4.158688991272032
36.36363636363637,83.83838383838385,0.8039604216356256,24.10024833782502,5.03497027391908
37.37373737373738,83.83838383838385,0.5567035192665858,26.94964199044426,3.884171259695815
38.38383838383839,83.83838383838385,0.7466011424380858,29.22348525437995,3.995500032768286
39.3939393939394,83.83838383838385,1.4928098463921007,14.95500334933051,3.479674415237005
40.40404040404041,83.83838383838385,0.5078405654067146,10.34074116986326,3.85210952789237
41.41414141414142,83.83838383838385,0.9084567131147759,27.96145674424259,3.685526816257834
42.42424242424243,83.83838383838385,0.7562253842225166,26.78002783148587,4.606701881211651
43.43434343434344,83.83838383838385,1.5866517295236642,18.96023379943661,5.211709160829789
44.44444444444445,83.83838383838385,1.7653089306206888,22.98115925967444,4.250423859647602
45.45454545454546,83.83838383838385,1.5185667691812137,22.15460225950219,1.896072812972631
46.46464646464647,83.83838383838385,1.085047952327622,19.24983246263111,1.062570592785027
47.47474747474748,83.83838383838385,1.157901899609279,12.67232147374097,1.05290833925379
48.48484848484848,83.83838383838385,1.161683511973119,18.94059648167557,1.415014006577207
49.49494949494949,83.83838383838385,1.3900732463311414,13.76347066771121,1.478681661352372
50.50505050505051,83.83838383838385,1.7034284010443583,34.51691722281463,4.554879190057753
51.51515151515152,83.83838383838385,0.48157066970383267,26.33857441374955,4.771834056117763
52.52525252525253,83.83838383838385,0.9956194169422053,15.86362446181035,3.316405788022478
53.53535353535354,83.83838383838385,0.9428208997096208,24.15467783918869,3.721738502694515
54.54545454545455,83.83838383838385,0.6135490937377498,20.6262813503558,4.584018367907483
55.55555555555556,83.83838383838385,1.0163825776984656,31.59096642800586,3.35169110469276
56.56565656565657,83.83838383838385,0.40440768971005603,22.74945057956819,4.202975164912875
57.57575757575758,83.83838383838385,0.6037675093481474,33.26274590674443,4.202099563117468
58.58585858585859,83.83838383838385,0.5917959824698849,27.70768849058005,4.290057705684763
59.5959595959596,83.83838383838385,0.5227125152889012,17.96871012512566,4.13939798386437
60.60606060606061,83.83838383838385,0.922638962445661,24.97025931616146,5.232321050948807
61.61616161616162,83.83838383838385,0.8750438169830774,18.13308408950599,4.708630267170231
62.62626262626263,83.83838383838385,0.4329250319029778,18.81992960827982,4.426255789800403
63.63636363636364,83.83838383838385,1.2076804384105546,23.03931274731552,5.187812913508827
64.64646464646465,83.83838383838385,0.7092040132905408,12.94358369693115,4.362213577370538
65.65656565656566,83.83838383838385,0.5809972992050093,29.40019614261264,4.586063089721277
66.66666666666667,83.83838383838385,0.5536050951203595,19.89978096377363,3.856255001399918
67.67676767676768,83.83838383838385,0.6332151904829199,20.95546137599809,4.711331036505888
68.68686868686869,83.83838383838385,1.3161660086594678,18.50170256112288,3.846445498091171
69.6969696969697,83.83838383838385,1.406324947695826,20.59342337062565,5.824888818276695
70.70707070707071,83.83838383838385,0.9383050990236275,25.34319712202563,4.13117141866991
71.71717171717172,83.83838383838385,0.42146933230228933,11.65627967765044,4.525396670306061
72.72727272727273,83.83838383838385,0.7689496355909828,10.47670524636199,4.113588340652909
73.73737373737374,83.83838383838385,0.6327910518690826,35.11209909109044,3.499146837774285
74.74747474747475,83.83838383838385,0.8074727220287802,20.15285708164278,3.62808512922506
75.75757575757576,83.83838383838385,1.1600216613981624,12.65720699673812,4.015541957784243
76.76767676767678,83.83838383838385,1.4383300589490322,19.81400956315894,1.867905061615471
77.77777777777779,83.83838383838385,0.943701399192372,19.6509825246507,1.44631417931334
78.7878787878788,83.83838383838385,1.0301814923579666,14.77495088074109,1.56011598599016
79.7979797979798,83.83838383838385,1.2746686735675579,9.272106126301033,1.297035729345436
80.80808080808082,83.83838383838385,2.1741877593806604,21.86869699848971,1.906342953042378
81.81818181818183,83.83838383838385,2.254101766851035,19.15686805284448,5.145805667326629
82.82828282828284,83.83838383838385,0.49190634202389005,26.96596007468077,5.043343720684437
83.83838383838385,83.83838383838385,1.257472948289544,22.46197806983712,5.9061415168848
84.84848484848486,83.83838383838385,1.2470782137237006,34.29583481309562,4.552788819057288
85.85858585858587,83.83838383838385,1.2652155153550668,20.41705120480497,3.478194737819564
86.86868686868688,83.83838383838385,1.0945231837283884,31.25256687740699,4.542864070138349
87.87878787878789,83.83838383838385,1.651386868593783,14.1893932395557,6.177951897123712
88.8888888888889,83.83838383838385,0.7086261541773322,20.36289647406348,4.098306803161123
89.89898989898991,83.83838383838385,0.37849383386157487,24.11405630729592,4.145924150544804
90.90909090909092,83.83838383838385,0.8399370935146906,21.30559430241811,3.935964016745924
91.91919191919193,83.83838383838385,1.0623135427687118,21.10836182465167,4.939655243610176
92.92929292929294,83.83838383838385,0.8664173911476475,28.43740946858098,3.772139238363002
93.93939393939395,83.83838383838385,0.7518843225440733,18.18669053464283,4.840816078491409
94.94949494949496,83.83838383838385,1.5035145075269418,29.71872721490701,6.361622960629207
95.95959595959597,83.83838383838385,1.1806507237374375,10.56134659181033,5.496652177618166
96.96969696969697,83.83838383838385,0.818614238458482,21.60056481409316,4.149178295668325
97.97979797979798,83.83838383838385,0.8070134872995682,23.80241893184525,4.889667838957282
98.98989898989899,83.83838383838385,1.1130595257902565,18.55582684675436,4.235299903694118
100.0,83.83838383838385,1.1236648580323745,22.43437932749591,5.777211748782273
0.0,84.84848484848486,0.9216725770312743,31.85968621318938,4.986353185955276
1.01010101010101,84.84848484848486,0.7660960065379613,32.33354459768884,4.190010300846394
2.02020202020202,84.84848484848486,0.8151277745632123,25.36404708306035,3.784349470389763
3.03030303030303,84.84848484848486,0.7725349093889202,21.19054431513499,4.112951922524198
4.040404040404041,84.84848484848486,1.2517440847662717,21.62475097738179,5.396184215852519
5.050505050505051,84.84848484848486,0.8130104275374088,30.44147415305014,5.247950455472397
6.060606060606061,84.84848484848486,0.8816274411744256,20.79857945473652,5.786336905451327
7.070707070707071,84.84848484848486,0.6317505751849686,34.01787748874277,5.493678512183667
8.080808080808081,84.84848484848486,0.48373787897424725,18.95470477313765,4.494694773431814
9.090909090909092,84.84848484848486,0.5938885108282519,23.15938274172463,4.635211522443504
10.1010101010101,84.84848484848486,1.1677673472850512,35.17298069906705,5.413599533224843
11.11111111111111,84.84848484848486,1.5804284854404063,17.89722729284081,4.192233731464527
12.12121212121212,84.84848484848486,1.071249041457176,12.41140651630954,2.127435863908003
13.13131313131313,84.84848484848486,0.7791054023265638,17.02480952980583,1.727473445273354
14.14141414141414,84.84848484848486,0.4378388749179554,8.778743488072324,1.526492273844587
15.15151515151515,84.84848484848486,0.6465138802415747,13.70980671794471,1.651161252503072
16.16161616161616,84.84848484848486,1.0000624487123102,17.10990442425256,0.6097412381960926
17.17171717171717,84.84848484848486,0.4934973596202258,20.17085584094659,1.961616999761044
18.18181818181818,84.84848484848486,0.55907645758119,7.512955015231475,1.833003640130975
19.19191919191919,84.84848484848486,1.4328802534631158,14.77060450252783,2.068918051131636
20.2020202020202,84.84848484848486,1.7033228421523068,14.24100228974838,4.577299048916822
21.21212121212121,84.84848484848486,0.8324327704370278,26.28928713120942,3.982837347813214
22.22222222222222,84.84848484848486,0.876918763549221,11.25378272337415,5.211397539022464
23.23232323232324,84.84848484848486,0.7949171029366956,33.75578087949947,5.186217912922236
24.24242424242424,84.84848484848486,0.6894068616581951,33.70003288062983,4.778979173307212
25.25252525252525,84.84848484848486,0.34768077572184297,11.23034050552305,4.829952766081628
26.26262626262626,84.84848484848486,0.7544917388718682,16.58820605593486,4.615636041381006
27.27272727272727,84.84848484848486,2.6015435389610952,32.56773838607223,6.663688054808032
28.28282828282828,84.84848484848486,1.5057635030088004,21.5212875362926,3.700414572329067
29.29292929292929,84.84848484848486,0.7606090514696452,20.73316183290646,5.011858246627177
30.3030303030303,84.84848484848486,0.7953394496426912,15.00955098466888,4.845872010105771
31.31313131313131,84.84848484848486,0.43579559139045243,38.63179808581999,4.319978565239898
32.32323232323233,84.84848484848486,0.9434505883792185,27.17683375619355,4.951667967975268
33.33333333333334,84.84848484848486,0.5274920006805541,26.20531039846821,4.122746019981537
34.34343434343435,84.84848484848486,0.5906655606386755,19.66846892362687,4.607867879048028
35.35353535353536,84.84848484848486,1.5438679938989426,29.21151686268055,5.889989295208879
36.36363636363637,84.84848484848486,0.7124931379805463,22.43657108542218,4.424026338046064
37.37373737373738,84.84848484848486,0.49228314686449415,15.63400188137925,3.772657077264325
38.38383838383839,84.84848484848486,0.6640123801527982,15.2325436073035,3.656956047307252
39.3939393939394,84.84848484848486,1.4962728876568314,27.51108652702041,5.632989206401985
40.40404040404041,84.84848484848486,0.7655533385018857,20.30614267895489,4.968097880516635
41.41414141414142,84.84848484848486,0.6618387417221332,34.529437974332,4.812214311936537
42.42424242424243,84.84848484848486,1.715761576987356,19.45858554123385,4.067819827095269
43.43434343434344,84.84848484848486,1.7799104402523065,4.187711822188103,1.417472643821576
44.44444444444445,84.84848484848486,0.8640755356870129,15.61760436094363,1.757300220963685
45.45454545454546,84.84848484848486,0.5678302823243276,27.06065808676891,1.403698735963774
46.46464646464647,84.84848484848486,0.7821496934090509,19.50796785015154,0.7560427227808784
47.47474747474748,84.84848484848486,0.5753324919016334,12.39732464187616,1.654079536093271
48.48484848484848,84.84848484848486,0.46498999267126734,13.44762064182193,1.143083259836115
49.49494949494949,84.84848484848486,0.6137356058262262,10.84263983493636,2.022492115286294
50.50505050505051,84.84848484848486,1.5202787456110451,9.934626042607048,2.02272301081474
51.51515151515152,84.84848484848486,1.4368706806306633,23.3772981236203,4.754387331532103
52.52525252525253,84.84848484848486,0.5841601037010915,15.12925792151436,4.517747337379314
53.53535353535354,84.84848484848486,0.662054038945978,34.65971520137646,4.994998701522785
54.54545454545455,84.84848484848486,0.15222410110700113,26.58911562829222,4.647529942361642
55.55555555555556,84.84848484848486,0.6341123516684052,27.31877299535739,4.621753517447501
56.56565656565657,84.84848484848486,0.4736958415018413,18.14394366778752,4.415170360253232
57.57575757575758,84.84848484848486,0.9254277020660358,34.93767625000525,5.427356216352463
58.58585858585859,84.84848484848486,1.778377376530149,13.78009826206937,6.132082889867846
59.5959595959596,84.84848484848486,0.5410875619734683,32.6653962854545,4.302086747590049
60.60606060606061,84.84848484848486,0.7308861840603851,25.97609641852173,4.33766806934241
61.61616161616162,84.84848484848486,2.0724791985343405,29.91305046135071,6.204670508636267
62.62626262626263,84.84848484848486,0.8787963929356922,37.5154874766748,4.27517235475313
63.63636363636364,84.84848484848486,1.5436340104371795,22.1747261087068,3.011230128973272
64.64646464646465,84.84848484848486,1.5712575264277853,21.3335280914025,5.636900238401054
65.65656565656566,84.84848484848486,0.7711705212568698,30.6988485472538,5.604759778052999
66.66666666666667,84.84848484848486,0.7435874485621862,27.16800301118927,4.103847951043127
67.67676767676768,84.84848484848486,0.5874788772122361,31.66211848474048,4.375044584994359
68.68686868686869,84.84848484848486,0.8754068389455991,29.08580234817599,5.057733370560957
69.6969696969697,84.84848484848486,1.0575123966943754,18.26711902202793,4.276909496413167
70.70707070707071,84.84848484848486,1.4022503368913448,21.63714321461488,5.771043167884854
71.71717171717172,84.84848484848486,0.9080584518739624,26.43654711704897,4.276011861514855
72.72727272727273,84.84848484848486,1.3975406250336753,17.30613227998626,5.882968815362544
73.73737373737374,84.84848484848486,2.1344340967500948,28.69562190935826,4.276497926708267
74.74747474747475,84.84848484848486,1.8886716037522824,17.29549992655734,1.151424427983823
75.75757575757576,84.84848484848486,0.8992186468043041,20.94307289568855,2.329739331785307
76.76767676767678,84.84848484848486,0.57542069901157,16.33782423388915,1.627409280257183
77.77777777777779,84.84848484848486,0.7027291585787683,8.917464930910967,0.8639587241699829
78.7878787878788,84.84848484848486,0.3986738521615314,13.18153126481945,1.439918646122751
79.7979797979798,84.84848484848486,0.800229623827085,12.19840117829765,1.976664087820594
80.80808080808082,84.84848484848486,1.5371373523980352,15.02179096376701,0.0
81.81818181818183,84.84848484848486,2.494926826305348,11.72289510145862,1.199653569232315
82.82828282828284,84.84848484848486,2.8752311819037004,12.45621515249748,5.949391323907132
83.83838383838385,84.84848484848486,1.385416267165593,24.18193741991826,4.304680251600582
84.84848484848486,84.84848484848486,1.8199344194866969,29.72090873646538,2.796885112627272
85.85858585858587,84.84848484848486,1.2185369166838083,22.13321225447869,5.11264860703011
86.86868686868688,84.84848484848486,0.5335988335597903,31.47622632406529,5.468990192514714
87.87878787878789,84.84848484848486,0.5358674013354876,16.26593668282571,5.064649334554147
88.8888888888889,84.84848484848486,0.4487356297164735,19.90728198273994,4.536951128734308
89.89898989898991,84.84848484848486,0.7400486910472346,25.75982098775477,4.779431990881377
90.90909090909092,84.84848484848486,1.057659232689099,18.67640530840746,3.471481252048111
91.91919191919193,84.84848484848486,0.8470593907066031,34.25712093486823,5.391131008484296
92.92929292929294,84.84848484848486,0.47846725320836525,23.72353505615864,4.869814861267578
93.93939393939395,84.84848484848486,0.46722075879081215,30.1636259122125,5.107273361009102
94.94949494949496,84.84848484848486,0.8331366771769679,31.0637797886094,4.363665696454895
95.95959595959597,84.84848484848486,0.35931406784738207,25.72150472491705,4.688459310657679
96.96969696969697,84.84848484848486,0.32639472061781793,29.06209414100902,4.713355949795372
97.97979797979798,84.84848484848486,0.9489659739031509,14.33187022251655,4.202979023976683
98.98989898989899,84.84848484848486,0.43382124717437875,22.71900999297544,4.92061301805751
100.0,84.84848484848486,0.7548833660955062,18.68790980752004,4.650862476494167
0.0,85.85858585858587,0.5605195406730598,24.16806634886868,4.679601781621162
1.01010101010101,85.85858585858587,1.924416221205958,2.873000008272847,5.976354654260547
2.02020202020202,85.85858585858587,1.3588621689149263,12.79806078011557,3.53915408619361
3.03030303030303,85.85858585858587,1.151894405005419,17.28661593288,5.401938332004141
4.040404040404041,85.85858585858587,0.45770126658025934,23.17528629765473,4.70358141647672
5.050505050505051,85.85858585858587,0.29268355600478935,19.10341769143634,4.566359228224426
6.060606060606061,85.85858585858587,0.3856551236279915,11.11749074009941,4.64744189117654
7.070707070707071,85.85858585858587,0.39013898259717084,33.52637655506757,4.745154159761327
8.080808080808081,85.85858585858587,0.34522231033863027,31.63388845270667,5.116736473054339
9.090909090909092,85.85858585858587,0.6689875491357147,20.87558726459243,5.204745741634704
10.1010101010101,85.85858585858587,2.044230923856985,15.28948946776721,3.897936265342847
11.11111111111111,85.85858585858587,1.6089314577837177,21.29925373110207,1.331817373772575
12.12121212121212,85.85858585858587,0.4214259742799143,5.452193071961508,1.274009924345083
13.13131313131313,85.85858585858587,0.5527642215490356,13.53559812618084,1.498736693582594
14.14141414141414,85.85858585858587,0.6073006336155364,20.20296444693762,0.7927031809348587
15.15151515151515,85.85858585858587,0.6897847117955722,12.78990245068957,0.9131590676975726
16.16161616161616,85.85858585858587,0.47015304353323073,22.92585709604602,1.685233897975717
17.17171717171717,85.85858585858587,0.20691806825604975,9.837771807881493,1.692572360352955
18.18181818181818,85.85858585858587,0.5563544140644758,14.7579493575123,1.905734572158416
19.19191919191919,85.85858585858587,0.6641703833639967,14.76251608402377,1.042309799127572
20.2020202020202,85.85858585858587,1.7977479009020314,11.6694515618794,1.077435611836003
21.21212121212121,85.85858585858587,1.799197900276104,27.140962916013,4.471819404059121
22.22222222222222,85.85858585858587,0.7010945328868295,30.14018282600797,3.993552825159345
23.23232323232324,85.85858585858587,0.9071410514751729,26.53002150947737,3.865902552589946
24.24242424242424,85.85858585858587,1.2602833536213924,31.20046442886917,3.403628842865454
25.25252525252525,85.85858585858587,0.5484492558291831,24.36855595135066,4.699646858426086
26.26262626262626,85.85858585858587,0.7455983350912881,12.60559697957372,4.108822905322552
27.27272727272727,85.85858585858587,1.469157843357488,24.62242586856583,3.46029659498499
28.28282828282828,85.85858585858587,0.6724521067533229,29.23648699547052,4.302111777292002
29.29292929292929,85.85858585858587,0.9622364355129279,20.36410669417661,3.994485849480671
30.3030303030303,85.85858585858587,1.7067479082934975,16.6556718791039,2.582245663039814
31.31313131313131,85.85858585858587,0.7974660528855465,6.381409978589032,3.908722723759325
32.32323232323233,85.85858585858587,0.6949201126830588,31.10690484830308,4.562412433990815
33.33333333333334,85.85858585858587,0.5077417145584615,28.13653708844917,4.008398167304119
34.34343434343435,85.85858585858587,0.6879378368889184,25.63438187780461,4.743803935631798
35.35353535353536,85.85858585858587,0.678540078846507,25.6733438223877,4.19390199687362
36.36363636363637,85.85858585858587,0.4185941850625883,26.49938434470017,4.545722736150679
37.37373737373738,85.85858585858587,1.082323299615368,9.797360793748384,4.863205191552
38.38383838383839,85.85858585858587,0.8110825959634814,23.53586371826907,3.431184701208899
39.3939393939394,85.85858585858587,0.722176534857933,25.54860141908323,4.442136931919721
40.40404040404041,85.85858585858587,0.9308910376748181,31.00739209900637,3.842647773598805
41.41414141414142,85.85858585858587,1.788666476949289,18.80749999945739,4.191824894148073
42.42424242424243,85.85858585858587,1.5154252040953926,14.62653932134092,1.138397241377189
43.43434343434344,85.85858585858587,0.24762261933724666,7.049373276650462,1.082242160236366
44.44444444444445,85.85858585858587,0.3874304308677582,16.98319838500522,1.48755077904157
45.45454545454546,85.85858585858587,0.6665271023421813,23.34329631602909,2.181388290069421
46.46464646464647,85.85858585858587,0.7244032409609926,6.898768207264201,2.032420799917645
47.47474747474748,85.85858585858587,0.3661799533455673,11.9078302922046,1.362953854895767
48.48484848484848,85.85858585858587,0.436429008648616,22.38359415849501,1.340707352072757
49.49494949494949,85.85858585858587,0.5074773898401019,0.820778116155136,0.9909998968939361
50.50505050505051,85.85858585858587,0.4892981071684567,19.932739956069,1.205659423859382
51.51515151515152,85.85858585858587,1.4980508179401477,18.59740893416061,1.992655648465262
52.52525252525253,85.85858585858587,1.2179465023244584,25.47521014353707,4.096339830228043
53.53535353535354,85.85858585858587,0.43725600946570076,14.49088814201725,4.444762867871756
54.54545454545455,85.85858585858587,0.9548716420490121,27.98668328125231,4.819669588260203
55.55555555555556,85.85858585858587,1.3516820648296672,23.33577010021411,3.58772610563703
56.56565656565657,85.85858585858587,0.5710128304580345,26.25585642014066,4.878989517626741
57.57575757575758,85.85858585858587,0.8289978330567908,32.95786167474924,4.667814590937928
58.58585858585859,85.85858585858587,1.711108866147844,21.42977259578132,3.395321383723513
59.5959595959596,85.85858585858587,0.45541922098455745,17.27310627377381,4.438170767728085
60.60606060606061,85.85858585858587,0.8771055357455921,22.62521488081127,4.463976062931335
61.61616161616162,85.85858585858587,1.707226228916287,24.04099206644904,3.207294549141932
62.62626262626263,85.85858585858587,1.1045466517180622,22.32740183541367,4.445834111785632
63.63636363636364,85.85858585858587,0.697177284989714,20.86969706307802,3.119571050978794
64.64646464646465,85.85858585858587,1.5183608756934106,26.56821179696714,3.284367363496267
65.65656565656566,85.85858585858587,1.0274892702162535,29.85152337006394,5.07182666871517
66.66666666666667,85.85858585858587,0.899908916698863,28.23857829724097,5.058496334687558
67.67676767676768,85.85858585858587,1.6726715596521684,30.58776271522526,3.315300947174773
68.68686868686869,85.85858585858587,0.6212982323303304,29.08944039550333,4.230906546962734
69.6969696969697,85.85858585858587,0.2460725547613154,23.43321583413791,4.684022215707665
70.70707070707071,85.85858585858587,0.834744961885167,25.53997753484454,4.791078547376106
71.71717171717172,85.85858585858587,0.8456548939825341,19.98911856581158,3.9951511230279
72.72727272727273,85.85858585858587,2.478267362422078,33.83433388259108,5.275614632439444
73.73737373737374,85.85858585858587,2.027580441454763,6.678421762094334,1.247657016020589
74.74747474747475,85.85858585858587,1.1142918607456005,15.52146473006043,0.3767871167418575
75.75757575757576,85.85858585858587,0.685083741364112,17.76534619337181,2.299312325896634
76.76767676767678,85.85858585858587,0.5300288814482856,15.71686322903028,2.222815687329851
77.77777777777779,85.85858585858587,0.4645767710281673,13.81507084903438,1.753109425301731
78.7878787878788,85.85858585858587,0.26115276130693404,7.385726146586181,1.801711351250856
79.7979797979798,85.85858585858587,0.2967329997823375,17.25558247067482,1.984544695135338
80.80808080808082,85.85858585858587,0.7504722407155741,13.91195816990984,1.065888799496854
81.81818181818183,85.85858585858587,0.28602944519939577,13.02010402915531,1.283817452452262
82.82828282828284,85.85858585858587,1.7888306108605394,11.16057670887486,1.748963026496391
83.83838383838385,85.85858585858587,1.4600224667712585,26.12208478500419,3.516982659502288
84.84848484848486,85.85858585858587,1.0623885424965231,19.18965681059994,4.497160450767895
85.85858585858587,85.85858585858587,0.4220521115225433,27.53212423678312,4.545059889392864
86.86868686868688,85.85858585858587,0.5723823872796162,29.1834841665549,5.021403424097089
87.87878787878789,85.85858585858587,0.2969058170074266,20.95960628908415,4.966521355562168
88.8888888888889,85.85858585858587,0.5580919758661906,19.23979594019445,5.123070254060109
89.89898989898991,85.85858585858587,0.9576096617978749,14.97661717506327,5.555687313753408
90.90909090909092,85.85858585858587,0.8067070933118865,25.93433010879453,4.010034922837244
91.91919191919193,85.85858585858587,0.48051834431629814,27.35386513529654,4.895335114184905
92.92929292929294,85.85858585858587,0.5049166774403858,10.13962109379753,4.927233604238221
93.93939393939395,85.85858585858587,0.40097117964861817,17.85938249540081,4.485913772659277
94.94949494949496,85.85858585858587,0.2889964839047461,28.4500728024261,4.629853862231463
95.95959595959597,85.85858585858587,0.43384039836938537,27.13146343049132,4.409086159569115
96.96969696969697,85.85858585858587,0.5192586343583421,24.86944358316833,4.919483613183215
97.97979797979798,85.85858585858587,1.320976768981361,17.41856799256939,6.084143184709172
98.98989898989899,85.85858585858587,0.9232109717524755,30.09639099152859,4.858025679367556
100.0,85.85858585858587,0.698835459141972,31.73485413103639,3.782312192059097
0.0,86.86868686868688,0.6251662173533313,25.28241247925542,4.601547436575482
1.01010101010101,86.86868686868688,1.5474437924694726,29.12779510639891,3.798987563557189
2.02020202020202,86.86868686868688,0.5708095274914716,14.83673696094508,4.429422563779695
3.03030303030303,86.86868686868688,0.3717480279713583,19.090767950615,4.64448828280036
4.040404040404041,86.86868686868688,0.3734980395334824,21.36223682096656,5.006204579642243
5.050505050505051,86.86868686868688,0.656081642361712,34.04752660542492,4.295521082657647
6.060606060606061,86.86868686868688,0.21849836333042827,19.25136251049547,4.422511342476262
7.070707070707071,86.86868686868688,0.22972170771580092,24.49562445955056,4.402417163672783
8.080808080808081,86.86868686868688,0.5618328758038347,35.96225287841875,4.81748051319572
9.090909090909092,86.86868686868688,3.025460777709446,23.3781561146486,5.916342974114142
10.1010101010101,86.86868686868688,2.159644536506004,11.81968954597845,1.109604205659033
11.11111111111111,86.86868686868688,0.9890383306242344,18.46296515772056,0.3804342413274201
12.12121212121212,86.86868686868688,0.9747201659297107,14.75041806809863,0.7242661854533486
13.13131313131313,86.86868686868688,1.2240314532236067,8.682356220092984,2.55029654620273
14.14141414141414,86.86868686868688,0.5924398507281263,19.51415778352392,1.661627223076827
15.15151515151515,86.86868686868688,0.6589373573781437,15.19182673174066,2.041765013033504
16.16161616161616,86.86868686868688,0.194128794746614,11.50549742169544,1.659527676277801
17.17171717171717,86.86868686868688,0.4446674751287244,17.16176055332581,1.354445400919544
18.18181818181818,86.86868686868688,0.7392692160581242,12.64449535689043,0.8296348327642586
19.19191919191919,86.86868686868688,0.7760530307025346,16.1950201051955,1.77383249484022
20.2020202020202,86.86868686868688,0.38086148968822775,16.50351872725123,1.33905417343176
21.21212121212121,86.86868686868688,1.8384613732846682,14.89452536019069,1.636660230323507
22.22222222222222,86.86868686868688,1.9801963361210246,21.19735662216319,4.974169391374369
23.23232323232324,86.86868686868688,1.0158177834093491,18.76026472135497,5.584227415864457
24.24242424242424,86.86868686868688,0.7434091086656094,21.47503990718194,5.311120201624142
25.25252525252525,86.86868686868688,0.8412864420282513,23.37692193589017,4.522997711429062
26.26262626262626,86.86868686868688,1.2445407286658767,32.68369248485249,2.872592964456949
27.27272727272727,86.86868686868688,1.026334400951313,28.09772129239551,4.643195015947325
28.28282828282828,86.86868686868688,0.6355136885141597,25.01602133010984,5.240781889224015
29.29292929292929,86.86868686868688,0.5005263873126756,33.26417432256267,5.106193080133689
30.3030303030303,86.86868686868688,0.8583760516530717,21.16784164834046,4.406893701987479
31.31313131313131,86.86868686868688,0.6178722602548389,27.5021466071128,4.707164322869937
32.32323232323233,86.86868686868688,1.1663000202469944,19.85473995139203,5.74513337382041
33.33333333333334,86.86868686868688,0.8043829039666985,26.69322809816151,4.635597137846172
34.34343434343435,86.86868686868688,1.5404338026671265,18.68213404718537,6.074311519517845
35.35353535353536,86.86868686868688,0.9037221828770831,16.56434231364459,4.310252335889155
36.36363636363637,86.86868686868688,1.2150101716840043,34.7007500554566,5.429099883618037
37.37373737373738,86.86868686868688,1.1889862868598526,11.69138732492775,3.373963053122625
38.38383838383839,86.86868686868688,1.1408772023864597,25.46447975287712,2.855598384507249
39.3939393939394,86.86868686868688,0.8060630269436317,19.26002890405836,4.35472445600199
40.40404040404041,86.86868686868688,2.7539343944041614,24.84497945376182,5.492095538510063
41.41414141414142,86.86868686868688,2.0154510781691317,18.12435064665543,1.060153177459534
42.42424242424243,86.86868686868688,0.1583917010047965,8.89658937846501,1.161092738128972
43.43434343434344,86.86868686868688,0.3643139503015573,13.98824971708939,1.276038454054116
44.44444444444445,86.86868686868688,0.5274294134434687,5.257930090115873,1.668376930757433
45.45454545454546,86.86868686868688,0.4298076743231192,8.826554552136528,1.13577443598597
46.46464646464647,86.86868686868688,0.45790373188641303,12.29468834722258,1.229620348384096
47.47474747474748,86.86868686868688,0.4555535425241043,18.9670352692421,1.844834539235644
48.48484848484848,86.86868686868688,1.2402621363078405,19.10846797698547,2.516845336428748
49.49494949494949,86.86868686868688,1.22232381659028,19.40175045108417,0.5569495380701531
50.50505050505051,86.86868686868688,0.436039637155065,17.39279435647496,1.344132514006525
51.51515151515152,86.86868686868688,0.3981959792383178,9.818257450990385,1.652864466140173
52.52525252525253,86.86868686868688,1.3089768427622122,15.14482942083831,2.098068547487974
53.53535353535354,86.86868686868688,1.2842961064181457,18.32073636522131,3.969304421692142
54.54545454545455,86.86868686868688,1.9294447807688466,6.710015324586425,2.779172868974338
55.55555555555556,86.86868686868688,1.319945730460455,29.88835911403064,5.437220058532345
56.56565656565657,86.86868686868688,0.9383916896528982,33.12074484129351,5.196783343406846
57.57575757575758,86.86868686868688,1.1862904057412782,25.59354184676655,3.595033018028528
58.58585858585859,86.86868686868688,1.055630374339204,27.21510884539349,5.187652750951568
59.5959595959596,86.86868686868688,1.0965327285241453,29.73196479359311,5.055108952320456
60.60606060606061,86.86868686868688,2.4201709479717026,30.85555520037556,2.364348722530546
61.61616161616162,86.86868686868688,1.3521542556180206,28.03425289190169,4.543602428879642
62.62626262626263,86.86868686868688,1.522215718417045,27.07564341927936,2.763111885396422
63.63636363636364,86.86868686868688,1.001744429633813,32.8434905051958,4.308879895607817
64.64646464646465,86.86868686868688,1.4551309895794882,26.50160264287947,5.053022373628747
65.65656565656566,86.86868686868688,1.5473418002403032,21.92405882483349,3.2955923364345
66.66666666666667,86.86868686868688,1.4525496999256209,26.08279641969512,5.946957896298182
67.67676767676768,86.86868686868688,1.6535534830312582,19.76261343580737,6.287442560663115
68.68686868686869,86.86868686868688,0.6566899676065028,13.19139494973149,4.520551384152941
69.6969696969697,86.86868686868688,0.4390416521535242,19.77792007563481,4.667016716370273
70.70707070707071,86.86868686868688,1.8059001133894017,17.17657106023701,3.335047076360833
71.71717171717172,86.86868686868688,2.3132224340666028,22.61150974643218,5.020519026711333
72.72727272727273,86.86868686868688,2.042283621539611,9.26531748797094,1.278320491504631
73.73737373737374,86.86868686868688,0.260856395623069,21.85376515250241,1.430310355454378
74.74747474747475,86.86868686868688,0.7348857059209981,14.2890036718354,1.265922140048786
75.75757575757576,86.86868686868688,1.4658286012080473,21.41219812146945,3.01019843774285
76.76767676767678,86.86868686868688,0.735278715294085,19.90900666322226,1.24430946920428
77.77777777777779,86.86868686868688,0.33377116009267077,11.73695406682277,1.302261230298055
78.7878787878788,86.86868686868688,0.27856673179041647,16.33754736361633,1.350328280984832
79.7979797979798,86.86868686868688,0.24239012213202493,15.22798872195416,1.906982542843698
80.80808080808082,86.86868686868688,0.28102540896982625,22.87030198723674,1.865304414268404
81.81818181818183,86.86868686868688,0.47526146761191185,15.71743199774546,1.660697123030361
82.82828282828284,86.86868686868688,0.5098771394448678,15.56600245843336,1.027234087515
83.83838383838385,86.86868686868688,1.8528891920404456,17.31007242221856,1.212787808787053
84.84848484848486,86.86868686868688,2.798135344767082,35.19988331952264,6.018362052722789
85.85858585858587,86.86868686868688,0.7837802280929854,23.30124682611597,5.141436644516598
86.86868686868688,86.86868686868688,0.929726389219304,24.13123218873093,3.710686246635395
87.87878787878789,86.86868686868688,0.40217424285004466,18.69384274262188,4.088457033557303
88.8888888888889,86.86868686868688,0.6062945592069665,32.00664455528658,4.065987434112388
89.89898989898991,86.86868686868688,0.4449303772166868,33.38701115011058,4.479773440043402
90.90909090909092,86.86868686868688,0.3567997065510764,20.3030304854398,4.267357043031832
91.91919191919193,86.86868686868688,0.4342433280929193,20.98819420239118,4.38625631262008
92.92929292929294,86.86868686868688,1.0223345602689677,23.66226916169122,3.438203959079582
93.93939393939395,86.86868686868688,0.677555738574135,22.86253873478451,4.883178981752795
94.94949494949496,86.86868686868688,0.5685670215534598,22.56750629735448,5.154943839839345
95.95959595959597,86.86868686868688,1.1649608870525139,22.90635751981849,3.684262873456586
96.96969696969697,86.86868686868688,0.730069630464264,23.80302234223602,4.723633764277746
97.97979797979798,86.86868686868688,0.9145758749372331,19.2020594241106,5.072177346383789
98.98989898989899,86.86868686868688,1.186533160027953,26.23385227114024,3.529600123697682
100.0,86.86868686868688,0.10439355351231194,13.96513479403794,3.630069586376709
0.0,87.87878787878789,0.7784798602996522,27.76521832423985,5.596431870571502
1.01010101010101,87.87878787878789,1.5392451170308579,26.69008663200426,6.378400769490923
2.02020202020202,87.87878787878789,0.7027430626830764,22.24448645013834,4.976891476916325
3.03030303030303,87.87878787878789,0.3971094176830383,19.05191325598427,4.491728235981256
4.040404040404041,87.87878787878789,0.5234159859635352,39.2241438781729,4.887235378500316
5.050505050505051,87.87878787878789,0.9556306551673406,23.09849445523966,5.811335749734504
6.060606060606061,87.87878787878789,0.4439312466201588,27.46242538239263,4.924489808475602
7.070707070707071,87.87878787878789,0.3033268152418467,17.33287196431431,4.543409470121025
8.080808080808081,87.87878787878789,1.6396665354510704,18.06686320462703,4.383330780280359
9.090909090909092,87.87878787878789,2.8462953359350474,19.89463353764246,0.4316983251293238
10.1010101010101,87.87878787878789,0.705170686659782,15.8575331824458,0.7952668521055517
11.11111111111111,87.87878787878789,1.2172137330470758,15.97613116136403,2.312202522921661
12.12121212121212,87.87878787878789,0.5546745363139511,12.14757403522748,1.903540805405147
13.13131313131313,87.87878787878789,0.8506932960284835,22.93812043062072,1.420430269803723
14.14141414141414,87.87878787878789,0.5029574330316005,8.909229102510668,1.893655470764784
15.15151515151515,87.87878787878789,0.49042838658981763,19.3569143695228,1.29699665556924
16.16161616161616,87.87878787878789,0.26301186062955223,15.77285368076319,1.723017021452381
17.17171717171717,87.87878787878789,0.6277160519746254,20.20744607010967,1.965095498487488
18.18181818181818,87.87878787878789,0.70969297006312,3.531444453485429,0.4176659381571654
19.19191919191919,87.87878787878789,0.48697165285118366,21.30799591522259,0.780119051227151
20.2020202020202,87.87878787878789,0.5726963892749088,13.00473847168523,0.809611154574813
21.21212121212121,87.87878787878789,0.9371959171594602,8.885037700281849,2.520231331783956
22.22222222222222,87.87878787878789,1.5515902632672762,20.12896398863198,1.981567798646244
23.23232323232324,87.87878787878789,1.8793075491447355,26.23809345955829,4.122446384231974
24.24242424242424,87.87878787878789,0.7743863711912866,29.32536890972782,5.316035573092496
25.25252525252525,87.87878787878789,1.175050506590694,26.87722130036716,3.773028327480274
26.26262626262626,87.87878787878789,1.0947581313445298,13.17934638643479,2.551666789121534
27.27272727272727,87.87878787878789,0.7487957763601346,27.57693511933387,4.088944757871475
28.28282828282828,87.87878787878789,0.521820120876834,15.05411655613875,4.369572929466407
29.29292929292929,87.87878787878789,0.4168507926604812,20.77979086914764,5.162703211494837
30.3030303030303,87.87878787878789,0.6295493264246399,19.25066534364995,5.016179870623433
31.31313131313131,87.87878787878789,0.35146913958564663,33.73640155113932,5.041972092945749
32.32323232323233,87.87878787878789,0.7824399775486559,14.95935221342876,4.41015951958674
33.33333333333334,87.87878787878789,0.21681904493179904,23.63597190601387,4.677679165525
34.34343434343435,87.87878787878789,1.1678228069715504,7.619235493223531,4.445857458035752
35.35353535353536,87.87878787878789,0.911989718557844,35.52100846107423,3.69462067475393
36.36363636363637,87.87878787878789,0.9917350575922892,18.69967368060243,4.626420722573674
37.37373737373738,87.87878787878789,0.5398720656374839,22.65330525819401,4.067164563021872
38.38383838383839,87.87878787878789,0.985641719586793,7.255853726919258,4.82603013724132
39.3939393939394,87.87878787878789,1.2872019569514823,18.06176189987163,3.854381978148008
40.40404040404041,87.87878787878789,1.7110345026265055,12.47638256546362,1.695119169363278
41.41414141414142,87.87878787878789,0.28691412517778,11.3715591161483,1.457403851727554
42.42424242424243,87.87878787878789,0.35952549369150205,25.33269586620419,1.556078768801793
43.43434343434344,87.87878787878789,0.6078534526899435,11.10556489475391,2.032213768814134
44.44444444444445,87.87878787878789,1.1379462304024999,17.97159728305463,2.672327461340665
45.45454545454546,87.87878787878789,0.7846283803928913,16.65606846339446,1.088605999946533
46.46464646464647,87.87878787878789,0.3618595547877641,6.347940346297911,0.9098659756216669
47.47474747474748,87.87878787878789,0.49129075800977123,20.4100937944159,1.791726041523756
48.48484848484848,87.87878787878789,0.8737894992062707,11.1147805577539,1.363841371105075
49.49494949494949,87.87878787878789,1.2878817630315247,10.48012919931099,2.265115671312524
50.50505050505051,87.87878787878789,0.6222249014385914,21.08958553629047,0.8343619836034277
51.51515151515152,87.87878787878789,0.34308281123704565,9.650951252222269,1.15380776499344
52.52525252525253,87.87878787878789,0.534355964006928,10.93772037214211,1.176872414731163
53.53535353535354,87.87878787878789,1.4221668916587036,19.11801965026119,2.368945869121144
54.54545454545455,87.87878787878789,1.7789668359660296,19.53459870254969,4.608276530488047
55.55555555555556,87.87878787878789,0.8661884837474545,3.423901928455241,4.905414994269347
56.56565656565657,87.87878787878789,1.1742712995421538,16.29124913066041,3.603197451079175
57.57575757575758,87.87878787878789,0.42216916993179543,18.42873008451236,4.073043009782882
58.58585858585859,87.87878787878789,0.43059461393858944,24.4489419184249,4.482626152376961
59.5959595959596,87.87878787878789,0.8300076033044708,27.5775626088689,4.109220251237268
60.60606060606061,87.87878787878789,1.1208577953718404,34.46810780131,5.075391237877563
61.61616161616162,87.87878787878789,0.4467522825054858,10.87563897511797,4.431037535977585
62.62626262626263,87.87878787878789,0.5181552954351165,22.86625921720569,3.842993978980776
63.63636363636364,87.87878787878789,0.3169116759082655,18.99484637528896,3.781121509933914
64.64646464646465,87.87878787878789,0.7927935239335446,27.57278390836679,3.502725940658451
65.65656565656566,87.87878787878789,0.36068531277390126,14.99763412354607,3.299929608057114
66.66666666666667,87.87878787878789,1.0446020554956408,15.50840563397953,4.017070882434936
67.67676767676768,87.87878787878789,0.7474543380848147,25.30316110395377,4.75274608290153
68.68686868686869,87.87878787878789,0.2131372190596943,15.22550393811176,4.944309908661239
69.6969696969697,87.87878787878789,0.8628298876292803,18.1840178749085,4.927742853420206
70.70707070707071,87.87878787878789,3.095375467052383,20.86554473034446,6.085174468543228
71.71717171717172,87.87878787878789,2.1419521312367578,16.5288324389631,2.220667679685556
72.72727272727273,87.87878787878789,0.843959676832962,21.64780923949476,1.000668545437447
73.73737373737374,87.87878787878789,0.5913294347231299,13.5698340931031,1.974704519157526
74.74747474747475,87.87878787878789,0.20896380429749428,15.50049595576502,1.407665427326194
75.75757575757576,87.87878787878789,0.5489052255400717,17.48769018885001,1.367935410989511
76.76767676767678,87.87878787878789,0.3458618887339308,13.73786818359281,1.105541555785856
77.77777777777779,87.87878787878789,0.9209462171586664,16.51805295673738,2.08047886388451
78.7878787878788,87.87878787878789,0.36657694149787523,10.24799165305823,1.408490825334831
79.7979797979798,87.87878787878789,0.20126808516050776,6.740242351096079,1.613316597041398
80.80808080808082,87.87878787878789,0.4831425706377019,19.69270995107952,1.786903812973986
81.81818181818183,87.87878787878789,0.6044609978606572,14.90834802335976,0.9746012499142169
82.82828282828284,87.87878787878789,0.3651903376271738,12.70717087462994,1.525996949525666
83.83838383838385,87.87878787878789,0.262292029624522,7.896920411996966,1.329021761025811
84.84848484848486,87.87878787878789,2.089593051601225,25.41253404030629,2.02952192775128
85.85858585858587,87.87878787878789,1.9664634938581655,38.78442544169521,4.910368293355783
86.86868686868688,87.87878787878789,0.533129700719481,21.21195893907169,4.310353441247806
87.87878787878789,87.87878787878789,0.5553916023817703,24.61920177055791,4.418849296585793
88.8888888888889,87.87878787878789,1.2040252089596348,21.53107861575533,3.134147622608173
89.89898989898991,87.87878787878789,0.6585361948351408,24.89702522459924,4.402168207829246
90.90909090909092,87.87878787878789,0.6201054450200276,22.81818321452634,5.105918082441731
91.91919191919193,87.87878787878789,0.5042051824881271,25.46416497920004,4.225313424941975
92.92929292929294,87.87878787878789,0.46477815522221,22.71627006741082,3.645485178783103
93.93939393939395,87.87878787878789,0.7179299316923085,23.80217597610603,4.286961117309535
94.94949494949496,87.87878787878789,0.3185059728591204,8.25366271363181,5.148211555702697
95.95959595959597,87.87878787878789,1.0459486075467543,27.87315950879888,5.109231278350194
96.96969696969697,87.87878787878789,1.3188831738010671,25.10436815501945,3.387119564253362
97.97979797979798,87.87878787878789,0.7829928885456215,24.21538470400485,4.316960489752389
98.98989898989899,87.87878787878789,1.125421277440088,16.08390388069683,5.304260522774487
100.0,87.87878787878789,0.6975196820384489,17.52778589674169,3.69053817855223
0.0,88.8888888888889,0.5208167224346081,33.76666507586863,5.037845622587986
1.01010101010101,88.8888888888889,0.5066047228558852,10.56891795112119,4.984311698795243
2.02020202020202,88.8888888888889,0.414367418218754,24.08721462852991,4.600060672830317
3.03030303030303,88.8888888888889,0.4552413300874292,13.55800560626349,3.936720995522336
4.040404040404041,88.8888888888889,0.7353525119625215,41.43577894955989,4.23214814954135
5.050505050505051,88.8888888888889,0.6177539168734869,22.88378946196146,5.31557410863509
6.060606060606061,88.8888888888889,0.3422945305976084,21.33317878477855,4.930310049343418
7.070707070707071,88.8888888888889,1.2837015327894596,30.5050950460518,4.012253543797124
8.080808080808081,88.8888888888889,1.1084194173420614,13.71950526315015,2.37052551638314
9.090909090909092,88.8888888888889,0.80887322539251,21.25646692751188,2.017034037757432
10.1010101010101,88.8888888888889,0.41632005177131737,16.07844439836929,1.421108047398861
11.11111111111111,88.8888888888889,0.5792553643433074,19.23734457454204,1.300713260660223
12.12121212121212,88.8888888888889,0.9915412559495322,8.683376267690214,2.051192077591215
13.13131313131313,88.8888888888889,1.644227985903553,23.07339282756116,0.1038590986512809
14.14141414141414,88.8888888888889,0.6500555984036975,9.067593162269747,1.183738002482944
15.15151515151515,88.8888888888889,0.2777292188452463,10.38219632061192,1.491262663385562
16.16161616161616,88.8888888888889,0.2643707728703888,17.97556884205362,1.402557767027
17.17171717171717,88.8888888888889,0.7454182591155234,11.69923352350207,1.85438942552236
18.18181818181818,88.8888888888889,0.5980694530833157,14.29588618146498,0.9345862504022444
19.19191919191919,88.8888888888889,0.443607664691507,13.37783885080961,1.342347002601169
20.2020202020202,88.8888888888889,0.5278551704934119,14.78679179622341,0.8308414122606957
21.21212121212121,88.8888888888889,0.7372194249994889,12.49012040486759,1.90430247495342
22.22222222222222,88.8888888888889,0.8963814134092856,4.883383010569987,2.515785140263782
23.23232323232324,88.8888888888889,2.111722058092524,9.295274868085864,1.401464993731767
24.24242424242424,88.8888888888889,1.556401845263942,13.62439910685666,4.960001894268449
25.25252525252525,88.8888888888889,0.9540982609705321,22.09740036928061,4.9588921859233
26.26262626262626,88.8888888888889,0.8442266593355673,31.56184422318176,3.851133632055557
27.27272727272727,88.8888888888889,0.4771728255495966,21.44305683273337,4.71197146489129
28.28282828282828,88.8888888888889,0.5797310029916541,19.78039594842478,4.511885999592772
29.29292929292929,88.8888888888889,1.3337125286068017,17.94134260305858,5.833942627875779
30.3030303030303,88.8888888888889,1.540821644707663,22.12698366496952,3.279584296754548
31.31313131313131,88.8888888888889,0.6186926564691568,21.57127017172014,4.628508100360301
32.32323232323233,88.8888888888889,0.5482542415030642,28.6360296775484,5.305613356250424
33.33333333333334,88.8888888888889,0.6901723618331135,27.37185137044827,5.003531964145859
34.34343434343435,88.8888888888889,1.6630528953818027,26.14174676071156,6.505636133668789
35.35353535353536,88.8888888888889,1.415628238506162,23.78086946008996,5.043911056748516
36.36363636363637,88.8888888888889,1.669027585883382,20.71872697954343,2.953215860620427
37.37373737373738,88.8888888888889,0.6315805406659777,16.95053165530557,4.21532958190131
38.38383838383839,88.8888888888889,1.6606799264340972,22.61024077866852,4.584408744940979
39.3939393939394,88.8888888888889,1.5520174443475359,13.4970424759424,2.336827596074103
40.40404040404041,88.8888888888889,0.496101498359707,15.28276129649649,1.044935654424495
41.41414141414142,88.8888888888889,0.4635555241037424,18.96588881410723,1.043388259994417
42.42424242424243,88.8888888888889,0.6367794933970821,17.89255242855929,2.0243847958084
43.43434343434344,88.8888888888889,0.37922244503634056,12.42403948008313,1.47322396535325
44.44444444444445,88.8888888888889,0.992664050476438,18.62160791977912,1.34832822423456
45.45454545454546,88.8888888888889,1.238365615019611,9.475414858220665,2.417489599759663
46.46464646464647,88.8888888888889,0.4960785295326914,8.102483657960992,0.9769497317833393
47.47474747474748,88.8888888888889,0.5920973774290821,13.25718766693426,1.189416243517329
48.48484848484848,88.8888888888889,0.9463743661935395,19.98068225982039,2.376836431980355
49.49494949494949,88.8888888888889,0.6768264855364791,13.31727082058939,1.153782740345341
50.50505050505051,88.8888888888889,0.3220053015892541,16.14493624615955,1.063291589855588
51.51515151515152,88.8888888888889,0.44637394435299016,4.103297930850641,1.684571877667154
52.52525252525253,88.8888888888889,0.30853356340626176,16.31274730131635,1.17796203387436
53.53535353535354,88.8888888888889,0.38916070632384375,13.73546842614143,1.712040970814211
54.54545454545455,88.8888888888889,1.2759514310684432,12.23761300533687,1.857981973285842
55.55555555555556,88.8888888888889,1.4276098270082616,18.31837884474542,3.571822130513999
56.56565656565657,88.8888888888889,1.0761613553015683,33.55661703716785,4.93463365502624
57.57575757575758,88.8888888888889,0.48244477812947695,16.41893292339725,4.404280996457924
58.58585858585859,88.8888888888889,0.2984170541089972,28.83588332734226,4.71698896582294
59.5959595959596,88.8888888888889,0.5099917465978085,22.84836458318992,5.143785075591976
60.60606060606061,88.8888888888889,0.12430985791270177,18.72858244914719,4.91352726027749
61.61616161616162,88.8888888888889,0.6257876141932412,23.87017389991044,4.873084514200684
62.62626262626263,88.8888888888889,0.36564988518048835,17.10192143518336,4.185817041093217
63.63636363636364,88.8888888888889,0.38925424324461444,27.13095454693615,4.180741789570748
64.64646464646465,88.8888888888889,0.8695543641829075,17.80083157531625,4.642411701545534
65.65656565656566,88.8888888888889,0.6740526870002498,29.64950325350585,3.818395980550946
66.66666666666667,88.8888888888889,0.6041271231357943,20.93280902272813,4.812775615709838
67.67676767676768,88.8888888888889,0.5650248747467812,31.66834577193328,5.280627931252901
68.68686868686869,88.8888888888889,0.7501149866471145,29.48481823697017,4.723650437931503
69.6969696969697,88.8888888888889,1.7748255850692445,34.49953459350547,2.911148110317073
70.70707070707071,88.8888888888889,1.5533745129356145,16.42800417824468,1.475738396496782
71.71717171717172,88.8888888888889,0.29296945667042273,20.28155423070632,1.537216424870083
72.72727272727273,88.8888888888889,0.44833150102378305,23.04719103314473,1.904820198733923
73.73737373737374,88.8888888888889,0.18997322400022582,18.43285891985906,1.694856009519566
74.74747474747475,88.8888888888889,0.15116087041791576,12.43848359560617,1.495008249070748
75.75757575757576,88.8888888888889,0.36848574957210956,8.720034852047176,1.619169414856121
76.76767676767678,88.8888888888889,0.31723394548759354,19.83070411178345,1.098193077570866
77.77777777777779,88.8888888888889,0.847866364547621,10.19063334571226,0.8218369754846321
78.7878787878788,88.8888888888889,0.3242187455926643,10.18465684986509,0.877159413949575
79.7979797979798,88.8888888888889,0.3954802109659471,20.38231830591671,1.480323189840822
80.80808080808082,88.8888888888889,0.5910746218229366,20.47935291178848,0.9186239107099536
81.81818181818183,88.8888888888889,0.7076809104686912,19.5870365703253,0.6065513942589503
82.82828282828284,88.8888888888889,0.5348482703916813,23.66376883159045,1.739624549912391
83.83838383838385,88.8888888888889,0.20202912879907847,14.40117633259095,1.293562949991805
84.84848484848486,88.8888888888889,0.45163890091813036,25.16220126546391,1.241336378647862
85.85858585858587,88.8888888888889,2.401333015184828,16.34237558788715,0.7564438867964158
86.86868686868688,88.8888888888889,2.247447036709051,27.46523366317783,5.134694342067355
87.87878787878789,88.8888888888889,0.40922114492955597,20.12929340113018,4.916825913768777
88.8888888888889,88.8888888888889,0.6155772754033998,14.75381062377956,4.465686387743805
89.89898989898991,88.8888888888889,0.6749963425774035,17.8892928388662,3.817399120536397
90.90909090909092,88.8888888888889,0.7544272782630543,29.81407840506751,5.04841187388376
91.91919191919193,88.8888888888889,0.509942459191268,17.53285671784282,3.8298684863262
92.92929292929294,88.8888888888889,0.35027274620168525,24.26159117150355,4.076012395283118
93.93939393939395,88.8888888888889,1.0933260147542148,22.56242663232607,3.514185631903155
94.94949494949496,88.8888888888889,0.7309145662629182,24.67199177047714,4.781150664148528
95.95959595959597,88.8888888888889,0.6232968920908508,20.25270753834914,4.111497244506119
96.96969696969697,88.8888888888889,0.6862044076062066,32.01934130897741,4.674185419837388
97.97979797979798,88.8888888888889,0.29973961103772906,24.37432215928123,4.77657422878235
98.98989898989899,88.8888888888889,1.1829471875186457,14.61160002721206,5.178258189335295
100.0,88.8888888888889,1.2378690952954992,33.863135010343,3.272170068834661
0.0,89.89898989898991,0.6717036356507066,12.78993615611413,4.087515627060421
1.01010101010101,89.89898989898991,0.7617763782864078,33.85873977501729,4.789766827825051
2.02020202020202,89.89898989898991,0.4899102626411578,12.47933413328211,4.367012507314216
3.03030303030303,89.89898989898991,0.8820638289727454,30.00202967387707,3.629529746958535
4.040404040404041,89.89898989898991,0.9345567749133115,25.54158408781026,3.324678443762984
5.050505050505051,89.89898989898991,0.5875900720578981,13.55186596376441,4.809010100625969
6.060606060606061,89.89898989898991,1.6549285551870418,29.52198510989603,4.870272732658766
7.070707070707071,89.89898989898991,1.2725436615539514,6.02327206074621,1.968387871923465
8.080808080808081,89.89898989898991,0.37243434510267126,17.10011961441467,1.944872616951806
9.090909090909092,89.89898989898991,0.46895739801040953,14.08228893632134,1.316294317799779
10.1010101010101,89.89898989898991,0.48270648789774784,11.00138489146574,1.744226282093612
11.11111111111111,89.89898989898991,0.5367550745427292,14.6173335353039,0.866054669218062
12.12121212121212,89.89898989898991,0.8032261867940147,13.13498632421089,0.9304901218500807
13.13131313131313,89.89898989898991,1.428321646355011,15.68510898481671,2.336987988341453
14.14141414141414,89.89898989898991,0.6190606765996907,19.42832361070119,0.6808366418842748
15.15151515151515,89.89898989898991,0.6909787862892859,17.06439948138505,0.9708413530820783
16.16161616161616,89.89898989898991,0.5592735014184711,20.43067476980136,1.599045049229252
17.17171717171717,89.89898989898991,1.1189569696064128,13.69027080882359,0.3550572956408704
18.18181818181818,89.89898989898991,0.7397148900248156,3.398394534505899,1.482379823171388
19.19191919191919,89.89898989898991,0.405899502583689,11.730270128623,1.049410637748557
20.2020202020202,89.89898989898991,0.2740510644280416,15.34091361942399,1.336065183515263
21.21212121212121,89.89898989898991,0.3874065572076348,22.18501945639684,1.256297359789087
22.22222222222222,89.89898989898991,0.7222020369378064,16.05784853850536,1.190279640086555
23.23232323232324,89.89898989898991,0.9924615324602426,6.090472617492084,2.454514788532959
24.24242424242424,89.89898989898991,1.2773247755976653,18.26750672861781,2.650074800918558
25.25252525252525,89.89898989898991,1.2359801476682586,18.0393697587599,3.43723126269709
26.26262626262626,89.89898989898991,0.44788101061158636,22.93542614157179,3.959977039760327
27.27272727272727,89.89898989898991,0.3865228100080803,22.65049716825486,4.48723016784697
28.28282828282828,89.89898989898991,0.6689792677921332,20.31578382168174,3.857417151334046
29.29292929292929,89.89898989898991,1.110210390518783,14.13562135664725,5.046746889233754
30.3030303030303,89.89898989898991,1.6299791337037761,23.30163180566208,2.756175426519765
31.31313131313131,89.89898989898991,0.8796322791201674,31.74276765116162,4.593230526564998
32.32323232323233,89.89898989898991,0.6311288381210762,7.003545513788261,4.987236874896539
33.33333333333334,89.89898989898991,0.7981480850642844,15.74554980424284,5.634183051229959
34.34343434343435,89.89898989898991,0.8860627311312919,25.59455008508921,4.877032474217819
35.35353535353536,89.89898989898991,0.6446285274267449,10.30923145482058,4.283108757766815
36.36363636363637,89.89898989898991,0.6906617690875164,24.76079509242045,4.603312424791737
37.37373737373738,89.89898989898991,2.071236448550641,11.36420158375579,4.962293841365231
38.38383838383839,89.89898989898991,2.250401970162776,16.28700084941719,0.799970743411477
39.3939393939394,89.89898989898991,0.5289236418942352,16.74907105523897,1.185785291274348
40.40404040404041,89.89898989898991,0.2581458739517628,20.20973721764932,1.004152512004136
41.41414141414142,89.89898989898991,0.3218437816588804,17.17475074546449,1.501050834432189
42.42424242424243,89.89898989898991,0.4271381088743582,14.73282892971009,1.477730215495812
43.43434343434344,89.89898989898991,0.4253615058662477,15.12438311084894,1.755067370463888
44.44444444444445,89.89898989898991,1.484523959097572,10.53605795648097,2.800928072390414
45.45454545454546,89.89898989898991,0.7348095948663391,21.07074578761077,1.302611982995776
46.46464646464647,89.89898989898991,0.37070957846763264,20.17427083906238,1.241173714042119
47.47474747474748,89.89898989898991,0.3146385945729663,21.16249449385531,1.555609255030215
48.48484848484848,89.89898989898991,0.4145379745052601,14.31321441586204,2.014807908179517
49.49494949494949,89.89898989898991,0.2321135274182568,12.35263961949159,1.436210909399307
50.50505050505051,89.89898989898991,0.32103753573858873,17.87384439150128,1.410611751659125
51.51515151515152,89.89898989898991,0.21998858011522077,13.70560001288607,1.557730344533268
52.52525252525253,89.89898989898991,0.5075614657881611,19.21638808438802,0.985606180125155
53.53535353535354,89.89898989898991,0.28555443893589977,14.6155639845454,1.492322983237251
54.54545454545455,89.89898989898991,0.4886486489094076,21.15113783626211,1.364251965914063
55.55555555555556,89.89898989898991,1.128018539529321,9.078997567221009,2.271627367976699
56.56565656565657,89.89898989898991,1.6017269852518101,17.24357803381885,3.854588620847589
57.57575757575758,89.89898989898991,0.7710427883166313,30.82138300468401,5.159761494367459
58.58585858585859,89.89898989898991,0.34499601886292686,16.01790729573846,4.497187641966981
59.5959595959596,89.89898989898991,0.3094705956957522,10.78172958795389,4.79543683863897
60.60606060606061,89.89898989898991,0.6308919018252629,24.23479615222412,4.848852367618047
61.61616161616162,89.89898989898991,1.4430840425812164,18.37551514665555,6.206477773566276
62.62626262626263,89.89898989898991,0.8167104173106041,35.35698464736929,3.758383287113641
63.63636363636364,89.89898989898991,0.7458230171128526,19.44416941876097,3.490090259726379
64.64646464646465,89.89898989898991,0.9555442935132291,9.523938938091664,3.58956563867036
65.65656565656566,89.89898989898991,0.62334790511784,11.2366899701887,4.177744999904633
66.66666666666667,89.89898989898991,0.419209802118897,24.33472325669887,4.971347424276158
67.67676767676768,89.89898989898991,0.49592609493077133,18.50510862721489,4.57324008948161
68.68686868686869,89.89898989898991,1.4159584025517713,26.63652711388146,5.133971092854396
69.6969696969697,89.89898989898991,1.6393986285418394,18.72783549182044,1.076352554577948
70.70707070707071,89.89898989898991,0.20363042156444638,6.187382075732653,1.582912633999202
71.71717171717172,89.89898989898991,0.24464646852126012,9.352797317621954,1.477871655241006
72.72727272727273,89.89898989898991,0.29452780242949356,15.58903345652224,1.593213811013464
73.73737373737374,89.89898989898991,0.23244405134523022,10.76988393275666,1.765088446219334
74.74747474747475,89.89898989898991,0.5829199739435889,13.83484813618501,1.30171651537783
75.75757575757576,89.89898989898991,0.5377769744683492,16.0644453017853,2.196740906207321
76.76767676767678,89.89898989898991,0.7792648262623215,17.73166071549633,1.562447941934761
77.77777777777779,89.89898989898991,1.6404052747206155,15.08174789327754,2.622982004724061
78.7878787878788,89.89898989898991,0.6176136996727959,21.47177474612461,0.9842167705787863
79.7979797979798,89.89898989898991,0.373102721524342,21.51705327563392,1.196258808199725
80.80808080808082,89.89898989898991,1.060372607337506,18.3101467940617,0.2963771212641118
81.81818181818183,89.89898989898991,0.6654894557375035,10.62160621356811,1.624079508374004
82.82828282828284,89.89898989898991,0.4745174357544716,16.11924345016689,1.392993824306418
83.83838383838385,89.89898989898991,0.22404474156682447,17.31927725415434,1.567932482889584
84.84848484848486,89.89898989898991,0.261408693638782,17.04070539485546,1.722587370021576
85.85858585858587,89.89898989898991,0.38701518564406157,17.69689222801838,1.344708593853973
86.86868686868688,89.89898989898991,1.6724000905775558,13.37565979887652,1.565365979620218
87.87878787878789,89.89898989898991,1.5270965973644537,9.818615280443067,4.446925905557088
88.8888888888889,89.89898989898991,0.28266762605952245,36.01876877565751,4.497029930989392
89.89898989898991,89.89898989898991,0.5427600154070908,26.84800950081089,4.053315382998391
90.90909090909092,89.89898989898991,0.38759977901036935,15.34970874919899,4.537765110294436
91.91919191919193,89.89898989898991,0.22685218406046292,17.09096029057693,4.00950608796102
92.92929292929294,89.89898989898991,0.4939614773137042,13.50663798229948,3.913419299313272
93.93939393939395,89.89898989898991,1.429739308977915,24.61877491815165,5.285922409888298
94.94949494949496,89.89898989898991,0.820524144369593,17.71226231143474,5.40112958575825
95.95959595959597,89.89898989898991,0.45238153246626533,28.56712820682743,4.374609184051771
96.96969696969697,89.89898989898991,0.7988566812427331,34.62357728979212,3.881510629272817
97.97979797979798,89.89898989898991,0.7715547641558523,25.35949702532855,4.541302293159301
98.98989898989899,89.89898989898991,1.7169553717506243,15.19379812136979,2.880243853753483
100.0,89.89898989898991,1.121281200157005,38.91654380329999,4.661321124502956
0.0,90.90909090909092,0.48946268408645316,25.52054626676093,3.724985916400497
1.01010101010101,90.90909090909092,1.5463275525653588,0.0,3.062211706925077
2.02020202020202,90.90909090909092,0.8398276514553489,29.00882530267253,4.93336831149623
3.03030303030303,90.90909090909092,1.3874970241346671,23.31621147338345,5.808259750734483
4.040404040404041,90.90909090909092,0.6989039614588566,27.70646007864908,4.366252877579329
5.050505050505051,90.90909090909092,0.9413881297094873,17.19741095954485,4.510808109299279
6.060606060606061,90.90909090909092,2.049392244632503,9.095170458504251,1.273743321363348
7.070707070707071,90.90909090909092,0.3360025181087037,14.16284082452642,1.847479013288278
8.080808080808081,90.90909090909092,0.21218553683027147,15.62913183451212,1.532881690096141
9.090909090909092,90.90909090909092,0.3217929524038237,8.981053223504086,1.434873926437904
10.1010101010101,90.90909090909092,0.15398492111974627,11.03730704660457,1.442622142366755
11.11111111111111,90.90909090909092,0.31835029360236233,17.66733666211307,1.635809310439249
12.12121212121212,90.90909090909092,0.3996158829898911,19.24057276560194,1.551759594161614
13.13131313131313,90.90909090909092,0.6556153592631739,12.17753543737811,1.919479505560131
14.14141414141414,90.90909090909092,1.1191680700464859,17.6561643207303,0.7080219300293867
15.15151515151515,90.90909090909092,0.9924236736517745,15.95959781227573,2.296126780590761
16.16161616161616,90.90909090909092,0.5677609542134573,11.87750096672125,1.767460322965329
17.17171717171717,90.90909090909092,0.4431426919459106,10.21871229761119,0.9602427630661327
18.18181818181818,90.90909090909092,0.782813232544372,7.664263975015846,0.6316055487946179
19.19191919191919,90.90909090909092,0.7667997877325103,12.25714693217591,1.660448552041164
20.2020202020202,90.90909090909092,0.6142627042056312,15.11902599191614,1.111507066550546
21.21212121212121,90.90909090909092,0.5769865734106867,13.53383802502561,2.012132930026585
22.22222222222222,90.90909090909092,0.4001569203972215,14.13521290604313,1.423329419511617
23.23232323232324,90.90909090909092,0.7533636616352444,14.63756247187838,0.9975136143251839
24.24242424242424,90.90909090909092,0.7160582024754762,19.87044647042365,0.8334192660419178
25.25252525252525,90.90909090909092,1.4989644382908252,12.15685794199884,1.324873834092034
26.26262626262626,90.90909090909092,1.087433459141749,25.43880137254414,4.592658769352022
27.27272727272727,90.90909090909092,0.5458087117456677,27.56125928920305,4.322946369458537
28.28282828282828,90.90909090909092,0.8452374419866945,15.86373253899532,3.655111682836871
29.29292929292929,90.90909090909092,0.7904299771684226,22.72376396546916,5.220491512053163
30.3030303030303,90.90909090909092,1.20483826554989,19.44687468231826,4.625056528340865
31.31313131313131,90.90909090909092,1.4282663573858858,28.27638134419494,5.845420620873591
32.32323232323233,90.90909090909092,1.2215304482988747,33.50891388733206,6.152423221361999
33.33333333333334,90.90909090909092,1.1113630141146846,23.09291069091816,4.476338551402482
34.34343434343435,90.90909090909092,0.6130473124946778,31.48014629310321,5.441605445828872
35.35353535353536,90.90909090909092,0.5446062797629925,13.92170418058639,5.186693185016169
36.36363636363637,90.90909090909092,1.0449614262974574,19.4701110498739,5.036677853372077
37.37373737373738,90.90909090909092,1.6943998943398195,22.2139782278493,1.945616821153836
38.38383838383839,90.90909090909092,0.32643826762754,11.73268190101046,1.469002976716454
39.3939393939394,90.90909090909092,0.20433369112627825,16.89526134092051,1.582990226918451
40.40404040404041,90.90909090909092,0.41900397706544257,3.686635018345927,1.317421763692563
41.41414141414142,90.90909090909092,0.5104307138705066,15.43538630575716,1.191557223598869
42.42424242424243,90.90909090909092,0.7735282957267333,19.04363436544848,0.61649013421542
43.43434343434344,90.90909090909092,0.650870327567879,10.28846048134253,1.658662609004137
44.44444444444445,90.90909090909092,0.9752453427010112,14.4534448323806,0.8596088754771444
45.45454545454546,90.90909090909092,0.42828538714163933,23.49459974294869,1.567218387348951
46.46464646464647,90.90909090909092,0.6671566303712573,15.00279834893391,2.083914235712117
47.47474747474748,90.90909090909092,0.2916609061838913,11.03414744515633,1.436882082388634
48.48484848484848,90.90909090909092,0.25418951337228207,12.25588078940648,1.756480185888827
49.49494949494949,90.90909090909092,0.36564944481522677,13.22765595553486,1.394381125300638
50.50505050505051,90.90909090909092,0.5612454857670242,10.06528487352231,2.174723982195618
51.51515151515152,90.90909090909092,0.24594811333587924,14.67453594210738,1.523860314488527
52.52525252525253,90.90909090909092,0.3048131648880108,15.78568381367561,1.744655222008385
53.53535353535354,90.90909090909092,0.4514555044042542,11.57635446609131,1.780034930968606
54.54545454545455,90.90909090909092,0.5220879483660885,16.05146979870208,0.9388337970340354
55.55555555555556,90.90909090909092,0.49918547849097616,12.88948647694718,1.550084627330241
56.56565656565657,90.90909090909092,1.5754345726111358,13.14451098689768,1.41585984040976
57.57575757575758,90.90909090909092,1.1939655202158175,13.11147798595547,4.798817564930815
58.58585858585859,90.90909090909092,0.49546257180609166,23.74735158251374,4.297827939443699
59.5959595959596,90.90909090909092,1.0771477664461955,29.84451437979226,5.333306258817908
60.60606060606061,90.90909090909092,1.2622126237996334,23.46266248955617,3.801000587903745
61.61616161616162,90.90909090909092,1.6183736080372548,26.09170573391906,5.573254755007867
62.62626262626263,90.90909090909092,1.2739135732943887,27.47858526755346,3.635362885690698
63.63636363636364,90.90909090909092,1.0101950009327212,29.23182475010478,5.414962392002177
64.64646464646465,90.90909090909092,0.9983764263426088,36.65115106779056,5.671242009669848
65.65656565656566,90.90909090909092,0.5057852341665969,25.84454422411514,4.930005815416508
66.66666666666667,90.90909090909092,0.31409876755040544,18.64873323250667,4.644789783532962
67.67676767676768,90.90909090909092,0.2580706455137367,27.3077349807807,4.890718289266069
68.68686868686869,90.90909090909092,2.0884438903804274,14.50712835484887,4.498807679219438
69.6969696969697,90.90909090909092,1.2489221566184454,8.342003398126957,0.9177322138474177
70.70707070707071,90.90909090909092,0.4075364175398435,21.37096219287166,1.487166243423286
71.71717171717172,90.90909090909092,0.9080628666083755,11.90015298134293,0.7790136853156963
72.72727272727273,90.90909090909092,0.7088391765278144,18.80788124584912,2.172501842032651
73.73737373737374,90.90909090909092,0.39904516887222247,9.7460389814225,1.989385648853113
74.74747474747475,90.90909090909092,0.5835050828059648,22.34059249963531,2.081708355788273
75.75757575757576,90.90909090909092,0.5445489887048118,15.96630795992579,2.152521854787175
76.76767676767678,90.90909090909092,1.27298358394028,26.6911804818692,2.520425355558292
77.77777777777779,90.90909090909092,1.6020627306817317,20.61604966425201,0.5618052320156037
78.7878787878788,90.90909090909092,0.5472576222950868,15.36516382065335,1.496806940874545
79.7979797979798,90.90909090909092,0.3177427018344501,5.59720250598823,1.099836028300006
80.80808080808082,90.90909090909092,0.5363366628197064,20.9005611316509,1.688036687122788
81.81818181818183,90.90909090909092,0.5272919136606942,24.73112087497,1.538437870716522
82.82828282828284,90.90909090909092,1.2561892113072128,14.4304120025315,0.2475791495452568
83.83838383838385,90.90909090909092,0.553087208773152,20.23441966322382,1.275716595235223
84.84848484848486,90.90909090909092,0.2593034663188125,14.73366038918933,1.754437489903395
85.85858585858587,90.90909090909092,0.3077141252661945,6.488926669097694,1.705968467438814
86.86868686868688,90.90909090909092,0.0985924129028733,6.262599759020371,1.583420667780188
87.87878787878789,90.90909090909092,1.6036165108641398,11.12819797630665,1.740103475680137
88.8888888888889,90.90909090909092,1.9029301856625702,22.88389119988313,5.10253831855859
89.89898989898991,90.90909090909092,0.6960778956315513,10.77766023237819,5.060274906877714
90.90909090909092,90.90909090909092,0.4101736216578762,13.16639315319433,4.564808713117128
91.91919191919193,90.90909090909092,0.4097491591189317,12.75695618205545,3.906080764335152
92.92929292929294,90.90909090909092,0.5210602653763666,22.58457663564734,3.568756385251074
93.93939393939395,90.90909090909092,1.3755657322369452,32.58337196513278,2.826412238406759
94.94949494949496,90.90909090909092,0.9428461702566401,15.91159738058355,3.880739507466031
95.95959595959597,90.90909090909092,0.5849689925760002,20.45388095367949,4.401404417885748
96.96969696969697,90.90909090909092,1.0272677754426671,25.21024241600228,5.131372345013741
97.97979797979798,90.90909090909092,0.4755915134870994,24.14607864034837,4.011205275451243
98.98989898989899,90.90909090909092,0.4415797991111181,19.06694311799722,4.007915295018877
100.0,90.90909090909092,1.3884758090869778,42.11879651302798,4.46770585044971
0.0,91.91919191919193,0.5288489876920451,12.58676126003432,4.168070048524513
1.01010101010101,91.91919191919193,0.712209993639247,21.13083580723718,4.986035982239965
2.02020202020202,91.91919191919193,0.3077222349028905,22.46004570886237,4.980275069326206
3.03030303030303,91.91919191919193,0.8036255597680874,12.75875163059342,4.75389997036517
4.040404040404041,91.91919191919193,0.15177887781271804,27.56617370827595,4.533732184723306
5.050505050505051,91.91919191919193,1.4369988133195808,19.11851304652215,4.596538617154657
6.060606060606061,91.91919191919193,1.255758133451203,6.36062904422948,2.06398240873708
7.070707070707071,91.91919191919193,0.25535668848985843,20.79641388419747,1.512710814605717
8.080808080808081,91.91919191919193,0.299942986178921,14.52860737430596,1.508735556481094
9.090909090909092,91.91919191919193,0.8054588834206651,16.8520778589318,2.497710147827986
10.1010101010101,91.91919191919193,0.36518800348638414,12.00934858867428,1.329221981615972
11.11111111111111,91.91919191919193,0.34378795199192963,18.04847606151245,1.409399661601116
12.12121212121212,91.91919191919193,0.8721421617346157,21.88260842316429,1.026335162189735
13.13131313131313,91.91919191919193,0.7698481988522168,17.25808115950165,2.545254972902244
14.14141414141414,91.91919191919193,0.8126842623834065,14.08412266552999,2.3579464959781
15.15151515151515,91.91919191919193,0.6799628268212585,11.77111363224467,1.768488821679152
16.16161616161616,91.91919191919193,0.5623974630194193,11.67973113356117,1.000715797372205
17.17171717171717,91.91919191919193,0.2535749845292513,18.622900733019,0.9287122368784634
18.18181818181818,91.91919191919193,0.7754270252008044,11.87846737402543,1.554603987077275
19.19191919191919,91.91919191919193,0.7692504523482089,13.96122968919705,0.782071804140894
20.2020202020202,91.91919191919193,0.5661584487887981,11.1763812687544,1.894432417441697
21.21212121212121,91.91919191919193,0.09473164349198543,18.60515012194355,1.949451580612343
22.22222222222222,91.91919191919193,0.22846411619970947,14.55953977985875,1.77628800597404
23.23232323232324,91.91919191919193,0.8086734194911221,24.44332802824768,1.964056933188687
24.24242424242424,91.91919191919193,0.3805075127344826,17.8046029616326,1.2254476247338
25.25252525252525,91.91919191919193,1.0894374198025731,16.66057169554317,1.200613012843894
26.26262626262626,91.91919191919193,2.0491690640763105,22.01628288791965,4.413103997530196
27.27272727272727,91.91919191919193,1.0931921160943747,34.49078047750257,5.404350331537622
28.28282828282828,91.91919191919193,0.6035831759663418,24.49847778883984,4.600541466448515
29.29292929292929,91.91919191919193,0.7584532670959763,11.38481110919306,4.393331039127474
30.3030303030303,91.91919191919193,0.9992957922535542,30.09452821992813,3.490383644207429
31.31313131313131,91.91919191919193,1.7679494005756178,17.81181341362402,2.911911978659773
32.32323232323233,91.91919191919193,1.2415077273639827,23.92508966100102,4.414575045079884
33.33333333333334,91.91919191919193,0.4485986393080972,27.64054553661847,5.122594543647837
34.34343434343435,91.91919191919193,0.4179208341598888,8.698017132156435,4.774168322700306
35.35353535353536,91.91919191919193,0.49138400288445827,6.896302096709316,4.316780085670347
36.36363636363637,91.91919191919193,1.555909554462,22.93049293547368,4.531273940624921
37.37373737373738,91.91919191919193,0.8261556085740347,11.30052712887402,1.752369140661576
38.38383838383839,91.91919191919193,0.13470643351221345,20.97046739969466,1.515122719282258
39.3939393939394,91.91919191919193,0.27740450719960247,15.64267623320285,1.623564342351576
40.40404040404041,91.91919191919193,1.151806681586237,13.1710430064873,2.288735416946324
41.41414141414142,91.91919191919193,1.556527060281632,17.04676027660255,0.1602596084273052
42.42424242424243,91.91919191919193,0.80136276649561,11.44535564418306,1.232123671669795
43.43434343434344,91.91919191919193,0.8059108412417965,17.78028661047101,2.324512949500192
44.44444444444445,91.91919191919193,0.5322893437272939,17.7912266853116,1.31260780396912
45.45454545454546,91.91919191919193,0.4372475186306183,13.65146048185049,1.791448171327361
46.46464646464647,91.91919191919193,0.347536360010843,17.82368305316335,1.421756237583735
47.47474747474748,91.91919191919193,0.4287326920357405,15.9399995216153,1.355595887118326
48.48484848484848,91.91919191919193,0.497185626208527,18.93061524856877,1.833213352998883
49.49494949494949,91.91919191919193,0.5369506919369456,16.94100733543588,1.116055047621569
50.50505050505051,91.91919191919193,0.7817173356372831,7.900926693470516,2.224387170125151
51.51515151515152,91.91919191919193,0.45669513258284516,8.543831570536524,1.602124162560354
52.52525252525253,91.91919191919193,0.2802339855730182,6.991120923802535,1.540626220819651
53.53535353535354,91.91919191919193,0.3466943736482986,5.609623828521508,1.138505703977736
54.54545454545455,91.91919191919193,0.5577200912906537,24.30868157709458,1.149315457387585
55.55555555555556,91.91919191919193,0.49853570178153767,4.253102515045621,2.079808183431001
56.56565656565657,91.91919191919193,0.8887020427282023,2.276160503340402,1.761686838974938
57.57575757575758,91.91919191919193,1.2945333405512565,22.54209432723116,4.26784676351236
58.58585858585859,91.91919191919193,0.3616654021124994,29.85839261828315,4.543850579283458
59.5959595959596,91.91919191919193,0.8802902947930665,1.047333288549308,4.130368603500435
60.60606060606061,91.91919191919193,0.5860050803368531,24.15735842046626,4.497439465369691
61.61616161616162,91.91919191919193,2.0214408074335255,31.09478586259458,3.443129377838549
62.62626262626263,91.91919191919193,1.0022470040858538,13.24067228725667,4.890505401816661
63.63636363636364,91.91919191919193,0.3749035529536957,21.12691645260547,5.334933644526242
64.64646464646465,91.91919191919193,0.6060711852067437,25.13720182374361,4.756928487219913
65.65656565656566,91.91919191919193,0.27759536253626704,25.06734240784731,4.685577920398881
66.66666666666667,91.91919191919193,0.6993107817063903,23.58428068323241,5.043482675374736
67.67676767676768,91.91919191919193,1.318962946948478,31.0115660693195,4.967683555756818
68.68686868686869,91.91919191919193,2.2993397388848082,12.27859695924577,0.7531816067513377
69.6969696969697,91.91919191919193,0.547241024459584,18.59032532158122,1.60429100464278
70.70707070707071,91.91919191919193,0.237786365068531,12.51716539692115,1.743978935323286
71.71717171717172,91.91919191919193,0.4365620489981348,14.60850800252977,1.610766466999344
72.72727272727273,91.91919191919193,0.5472944090283876,13.20914574469516,1.493037516837074
73.73737373737374,91.91919191919193,0.4774425994716269,16.95083324860427,0.8929410761127003
74.74747474747475,91.91919191919193,0.5775175249361034,22.89377292325931,0.6908160709089185
75.75757575757576,91.91919191919193,0.8019794024155025,23.66624354496979,0.4572619511580924
76.76767676767678,91.91919191919193,1.0638909883919754,10.96625713934163,0.7129920577345084
77.77777777777779,91.91919191919193,1.0810594438427552,19.16804041592099,2.015257549632443
78.7878787878788,91.91919191919193,0.4383579061008421,8.51979626067507,1.841274638325653
79.7979797979798,91.91919191919193,0.4802314038834373,19.31459861549551,1.289212484340766
80.80808080808082,91.91919191919193,0.39729301331249567,15.15055633284341,1.703924297313889
81.81818181818183,91.91919191919193,0.5739526730702852,16.11584161032426,0.9553693913087583
82.82828282828284,91.91919191919193,0.7548495631304603,16.73862237582945,1.807925153151716
83.83838383838385,91.91919191919193,0.3606091644967045,33.76797520077893,1.688991202315332
84.84848484848486,91.91919191919193,0.32759109724158525,18.1909761215916,1.276263661642717
85.85858585858587,91.91919191919193,0.5447429791881067,11.25997777638219,1.007388662082084
86.86868686868688,91.91919191919193,0.3074050556230405,23.85580199257927,1.48633631188724
87.87878787878789,91.91919191919193,0.3115951989297307,14.58439957506697,1.928629438481343
88.8888888888889,91.91919191919193,1.5895776973258637,12.53609012404536,1.501024218036837
89.89898989898991,91.91919191919193,0.9801088892105935,23.93782385793215,3.820652453672294
90.90909090909092,91.91919191919193,0.6814808553396442,0.0,4.105351971850878
91.91919191919193,91.91919191919193,0.9804716947042822,23.47253628456315,3.366561779351347
92.92929292929294,91.91919191919193,0.5501537774382472,21.98393707075208,4.22866600676595
93.93939393939395,91.91919191919193,0.6818603908282767,7.291082155222492,4.072493579969414
94.94949494949496,91.91919191919193,0.5755843292918301,14.76239255317689,4.556741930721384
95.95959595959597,91.91919191919193,1.401296929499727,31.95938624928892,5.463852316808062
96.96969696969697,91.91919191919193,0.7200632590523599,31.84734025040547,4.122297955674488
97.97979797979798,91.91919191919193,0.4586687243362495,16.96169397421915,3.762393289205767
98.98989898989899,91.91919191919193,1.2280237185964789,20.80327939210205,4.183482514334758
100.0,91.91919191919193,2.4135904680709745,11.75727732353929,0.9556842526728563
0.0,92.92929292929294,1.2501941473153517,31.09621339321072,3.842573151287845
1.01010101010101,92.92929292929294,0.7451885142620744,21.66297719566688,5.087324834852853
2.02020202020202,92.92929292929294,1.6212707938341735,24.53198363273654,5.932121239232997
3.03030303030303,92.92929292929294,2.0624352738923295,16.90977003266418,3.040300396265034
4.040404040404041,92.92929292929294,1.3315144921237767,19.60318949663889,4.690394170756985
5.050505050505051,92.92929292929294,1.7508402739155862,18.30577351417715,1.52963651258064
6.060606060606061,92.92929292929294,0.66139573966789,13.66018672492778,0.9150167648549399
7.070707070707071,92.92929292929294,0.33370394081621135,16.26796897600301,1.644122517626604
8.080808080808081,92.92929292929294,0.6409228524487598,12.72139065815951,1.326059594851972
9.090909090909092,92.92929292929294,0.7497027680008785,0.1625850427282588,2.499246702561658
10.1010101010101,92.92929292929294,0.5176102962883679,13.73581506599036,1.427907988613568
11.11111111111111,92.92929292929294,0.801218217688024,14.24976539160714,0.7238996818680554
12.12121212121212,92.92929292929294,0.8173098251436692,11.66283383377005,2.087495067032429
13.13131313131313,92.92929292929294,0.34671323401021703,16.51813526748045,1.797865932472143
14.14141414141414,92.92929292929294,0.5105386057924043,8.726359670834203,1.533900163616279
15.15151515151515,92.92929292929294,0.7378373593896227,9.488814062091016,0.933506171911622
16.16161616161616,92.92929292929294,0.8978452548084693,13.70015578995629,0.3576470556883404
17.17171717171717,92.92929292929294,0.6512440562232643,21.39310173031172,1.213586338115246
18.18181818181818,92.92929292929294,1.0893952191914262,13.52357147161011,2.334889716462643
19.19191919191919,92.92929292929294,0.7684334250053968,18.4263571040588,1.095804069396275
20.2020202020202,92.92929292929294,0.36942574944746326,6.484653049952564,1.580103749649105
21.21212121212121,92.92929292929294,0.4808715928733987,23.58864118292209,2.037514067357094
22.22222222222222,92.92929292929294,0.47847692458314633,24.45536269122082,1.976253382457505
23.23232323232324,92.92929292929294,0.877842750496084,24.50560748428224,0.6222848097572358
24.24242424242424,92.92929292929294,0.7669666315319666,19.05992572649281,0.8588898528325448
25.25252525252525,92.92929292929294,1.2688161527695234,21.68585757810589,2.196776274229839
26.26262626262626,92.92929292929294,2.303787013756558,13.52368481076308,0.5997198317405078
27.27272727272727,92.92929292929294,1.5550676946386075,18.40625143640025,3.908041028335742
28.28282828282828,92.92929292929294,0.6585723441660866,28.82568848317635,5.058425094292089
29.29292929292929,92.92929292929294,0.6589331659034534,26.71254359639056,5.489825812344603
30.3030303030303,92.92929292929294,0.6362206813483189,21.68450944410773,4.87147486862051
31.31313131313131,92.92929292929294,0.9651127197745338,33.67062301171093,4.96906620678066
32.32323232323233,92.92929292929294,0.9182739467535957,34.63569585134246,5.432075213265636
33.33333333333334,92.92929292929294,0.26569723961699676,23.73976829236441,5.030901698176288
34.34343434343435,92.92929292929294,0.33443593412918826,30.26896067962497,4.972600078233805
35.35353535353536,92.92929292929294,1.0464852579676833,32.93008418428121,4.740520905877825
36.36363636363637,92.92929292929294,1.708893371475384,15.98563960600843,1.806438290441996
37.37373737373738,92.92929292929294,0.16970049504348012,19.32670594984965,1.65714560820036
38.38383838383839,92.92929292929294,0.4041954211492069,14.87429434464763,1.662140666316672
39.3939393939394,92.92929292929294,0.18860917695623014,18.08539533919896,1.328133126650357
40.40404040404041,92.92929292929294,0.4690640250326645,10.09831812403753,1.446469226968905
41.41414141414142,92.92929292929294,1.3717673507971573,12.57558253966769,2.15473036262076
42.42424242424243,92.92929292929294,0.7381609031138097,11.1630129483946,0.8065594842146171
43.43434343434344,92.92929292929294,0.6167947038490176,16.60729974532565,1.871014348390531
44.44444444444445,92.92929292929294,0.4289969473559393,12.85618449236781,1.498020737497007
45.45454545454546,92.92929292929294,0.8923457043301836,21.37654482092175,2.467676160769557
46.46464646464647,92.92929292929294,0.7355446118193707,12.52071977011674,1.71389139528969
47.47474747474748,92.92929292929294,1.6617004501369954,11.25479768399803,0.2657291305916377
48.48484848484848,92.92929292929294,1.4431515539638298,12.67867189923052,2.550446919465064
49.49494949494949,92.92929292929294,0.5338032620513954,26.11356042353485,1.160041309809386
50.50505050505051,92.92929292929294,0.5392279911734335,12.78780868621889,0.8777761455739306
51.51515151515152,92.92929292929294,0.849769538065514,21.73186208917954,0.5373684296063
52.52525252525253,92.92929292929294,0.8047037930583854,15.06450760449314,1.993914703340372
53.53535353535354,92.92929292929294,0.5820136906819674,19.48342148694992,1.470823701328296
54.54545454545455,92.92929292929294,0.7638787114961787,24.98980061535309,2.228411682743385
55.55555555555556,92.92929292929294,0.5022868721235263,13.78757676121417,1.864003002905089
56.56565656565657,92.92929292929294,0.4961661086343952,17.04701854273085,1.376986935620791
57.57575757575758,92.92929292929294,1.776780889007666,20.98026376729297,2.402847943034308
58.58585858585859,92.92929292929294,1.4530418665237836,18.78769306897645,5.055003756339576
59.5959595959596,92.92929292929294,2.0054031646434907,20.22478575814985,2.59269791729792
60.60606060606061,92.92929292929294,1.3470978902336816,16.54287483421373,4.723639959850759
61.61616161616162,92.92929292929294,2.481382784967286,25.9274329680489,6.897081118894079
62.62626262626263,92.92929292929294,1.3646403933598799,35.03945219245319,4.028464168286901
63.63636363636364,92.92929292929294,1.002206538335153,24.78110534368292,5.732085708849179
64.64646464646465,92.92929292929294,1.0829702049651073,23.15995329348813,3.896312992970234
65.65656565656566,92.92929292929294,0.7334130719638704,19.18885833148324,4.248879687068326
66.66666666666667,92.92929292929294,1.5102220185362087,17.0946199176936,3.07863631498472
67.67676767676768,92.92929292929294,1.766563995088914,23.24229281580365,4.059098103077053
68.68686868686869,92.92929292929294,0.865193124063415,19.63843145810969,1.139303142925548
69.6969696969697,92.92929292929294,0.5375456111323174,12.3234753514267,1.092683026171755
70.70707070707071,92.92929292929294,1.0355405017048915,19.96193711803157,2.165411304692962
71.71717171717172,92.92929292929294,1.0322020472785673,12.65934839543709,0.9472124711766647
72.72727272727273,92.92929292929294,0.9462288117937748,9.448007622908284,2.284925436868403
73.73737373737374,92.92929292929294,0.44364745299589614,14.38144288075748,0.8818366968947609
74.74747474747475,92.92929292929294,0.3075703846434129,9.886595028001251,1.17431476081937
75.75757575757576,92.92929292929294,0.6593414945532423,31.19056887900003,1.480635430863778
76.76767676767678,92.92929292929294,0.6808350942851578,12.20546488085036,1.603127115004275
77.77777777777779,92.92929292929294,0.9099225215161872,11.72788380697962,0.620720495082987
78.7878787878788,92.92929292929294,0.580570470796214,22.94721428990773,1.15835577666507
79.7979797979798,92.92929292929294,0.6759636745982478,15.0341251946834,2.053987676875745
80.80808080808082,92.92929292929294,0.6070750489024346,11.42849475935387,1.293906573233261
81.81818181818183,92.92929292929294,0.3571956612991687,17.36612483172793,1.067000936334047
82.82828282828284,92.92929292929294,0.2735497478727953,12.2805183405672,1.320362616915676
83.83838383838385,92.92929292929294,0.4003162650897315,20.55382712530321,1.191490642917622
84.84848484848486,92.92929292929294,0.18734673314941047,16.78460379234806,1.426851682115132
85.85858585858587,92.92929292929294,0.40481899470290567,13.27939468084717,1.739958124111992
86.86868686868688,92.92929292929294,0.3159940830180579,21.64890064476055,1.275041221687285
87.87878787878789,92.92929292929294,0.3145635626382858,12.01477263865521,1.740672952602235
88.8888888888889,92.92929292929294,0.7784129634401655,7.48243568537259,1.491460985335098
89.89898989898991,92.92929292929294,1.1230616925645514,19.90862694166714,3.897137803495207
90.90909090909092,92.92929292929294,0.9930558821341477,23.02544554262927,5.348328941265089
91.91919191919193,92.92929292929294,1.012554429198799,30.99368368062649,5.148035153270537
92.92929292929294,92.92929292929294,1.1790237855186518,28.26874200814345,3.706237172738976
93.93939393939395,92.92929292929294,0.9754639153825234,18.32426988161163,4.91343302417136
94.94949494949496,92.92929292929294,0.8434977601736073,23.46758861479564,4.321765773648064
95.95959595959597,92.92929292929294,1.0642801929726535,26.19598202412679,3.169777244951719
96.96969696969697,92.92929292929294,0.49140903101127187,12.25245725367923,3.952578336406596
97.97979797979798,92.92929292929294,0.8510362526429497,16.90176241849842,4.567262308707579
98.98989898989899,92.92929292929294,1.4241061834260722,21.99572315649369,3.095842346055614
100.0,92.92929292929294,0.8504870085253987,19.59066546109988,1.456635797447024
0.0,93.93939393939395,0.99420064884829,27.49551024181567,6.022907012432225
1.01010101010101,93.93939393939395,1.1793315941006897,29.95147001083361,5.877241951343111
2.02020202020202,93.93939393939395,1.2507833383043656,30.61081248352759,4.135501481151202
3.03030303030303,93.93939393939395,1.0201650411121084,24.073258719787,5.034527300274302
4.040404040404041,93.93939393939395,1.0638661403625744,11.87740042958355,4.331849620963854
5.050505050505051,93.93939393939395,0.9009714770100192,22.25609093084541,1.690718097766923
6.060606060606061,93.93939393939395,0.6879055138822368,17.4439094460976,1.067908579146995
7.070707070707071,93.93939393939395,0.4855879133322392,17.04957964156812,1.487887132928942
8.080808080808081,93.93939393939395,0.7028986184158506,7.413454544596414,2.215825012533571
9.090909090909092,93.93939393939395,0.47178172900933424,14.39843306613195,1.746498006949592
10.1010101010101,93.93939393939395,0.2231929907541002,9.916066977350127,1.231499831151295
11.11111111111111,93.93939393939395,0.36484556120206835,12.8366939187885,1.175668880977205
12.12121212121212,93.93939393939395,0.30303719803523604,10.43928759564566,1.532640191025106
13.13131313131313,93.93939393939395,0.20380962057715907,12.89112517918718,1.711996940277526
14.14141414141414,93.93939393939395,0.30393307323393604,13.8415213591311,1.887648493863554
15.15151515151515,93.93939393939395,0.24079514361809073,15.65605176873415,1.873619851774644
16.16161616161616,93.93939393939395,0.7301963308628322,15.69336825648508,1.874160934588166
17.17171717171717,93.93939393939395,0.6192203150779705,10.01993676011816,0.8707268752332741
18.18181818181818,93.93939393939395,0.620389761230792,18.81744037894517,1.117983594496071
19.19191919191919,93.93939393939395,0.866241498495437,7.783115815021164,2.132420176843283
20.2020202020202,93.93939393939395,0.5670571819114014,13.6921497874734,1.358439417612663
21.21212121212121,93.93939393939395,0.8017696242643255,15.72620040890901,0.720761185215828
22.22222222222222,93.93939393939395,0.49808259863599147,14.70127846975578,1.677540318208243
23.23232323232324,93.93939393939395,0.7959270039008399,15.71468427850941,1.201310072534542
24.24242424242424,93.93939393939395,0.7194826860260015,5.456746103933622,1.985707142586553
25.25252525252525,93.93939393939395,0.678322676620448,11.62312452359832,1.052617788424316
26.26262626262626,93.93939393939395,0.9562116616935273,12.21006136018813,1.096106081892487
27.27272727272727,93.93939393939395,0.9619557282626269,28.84368434526049,4.17329724113671
28.28282828282828,93.93939393939395,0.7330951969429432,18.50329658811908,4.463804129480178
29.29292929292929,93.93939393939395,1.2798159637791604,30.20809074231365,5.979312040964681
30.3030303030303,93.93939393939395,1.0454579601968363,27.64900031603611,4.423625649524558
31.31313131313131,93.93939393939395,1.8263029599414735,29.06913121666186,6.211762513112783
32.32323232323233,93.93939393939395,1.5602521272009775,33.64393447921682,3.640662116011327
33.33333333333334,93.93939393939395,0.5247435151461922,23.98586386707642,4.519280720211681
34.34343434343435,93.93939393939395,0.43062681164529826,18.18369630093889,4.123668889549014
35.35353535353536,93.93939393939395,1.1192107225289192,26.93903494828685,4.14448248200638
36.36363636363637,93.93939393939395,1.4690356447719028,16.88778215478008,0.7790757524008508
37.37373737373738,93.93939393939395,0.9593115107710405,12.45066035257194,2.086436315555116
38.38383838383839,93.93939393939395,0.9323459345487364,20.41569205610262,0.5313795265368852
39.3939393939394,93.93939393939395,0.3669668532412984,26.36160301910618,1.334794978789196
40.40404040404041,93.93939393939395,0.3936306079233997,1.868812714291291,1.653861901151741
41.41414141414142,93.93939393939395,0.7698318130225414,19.44733643337256,0.7185637276835832
42.42424242424243,93.93939393939395,0.35378092872151845,9.260755749542323,0.6921058017966129
43.43434343434344,93.93939393939395,0.3787742970372206,11.88680660864763,1.29478260917356
44.44444444444445,93.93939393939395,0.2191254755366765,13.52300228094564,1.310094915767211
45.45454545454546,93.93939393939395,0.3625711013445318,24.86503682192803,1.297961521643437
46.46464646464647,93.93939393939395,0.3807237035985016,14.4555305272587,1.265795135896082
47.47474747474748,93.93939393939395,0.919769298596365,12.24086140287569,2.089784121041453
48.48484848484848,93.93939393939395,1.0337179619347334,16.34626796296552,1.17019766860503
49.49494949494949,93.93939393939395,0.3980005540177698,10.17688472803851,1.578597321936017
50.50505050505051,93.93939393939395,0.5125218455850873,13.09839249491213,1.065404205513358
51.51515151515152,93.93939393939395,1.0660096208374736,14.8928814760187,0.0
52.52525252525253,93.93939393939395,0.7873679513279752,15.15424378805377,1.208025289373699
53.53535353535354,93.93939393939395,0.9656857542294772,18.95568220297989,2.185881483278441
54.54545454545455,93.93939393939395,1.3343312393793973,18.42227839173814,3.082833642118915
55.55555555555556,93.93939393939395,0.9582437605779816,13.51965968919482,0.9220854420594896
56.56565656565657,93.93939393939395,0.4259739030535481,7.514797309689204,1.289899479135172
57.57575757575758,93.93939393939395,2.057125888034281,9.32830631084692,0.8387400282004809
58.58585858585859,93.93939393939395,1.6354525760392435,19.61274903608306,5.241556393031668
59.5959595959596,93.93939393939395,0.8682749216791632,25.72644759445511,4.483392008074873
60.60606060606061,93.93939393939395,0.8111188188620009,12.13839162057284,3.865832094993259
61.61616161616162,93.93939393939395,1.3947759823502235,26.49475199429691,5.467559829730962
62.62626262626263,93.93939393939395,0.8600305865470899,23.67634414837836,4.004182319546596
63.63636363636364,93.93939393939395,0.7215354635843234,30.64360959072695,5.804365541425631
64.64646464646465,93.93939393939395,1.0178969574212458,19.46464583391913,5.179238908603947
65.65656565656566,93.93939393939395,1.5712243979169382,23.00052820480792,3.274735698725098
66.66666666666667,93.93939393939395,1.7716277638326101,18.52522125817784,5.0039728685636
67.67676767676768,93.93939393939395,1.5110324331404128,10.15800329565447,1.801684323645
68.68686868686869,93.93939393939395,0.37604147814506195,17.3578932986255,1.247539026099699
69.6969696969697,93.93939393939395,0.5053411459445585,10.0176444080491,1.611909096954999
70.70707070707071,93.93939393939395,1.0758844228081421,19.72379695831832,0.735608779280577
71.71717171717172,93.93939393939395,0.7903114410204396,19.97838541573881,1.856554865260219
72.72727272727273,93.93939393939395,0.9557481709742317,13.87915787303064,2.537151058346793
73.73737373737374,93.93939393939395,0.9645891226433031,18.17242120409436,0.8139180680273673
74.74747474747475,93.93939393939395,0.6494381719061345,25.61927932214381,1.322298875513553
75.75757575757576,93.93939393939395,1.2906069374603488,7.535534044513631,0.2954552865413991
76.76767676767678,93.93939393939395,1.2227410479825278,9.430519744160366,2.331434130813354
77.77777777777779,93.93939393939395,0.6496999128905965,9.527254424035421,1.345831625094909
78.7878787878788,93.93939393939395,0.178888622281007,11.68386415075916,1.364451616396585
79.7979797979798,93.93939393939395,0.39496895840753504,17.24014735036229,1.770621174870892
80.80808080808082,93.93939393939395,0.8361518431702133,12.97418049313374,2.325202304220673
81.81818181818183,93.93939393939395,0.609385686945322,17.59113563588431,1.90388471902459
82.82828282828284,93.93939393939395,0.2614047954030652,18.26465054303219,1.544765417591134
83.83838383838385,93.93939393939395,0.7813914580562636,26.05444705095826,1.931022130683274
84.84848484848486,93.93939393939395,0.38378057032776297,18.1734002146844,1.477183113045989
85.85858585858587,93.93939393939395,0.432416821239292,7.234513766029992,1.84864129647214
86.86868686868688,93.93939393939395,0.46626842483465575,17.2285300442757,1.397173830219905
87.87878787878789,93.93939393939395,0.7599582950733061,20.01499937158179,2.096127019094183
88.8888888888889,93.93939393939395,0.5589973848212426,21.52262226245263,1.940660820966775
89.89898989898991,93.93939393939395,0.9268073167982904,19.10200267798029,3.338244338989907
90.90909090909092,93.93939393939395,1.1065479295640253,33.95087999378028,4.270567307907145
91.91919191919193,93.93939393939395,0.9719511195254817,37.04294117072394,5.774687727620429
92.92929292929294,93.93939393939395,1.0692462579364168,23.91078350803378,5.250909648822663
93.93939393939395,93.93939393939395,1.6733962610592918,26.23610873792758,3.651379908798894
94.94949494949496,93.93939393939395,1.8522160408067587,25.54989446735155,5.717124878049532
95.95959595959597,93.93939393939395,0.9839343483087925,23.34111294333161,3.198033324834769
96.96969696969697,93.93939393939395,0.6347978312946649,19.75166532692327,3.55414689538526
97.97979797979798,93.93939393939395,1.4966185975946993,15.19110294313891,5.080434364824618
98.98989898989899,93.93939393939395,1.4474532670625413,25.37551787267358,1.597684291891023
100.0,93.93939393939395,0.5722987136414823,6.85224030591325,1.045332865253586
0.0,94.94949494949496,1.0465719305965517,14.6002483721894,5.366303988120849
1.01010101010101,94.94949494949496,1.1522648293779763,8.928914483138215,3.837238222711633
2.02020202020202,94.94949494949496,0.7472348245335819,31.45056542888416,3.569754175330543
3.03030303030303,94.94949494949496,0.8326641726927553,22.54221937036267,4.549797538268685
4.040404040404041,94.94949494949496,0.9238135926286967,14.63245391079441,3.778738811814066
5.050505050505051,94.94949494949496,0.8276149337790127,17.78108125954375,1.869581378803858
6.060606060606061,94.94949494949496,0.9475519743064804,14.35861321137767,2.623850747982012
7.070707070707071,94.94949494949496,0.7009982007583255,10.01645088232773,2.126086968173661
8.080808080808081,94.94949494949496,0.598351972951235,17.91910640501905,1.491260841740375
9.090909090909092,94.94949494949496,0.30008186305036705,14.85354682320697,1.896551045992587
10.1010101010101,94.94949494949496,0.40686226817742793,6.468315232962353,1.357034510733036
11.11111111111111,94.94949494949496,0.6992651426581116,18.80207798434675,0.5808580955000722
12.12121212121212,94.94949494949496,0.4416370845033718,10.45088877003685,1.653606047858406
13.13131313131313,94.94949494949496,0.2724909008936128,16.4259793830312,1.337635753001955
14.14141414141414,94.94949494949496,0.4278178909516357,11.90998742850931,1.215344726850023
15.15151515151515,94.94949494949496,0.333717797285791,12.4999338918259,1.882117021481553
16.16161616161616,94.94949494949496,0.6006582426585703,17.59787797290102,1.473864632205077
17.17171717171717,94.94949494949496,0.6569797404658176,17.12066266902418,1.754057894045495
18.18181818181818,94.94949494949496,0.282257608001745,23.22896256175137,1.115023973149484
19.19191919191919,94.94949494949496,0.5434335705846624,17.9079501117833,1.492487631886375
20.2020202020202,94.94949494949496,0.5941898381578152,12.90194057514278,0.7235340136309543
21.21212121212121,94.94949494949496,0.5366646273822937,25.20721180150102,1.016629434742614
22.22222222222222,94.94949494949496,0.718466989748505,19.34140487762653,1.416932366579655
23.23232323232324,94.94949494949496,1.0636555766824487,12.7901057941247,2.545365509634884
24.24242424242424,94.94949494949496,0.25886302205509526,13.02168976295775,1.952080112450803
25.25252525252525,94.94949494949496,0.5273999795461755,16.65177614556702,1.645172361470177
26.26262626262626,94.94949494949496,0.9479890392150214,19.89254045192394,1.303887025802223
27.27272727272727,94.94949494949496,0.9584844019326381,22.89762165060051,4.388165893798559
28.28282828282828,94.94949494949496,0.6027224537605744,35.13659373673897,3.932059106348287
29.29292929292929,94.94949494949496,0.8162863483528885,16.6205907041211,4.420728717392742
30.3030303030303,94.94949494949496,0.40421309574638253,19.95709959617245,4.813785016187604
31.31313131313131,94.94949494949496,0.7800647827798922,17.15099060262543,4.508484240368692
32.32323232323233,94.94949494949496,0.5798642006647118,22.1528371499344,4.640538526259119
33.33333333333334,94.94949494949496,0.3853817105489472,36.48396085333388,4.832403367968822
34.34343434343435,94.94949494949496,0.4709379264241076,23.53579252962155,4.580819524325385
35.35353535353536,94.94949494949496,1.0594902867969611,18.52623748058676,3.649898337825043
36.36363636363637,94.94949494949496,1.9705101812294268,17.87232301023015,0.9550885006875232
37.37373737373738,94.94949494949496,0.6527010983028145,15.61488442521203,1.540898331998207
38.38383838383839,94.94949494949496,0.7980623498599319,14.33622134404918,0.2912291693922677
39.3939393939394,94.94949494949496,0.5076788272739868,9.659212553580137,0.996071792577697
40.40404040404041,94.94949494949496,0.5740233916777521,14.99067931771638,1.766626562831801
41.41414141414142,94.94949494949496,0.3280887806489779,16.27608434546356,1.399968245481444
42.42424242424243,94.94949494949496,0.2648899424345893,15.74842625049258,1.363641101000765
43.43434343434344,94.94949494949496,0.24428774059671526,22.27749903790608,1.615658944134873
44.44444444444445,94.94949494949496,0.3891141051460422,9.639581699253505,1.971225295466696
45.45454545454546,94.94949494949496,0.2810456824873865,8.068049698117335,1.534231508024315
46.46464646464647,94.94949494949496,0.3575822522158347,20.69578706144119,1.484438320003754
47.47474747474748,94.94949494949496,0.31588262984986376,10.97761436347608,1.978337354687603
48.48484848484848,94.94949494949496,1.0228683184073535,12.9045425113901,2.596834159716519
49.49494949494949,94.94949494949496,0.6078155041179063,6.902848127417914,1.326743887745215
50.50505050505051,94.94949494949496,0.10485160984461328,3.61863199241697,1.349266205978263
51.51515151515152,94.94949494949496,0.7297212910288853,6.484286356622749,1.453240558856538
52.52525252525253,94.94949494949496,0.43976033795933117,18.86628187503671,1.385726197440486
53.53535353535354,94.94949494949496,0.8005007336825941,15.9436325979264,0.9130046010558931
54.54545454545455,94.94949494949496,0.7892728246048174,16.15011286298749,1.657631002876754
55.55555555555556,94.94949494949496,0.6489409719969231,16.97170237475206,1.284580686390709
56.56565656565657,94.94949494949496,0.6100375997455663,12.27902069142809,2.087734146853372
57.57575757575758,94.94949494949496,1.5910493099064071,11.7124533569665,2.649159849737899
58.58585858585859,94.94949494949496,2.127350477782231,20.47374375327351,6.435833310708568
59.5959595959596,94.94949494949496,0.9695627811118318,17.07049200457457,4.690073305976164
60.60606060606061,94.94949494949496,0.3964701070899955,27.43655278272513,4.033211857764447
61.61616161616162,94.94949494949496,0.6039742728549564,12.36406982334719,4.383082434415252
62.62626262626263,94.94949494949496,0.4509609068037955,26.8520494758164,4.156462084931251
63.63636363636364,94.94949494949496,0.6159172981132617,23.70741675286304,5.415813374365508
64.64646464646465,94.94949494949496,0.46728638911092646,7.169451235050036,4.920206837253211
65.65656565656566,94.94949494949496,0.7613806394937981,18.14003984484381,4.951748922332271
66.66666666666667,94.94949494949496,0.8625286453490868,12.45542718434111,4.774324081569141
67.67676767676768,94.94949494949496,1.458337102648231,14.89341459252967,1.771402212979303
68.68686868686869,94.94949494949496,0.3684056876041707,21.5985518737786,1.724953687105195
69.6969696969697,94.94949494949496,0.5984359715979204,15.2708514535332,1.350440972489731
70.70707070707071,94.94949494949496,0.4086424549185283,17.04313465989137,1.612097541446696
71.71717171717172,94.94949494949496,0.22539958172714103,24.67602946597923,1.406193774328231
72.72727272727273,94.94949494949496,0.7331709422118389,14.26872949382792,1.370213179334255
73.73737373737374,94.94949494949496,0.7438152410118786,12.95874088933784,2.372742131927575
74.74747474747475,94.94949494949496,0.8504284866412519,14.22772778180935,2.236843051985568
75.75757575757576,94.94949494949496,0.7031486604546021,17.08439825011514,1.209880458816306
76.76767676767678,94.94949494949496,0.6275064194130453,6.923440529078593,1.190358304682722
77.77777777777779,94.94949494949496,0.8432047688707824,7.346547438461317,0.476365600564566
78.7878787878788,94.94949494949496,0.2950762883726345,13.23964983502196,1.279782516780055
79.7979797979798,94.94949494949496,0.27353311589112717,11.18155525067916,1.434862531069693
80.80808080808082,94.94949494949496,0.4819358998605626,11.92654651752443,0.9877893770730962
81.81818181818183,94.94949494949496,0.5769140481147842,12.98337346815869,1.083662640563384
82.82828282828284,94.94949494949496,0.6428444778971607,19.27341562817236,1.620605784002341
83.83838383838385,94.94949494949496,1.133911187318904,20.99829742850773,0.3850835169532963
84.84848484848486,94.94949494949496,0.5007271942192562,13.97808581091494,0.8176894637292301
85.85858585858587,94.94949494949496,0.7016296279014053,24.20157102371238,1.050582833553506
86.86868686868688,94.94949494949496,1.0610199087085783,20.78636711008044,1.989694265899395
87.87878787878789,94.94949494949496,1.7132805025678914,13.43247630903337,0.2661672922945938
88.8888888888889,94.94949494949496,1.1839871572232223,19.00236414396669,1.706920833464022
89.89898989898991,94.94949494949496,1.2759877060543263,21.93689864394988,4.156673654737398
90.90909090909092,94.94949494949496,0.8420825576347782,31.63101165981699,3.358580611639511
91.91919191919193,94.94949494949496,0.8334497989633242,18.72347039355513,4.541434322379444
92.92929292929294,94.94949494949496,0.49706553780072116,15.48531132022963,4.641904911982218
93.93939393939395,94.94949494949496,1.1425885579785926,20.81672276025248,5.417637128389187
94.94949494949496,94.94949494949496,0.8027336811275085,36.05308017121629,4.288456341689366
95.95959595959597,94.94949494949496,0.6002406984692259,27.0204400601359,4.230309514421635
96.96969696969697,94.94949494949496,0.8373350079532292,22.51573521622263,3.295788051217785
97.97979797979798,94.94949494949496,1.313018024867401,10.056437398129,4.616169572935814
98.98989898989899,94.94949494949496,1.5594594399845876,28.89482762261795,1.854237806405565
100.0,94.94949494949496,0.5102204580780596,10.44751735994497,1.798574647347158
0.0,95.95959595959597,0.6036521540186505,25.40849993960299,4.412256986051786
1.01010101010101,95.95959595959597,0.725973621799529,15.69740613464249,4.609743998801753
2.02020202020202,95.95959595959597,0.802225487721033,8.778476365236639,4.74541875732498
3.03030303030303,95.95959595959597,1.100042788164741,19.8921228297955,5.644622377641328
4.040404040404041,95.95959595959597,1.2756642550439656,16.40760573515421,4.240666213714238
5.050505050505051,95.95959595959597,1.5644964452945938,10.49848992262379,1.401411726913104
6.060606060606061,95.95959595959597,0.8531978628993542,22.32731347578217,1.641618168577612
7.070707070707071,95.95959595959597,0.8546769335694906,17.56574124613029,1.092883906626715
8.080808080808081,95.95959595959597,0.44924369481134935,17.74172647833698,2.119988232066621
9.090909090909092,95.95959595959597,0.2973537144957288,15.50424689213057,2.002018719639297
10.1010101010101,95.95959595959597,0.46842162978933877,16.55136991929207,1.543255953368492
11.11111111111111,95.95959595959597,0.41069361019406014,10.73651146727059,0.9341835130640881
12.12121212121212,95.95959595959597,0.4197653468674413,1.026918346923874,1.396741813893004
13.13131313131313,95.95959595959597,0.20702036148390585,17.83967764194056,1.614976848292452
14.14141414141414,95.95959595959597,0.2437932446564055,20.17018035824558,1.465249202859573
15.15151515151515,95.95959595959597,0.6594970947202237,26.3834451738691,1.630767685953304
16.16161616161616,95.95959595959597,1.242776564057606,11.98011390128537,0.1599736150707787
17.17171717171717,95.95959595959597,0.5182082867624974,19.65775182838689,0.9286971337308744
18.18181818181818,95.95959595959597,0.11485373779805091,16.29785126626533,1.005450742121993
19.19191919191919,95.95959595959597,0.33426662069375274,12.06281448155772,1.105103171496945
20.2020202020202,95.95959595959597,0.6064629370964074,5.123399885509714,1.403338922913426
21.21212121212121,95.95959595959597,0.628327263741644,6.188326955982206,2.174021341796302
22.22222222222222,95.95959595959597,0.8277198330610933,24.17343258570789,2.501456299052817
23.23232323232324,95.95959595959597,0.8088216731688906,11.40446196781546,1.356517180244741
24.24242424242424,95.95959595959597,0.4427703920376293,18.88473300132617,2.053712022370727
25.25252525252525,95.95959595959597,1.155059230098181,10.27503060392023,2.514024619960438
26.26262626262626,95.95959595959597,1.7789918578778385,14.70407894100564,1.145276016516163
27.27272727272727,95.95959595959597,0.9832499369508768,18.80796140375936,4.466849193420655
28.28282828282828,95.95959595959597,0.4567300909330926,25.47941360195573,4.866427499763966
29.29292929292929,95.95959595959597,0.5322533085578851,26.80740866932544,5.24556487739304
30.3030303030303,95.95959595959597,0.698779367344542,19.14323130224018,5.342120957896314
31.31313131313131,95.95959595959597,0.9511765049371521,19.34648139087865,3.528858443702553
32.32323232323233,95.95959595959597,0.5488914306028637,18.6529261296325,3.644877261448194
33.33333333333334,95.95959595959597,0.584216585908154,26.66998719426423,4.047447858883314
34.34343434343435,95.95959595959597,0.6629134812764683,6.691918967416828,4.824915565101666
35.35353535353536,95.95959595959597,0.90638508161921,24.17939907393407,3.767544317193689
36.36363636363637,95.95959595959597,2.714334285244842,10.47670085295746,5.380496808870355
37.37373737373738,95.95959595959597,1.158731637722119,0.9851212089250994,1.770685747735933
38.38383838383839,95.95959595959597,0.6042902452479315,19.81772169231773,1.288816425896009
39.3939393939394,95.95959595959597,0.3535932070803746,7.587479850128131,1.212666522022612
40.40404040404041,95.95959595959597,0.6310983538444789,23.25527373859598,0.7205107454053137
41.41414141414142,95.95959595959597,0.42807651599685953,19.66606524280095,1.172003102514429
42.42424242424243,95.95959595959597,0.158385674179785,10.74300194319626,1.463320583920183
43.43434343434344,95.95959595959597,0.1717614212907917,18.65324373082632,1.66434937709449
44.44444444444445,95.95959595959597,0.24399110388544315,14.52912380127418,2.073991197577176
45.45454545454546,95.95959595959597,0.4845473438318684,11.87421831239264,1.935357276130041
46.46464646464647,95.95959595959597,0.8158832294809141,25.12898319093558,0.8164447179524975
47.47474747474748,95.95959595959597,0.41838572446992167,12.34594368763355,1.938649441354763
48.48484848484848,95.95959595959597,0.39841130675273273,25.58450981167642,1.820584454198814
49.49494949494949,95.95959595959597,0.9585180776295417,8.510999622773884,2.213539879821686
50.50505050505051,95.95959595959597,0.7387170333080002,19.14266189445858,1.340218438176038
51.51515151515152,95.95959595959597,1.6033819862317373,14.17675727722766,2.747396449821214
52.52525252525253,95.95959595959597,1.462937470015184,20.09915547453298,0.3446217114705931
53.53535353535354,95.95959595959597,0.9291711990220868,8.527560220394315,1.624782655358268
54.54545454545455,95.95959595959597,0.6326239530249437,13.80869779122547,1.043419062006551
55.55555555555556,95.95959595959597,0.980545144600061,11.14229669769207,2.341645553098474
56.56565656565657,95.95959595959597,0.4179807118074662,13.46348261400479,1.809997578936497
57.57575757575758,95.95959595959597,1.2264862919592683,10.21367868588738,2.443481595504885
58.58585858585859,95.95959595959597,1.5639993643160972,19.20044507652966,4.653141782959617
59.5959595959596,95.95959595959597,1.1948673938216703,27.24326301789292,3.42112493237425
60.60606060606061,95.95959595959597,0.9336433902526321,24.73095160076674,4.444980498490718
61.61616161616162,95.95959595959597,0.657118006452014,16.57712987510478,3.628153664445943
62.62626262626263,95.95959595959597,0.8088156560409607,20.21482020198205,3.990869862018982
63.63636363636364,95.95959595959597,1.3256350130565333,14.92958685825347,5.735972573211877
64.64646464646465,95.95959595959597,0.8920218085855803,29.48593344533997,3.837241974351599
65.65656565656566,95.95959595959597,0.5500573045169009,22.71893844150171,3.792206513806443
66.66666666666667,95.95959595959597,0.4234232851147244,20.88206382101916,4.734204996520221
67.67676767676768,95.95959595959597,1.3315641580544786,16.76274325243639,4.525098118442584
68.68686868686869,95.95959595959597,0.9143237547605727,14.33976094006688,2.30020053602681
69.6969696969697,95.95959595959597,1.0563862982023795,10.06830060381109,2.846547450843716
70.70707070707071,95.95959595959597,0.8434525634903652,14.59508461779376,1.90261826287926
71.71717171717172,95.95959595959597,0.6676022847814602,20.4630004030177,1.196840900464096
72.72727272727273,95.95959595959597,0.6031161159627711,14.70621018774103,2.097449521581776
73.73737373737374,95.95959595959597,0.5546642611510397,9.241637685438523,2.094733264315596
74.74747474747475,95.95959595959597,0.9343150648645867,15.01644407076478,0.9125349550038454
75.75757575757576,95.95959595959597,0.9127395328121953,2.500759384901159,0.3581957365756505
76.76767676767678,95.95959595959597,0.7533724121796537,21.7215990217601,1.825793297952531
77.77777777777779,95.95959595959597,0.48746873651147293,21.57076378698062,1.462309031183708
78.7878787878788,95.95959595959597,0.37916522898170746,14.96579105197584,1.416921640148936
79.7979797979798,95.95959595959597,0.28941275749592793,21.89870199299617,1.591083182546768
80.80808080808082,95.95959595959597,0.4603558423753381,16.63677601053634,1.035173631880885
81.81818181818183,95.95959595959597,0.8751674816661263,9.20099305033148,1.93828034763207
82.82828282828284,95.95959595959597,0.9038005318959261,14.02863028281649,0.8975336493129068
83.83838383838385,95.95959595959597,1.0092250173689463,17.12897825676102,1.706661438673956
84.84848484848486,95.95959595959597,1.3538733850431837,13.59160906708238,0.139773652769174
85.85858585858587,95.95959595959597,0.9588801831604443,15.96222466920006,1.887038080070328
86.86868686868688,95.95959595959597,0.8722481312816043,15.50444214069178,1.000773472695262
87.87878787878789,95.95959595959597,1.0983093199613263,12.04477596427576,2.12504906099234
88.8888888888889,95.95959595959597,1.7925438020569922,16.35882721468372,1.09521855451669
89.89898989898991,95.95959595959597,0.912094047227001,25.86377421382362,3.118998010638848
90.90909090909092,95.95959595959597,1.179547738049582,27.46776062901954,2.883183831205852
91.91919191919193,95.95959595959597,1.2690725416671884,28.27058975378115,5.358655812649048
92.92929292929294,95.95959595959597,0.6330301083792851,17.77190910997747,4.138850303629522
93.93939393939395,95.95959595959597,0.5914453090168545,12.66107794851413,4.518453119171902
94.94949494949496,95.95959595959597,0.718648404645263,27.90523927866204,3.69351776750705
95.95959595959597,95.95959595959597,0.6484157915476108,21.57397733394879,4.606327828240092
96.96969696969697,95.95959595959597,0.39230185622933056,33.96396060750958,4.131866253941348
97.97979797979798,95.95959595959597,0.5096961659103451,15.01545104464286,3.910675553603291
98.98989898989899,95.95959595959597,2.433442304728387,31.84374180645784,5.017927126240718
100.0,95.95959595959597,1.6096927617988896,15.96724977752912,1.076818214264958
0.0,96.96969696969697,0.9010616903262489,24.24434548743907,3.752834538814865
1.01010101010101,96.96969696969697,1.9016974428071893,26.73736475611188,2.811517058966952
2.02020202020202,96.96969696969697,1.338010537241682,27.52326925269993,5.7437777473751
3.03030303030303,96.96969696969697,0.7921334078860376,18.90659455795733,4.642435848598445
4.040404040404041,96.96969696969697,0.5204477536178228,19.77161544795365,4.638185181261704
5.050505050505051,96.96969696969697,2.0828111434416217,21.38364888072864,4.111766927735083
6.060606060606061,96.96969696969697,3.1635091698228135,16.93532501575165,0.0
7.070707070707071,96.96969696969697,0.8709994813989558,11.49075180962932,1.902549991966929
8.080808080808081,96.96969696969697,0.30352257881771827,22.57195254778658,2.143161783118543
9.090909090909092,96.96969696969697,0.7267853062562915,10.05895420908795,1.494803814001221
10.1010101010101,96.96969696969697,0.703055126899125,14.24491606478421,2.162885823315182
11.11111111111111,96.96969696969697,0.5900655420662247,9.818203621997357,1.152001795142993
12.12121212121212,96.96969696969697,1.1154674253311587,19.13911586325108,0.6553379956170048
13.13131313131313,96.96969696969697,0.5537687424334201,17.77653749382333,1.797754519105251
14.14141414141414,96.96969696969697,0.45738737115276795,14.25473879992025,1.875271576949035
15.15151515151515,96.96969696969697,0.7005704603000749,18.51045401757365,0.8804411965769147
16.16161616161616,96.96969696969697,0.7233020654979316,12.92093245831691,1.577671264624283
17.17171717171717,96.96969696969697,0.3443155780557704,16.16065646102907,1.330692393415029
18.18181818181818,96.96969696969697,0.5500877667840515,19.30562242133838,0.832015059723351
19.19191919191919,96.96969696969697,0.4977768007936374,20.92067190022262,1.656897013091093
20.2020202020202,96.96969696969697,0.38456007614818366,21.91232142855954,2.080467591717227
21.21212121212121,96.96969696969697,0.1568480524736403,9.772979559465016,1.916221570022805
22.22222222222222,96.96969696969697,0.5288855936142691,17.10862530486249,1.747474975346196
23.23232323232324,96.96969696969697,0.5041561957121907,15.0686229752992,1.152212777893383
24.24242424242424,96.96969696969697,0.5043442052096152,0.0,1.541769803855831
25.25252525252525,96.96969696969697,1.501087360047848,21.16696353311754,0.5917011590919619
26.26262626262626,96.96969696969697,1.9603552787831302,15.74925417504452,3.41231065839269
27.27272727272727,96.96969696969697,0.5456730852909255,22.57114717135456,4.333684228487048
28.28282828282828,96.96969696969697,0.6240810652876013,14.4347026532964,4.980263786108273
29.29292929292929,96.96969696969697,0.5121523870312794,26.98684703323391,4.417081261294145
30.3030303030303,96.96969696969697,0.39951166597337906,9.617746792426896,4.98515802492389
31.31313131313131,96.96969696969697,0.5715440766841691,19.76082848440688,4.42465733484562
32.32323232323233,96.96969696969697,0.4003570427797608,26.97303995335687,4.326192303867963
33.33333333333334,96.96969696969697,0.43365550746378567,20.18863522399227,3.675575327989678
34.34343434343435,96.96969696969697,0.6060577180931014,30.39448999413745,4.252196634898402
35.35353535353536,96.96969696969697,0.4101718430775041,32.06096237835643,4.605114924717241
36.36363636363637,96.96969696969697,1.2053094533032616,21.13733973276584,4.171331528884904
37.37373737373738,96.96969696969697,1.8453497628612774,14.99443211791148,1.457226995559528
38.38383838383839,96.96969696969697,0.872250976620798,18.02281561918187,2.150370924670673
39.3939393939394,96.96969696969697,0.9891023100404732,10.86955207791451,0.5831941036367241
40.40404040404041,96.96969696969697,0.56817820558331,20.12818481997965,1.255140209630328
41.41414141414142,96.96969696969697,0.7893062260425617,14.66727329982111,1.913534185019983
42.42424242424243,96.96969696969697,0.3412845029202322,20.85485872724357,1.421803644700522
43.43434343434344,96.96969696969697,0.25535474810716274,14.6646605705001,1.636664738547933
44.44444444444445,96.96969696969697,0.17466015509460425,7.410123895177926,1.749068426075704
45.45454545454546,96.96969696969697,0.5187048095101737,13.21678321742845,1.655840148532972
46.46464646464647,96.96969696969697,1.0298342082198162,8.789655822082883,0.462022683659907
47.47474747474748,96.96969696969697,0.45828341071845674,11.9914432237363,1.545064167366131
48.48484848484848,96.96969696969697,0.42576063333017156,13.87195216067085,1.514209345484409
49.49494949494949,96.96969696969697,0.9022351500394946,16.49143228241619,0.5325404286485099
50.50505050505051,96.96969696969697,0.548234050645277,22.29438585551613,0.6748975260370857
51.51515151515152,96.96969696969697,0.548452162215153,16.35304346062879,1.437977145854736
52.52525252525253,96.96969696969697,0.7191976006395242,14.60678874852644,1.472331423323141
53.53535353535354,96.96969696969697,1.4825395131758052,11.77337816219471,2.768164859904848
54.54545454545455,96.96969696969697,0.5327156836466832,14.48614786597055,1.006725275220619
55.55555555555556,96.96969696969697,0.5919129197386315,9.873857880597965,1.306404306659894
56.56565656565657,96.96969696969697,0.999408567961096,8.023687502060904,2.039051867519122
57.57575757575758,96.96969696969697,1.2778602739587022,27.86906978004387,4.300604305085824
58.58585858585859,96.96969696969697,0.7268403550881449,22.35160729105817,3.621512891484278
59.5959595959596,96.96969696969697,1.044146141107484,14.64883286861539,4.675773717357182
60.60606060606061,96.96969696969697,1.6524799955940215,22.71493320146522,5.927103018613732
61.61616161616162,96.96969696969697,0.7907640700911764,30.2784602210978,4.322153888666875
62.62626262626263,96.96969696969697,0.9126008013302007,26.23521123092388,4.952721354504622
63.63636363636364,96.96969696969697,1.0085540512358877,23.48605112547376,4.397425029885286
64.64646464646465,96.96969696969697,0.9494117162492227,17.21570075069566,3.295885662316324
65.65656565656566,96.96969696969697,0.2988758366172479,28.5074909702255,3.738553647523602
66.66666666666667,96.96969696969697,0.5707372943496646,18.14669338745773,4.231736301901659
67.67676767676768,96.96969696969697,0.9295329283237013,24.60656744262146,4.663654384703806
68.68686868686869,96.96969696969697,1.6276055699820928,14.15299242137884,1.989396863138814
69.6969696969697,96.96969696969697,0.7611612887218593,13.93029531239116,1.607384839169544
70.70707070707071,96.96969696969697,1.2857448252671637,16.1894177287161,0.4690352807299826
71.71717171717172,96.96969696969697,1.0100721107425397,9.496768824820986,2.051511182192958
72.72727272727273,96.96969696969697,0.5142352872322224,14.55856107513829,1.315546278362073
73.73737373737374,96.96969696969697,0.49265290095960323,9.742935352728912,1.338999653901347
74.74747474747475,96.96969696969697,0.4605132886559166,20.79854951646118,1.588949589740524
75.75757575757576,96.96969696969697,0.6650156424076238,10.40614088038999,1.135532365778701
76.76767676767678,96.96969696969697,1.282071891009538,14.41105470555206,2.372766125255633
77.77777777777779,96.96969696969697,1.2066335100664787,3.05481171127608,0.9072491735605531
78.7878787878788,96.96969696969697,1.3652110888703255,14.48445147782787,2.576894499274281
79.7979797979798,96.96969696969697,0.4537044981609761,10.07321645313643,1.319723897103846
80.80808080808082,96.96969696969697,0.19985259755036344,22.24761945221191,1.370196480157381
81.81818181818183,96.96969696969697,0.42697764881738054,10.95530710192419,1.236081542106599
82.82828282828284,96.96969696969697,0.5822285558125315,18.50702076985918,1.939789154526965
83.83838383838385,96.96969696969697,0.4200960792802178,10.15635494482364,1.367354866184662
84.84848484848486,96.96969696969697,0.6427346031433714,8.808657801006174,1.563199168775917
85.85858585858587,96.96969696969697,0.788019125420081,14.1293893001829,2.252574531519063
86.86868686868688,96.96969696969697,0.387541118786624,15.77108200863013,1.490305008945402
87.87878787878789,96.96969696969697,0.8914378286239744,13.72557359676792,1.744799644617509
88.8888888888889,96.96969696969697,2.0658487344690877,27.75489565368493,4.600081521199519
89.89898989898991,96.96969696969697,0.9194062410296212,14.10758744196349,3.470104919893148
90.90909090909092,96.96969696969697,1.0688160363911259,7.439632512618235,4.414691842094329
91.91919191919193,96.96969696969697,0.4380215434436545,22.72789537329374,4.794864626712622
92.92929292929294,96.96969696969697,0.32794385918813473,26.13763534776566,4.568507804232061
93.93939393939395,96.96969696969697,0.263616930501386,41.05627418231656,4.780512178814803
94.94949494949496,96.96969696969697,0.6552308087025109,38.17782545124869,4.235427399507892
95.95959595959597,96.96969696969697,1.175957147331442,32.61840867618155,5.436701045580293
96.96969696969697,96.96969696969697,0.5619851052682387,30.13685180445015,4.09438930638439
97.97979797979798,96.96969696969697,0.4100637394933375,12.68786166582744,3.915523924936665
98.98989898989899,96.96969696969697,1.3301092512886674,25.9387887171784,3.49620771177551
100.0,96.96969696969697,2.2768415080590123,14.85713690896159,0.9106052739262483
0.0,97.97979797979798,0.8009095902725877,19.21438918494688,4.855279682708778
1.01010101010101,97.97979797979798,1.0107852556062031,22.31488536366046,4.746501722104846
2.02020202020202,97.97979797979798,1.055264263546538,18.78313448190003,6.063858319106905
3.03030303030303,97.97979797979798,1.0175627404378598,27.90238354391078,5.703190384986316
4.040404040404041,97.97979797979798,1.556572886810065,18.70785344339936,3.484582055201241
5.050505050505051,97.97979797979798,0.9777464312183262,27.27611308712489,5.094471119417886
6.060606060606061,97.97979797979798,2.281680867486631,30.46749116723893,4.998101591011631
7.070707070707071,97.97979797979798,1.3402567705170876,15.6604209807728,1.371379934829863
8.080808080808081,97.97979797979798,0.39268577614917954,18.57231738183387,1.841214779168528
9.090909090909092,97.97979797979798,1.1138513636705427,15.29386669961485,2.578290154957027
10.1010101010101,97.97979797979798,0.4009394149310498,14.69164039802699,1.649261223151522
11.11111111111111,97.97979797979798,0.6499535788570578,16.27560856262542,1.78689785363081
12.12121212121212,97.97979797979798,1.3206364124658774,7.814928849269416,2.736723555651406
13.13131313131313,97.97979797979798,0.9213775060337821,17.14445207968135,0.9853908015164001
14.14141414141414,97.97979797979798,0.40824277881971643,10.0840459115985,1.528091904643329
15.15151515151515,97.97979797979798,0.6427916257426791,13.10041641653548,1.240336099981336
16.16161616161616,97.97979797979798,0.7932146827184514,7.534687844489069,2.108972937805883
17.17171717171717,97.97979797979798,0.5884968628522692,18.99093600357803,1.101081545777034
18.18181818181818,97.97979797979798,0.5086009700646865,25.06729174097788,1.535371157401495
19.19191919191919,97.97979797979798,0.3414715094537582,18.29553512192328,1.466036183504567
20.2020202020202,97.97979797979798,0.5257200493702929,2.915709339687955,2.353762627185605
21.21212121212121,97.97979797979798,0.40711854184315527,10.68831040736826,1.952821391772838
22.22222222222222,97.97979797979798,0.6380123023513671,12.82996556612884,1.149922716725162
23.23232323232324,97.97979797979798,0.7210783109642772,14.69547091535301,1.979713934975527
24.24242424242424,97.97979797979798,0.581751839870088,17.06265515441958,1.375960872258583
25.25252525252525,97.97979797979798,2.1524370885601316,11.65838592777262,0.9030489943502803
26.26262626262626,97.97979797979798,2.192760889368098,34.47870688926343,5.244714062253598
27.27272727272727,97.97979797979798,0.7481594001555544,30.60921059735158,3.852109979972536
28.28282828282828,97.97979797979798,0.8749197275235715,14.43517345528594,3.807537893737526
29.29292929292929,97.97979797979798,0.455048049477499,27.74214032900217,4.328214617711795
30.3030303030303,97.97979797979798,0.4598317721293991,21.15775015076954,4.872651747710812
31.31313131313131,97.97979797979798,0.7747044731451509,20.17828007800709,3.693245640307939
32.32323232323233,97.97979797979798,0.3648338095549819,30.5744862698635,4.155161182024631
33.33333333333334,97.97979797979798,0.6425267004066301,23.56891527664192,3.811086544164176
34.34343434343435,97.97979797979798,0.8595381843546518,28.60862672280849,5.174168980339981
35.35353535353536,97.97979797979798,0.29064531025621365,23.70780179233934,4.588699845581952
36.36363636363637,97.97979797979798,0.27909275365358255,19.28876268811568,4.635516132954787
37.37373737373738,97.97979797979798,1.8863047262654165,29.67648168587006,5.117918832391712
38.38383838383839,97.97979797979798,1.05071137800622,15.37101779157064,1.783242267107239
39.3939393939394,97.97979797979798,0.3458917069049962,3.750163711450052,1.671007998385176
40.40404040404041,97.97979797979798,0.5194871921426945,18.77567417491743,1.662883486355295
41.41414141414142,97.97979797979798,1.072591394958914,14.63859308599728,0.647964879064406
42.42424242424243,97.97979797979798,0.7252504304094067,14.40418420935767,2.038833082994918
43.43434343434344,97.97979797979798,0.5710665352674555,17.27847753909466,2.303134311054845
44.44444444444445,97.97979797979798,0.5641092131510593,11.21692996808108,1.917154309882146
45.45454545454546,97.97979797979798,0.8170240612439055,11.86063347582936,1.147583780505143
46.46464646464647,97.97979797979798,0.821938022557231,11.19118834664976,1.950078533667293
47.47474747474748,97.97979797979798,0.4731089723110661,19.68473318154959,1.219412104068882
48.48484848484848,97.97979797979798,0.45780322166812176,9.699552532887154,1.898353031373069
49.49494949494949,97.97979797979798,0.37048457896739506,6.453994537320654,1.336455563408837
50.50505050505051,97.97979797979798,0.3131900668954726,12.19102152238422,1.297076099273015
51.51515151515152,97.97979797979798,0.2577712376785785,15.21721750066865,1.524932593462815
52.52525252525253,97.97979797979798,0.2518965162001385,8.312052184002651,1.053438446667704
53.53535353535354,97.97979797979798,0.669810113738396,11.11564334537391,1.038662033014143
54.54545454545455,97.97979797979798,0.32096533793446497,20.99346700227715,0.9736749435433221
55.55555555555556,97.97979797979798,0.3647546630676098,20.8697627057138,1.606488146877337
56.56565656565657,97.97979797979798,1.8309985574806213,7.129958392324892,1.264671882683293
57.57575757575758,97.97979797979798,1.0663378127052054,23.11394811714336,3.986929770000202
58.58585858585859,97.97979797979798,0.5278389216583742,15.21873820254323,3.763893180887069
59.5959595959596,97.97979797979798,1.118833909869541,16.40963385404544,5.292119369674732
60.60606060606061,97.97979797979798,1.3458248701240274,42.06149187498451,3.655583987564065
61.61616161616162,97.97979797979798,0.6094986001733399,24.54796955327105,4.555693349026046
62.62626262626263,97.97979797979798,0.9007198592255462,13.8571857390348,3.45003343212654
63.63636363636364,97.97979797979798,1.015736644320147,18.44469341098289,3.358592060456624
64.64646464646465,97.97979797979798,1.837800304903717,14.78432349302008,5.0079688625017
65.65656565656566,97.97979797979798,0.8695594279084171,32.02828259919081,3.532553806922786
66.66666666666667,97.97979797979798,1.0163129134754327,26.22561725644911,5.087116047501551
67.67676767676768,97.97979797979798,0.6822891090128337,26.33927951923813,4.190254542037362
68.68686868686869,97.97979797979798,2.343777659675776,25.33746741305831,5.132745924644928
69.6969696969697,97.97979797979798,1.1945684871181814,4.919607001850056,1.32226387836511
70.70707070707071,97.97979797979798,0.3736566328565298,27.78505508650645,1.457606139746823
71.71717171717172,97.97979797979798,0.4912033408785325,11.13314515955965,1.184333826245522
72.72727272727273,97.97979797979798,0.7461481316901539,15.55150575729792,1.831165904701101
73.73737373737374,97.97979797979798,1.1746811063507374,8.476952269318343,0.3975249718556338
74.74747474747475,97.97979797979798,0.5756877153916224,11.29222206325615,1.126678229654536
75.75757575757576,97.97979797979798,0.4562335242679557,22.20823654432815,1.327607322767391
76.76767676767678,97.97979797979798,1.1604935819606959,20.61703874887401,0.4942020996925942
77.77777777777779,97.97979797979798,0.9030326899093438,3.610066435069397,2.043561078794506
78.7878787878788,97.97979797979798,0.7881334133645335,18.08259841995776,1.202838930802486
79.7979797979798,97.97979797979798,0.38691657451309025,24.42006444583732,1.555539419080859
80.80808080808082,97.97979797979798,0.24062709058329051,19.5059862023272,1.649996500978022
81.81818181818183,97.97979797979798,0.2797865717849798,13.42829044302653,1.403970781379502
82.82828282828284,97.97979797979798,0.3275207712383825,3.280916881811635,1.929272337253566
83.83838383838385,97.97979797979798,0.44827880588696095,25.84748182516613,1.940154019882681
84.84848484848486,97.97979797979798,0.4567328901003083,24.59487435410339,1.300905937543576
85.85858585858587,97.97979797979798,0.8077848856929244,9.73348981636034,0.9176793666042815
86.86868686868688,97.97979797979798,0.2282560345027631,17.15693550297598,1.446436228294814
87.87878787878789,97.97979797979798,1.6877162954736025,9.131652224823373,1.66907425875056
88.8888888888889,97.97979797979798,1.6182377376007995,23.69527578251164,5.373355014504659
89.89898989898991,97.97979797979798,0.9448563500519002,24.69110766182205,4.72205945124978
90.90909090909092,97.97979797979798,1.3093462107435128,16.5091061798577,5.833688269950882
91.91919191919193,97.97979797979798,0.7580326402741433,34.50486267614232,4.213099245973284
92.92929292929294,97.97979797979798,0.42446981908787684,17.30980557428454,4.124751065145364
93.93939393939395,97.97979797979798,0.289110173733961,25.70331514825125,4.745192670341813
94.94949494949496,97.97979797979798,0.263337400440359,21.68185717841017,4.568082576937782
95.95959595959597,97.97979797979798,0.8515859801508577,29.88375029973927,4.106831058863028
96.96969696969697,97.97979797979798,0.9626888053691525,32.50929114990092,3.405102953512021
97.97979797979798,97.97979797979798,1.0124092838184315,33.29166819309223,4.952748916967761
98.98989898989899,97.97979797979798,0.5974340176589382,18.66517569093382,4.290006651454556
100.0,97.97979797979798,1.8715865197457229,19.95504388962522,4.989314419915313
0.0,98.98989898989899,1.2032474383797716,18.06010713014902,3.663774016388859
1.01010101010101,98.98989898989899,0.5983846416439692,25.61320440860131,4.064479920423919
2.02020202020202,98.98989898989899,1.5246744414694855,29.41573847600188,3.840906367775206
3.03030303030303,98.98989898989899,1.015315773203396,21.40083279331117,5.272970223528413
4.040404040404041,98.98989898989899,0.6891768275174173,24.83236044587958,4.728773082379318
5.050505050505051,98.98989898989899,0.9173143354615275,8.832746081385388,3.872448178850284
6.060606060606061,98.98989898989899,1.7776941966024107,22.97728730292659,5.403632285358502
7.070707070707071,98.98989898989899,2.929447545599146,7.623324115803589,0.6380794104190118
8.080808080808081,98.98989898989899,0.8032983931781909,19.35732260327344,1.779328898648989
9.090909090909092,98.98989898989899,1.1074991207910854,14.04764749694424,0.8724753488246669
10.1010101010101,98.98989898989899,0.4351868866204915,14.03401838629345,1.625793725875776
11.11111111111111,98.98989898989899,1.1268936044107722,24.22361669702,0.909441929190279
12.12121212121212,98.98989898989899,0.8743942459644582,10.76893848818348,2.236721921977899
13.13131313131313,98.98989898989899,0.45163256529020224,13.75446831234724,1.564503250800743
14.14141414141414,98.98989898989899,0.6790714515848018,14.78102299420481,1.072757369459091
15.15151515151515,98.98989898989899,0.976893208164486,20.67128091686646,2.295215057061091
16.16161616161616,98.98989898989899,0.5557601454179808,15.08636775326737,1.343944109967073
17.17171717171717,98.98989898989899,0.657177699325262,14.84213729425898,1.783277145894806
18.18181818181818,98.98989898989899,1.066913670498605,8.066163239142494,0.707947960342282
19.19191919191919,98.98989898989899,0.4555600099860645,23.12013532446609,1.683999974155108
20.2020202020202,98.98989898989899,0.302845732410978,11.04611083701004,1.812845144266616
21.21212121212121,98.98989898989899,0.5844464025784544,9.462003939995238,2.340855826934983
22.22222222222222,98.98989898989899,0.4120353210803427,21.66121587325725,1.471729774211555
23.23232323232324,98.98989898989899,0.5668302987596043,16.05370638906152,1.356446129167871
24.24242424242424,98.98989898989899,1.3663375295522533,17.04377892800862,2.460494359516441
25.25252525252525,98.98989898989899,1.5748831188772932,13.8919361554158,4.386872567520869
26.26262626262626,98.98989898989899,0.6168357542976,19.40433806204388,4.040343058826492
27.27272727272727,98.98989898989899,0.7756514819284311,21.49076018307267,4.92599716356417
28.28282828282828,98.98989898989899,0.8656820993877602,19.42980698236232,5.569242101251787
29.29292929292929,98.98989898989899,1.0323666286070803,23.08171138756127,4.994426318066155
30.3030303030303,98.98989898989899,0.1861343879598325,25.78601370197082,4.87562932161344
31.31313131313131,98.98989898989899,0.41521378610884485,29.81183126649676,4.419330189231296
32.32323232323233,98.98989898989899,0.5636382755889862,28.12696762387127,4.63747511882408
33.33333333333334,98.98989898989899,0.319524883196176,13.94082074813785,4.538525055579939
34.34343434343435,98.98989898989899,0.37170747359783074,26.60652063366189,4.606540159296785
35.35353535353536,98.98989898989899,0.5934815139215126,26.08481237862966,5.102580585340655
36.36363636363637,98.98989898989899,0.4550505191817411,25.85855395427716,4.512548709220099
37.37373737373738,98.98989898989899,1.525310271424609,23.89326730391531,5.185366635899795
38.38383838383839,98.98989898989899,2.3643851617985963,21.72626826385034,1.394436246652329
39.3939393939394,98.98989898989899,0.43590967036470174,15.32258190106892,1.846402150504765
40.40404040404041,98.98989898989899,0.556504618961237,8.594261277263076,1.015721113830254
41.41414141414142,98.98989898989899,0.41191610465693196,25.1977478667689,1.266974341723084
42.42424242424243,98.98989898989899,0.23342220703663674,20.64259881380392,1.410030231642126
43.43434343434344,98.98989898989899,0.37876747231467234,10.04446486820826,1.335618971724561
44.44444444444445,98.98989898989899,0.815176128919012,14.45641614633761,0.9843538716340527
45.45454545454546,98.98989898989899,0.8518936677287912,16.12913292421109,2.335358374913783
46.46464646464647,98.98989898989899,0.3926451099902153,14.76557362947175,1.683543476206316
47.47474747474748,98.98989898989899,0.41944809337372196,14.48609444952295,1.376588573113299
48.48484848484848,98.98989898989899,0.3017635272573129,20.24060380999391,1.692122225857661
49.49494949494949,98.98989898989899,0.29239562732522195,13.74694516117555,1.413201812418036
50.50505050505051,98.98989898989899,0.34139229389455666,13.02911824558213,1.660421835293354
51.51515151515152,98.98989898989899,0.45015359575899705,17.31894200337353,1.769711455584139
52.52525252525253,98.98989898989899,0.535936728098111,12.79499979272047,0.9510159189712593
53.53535353535354,98.98989898989899,0.7518770042917535,15.63583166790404,1.90863615795264
54.54545454545455,98.98989898989899,0.3979923272447305,7.277367295289423,1.526685670799049
55.55555555555556,98.98989898989899,1.9137937841527024,20.34194059129846,1.790793491402274
56.56565656565657,98.98989898989899,1.9402630889160644,20.96169533432433,4.750211976258996
57.57575757575758,98.98989898989899,0.6061201671473035,13.94936119778448,4.99331200930536
58.58585858585859,98.98989898989899,0.8200775499488956,23.23649881892752,3.981605800216978
59.5959595959596,98.98989898989899,0.4357456462422833,19.45770798946627,4.597890953412449
60.60606060606061,98.98989898989899,0.41962128426612866,19.20902197585934,4.230719693437861
61.61616161616162,98.98989898989899,0.2718665699075802,23.50910489513894,4.357007687053344
62.62626262626263,98.98989898989899,0.7002505783164913,24.78162952702829,4.353123658081221
63.63636363636364,98.98989898989899,0.9361691341041096,29.62185249541935,4.641887494593557
64.64646464646465,98.98989898989899,2.1818488658251733,23.45543072844284,2.493642700696198
65.65656565656566,98.98989898989899,0.5803496905483374,8.635656086900049,3.774814381797959
66.66666666666667,98.98989898989899,0.5525279249090118,31.7214077609616,4.328667885242666
67.67676767676768,98.98989898989899,0.353349423762389,18.40413990659247,3.773850836724226
68.68686868686869,98.98989898989899,0.959006161379842,21.19150897205817,3.65395777633532
69.6969696969697,98.98989898989899,1.2382186924287562,15.91393751219995,1.869592558371871
70.70707070707071,98.98989898989899,0.3723863828811448,11.51365804360901,1.360165042220558
71.71717171717172,98.98989898989899,0.44715967980840354,12.81347636266498,1.006802210635708
72.72727272727273,98.98989898989899,0.41293853041480977,21.00911265221284,1.44266601558056
73.73737373737374,98.98989898989899,0.7214375112637379,10.5725155340963,1.991980524568501
74.74747474747475,98.98989898989899,0.32315930638831697,16.70545578259156,2.03707538022328
75.75757575757576,98.98989898989899,0.48713940181456433,26.66725825036671,1.926132146662872
76.76767676767678,98.98989898989899,0.8658479057390593,16.09803541933389,0.8748481997956309
77.77777777777779,98.98989898989899,1.1188427902260376,18.06774540288061,2.129298806103997
78.7878787878788,98.98989898989899,0.9531902334229438,13.04767360685091,0.6177834820865398
79.7979797979798,98.98989898989899,0.41934899650903923,17.27843042837189,0.6908462131810466
80.80808080808082,98.98989898989899,0.3615952990628645,19.65038590077987,1.307770960961184
81.81818181818183,98.98989898989899,0.12304554111673804,7.46528484580828,1.22404100898507
82.82828282828284,98.98989898989899,0.4006946817332988,9.839695739961705,1.165889308076614
83.83838383838385,98.98989898989899,0.3765258901144565,14.46844008217953,1.369967715001076
84.84848484848486,98.98989898989899,0.46842342501379597,15.03458102061137,1.843069613434069
85.85858585858587,98.98989898989899,0.5408383507293801,17.85686848350936,1.90194031183137
86.86868686868688,98.98989898989899,1.6836416964460643,12.5077844498352,1.328675763080628
87.87878787878789,98.98989898989899,1.6906575852825063,20.88818928358288,4.417295268568175
88.8888888888889,98.98989898989899,0.5341993504344027,13.4401973176455,4.029253876415578
89.89898989898991,98.98989898989899,0.41265988436596945,23.30251406222974,3.957512964354792
90.90909090909092,98.98989898989899,0.7387336427321308,31.11128460613304,4.747517697512082
91.91919191919193,98.98989898989899,0.5773590116621022,15.54378131952664,4.954527221525002
92.92929292929294,98.98989898989899,0.30692403169273597,19.62673215126428,4.670083816385804
93.93939393939395,98.98989898989899,0.2531992482608194,17.46111780732779,4.421623182479438
94.94949494949496,98.98989898989899,0.17686578919915008,27.79157616369996,4.485749764085021
95.95959595959597,98.98989898989899,0.9102647326581047,26.94678112864694,5.020325369323433
96.96969696969697,98.98989898989899,0.4657269290495455,24.82577776488247,4.317197753309515
97.97979797979798,98.98989898989899,0.36309217122406245,22.91147515832068,4.150725002694076
98.98989898989899,98.98989898989899,0.3935491537476238,29.00831357740183,4.523893748437301
100.0,98.98989898989899,0.475218622358613,22.37642431745341,4.152571775127967
0.0,100.0,1.2735591386612175,17.65943809616625,5.681304761173195
1.01010101010101,100.0,0.8420407953445702,25.85705468909852,5.151717228635095
2.02020202020202,100.0,1.8574108120910855,16.32291257031395,6.06101477391953
3.03030303030303,100.0,1.6987329914628992,20.02401044222418,3.618188289075033
4.040404040404041,100.0,0.6382136166203703,29.9884200568555,4.616778844165855
5.050505050505051,100.0,0.6820606116441645,23.37313583428449,3.812722787609028
6.060606060606061,100.0,0.770517676080437,4.801762129633756,4.99512317474344
7.070707070707071,100.0,3.612657762011105,16.46537039320783,5.715766705235277
8.080808080808081,100.0,2.4677359897784306,14.77897211741682,0.6761242445100639
9.090909090909092,100.0,0.9608906177342528,6.472261282031148,1.936485098981217
10.1010101010101,100.0,0.6412186355194088,9.547788971052656,1.378183850406162
11.11111111111111,100.0,1.3205049611347899,16.75346834039268,2.49592863291972
12.12121212121212,100.0,0.8815571192603242,18.27961283956664,1.238645235758349
13.13131313131313,100.0,0.15373865741523432,11.48691124926165,1.627956510158401
14.14141414141414,100.0,0.18615146539693236,23.31382452115511,1.619505071670408
15.15151515151515,100.0,0.34064465779895575,22.89639771090998,1.616249816178921
16.16161616161616,100.0,0.44857167675889537,17.61642795228342,1.276536339155711
17.17171717171717,100.0,0.49625954461027305,14.08309710407401,2.215130121597825
18.18181818181818,100.0,0.806453166127319,28.30018473441858,2.096798245912139
19.19191919191919,100.0,0.6753903480105468,13.69581348112594,1.184620908785725
20.2020202020202,100.0,0.21307279954245106,15.00056981126063,1.799235550321568
21.21212121212121,100.0,0.40734824831258537,14.4014424940104,1.788241387175106
22.22222222222222,100.0,0.5505743563206575,14.90249010049936,1.129805245143689
23.23232323232324,100.0,1.035266940269806,11.42988658201176,1.781167643006379
24.24242424242424,100.0,1.1377646438242899,32.17540634754085,3.810884552114599
25.25252525252525,100.0,0.24715709734014416,18.97623574117623,3.84407138188109
26.26262626262626,100.0,0.20429816010584143,35.01043227141504,4.009554658495253
27.27272727272727,100.0,0.5255145584299337,24.2339751094807,4.426177461867375
28.28282828282828,100.0,1.2736181199326408,31.65517617859904,5.086278632088258
29.29292929292929,100.0,2.8341115449464316,14.25481965489611,7.764068352501768
30.3030303030303,100.0,1.2571761819698033,6.115995167601791,4.709165472511597
31.31313131313131,100.0,0.9147013287346463,13.67915035831713,4.159003655694201
32.32323232323233,100.0,1.5197193967082594,24.41550617941705,6.092619291543651
33.33333333333334,100.0,0.7416401767474102,11.55842481556173,4.922220909987892
34.34343434343435,100.0,0.3677282645780962,25.14958415705981,4.251394615709374
35.35353535353536,100.0,0.4898373191552248,11.88428121900965,4.328607571577732
36.36363636363637,100.0,0.7947742426006467,18.50272789399132,4.946933559412125
37.37373737373738,100.0,1.8355365888980035,18.26296066676564,3.615321669636604
38.38383838383839,100.0,3.839688695089913,2.489796334232126,6.220274580291902
39.3939393939394,100.0,1.6644097388404513,1.219816308922459,2.131999739317036
40.40404040404041,100.0,0.5016519509280747,7.911003889811522,1.51264295258282
41.41414141414142,100.0,0.5339106135499679,18.1817958175494,1.901320179880262
42.42424242424243,100.0,0.258332741677727,21.76534427039592,1.322611404684978
43.43434343434344,100.0,0.36192339900965803,11.48481632305149,1.213740781804229
44.44444444444445,100.0,1.08010472036791,20.99863417719151,0.3587193975763359
45.45454545454546,100.0,0.6887325402753955,13.03349072435004,2.118377700394456
46.46464646464647,100.0,0.22691036300293824,15.77173444884993,2.028819056905716
47.47474747474748,100.0,0.7109957155441178,22.2236558281494,2.274715921726391
48.48484848484848,100.0,0.611526390204986,14.11774779523658,1.285752988527804
49.49494949494949,100.0,0.39138162484117983,12.20511155882671,0.8465059884412899
50.50505050505051,100.0,0.31368963317454474,10.48467416310053,1.014708038901569
51.51515151515152,100.0,0.2763889510608096,18.42852319968662,1.141861091573139
52.52525252525253,100.0,0.14817452727183356,18.53833506494065,1.216024528072998
53.53535353535354,100.0,0.5707425517379271,14.60425304273885,1.110672991859095
54.54545454545455,100.0,1.7734547533784948,17.78036492413949,1.919585944765428
55.55555555555556,100.0,3.5756044219477907,18.92796740610807,6.0381369780282
56.56565656565657,100.0,1.6377661515070965,31.97303190960135,3.677218232073526
57.57575757575758,100.0,0.6340953244915281,29.99605896378727,5.156604196454671
58.58585858585859,100.0,0.8157457831918359,22.49236254246824,5.416212018398799
59.5959595959596,100.0,0.3319140756918726,24.82235243238745,4.66318870894924
60.60606060606061,100.0,0.35410591692492116,11.38393924389602,4.840609871038508
61.61616161616162,100.0,1.1337906173412733,23.9194328656737,5.115616282123356
62.62626262626263,100.0,1.963807199301585,28.27809239965042,2.747859436254396
63.63636363636364,100.0,0.8512695209358944,28.1548686257679,4.666259966463367
64.64646464646465,100.0,1.5510188432825247,18.12762991567048,5.277295527192269
65.65656565656566,100.0,0.7184048771604412,14.44817104946238,4.018927384569667
66.66666666666667,100.0,0.5237508748681368,12.08640493214404,4.671660870656681
67.67676767676768,100.0,0.30287043719062706,29.77918753345173,4.0961347175533
68.68686868686869,100.0,0.19645652590806165,17.39260459770048,4.106935995192726
69.6969696969697,100.0,1.7959461316092733,13.54751261263358,3.981345913965372
70.70707070707071,100.0,1.5592135886801717,26.23305859789551,0.8308509559584069
71.71717171717172,100.0,0.8279349232068828,11.29347042514453,1.828682677729806
72.72727272727273,100.0,0.3575579330851793,17.4350157976392,1.164590096974655
73.73737373737374,100.0,0.4477228083928843,22.28995114087401,1.295095396869137
74.74747474747475,100.0,0.27150894469344733,8.261586163068605,1.810873394453944
75.75757575757576,100.0,0.11560660930528226,11.14129919791638,1.738326543727745
76.76767676767678,100.0,0.6699020701900594,17.01590913741069,1.651859169473224
77.77777777777779,100.0,1.5083916596740483,9.106180614889592,0.5056313028351601
78.7878787878788,100.0,1.697062346336723,16.80907896760334,2.260910911950405
79.7979797979798,100.0,0.7172114646187429,11.81378819731119,0.5681309119193463
80.80808080808082,100.0,0.409927264244014,2.922408606721238,0.9042700044828158
81.81818181818183,100.0,0.3363852109016911,17.6641616362911,1.39441174817302
82.82828282828284,100.0,0.5192109576559576,18.22324000499827,1.743054897999939
83.83838383838385,100.0,0.3194265540396777,12.11660564493601,1.11123076478231
84.84848484848486,100.0,0.3929156404021148,16.55411670846485,1.043512186099672
85.85858585858587,100.0,1.262347684618376,14.80200532997978,1.354983101288981
86.86868686868688,100.0,2.1849942890944143,37.6478516717813,4.283598029412411
87.87878787878789,100.0,0.8226326305867685,32.13599023215487,4.955043702240441
88.8888888888889,100.0,0.6257127324734434,20.76664890205055,3.696339916980431
89.89898989898991,100.0,0.13865342386300794,18.65688525114167,3.981860369705605
90.90909090909092,100.0,0.32668209274013665,20.67839434540385,3.875767956192568
91.91919191919193,100.0,0.5738038885509571,20.34605673642587,3.877972079580427
92.92929292929294,100.0,0.3565835763509682,11.80360236211544,4.520624479900865
93.93939393939395,100.0,0.3134549442933358,22.74000670714309,4.798263472148392
94.94949494949496,100.0,0.43140921961482936,28.72861197412005,4.512177921184866
95.95959595959597,100.0,1.0590321942784129,30.24436239912109,3.530463970403748
96.96969696969697,100.0,0.3275657526712587,25.20917932009283,4.235985203538185
97.97979797979798,100.0,0.13953784277332515,19.8721525050513,4.040021728430176
98.98989898989899,100.0,0.23822371818998592,24.57290006927682,3.928074949482109
100.0,100.0,0.11224841282292908,19.93562233320209,3.934980526148808
